solid OpenSCAD_Model
  facet normal 0 0 -1
    outer loop
      vertex -7.244443697168013 -1.9411428382689055 39.12
      vertex -7.5 0 39.12
      vertex -7.244443697168013 -0.6169674922469098 39.12
    endloop
  endfacet
  facet normal -0.13052619222005138 -0.9914448613738105 0
    outer loop
      vertex -1.9411428382689055 -7.244443697168013 39.12
      vertex 0 -7.5 41.12
      vertex -1.9411428382689055 -7.244443697168013 41.12
    endloop
  endfacet
  facet normal 0 0 -1
    outer loop
      vertex -1.9411428382689055 -7.244443697168013 39.12
      vertex -1.9074982127268734 -6.9888873943360235 39.12
      vertex 0 -7.5 39.12
    endloop
  endfacet
  facet normal -0.13052619222005138 -0.9914448613738105 0
    outer loop
      vertex -1.9411428382689055 -7.244443697168013 39.12
      vertex 0 -7.5 39.12
      vertex 0 -7.5 41.12
    endloop
  endfacet
  facet normal 0 0 -1
    outer loop
      vertex -3.75 -6.495190528383289 39.12
      vertex -5.303300858899107 -5.303300858899107 39.12
      vertex -3.75 -5.946699141100893 39.12
    endloop
  endfacet
  facet normal 0 0 -1
    outer loop
      vertex -7.244443697168013 -0.6169674922469098 39.12
      vertex -5.303300858899107 -5.303300858899107 39.12
      vertex -6.495190528383289 -3.75 39.12
    endloop
  endfacet
  facet normal 0 0 -1
    outer loop
      vertex -7.244443697168013 -1.9411428382689055 39.12
      vertex -7.244443697168013 -0.6169674922469098 39.12
      vertex -6.495190528383289 -3.75 39.12
    endloop
  endfacet
  facet normal 0 0 -1
    outer loop
      vertex -7.244443697168013 -0.6169674922469098 39.12
      vertex -3.75 -4.659902576697319 39.12
      vertex -5.303300858899107 -5.303300858899107 39.12
    endloop
  endfacet
  facet normal 0 0 -1
    outer loop
      vertex -7.244443697168013 -0.6169674922469098 39.12
      vertex -3.055996487462147 -1.6374562910513444 39.12
      vertex -3.75 -4.659902576697319 39.12
    endloop
  endfacet
  facet normal 0 0 -1
    outer loop
      vertex -7.244443697168013 -0.6169674922469098 39.12
      vertex -3.3611996294777655 -0.9006307263183561 39.12
      vertex -3.055996487462147 -1.6374562910513444 39.12
    endloop
  endfacet
  facet normal 0 0 -1
    outer loop
      vertex -7.244443697168013 -0.6169674922469098 39.12
      vertex -3.4797699140015275 0 39.12
      vertex -3.3611996294777655 -0.9006307263183561 39.12
    endloop
  endfacet
  facet normal -0.3826834323650902 -0.9238795325112865 0
    outer loop
      vertex -3.75 -6.495190528383289 39.12
      vertex -1.9411428382689055 -7.244443697168013 39.12
      vertex -3.75 -6.495190528383289 41.12
    endloop
  endfacet
  facet normal 0 0 -1
    outer loop
      vertex -3.75 -6.495190528383289 39.12
      vertex -3.75 -5.946699141100893 39.12
      vertex -1.872666733304391 -6.724316041260401 39.12
    endloop
  endfacet
  facet normal 0 0 -1
    outer loop
      vertex -3.75 -5.946699141100893 39.12
      vertex -3.75 -4.659902576697319 39.12
      vertex -1.872666733304391 -6.724316041260401 39.12
    endloop
  endfacet
  facet normal -0.3826834323650902 -0.9238795325112865 0
    outer loop
      vertex -3.75 -6.495190528383289 41.12
      vertex -1.9411428382689055 -7.244443697168013 39.12
      vertex -1.9411428382689055 -7.244443697168013 41.12
    endloop
  endfacet
  facet normal 0 0 -1
    outer loop
      vertex -3.75 -6.495190528383289 39.12
      vertex -1.872666733304391 -6.724316041260401 39.12
      vertex -1.9411428382689055 -6.979872344092389 39.12
    endloop
  endfacet
  facet normal 0 0 -1
    outer loop
      vertex -1.9411428382689055 -7.244443697168013 39.12
      vertex -1.9411428382689055 -6.979872344092389 39.12
      vertex -1.9074982127268734 -6.9888873943360235 39.12
    endloop
  endfacet
  facet normal 0 0 -1
    outer loop
      vertex -1.9411428382689055 -6.979872344092389 39.12
      vertex -1.872666733304391 -6.724316041260401 39.12
      vertex -1.9074982127268734 -6.9888873943360235 39.12
    endloop
  endfacet
  facet normal 0 0 -1
    outer loop
      vertex -3.75 -4.659902576697319 39.12
      vertex -0.4680443144646559 -3.0879785258278565 39.12
      vertex -1.872666733304391 -6.724316041260401 39.12
    endloop
  endfacet
  facet normal 0 0 -1
    outer loop
      vertex -3.75 -4.659902576697319 39.12
      vertex -1.4078111946857594 -2.9102893237361083 39.12
      vertex -0.8265698565861404 -3.0848007007843963 39.12
    endloop
  endfacet
  facet normal 0 0 -1
    outer loop
      vertex -3.75 -4.659902576697319 39.12
      vertex -0.8265698565861404 -3.0848007007843963 39.12
      vertex -0.4680443144646559 -3.0879785258278565 39.12
    endloop
  endfacet
  facet normal 0 0 -1
    outer loop
      vertex -1.872666733304391 -6.724316041260401 39.12
      vertex -0.4680443144646559 -3.0879785258278565 39.12
      vertex 0 -3.1019663316005643 39.12
    endloop
  endfacet
  facet normal 0 0 -1
    outer loop
      vertex -1.872666733304391 -6.724316041260401 39.12
      vertex 0 -3.1019663316005643 39.12
      vertex 0.45831872078729907 -2.98350389925617 39.12
    endloop
  endfacet
  facet normal 0 0 -1
    outer loop
      vertex -1.872666733304391 -6.724316041260401 39.12
      vertex 0.45831872078729907 -2.98350389925617 39.12
      vertex 0.7791260711839144 -2.9077380831598947 39.12
    endloop
  endfacet
  facet normal 0 0 -1
    outer loop
      vertex -3.75 -4.659902576697319 39.12
      vertex -3.055996487462147 -1.6374562910513444 39.12
      vertex -3.003881644850115 -1.7342918762679898 39.12
    endloop
  endfacet
  facet normal 0 0 -1
    outer loop
      vertex -3.75 -4.659902576697319 39.12
      vertex -3.003881644850115 -1.7342918762679898 39.12
      vertex -2.994059031743967 -1.7442901738905745 39.12
    endloop
  endfacet
  facet normal 0 0 -1
    outer loop
      vertex -3.75 -4.659902576697319 39.12
      vertex -2.3878496764205326 -2.3878496764205326 39.12
      vertex -2.276831461117375 -2.4532648488782773 39.12
    endloop
  endfacet
  facet normal 0 0 -1
    outer loop
      vertex -3.75 -4.659902576697319 39.12
      vertex -2.994059031743967 -1.7442901738905745 39.12
      vertex -2.3878496764205326 -2.3878496764205326 39.12
    endloop
  endfacet
  facet normal 0 0 -1
    outer loop
      vertex -3.75 -4.659902576697319 39.12
      vertex -2.276831461117375 -2.4532648488782773 39.12
      vertex -1.6426375210341357 -2.845131644850113 39.12
    endloop
  endfacet
  facet normal 0 0 -1
    outer loop
      vertex -3.75 -4.659902576697319 39.12
      vertex -1.6426375210341357 -2.845131644850113 39.12
      vertex -1.4078111946857594 -2.9102893237361083 39.12
    endloop
  endfacet
  facet normal -0.44773870004347827 -0.8941644459960237 0
    outer loop
      vertex -14.225 -1.25 61.62
      vertex -3.75 -6.495190528383289 39.12
      vertex -14.225 -1.25 63.62
    endloop
  endfacet
  facet normal -1 0 0
    outer loop
      vertex -14.225 -1.25 61.62
      vertex -14.225 -1.25 63.62
      vertex -14.225 1.25 61.62
    endloop
  endfacet
  facet normal -0.44773870004347854 -0.8941644459960236 0
    outer loop
      vertex -14.225 -1.25 63.62
      vertex -3.75 -6.495190528383289 39.12
      vertex -3.75 -6.495190528383289 41.12
    endloop
  endfacet
  facet normal -0.38241872148014777 -0.9232404639027502 0.03718826796348224
    outer loop
      vertex -14.225 -1.25 63.62
      vertex -3.75 -6.495190528383289 41.12
      vertex -4.227771575905914 -6.128583504101444 45.308354351523754
    endloop
  endfacet
  facet normal -0.6058315733292337 -0.7895350780309657 -0.0979921696670817
    outer loop
      vertex -14.225 -1.25 61.62
      vertex -5.303300858899107 -5.303300858899107 39.12
      vertex -3.75 -6.495190528383289 39.12
    endloop
  endfacet
  facet normal -0.1281639451588976 -0.9735018135437585 0.18938907621169787
    outer loop
      vertex -14.225 -1.25 63.62
      vertex -5.303300858899107 -5.303300858899107 48.822654590278646
      vertex -5.457721941462762 -5.1020553860005435 49.75260061039804
    endloop
  endfacet
  facet normal -0.1281639451588934 -0.9735018135437589 0.18938907621169912
    outer loop
      vertex -14.225 -1.25 63.62
      vertex -4.227771575905914 -6.128583504101444 45.308354351523754
      vertex -5.303300858899107 -5.303300858899107 48.822654590278646
    endloop
  endfacet
  facet normal -0.8908379223035856 -0.3689971492944152 -0.2650450905005142
    outer loop
      vertex -7.244443697168013 -1.9411428382689055 39.12
      vertex -6.495190528383289 -3.75 39.12
      vertex -14.225 -1.25 61.62
    endloop
  endfacet
  facet normal -0.9486911980282223 -0.12489756565959399 -0.29049201172507944
    outer loop
      vertex -7.244443697168013 -1.9411428382689055 39.12
      vertex -14.225 -1.25 61.62
      vertex -7.5 0 39.12
    endloop
  endfacet
  facet normal -0.7772038185125374 -0.5963694651049711 -0.20074283444233154
    outer loop
      vertex -14.225 -1.25 61.62
      vertex -6.495190528383289 -3.75 39.12
      vertex -5.303300858899107 -5.303300858899107 39.12
    endloop
  endfacet
  facet normal 0 -0.9635179096299405 0.2676438637860947
    outer loop
      vertex -14.225 -1.25 63.62
      vertex -5.457721941462762 -5.1020553860005435 49.75260061039804
      vertex -6.495190528383289 -3.75 54.62
    endloop
  endfacet
  facet normal -1.5705061271752255e-16 -0.9635179096299407 0.2676438637860945
    outer loop
      vertex -14.225 -1.25 63.62
      vertex -6.495190528383289 -3.75 54.62
      vertex -7.244443697168013 -1.9411428382689055 61.13188578223194
    endloop
  endfacet
  facet normal 3.8171389429538794e-16 -0.9635179096299403 0.26764386378609606
    outer loop
      vertex -14.225 -1.25 63.62
      vertex -7.244443697168013 -1.9411428382689055 61.13188578223194
      vertex -7.262294101578314 -1.8055555555555556 61.62
    endloop
  endfacet
  facet normal 0 -0.9635179096299407 0.26764386378609467
    outer loop
      vertex -14.225 -1.25 63.62
      vertex -7.262294101578314 -1.8055555555555556 61.62
      vertex 14.225 -1.25 63.62
    endloop
  endfacet
  facet normal 0 0 -1
    outer loop
      vertex -7.5 0 39.12
      vertex -7.244443697168013 1.9411428382689055 39.12
      vertex -7.244443697168013 0.9537491063634342 39.12
    endloop
  endfacet
  facet normal 0 0 -1
    outer loop
      vertex -7.244443697168013 -0.6169674922469098 39.12
      vertex -7.244443697168013 0.9537491063634342 39.12
      vertex -6.495190528383289 3.75 39.12
    endloop
  endfacet
  facet normal 0 0 -1
    outer loop
      vertex -7.244443697168013 0.9537491063634342 39.12
      vertex -7.244443697168013 1.9411428382689055 39.12
      vertex -6.495190528383289 3.75 39.12
    endloop
  endfacet
  facet normal 0 0 -1
    outer loop
      vertex -7.244443697168013 -0.6169674922469098 39.12
      vertex -6.495190528383289 3.75 39.12
      vertex -3.75 6.495190528383289 39.12
    endloop
  endfacet
  facet normal 0 0 -1
    outer loop
      vertex -7.244443697168013 -0.6169674922469098 39.12
      vertex -3.3611996294777655 0.9006307263183561 39.12
      vertex -3.4797699140015275 0 39.12
    endloop
  endfacet
  facet normal 0 0 -1
    outer loop
      vertex -7.244443697168013 -0.6169674922469098 39.12
      vertex -3.3187722868657326 1.0030593922677755 39.12
      vertex -3.3611996294777655 0.9006307263183561 39.12
    endloop
  endfacet
  facet normal 0 0 -1
    outer loop
      vertex -7.244443697168013 -0.6169674922469098 39.12
      vertex -2.943881644850114 1.6996508601166116 39.12
      vertex -3.3187722868657326 1.0030593922677755 39.12
    endloop
  endfacet
  facet normal 0 0 -1
    outer loop
      vertex -6.495190528383289 3.75 39.12
      vertex -5.303300858899107 5.303300858899107 39.12
      vertex -3.75 6.495190528383289 39.12
    endloop
  endfacet
  facet normal 0 0 -1
    outer loop
      vertex -7.244443697168013 -0.6169674922469098 39.12
      vertex -3.75 6.495190528383289 39.12
      vertex -1.9772479687893572 6.970198003526813 39.12
    endloop
  endfacet
  facet normal 0 0 -1
    outer loop
      vertex -7.244443697168013 -0.6169674922469098 39.12
      vertex 0 7.5 39.12
      vertex -2.943881644850114 1.6996508601166116 39.12
    endloop
  endfacet
  facet normal 0 0 -1
    outer loop
      vertex -7.244443697168013 -0.6169674922469098 39.12
      vertex -1.9772479687893572 6.970198003526813 39.12
      vertex 0 7.5 39.12
    endloop
  endfacet
  facet normal 0 0 -1
    outer loop
      vertex 0 7.5 39.12
      vertex -2.8732222021833014 1.7715740978532772 39.12
      vertex -2.943881644850114 1.6996508601166116 39.12
    endloop
  endfacet
  facet normal -0.3826834323650902 0.9238795325112865 0
    outer loop
      vertex -3.75 6.495190528383289 39.12
      vertex -3.75 6.495190528383289 41.12
      vertex -1.9411428382689055 7.244443697168013 41.12
    endloop
  endfacet
  facet normal 0 0 -1
    outer loop
      vertex 0 7.5 39.12
      vertex -2.33885988156487 2.33885988156487 39.12
      vertex -2.8732222021833014 1.7715740978532772 39.12
    endloop
  endfacet
  facet normal 0 0 -1
    outer loop
      vertex 0 7.5 39.12
      vertex -2.153050447531166 2.4483442228362513 39.12
      vertex -2.33885988156487 2.33885988156487 39.12
    endloop
  endfacet
  facet normal 0 0 -1
    outer loop
      vertex 0 7.5 39.12
      vertex -1.6079965048827585 2.785131644850114 39.12
      vertex -2.153050447531166 2.4483442228362513 39.12
    endloop
  endfacet
  facet normal 0 0 -1
    outer loop
      vertex 0 7.5 39.12
      vertex -1.2895214685921064 2.8734994802224008 39.12
      vertex -1.6079965048827585 2.785131644850114 39.12
    endloop
  endfacet
  facet normal 0 0 -1
    outer loop
      vertex 0 7.5 39.12
      vertex -0.8086383471427797 3.0178793964853736 39.12
      vertex -1.2895214685921064 2.8734994802224008 39.12
    endloop
  endfacet
  facet normal 0 0 -1
    outer loop
      vertex 0 7.5 39.12
      vertex -0.3633071252138251 3.0218266318798346 39.12
      vertex -0.8086383471427797 3.0178793964853736 39.12
    endloop
  endfacet
  facet normal 0 0 -1
    outer loop
      vertex 0 7.5 39.12
      vertex 0 3.032684299297811 39.12
      vertex -0.3633071252138251 3.0218266318798346 39.12
    endloop
  endfacet
  facet normal 0 0 -1
    outer loop
      vertex -1.9772479687893572 6.970198003526813 39.12
      vertex -1.9411428382689055 7.244443697168013 39.12
      vertex 0 7.5 39.12
    endloop
  endfacet
  facet normal -0.13052619222005138 0.9914448613738105 0
    outer loop
      vertex -1.9411428382689055 7.244443697168013 39.12
      vertex -1.9411428382689055 7.244443697168013 41.12
      vertex 0 7.5 39.12
    endloop
  endfacet
  facet normal -0.13052619222005138 0.9914448613738105 0
    outer loop
      vertex -1.9411428382689055 7.244443697168013 41.12
      vertex 0 7.5 41.12
      vertex 0 7.5 39.12
    endloop
  endfacet
  facet normal -0.9581187899611284 0 -0.2863710605550484
    outer loop
      vertex -14.225 -1.25 61.62
      vertex -14.225 1.25 61.62
      vertex -7.5 0 39.12
    endloop
  endfacet
  facet normal -0.44773870004347827 0.8941644459960237 0
    outer loop
      vertex -14.225 1.25 61.62
      vertex -14.225 1.25 63.62
      vertex -3.75 6.495190528383289 39.12
    endloop
  endfacet
  facet normal -1 0 0
    outer loop
      vertex -14.225 -1.25 63.62
      vertex -14.225 1.25 63.62
      vertex -14.225 1.25 61.62
    endloop
  endfacet
  facet normal -0.9486911980282223 0.12489756565959399 -0.29049201172507944
    outer loop
      vertex -7.5 0 39.12
      vertex -14.225 1.25 61.62
      vertex -7.244443697168013 1.9411428382689055 39.12
    endloop
  endfacet
  facet normal -0.8908379223035856 0.3689971492944152 -0.2650450905005142
    outer loop
      vertex -7.244443697168013 1.9411428382689055 39.12
      vertex -14.225 1.25 61.62
      vertex -6.495190528383289 3.75 39.12
    endloop
  endfacet
  facet normal -0.7772038185125374 0.5963694651049711 -0.20074283444233154
    outer loop
      vertex -14.225 1.25 61.62
      vertex -5.303300858899107 5.303300858899107 39.12
      vertex -6.495190528383289 3.75 39.12
    endloop
  endfacet
  facet normal 0 0.9635179096299405 0.2676438637860947
    outer loop
      vertex -14.225 1.25 63.62
      vertex -6.495190528383289 3.75 54.62
      vertex -5.457721941462762 5.1020553860005435 49.75260061039804
    endloop
  endfacet
  facet normal 3.8171389429538794e-16 0.9635179096299403 0.26764386378609606
    outer loop
      vertex -14.225 1.25 63.62
      vertex -7.262294101578314 1.8055555555555556 61.62
      vertex -7.244443697168013 1.9411428382689055 61.13188578223194
    endloop
  endfacet
  facet normal -1.5705061271752255e-16 0.9635179096299407 0.2676438637860945
    outer loop
      vertex -14.225 1.25 63.62
      vertex -7.244443697168013 1.9411428382689055 61.13188578223194
      vertex -6.495190528383289 3.75 54.62
    endloop
  endfacet
  facet normal -0.6058315733292337 0.7895350780309657 -0.0979921696670817
    outer loop
      vertex -14.225 1.25 61.62
      vertex -3.75 6.495190528383289 39.12
      vertex -5.303300858899107 5.303300858899107 39.12
    endloop
  endfacet
  facet normal -0.44773870004347854 0.8941644459960236 0
    outer loop
      vertex -14.225 1.25 63.62
      vertex -3.75 6.495190528383289 41.12
      vertex -3.75 6.495190528383289 39.12
    endloop
  endfacet
  facet normal -0.38241872148014777 0.9232404639027502 0.03718826796348224
    outer loop
      vertex -14.225 1.25 63.62
      vertex -4.227771575905914 6.128583504101444 45.308354351523754
      vertex -3.75 6.495190528383289 41.12
    endloop
  endfacet
  facet normal -0.1281639451588976 0.9735018135437585 0.18938907621169787
    outer loop
      vertex -14.225 1.25 63.62
      vertex -5.457721941462762 5.1020553860005435 49.75260061039804
      vertex -5.303300858899107 5.303300858899107 48.822654590278646
    endloop
  endfacet
  facet normal -0.1281639451588934 0.9735018135437589 0.18938907621169912
    outer loop
      vertex -14.225 1.25 63.62
      vertex -5.303300858899107 5.303300858899107 48.822654590278646
      vertex -4.227771575905914 6.128583504101444 45.308354351523754
    endloop
  endfacet
  facet normal 0 0.9635179096299407 0.26764386378609456
    outer loop
      vertex -14.225 1.25 63.62
      vertex 7.262294101578314 1.8055555555555556 61.62
      vertex -7.262294101578314 1.8055555555555556 61.62
    endloop
  endfacet
  facet normal 0.13052619222005138 -0.9914448613738105 0
    outer loop
      vertex 0 -7.5 39.12
      vertex 1.9411428382689055 -7.244443697168013 41.12
      vertex 0 -7.5 41.12
    endloop
  endfacet
  facet normal 0.13052619222005138 -0.9914448613738105 0
    outer loop
      vertex 0 -7.5 39.12
      vertex 1.9411428382689055 -7.244443697168013 39.12
      vertex 1.9411428382689055 -7.244443697168013 41.12
    endloop
  endfacet
  facet normal 0 0 -1
    outer loop
      vertex 0 -7.5 39.12
      vertex 1.9772479687893572 -6.970198003526813 39.12
      vertex 1.9411428382689055 -7.244443697168013 39.12
    endloop
  endfacet
  facet normal 0 0 -1
    outer loop
      vertex 0 -7.5 39.12
      vertex 5.303300858899107 -5.303300858899107 39.12
      vertex 1.9772479687893572 -6.970198003526813 39.12
    endloop
  endfacet
  facet normal 0.3826834323650902 -0.9238795325112865 0
    outer loop
      vertex 1.9411428382689055 -7.244443697168013 41.12
      vertex 3.75 -6.495190528383289 39.12
      vertex 3.75 -6.495190528383289 41.12
    endloop
  endfacet
  facet normal 0 0 -1
    outer loop
      vertex -1.872666733304391 -6.724316041260401 39.12
      vertex 7.244443697168013 0.6169674922469098 39.12
      vertex 0 -7.5 39.12
    endloop
  endfacet
  facet normal 0 0 -1
    outer loop
      vertex 0.7791260711839144 -2.9077380831598947 39.12
      vertex 1.2911280422000357 -2.6181537039777187 39.12
      vertex 1.4593288105664295 -2.5276316448501133 39.12
    endloop
  endfacet
  facet normal 0 0 -1
    outer loop
      vertex -1.872666733304391 -6.724316041260401 39.12
      vertex 0.7791260711839144 -2.9077380831598947 39.12
      vertex 7.244443697168013 0.6169674922469098 39.12
    endloop
  endfacet
  facet normal 0 0 -1
    outer loop
      vertex 7.244443697168013 0.6169674922469098 39.12
      vertex 0.7791260711839144 -2.9077380831598947 39.12
      vertex 1.4593288105664295 -2.5276316448501133 39.12
    endloop
  endfacet
  facet normal 0 0 -1
    outer loop
      vertex 7.244443697168013 0.6169674922469098 39.12
      vertex 1.4593288105664295 -2.5276316448501133 39.12
      vertex 1.960856320344522 -2.034916697106203 39.12
    endloop
  endfacet
  facet normal 0 0 -1
    outer loop
      vertex 1.9772479687893572 -6.970198003526813 39.12
      vertex 5.303300858899107 -5.303300858899107 39.12
      vertex 3.75 -6.495190528383289 39.12
    endloop
  endfacet
  facet normal 0 0 -1
    outer loop
      vertex 0 -7.5 39.12
      vertex 7.244443697168013 0.6169674922469098 39.12
      vertex 5.303300858899107 -5.303300858899107 39.12
    endloop
  endfacet
  facet normal 0 0 -1
    outer loop
      vertex 7.244443697168013 0.6169674922469098 39.12
      vertex 1.960856320344522 -2.034916697106203 39.12
      vertex 1.9989931797537037 -1.9989931797537037 39.12
    endloop
  endfacet
  facet normal 0 0 -1
    outer loop
      vertex 7.244443697168013 0.6169674922469098 39.12
      vertex 1.9989931797537037 -1.9989931797537037 39.12
      vertex 2.1422179783980257 -1.7559217188794272 39.12
    endloop
  endfacet
  facet normal 0 0 -1
    outer loop
      vertex 7.244443697168013 0.6169674922469098 39.12
      vertex 2.1422179783980257 -1.7559217188794272 39.12
      vertex 2.418256644850114 -1.3961811248738147 39.12
    endloop
  endfacet
  facet normal 0 0 -1
    outer loop
      vertex 7.244443697168013 0.6169674922469098 39.12
      vertex 2.418256644850114 -1.3961811248738147 39.12
      vertex 2.6972148133858806 -0.722716531060008 39.12
    endloop
  endfacet
  facet normal 0 0 -1
    outer loop
      vertex 7.244443697168013 0.6169674922469098 39.12
      vertex 2.6972148133858806 -0.722716531060008 39.12
      vertex 2.7923622497476295 0 39.12
    endloop
  endfacet
  facet normal 0 0 -1
    outer loop
      vertex 5.303300858899107 -5.303300858899107 39.12
      vertex 7.244443697168013 -0.6169674922469098 39.12
      vertex 6.495190528383289 -3.75 39.12
    endloop
  endfacet
  facet normal 0 0 -1
    outer loop
      vertex 6.495190528383289 -3.75 39.12
      vertex 7.244443697168013 -0.6169674922469098 39.12
      vertex 7.244443697168013 -1.9411428382689055 39.12
    endloop
  endfacet
  facet normal 0 0 -1
    outer loop
      vertex 5.303300858899107 -5.303300858899107 39.12
      vertex 7.244443697168013 0.6169674922469098 39.12
      vertex 7.244443697168013 -0.6169674922469098 39.12
    endloop
  endfacet
  facet normal 0 0 -1
    outer loop
      vertex 7.244443697168013 -1.9411428382689055 39.12
      vertex 7.244443697168013 -0.6169674922469098 39.12
      vertex 7.5 0 39.12
    endloop
  endfacet
  facet normal 0 -0.9635179096299407 0.2676438637860946
    outer loop
      vertex -7.262294101578314 -1.8055555555555556 61.62
      vertex 7.262294101578314 -1.8055555555555556 61.62
      vertex 14.225 -1.25 63.62
    endloop
  endfacet
  facet normal 0.44773870004347827 -0.8941644459960237 0
    outer loop
      vertex 3.75 -6.495190528383289 39.12
      vertex 14.225 -1.25 61.62
      vertex 3.75 -6.495190528383289 41.12
    endloop
  endfacet
  facet normal 0.3824187214801477 -0.9232404639027502 0.03718826796348229
    outer loop
      vertex 3.75 -6.495190528383289 41.12
      vertex 14.225 -1.25 63.62
      vertex 4.227771575905914 -6.128583504101444 45.308354351523754
    endloop
  endfacet
  facet normal 0.6058315733292338 -0.7895350780309657 -0.09799216966708184
    outer loop
      vertex 3.75 -6.495190528383289 39.12
      vertex 5.303300858899107 -5.303300858899107 39.12
      vertex 14.225 -1.25 61.62
    endloop
  endfacet
  facet normal 0.1281639451588939 -0.9735018135437588 0.18938907621169887
    outer loop
      vertex 4.227771575905914 -6.128583504101444 45.308354351523754
      vertex 14.225 -1.25 63.62
      vertex 5.303300858899107 -5.303300858899107 48.822654590278646
    endloop
  endfacet
  facet normal 0.12816394515889648 -0.9735018135437589 0.18938907621169732
    outer loop
      vertex 5.303300858899107 -5.303300858899107 48.822654590278646
      vertex 14.225 -1.25 63.62
      vertex 5.457721941462762 -5.1020553860005435 49.75260061039804
    endloop
  endfacet
  facet normal 0.7772038185125374 -0.5963694651049712 -0.20074283444233149
    outer loop
      vertex 5.303300858899107 -5.303300858899107 39.12
      vertex 6.495190528383289 -3.75 39.12
      vertex 14.225 -1.25 61.62
    endloop
  endfacet
  facet normal 0 -0.9635179096299405 0.2676438637860946
    outer loop
      vertex 5.457721941462762 -5.1020553860005435 49.75260061039804
      vertex 14.225 -1.25 63.62
      vertex 6.495190528383289 -3.75 54.62
    endloop
  endfacet
  facet normal 0.8908379223035856 -0.3689971492944152 -0.2650450905005142
    outer loop
      vertex 6.495190528383289 -3.75 39.12
      vertex 7.244443697168013 -1.9411428382689055 39.12
      vertex 14.225 -1.25 61.62
    endloop
  endfacet
  facet normal 0.9486911980282223 -0.12489756565959399 -0.29049201172507944
    outer loop
      vertex 7.244443697168013 -1.9411428382689055 39.12
      vertex 7.5 0 39.12
      vertex 14.225 -1.25 61.62
    endloop
  endfacet
  facet normal 1.5705061271752252e-16 -0.9635179096299405 0.2676438637860945
    outer loop
      vertex 6.495190528383289 -3.75 54.62
      vertex 14.225 -1.25 63.62
      vertex 7.244443697168013 -1.9411428382689055 61.13188578223194
    endloop
  endfacet
  facet normal -4.135233854866702e-16 -0.9635179096299402 0.2676438637860959
    outer loop
      vertex 7.244443697168013 -1.9411428382689055 61.13188578223194
      vertex 14.225 -1.25 63.62
      vertex 7.262294101578314 -1.8055555555555556 61.62
    endloop
  endfacet
  facet normal 0.4477387000434781 -0.894164445996024 0
    outer loop
      vertex 3.75 -6.495190528383289 41.12
      vertex 14.225 -1.25 61.62
      vertex 14.225 -1.25 63.62
    endloop
  endfacet
  facet normal 1 0 0
    outer loop
      vertex 14.225 -1.25 61.62
      vertex 14.225 1.25 61.62
      vertex 14.225 -1.25 63.62
    endloop
  endfacet
  facet normal 0 0 -1
    outer loop
      vertex 0 7.5 39.12
      vertex 7.244443697168013 0.6169674922469098 39.12
      vertex 1.9744982823258725 1.9744982823258725 39.12
    endloop
  endfacet
  facet normal 0 0 -1
    outer loop
      vertex 0 7.5 39.12
      vertex 0.7611945617405537 2.840816778860871 39.12
      vertex 0.5423657068342516 2.8924980971252188 39.12
    endloop
  endfacet
  facet normal 0 0 -1
    outer loop
      vertex 0 7.5 39.12
      vertex 1.3487571618382224 2.508495888684863 39.12
      vertex 0.7611945617405537 2.840816778860871 39.12
    endloop
  endfacet
  facet normal 0 0 -1
    outer loop
      vertex 0 7.5 39.12
      vertex 0.5423657068342516 2.8924980971252188 39.12
      vertex 0 3.032684299297811 39.12
    endloop
  endfacet
  facet normal 0 0 -1
    outer loop
      vertex 0 7.5 39.12
      vertex 1.9744982823258725 1.9744982823258725 39.12
      vertex 1.7559217188794296 2.142217978398024 39.12
    endloop
  endfacet
  facet normal 0 0 -1
    outer loop
      vertex 0 7.5 39.12
      vertex 1.4246877944150527 2.4676316448501145 39.12
      vertex 1.3487571618382224 2.508495888684863 39.12
    endloop
  endfacet
  facet normal 0 0 -1
    outer loop
      vertex 0 7.5 39.12
      vertex 1.7559217188794296 2.142217978398024 39.12
      vertex 1.4246877944150527 2.4676316448501145 39.12
    endloop
  endfacet
  facet normal 0 0 -1
    outer loop
      vertex 0 7.5 39.12
      vertex 1.9411428382689055 7.244443697168013 39.12
      vertex 3.75 6.495190528383289 39.12
    endloop
  endfacet
  facet normal 0 0 -1
    outer loop
      vertex 0 7.5 39.12
      vertex 3.75 6.495190528383289 39.12
      vertex 5.303300858899107 5.303300858899107 39.12
    endloop
  endfacet
  facet normal 0.3826834323650902 0.9238795325112865 0
    outer loop
      vertex 1.9411428382689055 7.244443697168013 41.12
      vertex 3.75 6.495190528383289 41.12
      vertex 3.75 6.495190528383289 39.12
    endloop
  endfacet
  facet normal 0 0 -1
    outer loop
      vertex 7.244443697168013 0.6169674922469098 39.12
      vertex 2.7923622497476295 0 39.12
      vertex 2.6972148133858806 0.722716531060008 39.12
    endloop
  endfacet
  facet normal 0 0 -1
    outer loop
      vertex 7.244443697168013 0.6169674922469098 39.12
      vertex 2.418256644850114 1.3961811248738147 39.12
      vertex 1.9744982823258725 1.9744982823258725 39.12
    endloop
  endfacet
  facet normal 0 0 -1
    outer loop
      vertex 7.244443697168013 0.6169674922469098 39.12
      vertex 2.6972148133858806 0.722716531060008 39.12
      vertex 2.418256644850114 1.3961811248738147 39.12
    endloop
  endfacet
  facet normal 0 0 -1
    outer loop
      vertex 5.303300858899107 5.303300858899107 39.12
      vertex 7.244443697168013 1.9411428382689055 39.12
      vertex 7.244443697168013 0.6169674922469098 39.12
    endloop
  endfacet
  facet normal 0 0 -1
    outer loop
      vertex 0 7.5 39.12
      vertex 5.303300858899107 5.303300858899107 39.12
      vertex 7.244443697168013 0.6169674922469098 39.12
    endloop
  endfacet
  facet normal 0 0 -1
    outer loop
      vertex 5.303300858899107 5.303300858899107 39.12
      vertex 6.495190528383289 3.75 39.12
      vertex 7.244443697168013 1.9411428382689055 39.12
    endloop
  endfacet
  facet normal 0.13052619222005138 0.9914448613738105 0
    outer loop
      vertex 0 7.5 39.12
      vertex 0 7.5 41.12
      vertex 1.9411428382689055 7.244443697168013 41.12
    endloop
  endfacet
  facet normal 0.13052619222005138 0.9914448613738105 0
    outer loop
      vertex 0 7.5 39.12
      vertex 1.9411428382689055 7.244443697168013 41.12
      vertex 1.9411428382689055 7.244443697168013 39.12
    endloop
  endfacet
  facet normal 0 0 -1
    outer loop
      vertex 7.5 0 39.12
      vertex 7.244443697168013 0.6169674922469098 39.12
      vertex 7.244443697168013 1.9411428382689055 39.12
    endloop
  endfacet
  facet normal 0 0.9635179096299407 0.26764386378609467
    outer loop
      vertex -14.225 1.25 63.62
      vertex 14.225 1.25 63.62
      vertex 7.262294101578314 1.8055555555555556 61.62
    endloop
  endfacet
  facet normal 0.7772038185125374 0.5963694651049712 -0.20074283444233149
    outer loop
      vertex 5.303300858899107 5.303300858899107 39.12
      vertex 14.225 1.25 61.62
      vertex 6.495190528383289 3.75 39.12
    endloop
  endfacet
  facet normal 0 0.9635179096299405 0.2676438637860946
    outer loop
      vertex 5.457721941462762 5.1020553860005435 49.75260061039804
      vertex 6.495190528383289 3.75 54.62
      vertex 14.225 1.25 63.62
    endloop
  endfacet
  facet normal 0.9486911980282223 0.12489756565959399 -0.29049201172507944
    outer loop
      vertex 7.5 0 39.12
      vertex 7.244443697168013 1.9411428382689055 39.12
      vertex 14.225 1.25 61.62
    endloop
  endfacet
  facet normal 0.8908379223035856 0.3689971492944152 -0.2650450905005142
    outer loop
      vertex 6.495190528383289 3.75 39.12
      vertex 14.225 1.25 61.62
      vertex 7.244443697168013 1.9411428382689055 39.12
    endloop
  endfacet
  facet normal -4.135233854866702e-16 0.9635179096299402 0.2676438637860959
    outer loop
      vertex 7.262294101578314 1.8055555555555556 61.62
      vertex 14.225 1.25 63.62
      vertex 7.244443697168013 1.9411428382689055 61.13188578223194
    endloop
  endfacet
  facet normal 1.5705061271752252e-16 0.9635179096299405 0.2676438637860945
    outer loop
      vertex 6.495190528383289 3.75 54.62
      vertex 7.244443697168013 1.9411428382689055 61.13188578223194
      vertex 14.225 1.25 63.62
    endloop
  endfacet
  facet normal 0.6058315733292338 0.7895350780309657 -0.09799216966708184
    outer loop
      vertex 5.303300858899107 5.303300858899107 39.12
      vertex 3.75 6.495190528383289 39.12
      vertex 14.225 1.25 61.62
    endloop
  endfacet
  facet normal 0.44773870004347827 0.8941644459960237 0
    outer loop
      vertex 3.75 6.495190528383289 39.12
      vertex 3.75 6.495190528383289 41.12
      vertex 14.225 1.25 61.62
    endloop
  endfacet
  facet normal 0.3824187214801477 0.9232404639027502 0.03718826796348229
    outer loop
      vertex 3.75 6.495190528383289 41.12
      vertex 4.227771575905914 6.128583504101444 45.308354351523754
      vertex 14.225 1.25 63.62
    endloop
  endfacet
  facet normal 0.12816394515889393 0.9735018135437588 0.1893890762116989
    outer loop
      vertex 5.303300858899107 5.303300858899107 48.822654590278646
      vertex 14.225 1.25 63.62
      vertex 4.227771575905914 6.128583504101444 45.308354351523754
    endloop
  endfacet
  facet normal 0.12816394515889648 0.9735018135437589 0.18938907621169732
    outer loop
      vertex 5.303300858899107 5.303300858899107 48.822654590278646
      vertex 5.457721941462762 5.1020553860005435 49.75260061039804
      vertex 14.225 1.25 63.62
    endloop
  endfacet
  facet normal 0.9581187899611284 0 -0.2863710605550484
    outer loop
      vertex 14.225 -1.25 61.62
      vertex 7.5 0 39.12
      vertex 14.225 1.25 61.62
    endloop
  endfacet
  facet normal 0.4477387000434781 0.894164445996024 0
    outer loop
      vertex 3.75 6.495190528383289 41.12
      vertex 14.225 1.25 63.62
      vertex 14.225 1.25 61.62
    endloop
  endfacet
  facet normal 1 0 0
    outer loop
      vertex 14.225 -1.25 63.62
      vertex 14.225 1.25 61.62
      vertex 14.225 1.25 63.62
    endloop
  endfacet
  facet normal 0.6087614290087208 0.793353340291235 0
    outer loop
      vertex 9.580761184457488 -0.9192388155425119 0
      vertex 9.580761184457488 -0.9192388155425119 3
      vertex 9.85 -1.12583302491977 0
    endloop
  endfacet
  facet normal 0.6087614290087208 0.793353340291235 0
    outer loop
      vertex 9.85 -1.12583302491977 0
      vertex 9.580761184457488 -0.9192388155425119 3
      vertex 9.85 -1.12583302491977 3
    endloop
  endfacet
  facet normal 0.9238795325112865 0.38268343236509045 0
    outer loop
      vertex 9.37416697508023 -0.65 0
      vertex 9.244296425824212 -0.33646475863327696 3
      vertex 9.37416697508023 -0.65 3
    endloop
  endfacet
  facet normal 0.9238795325112865 0.38268343236509045 0
    outer loop
      vertex 9.37416697508023 -0.65 0
      vertex 9.244296425824212 -0.33646475863327696 0
      vertex 9.244296425824212 -0.33646475863327696 3
    endloop
  endfacet
  facet normal 0.9914448613738098 0.13052619222005513 0
    outer loop
      vertex 9.244296425824212 -0.33646475863327696 0
      vertex 9.2 0 0
      vertex 9.2 0 3
    endloop
  endfacet
  facet normal 0.9914448613738098 0.13052619222005513 0
    outer loop
      vertex 9.244296425824212 -0.33646475863327696 0
      vertex 9.2 0 3
      vertex 9.244296425824212 -0.33646475863327696 3
    endloop
  endfacet
  facet normal 0.7933533402912363 0.6087614290087192 0
    outer loop
      vertex 9.580761184457488 -0.9192388155425119 0
      vertex 9.37416697508023 -0.65 0
      vertex 9.37416697508023 -0.65 3
    endloop
  endfacet
  facet normal 0.7933533402912363 0.6087614290087192 0
    outer loop
      vertex 9.580761184457488 -0.9192388155425119 0
      vertex 9.37416697508023 -0.65 3
      vertex 9.580761184457488 -0.9192388155425119 3
    endloop
  endfacet
  facet normal 0.3826834323650896 0.9238795325112867 0
    outer loop
      vertex 9.85 -1.12583302491977 0
      vertex 9.85 -1.12583302491977 3
      vertex 10.163535241366723 -1.255703574175789 0
    endloop
  endfacet
  facet normal 0.3826834323650896 0.9238795325112867 0
    outer loop
      vertex 10.163535241366723 -1.255703574175789 3
      vertex 10.163535241366723 -1.255703574175789 0
      vertex 9.85 -1.12583302491977 3
    endloop
  endfacet
  facet normal 0.13052619222005146 0.9914448613738105 0
    outer loop
      vertex 10.163535241366723 -1.255703574175789 3
      vertex 10.5 -1.3 0
      vertex 10.163535241366723 -1.255703574175789 0
    endloop
  endfacet
  facet normal -0.13052619222005146 0.9914448613738105 0
    outer loop
      vertex 10.5 -1.3 3
      vertex 10.836464758633277 -1.255703574175789 0
      vertex 10.5 -1.3 0
    endloop
  endfacet
  facet normal 0.13052619222005146 0.9914448613738105 0
    outer loop
      vertex 10.5 -1.3 3
      vertex 10.5 -1.3 0
      vertex 10.163535241366723 -1.255703574175789 3
    endloop
  endfacet
  facet normal -0.3826834323650896 0.9238795325112867 0
    outer loop
      vertex 10.836464758633277 -1.255703574175789 3
      vertex 11.15 -1.12583302491977 0
      vertex 10.836464758633277 -1.255703574175789 0
    endloop
  endfacet
  facet normal -0.13052619222005146 0.9914448613738105 0
    outer loop
      vertex 10.836464758633277 -1.255703574175789 3
      vertex 10.836464758633277 -1.255703574175789 0
      vertex 10.5 -1.3 3
    endloop
  endfacet
  facet normal -0.3826834323650896 0.9238795325112867 0
    outer loop
      vertex 11.15 -1.12583302491977 3
      vertex 11.15 -1.12583302491977 0
      vertex 10.836464758633277 -1.255703574175789 3
    endloop
  endfacet
  facet normal -0.6087614290087208 0.793353340291235 0
    outer loop
      vertex 11.419238815542512 -0.9192388155425119 0
      vertex 11.15 -1.12583302491977 0
      vertex 11.15 -1.12583302491977 3
    endloop
  endfacet
  facet normal -0.6087614290087208 0.793353340291235 0
    outer loop
      vertex 11.419238815542512 -0.9192388155425119 0
      vertex 11.15 -1.12583302491977 3
      vertex 11.419238815542512 -0.9192388155425119 3
    endloop
  endfacet
  facet normal -0.7933533402912363 0.6087614290087192 0
    outer loop
      vertex 11.419238815542512 -0.9192388155425119 0
      vertex 11.419238815542512 -0.9192388155425119 3
      vertex 11.62583302491977 -0.65 0
    endloop
  endfacet
  facet normal -0.7933533402912363 0.6087614290087192 0
    outer loop
      vertex 11.62583302491977 -0.65 0
      vertex 11.419238815542512 -0.9192388155425119 3
      vertex 11.62583302491977 -0.65 3
    endloop
  endfacet
  facet normal -0.9238795325112865 0.38268343236509045 0
    outer loop
      vertex 11.755703574175788 -0.33646475863327696 0
      vertex 11.62583302491977 -0.65 0
      vertex 11.62583302491977 -0.65 3
    endloop
  endfacet
  facet normal -0.9914448613738098 0.13052619222005513 0
    outer loop
      vertex 11.755703574175788 -0.33646475863327696 0
      vertex 11.755703574175788 -0.33646475863327696 3
      vertex 11.8 0 0
    endloop
  endfacet
  facet normal -0.9238795325112865 0.38268343236509045 0
    outer loop
      vertex 11.755703574175788 -0.33646475863327696 0
      vertex 11.62583302491977 -0.65 3
      vertex 11.755703574175788 -0.33646475863327696 3
    endloop
  endfacet
  facet normal -0.9914448613738098 0.13052619222005513 0
    outer loop
      vertex 11.8 0 0
      vertex 11.755703574175788 -0.33646475863327696 3
      vertex 11.8 0 3
    endloop
  endfacet
  facet normal 0.9914448613738098 -0.13052619222005513 0
    outer loop
      vertex 9.2 0 0
      vertex 9.244296425824212 0.33646475863327696 0
      vertex 9.244296425824212 0.33646475863327696 3
    endloop
  endfacet
  facet normal 0.9914448613738098 -0.13052619222005513 0
    outer loop
      vertex 9.2 0 0
      vertex 9.244296425824212 0.33646475863327696 3
      vertex 9.2 0 3
    endloop
  endfacet
  facet normal 0.9238795325112865 -0.38268343236509045 0
    outer loop
      vertex 9.244296425824212 0.33646475863327696 0
      vertex 9.37416697508023 0.65 3
      vertex 9.244296425824212 0.33646475863327696 3
    endloop
  endfacet
  facet normal 0.9238795325112865 -0.38268343236509045 0
    outer loop
      vertex 9.244296425824212 0.33646475863327696 0
      vertex 9.37416697508023 0.65 0
      vertex 9.37416697508023 0.65 3
    endloop
  endfacet
  facet normal 0.7933533402912363 -0.6087614290087192 0
    outer loop
      vertex 9.37416697508023 0.65 0
      vertex 9.580761184457488 0.9192388155425119 0
      vertex 9.580761184457488 0.9192388155425119 3
    endloop
  endfacet
  facet normal 0.7933533402912363 -0.6087614290087192 0
    outer loop
      vertex 9.37416697508023 0.65 0
      vertex 9.580761184457488 0.9192388155425119 3
      vertex 9.37416697508023 0.65 3
    endloop
  endfacet
  facet normal 0.6087614290087208 -0.793353340291235 0
    outer loop
      vertex 9.85 1.12583302491977 0
      vertex 9.85 1.12583302491977 3
      vertex 9.580761184457488 0.9192388155425119 0
    endloop
  endfacet
  facet normal 0.6087614290087208 -0.793353340291235 0
    outer loop
      vertex 9.580761184457488 0.9192388155425119 0
      vertex 9.85 1.12583302491977 3
      vertex 9.580761184457488 0.9192388155425119 3
    endloop
  endfacet
  facet normal 0.3826834323650896 -0.9238795325112867 0
    outer loop
      vertex 10.163535241366723 1.255703574175789 3
      vertex 9.85 1.12583302491977 0
      vertex 10.163535241366723 1.255703574175789 0
    endloop
  endfacet
  facet normal 0.3826834323650896 -0.9238795325112867 0
    outer loop
      vertex 9.85 1.12583302491977 0
      vertex 10.163535241366723 1.255703574175789 3
      vertex 9.85 1.12583302491977 3
    endloop
  endfacet
  facet normal 0.13052619222005146 -0.9914448613738105 0
    outer loop
      vertex 10.5 1.3 3
      vertex 10.163535241366723 1.255703574175789 0
      vertex 10.5 1.3 0
    endloop
  endfacet
  facet normal 0.13052619222005146 -0.9914448613738105 0
    outer loop
      vertex 10.163535241366723 1.255703574175789 3
      vertex 10.163535241366723 1.255703574175789 0
      vertex 10.5 1.3 3
    endloop
  endfacet
  facet normal -0.13052619222005146 -0.9914448613738105 0
    outer loop
      vertex 10.5 1.3 3
      vertex 10.5 1.3 0
      vertex 10.836464758633277 1.255703574175789 3
    endloop
  endfacet
  facet normal -0.7933533402912363 -0.6087614290087192 0
    outer loop
      vertex 11.419238815542512 0.9192388155425119 0
      vertex 11.62583302491977 0.65 0
      vertex 11.62583302491977 0.65 3
    endloop
  endfacet
  facet normal -0.7933533402912363 -0.6087614290087192 0
    outer loop
      vertex 11.419238815542512 0.9192388155425119 0
      vertex 11.62583302491977 0.65 3
      vertex 11.419238815542512 0.9192388155425119 3
    endloop
  endfacet
  facet normal -0.13052619222005146 -0.9914448613738105 0
    outer loop
      vertex 10.836464758633277 1.255703574175789 3
      vertex 10.5 1.3 0
      vertex 10.836464758633277 1.255703574175789 0
    endloop
  endfacet
  facet normal -0.3826834323650896 -0.9238795325112867 0
    outer loop
      vertex 11.15 1.12583302491977 3
      vertex 10.836464758633277 1.255703574175789 0
      vertex 11.15 1.12583302491977 0
    endloop
  endfacet
  facet normal -0.3826834323650896 -0.9238795325112867 0
    outer loop
      vertex 10.836464758633277 1.255703574175789 3
      vertex 10.836464758633277 1.255703574175789 0
      vertex 11.15 1.12583302491977 3
    endloop
  endfacet
  facet normal -0.6087614290087208 -0.793353340291235 0
    outer loop
      vertex 11.15 1.12583302491977 0
      vertex 11.419238815542512 0.9192388155425119 0
      vertex 11.419238815542512 0.9192388155425119 3
    endloop
  endfacet
  facet normal -0.6087614290087208 -0.793353340291235 0
    outer loop
      vertex 11.419238815542512 0.9192388155425119 3
      vertex 11.15 1.12583302491977 3
      vertex 11.15 1.12583302491977 0
    endloop
  endfacet
  facet normal -0.9238795325112865 -0.38268343236509045 0
    outer loop
      vertex 11.62583302491977 0.65 0
      vertex 11.755703574175788 0.33646475863327696 0
      vertex 11.755703574175788 0.33646475863327696 3
    endloop
  endfacet
  facet normal -0.9914448613738098 -0.13052619222005513 0
    outer loop
      vertex 11.8 0 0
      vertex 11.8 0 3
      vertex 11.755703574175788 0.33646475863327696 0
    endloop
  endfacet
  facet normal -0.9914448613738098 -0.13052619222005513 0
    outer loop
      vertex 11.755703574175788 0.33646475863327696 0
      vertex 11.8 0 3
      vertex 11.755703574175788 0.33646475863327696 3
    endloop
  endfacet
  facet normal -0.9238795325112865 -0.38268343236509045 0
    outer loop
      vertex 11.62583302491977 0.65 0
      vertex 11.755703574175788 0.33646475863327696 3
      vertex 11.62583302491977 0.65 3
    endloop
  endfacet
  facet normal 0.7933533402912358 0.6087614290087199 0
    outer loop
      vertex 4.330761184457488 8.174027924194094 0
      vertex 4.124166975080231 8.443266739736606 0
      vertex 4.124166975080231 8.443266739736606 3
    endloop
  endfacet
  facet normal 0.6087614290087231 0.7933533402912333 0
    outer loop
      vertex 4.6 7.967433714816835 0
      vertex 4.330761184457488 8.174027924194094 0
      vertex 4.330761184457488 8.174027924194094 3
    endloop
  endfacet
  facet normal 0.7933533402912358 0.6087614290087199 0
    outer loop
      vertex 4.330761184457488 8.174027924194094 0
      vertex 4.124166975080231 8.443266739736606 3
      vertex 4.330761184457488 8.174027924194094 3
    endloop
  endfacet
  facet normal 0.9238795325112863 0.3826834323650907 0
    outer loop
      vertex 4.124166975080231 8.443266739736606 0
      vertex 3.9942964258242113 8.75680198110333 0
      vertex 3.9942964258242113 8.75680198110333 3
    endloop
  endfacet
  facet normal 0.9238795325112863 0.3826834323650907 0
    outer loop
      vertex 4.124166975080231 8.443266739736606 0
      vertex 3.9942964258242113 8.75680198110333 3
      vertex 4.124166975080231 8.443266739736606 3
    endloop
  endfacet
  facet normal 0.3826834323650851 0.9238795325112885 0
    outer loop
      vertex 4.6 7.967433714816835 0
      vertex 4.6 7.967433714816835 3
      vertex 4.9135352413667235 7.837563165560818 0
    endloop
  endfacet
  facet normal 0.3826834323650851 0.9238795325112885 0
    outer loop
      vertex 4.9135352413667235 7.837563165560818 0
      vertex 4.6 7.967433714816835 3
      vertex 4.9135352413667235 7.837563165560818 3
    endloop
  endfacet
  facet normal 0.13052619222005274 0.9914448613738103 0
    outer loop
      vertex 5.25 7.793266739736606 0
      vertex 4.9135352413667235 7.837563165560818 0
      vertex 4.9135352413667235 7.837563165560818 3
    endloop
  endfacet
  facet normal 0.13052619222005274 0.9914448613738103 0
    outer loop
      vertex 5.25 7.793266739736606 0
      vertex 4.9135352413667235 7.837563165560818 3
      vertex 5.25 7.793266739736606 3
    endloop
  endfacet
  facet normal 0.6087614290087231 0.7933533402912333 0
    outer loop
      vertex 4.6 7.967433714816835 0
      vertex 4.330761184457488 8.174027924194094 3
      vertex 4.6 7.967433714816835 3
    endloop
  endfacet
  facet normal 0.9914448613738105 0.13052619222005146 0
    outer loop
      vertex 3.9942964258242113 8.75680198110333 0
      vertex 3.95 9.093266739736606 0
      vertex 3.95 9.093266739736606 3
    endloop
  endfacet
  facet normal 0.9914448613738105 0.13052619222005146 0
    outer loop
      vertex 3.9942964258242113 8.75680198110333 0
      vertex 3.95 9.093266739736606 3
      vertex 3.9942964258242113 8.75680198110333 3
    endloop
  endfacet
  facet normal 0.9914448613738105 -0.13052619222005146 0
    outer loop
      vertex 3.95 9.093266739736606 0
      vertex 3.9942964258242113 9.429731498369883 3
      vertex 3.95 9.093266739736606 3
    endloop
  endfacet
  facet normal 0.9914448613738105 -0.13052619222005146 0
    outer loop
      vertex 3.95 9.093266739736606 0
      vertex 3.9942964258242113 9.429731498369883 0
      vertex 3.9942964258242113 9.429731498369883 3
    endloop
  endfacet
  facet normal 0.9238795325112874 -0.38268343236508856 0
    outer loop
      vertex 3.9942964258242113 9.429731498369883 0
      vertex 4.12416697508023 9.743266739736606 0
      vertex 4.12416697508023 9.743266739736606 3
    endloop
  endfacet
  facet normal 0.9238795325112874 -0.38268343236508856 0
    outer loop
      vertex 3.9942964258242113 9.429731498369883 0
      vertex 4.12416697508023 9.743266739736606 3
      vertex 3.9942964258242113 9.429731498369883 3
    endloop
  endfacet
  facet normal 0.7933533402912345 -0.6087614290087214 0
    outer loop
      vertex 4.12416697508023 9.743266739736606 0
      vertex 4.330761184457488 10.012505555279118 0
      vertex 4.330761184457488 10.012505555279118 3
    endloop
  endfacet
  facet normal 0.7933533402912345 -0.6087614290087214 0
    outer loop
      vertex 4.330761184457488 10.012505555279118 3
      vertex 4.12416697508023 9.743266739736606 3
      vertex 4.12416697508023 9.743266739736606 0
    endloop
  endfacet
  facet normal 0.6087614290087185 -0.7933533402912367 0
    outer loop
      vertex 4.330761184457488 10.012505555279118 0
      vertex 4.6000000000000005 10.219099764656375 3
      vertex 4.330761184457488 10.012505555279118 3
    endloop
  endfacet
  facet normal 0.6087614290087185 -0.7933533402912367 0
    outer loop
      vertex 4.6000000000000005 10.219099764656375 0
      vertex 4.6000000000000005 10.219099764656375 3
      vertex 4.330761184457488 10.012505555279118 0
    endloop
  endfacet
  facet normal 0.38268343236509145 -0.923879532511286 0
    outer loop
      vertex 4.913535241366723 10.348970313912394 0
      vertex 4.913535241366723 10.348970313912394 3
      vertex 4.6000000000000005 10.219099764656375 0
    endloop
  endfacet
  facet normal 0.38268343236509145 -0.923879532511286 0
    outer loop
      vertex 4.6000000000000005 10.219099764656375 0
      vertex 4.913535241366723 10.348970313912394 3
      vertex 4.6000000000000005 10.219099764656375 3
    endloop
  endfacet
  facet normal 0.1305261922200447 -0.9914448613738114 0
    outer loop
      vertex 5.25 10.393266739736603 0
      vertex 5.25 10.393266739736603 3
      vertex 4.913535241366723 10.348970313912394 0
    endloop
  endfacet
  facet normal 0.1305261922200447 -0.9914448613738114 0
    outer loop
      vertex 4.913535241366723 10.348970313912394 0
      vertex 5.25 10.393266739736603 3
      vertex 4.913535241366723 10.348970313912394 3
    endloop
  endfacet
  facet normal -0.1305261922200498 0.9914448613738105 0
    outer loop
      vertex 5.25 7.793266739736606 0
      vertex 5.25 7.793266739736606 3
      vertex 5.586464758633277 7.837563165560817 0
    endloop
  endfacet
  facet normal -0.38268343236509145 0.923879532511286 0
    outer loop
      vertex 5.586464758633277 7.837563165560817 0
      vertex 5.586464758633277 7.837563165560817 3
      vertex 5.8999999999999995 7.967433714816836 0
    endloop
  endfacet
  facet normal -0.1305261922200498 0.9914448613738105 0
    outer loop
      vertex 5.586464758633277 7.837563165560817 0
      vertex 5.25 7.793266739736606 3
      vertex 5.586464758633277 7.837563165560817 3
    endloop
  endfacet
  facet normal -0.38268343236509145 0.923879532511286 0
    outer loop
      vertex 5.8999999999999995 7.967433714816836 0
      vertex 5.586464758633277 7.837563165560817 3
      vertex 5.8999999999999995 7.967433714816836 3
    endloop
  endfacet
  facet normal -0.6087614290087168 0.7933533402912379 0
    outer loop
      vertex 5.8999999999999995 7.967433714816836 0
      vertex 5.8999999999999995 7.967433714816836 3
      vertex 6.169238815542512 8.174027924194093 0
    endloop
  endfacet
  facet normal -0.6087614290087168 0.7933533402912379 0
    outer loop
      vertex 6.169238815542512 8.174027924194093 0
      vertex 5.8999999999999995 7.967433714816836 3
      vertex 6.169238815542512 8.174027924194093 3
    endloop
  endfacet
  facet normal -0.7933533402912365 0.6087614290087189 0
    outer loop
      vertex 6.169238815542512 8.174027924194093 0
      vertex 6.169238815542512 8.174027924194093 3
      vertex 6.37583302491977 8.443266739736606 0
    endloop
  endfacet
  facet normal -0.7933533402912365 0.6087614290087189 0
    outer loop
      vertex 6.37583302491977 8.443266739736606 0
      vertex 6.169238815542512 8.174027924194093 3
      vertex 6.37583302491977 8.443266739736606 3
    endloop
  endfacet
  facet normal -0.923879532511287 0.3826834323650892 0
    outer loop
      vertex 6.505703574175788 8.756801981103328 0
      vertex 6.37583302491977 8.443266739736606 0
      vertex 6.37583302491977 8.443266739736606 3
    endloop
  endfacet
  facet normal -0.923879532511287 0.3826834323650892 0
    outer loop
      vertex 6.505703574175788 8.756801981103328 0
      vertex 6.37583302491977 8.443266739736606 3
      vertex 6.505703574175788 8.756801981103328 3
    endloop
  endfacet
  facet normal -0.13052619222005016 -0.9914448613738105 0
    outer loop
      vertex 5.5864647586332765 10.348970313912393 0
      vertex 5.5864647586332765 10.348970313912393 3
      vertex 5.25 10.393266739736603 0
    endloop
  endfacet
  facet normal -0.13052619222005016 -0.9914448613738105 0
    outer loop
      vertex 5.25 10.393266739736603 0
      vertex 5.5864647586332765 10.348970313912393 3
      vertex 5.25 10.393266739736603 3
    endloop
  endfacet
  facet normal -0.3826834323650851 -0.9238795325112885 0
    outer loop
      vertex 5.5864647586332765 10.348970313912393 0
      vertex 5.9 10.219099764656375 3
      vertex 5.5864647586332765 10.348970313912393 3
    endloop
  endfacet
  facet normal -0.6087614290087231 -0.7933533402912333 0
    outer loop
      vertex 6.169238815542512 10.012505555279116 0
      vertex 6.169238815542512 10.012505555279116 3
      vertex 5.9 10.219099764656375 0
    endloop
  endfacet
  facet normal -0.6087614290087231 -0.7933533402912333 0
    outer loop
      vertex 5.9 10.219099764656375 0
      vertex 6.169238815542512 10.012505555279116 3
      vertex 5.9 10.219099764656375 3
    endloop
  endfacet
  facet normal -0.3826834323650851 -0.9238795325112885 0
    outer loop
      vertex 5.9 10.219099764656375 0
      vertex 5.9 10.219099764656375 3
      vertex 5.5864647586332765 10.348970313912393 0
    endloop
  endfacet
  facet normal -0.9914448613738103 0.13052619222005274 0
    outer loop
      vertex 6.55 9.093266739736604 0
      vertex 6.505703574175788 8.756801981103328 0
      vertex 6.505703574175788 8.756801981103328 3
    endloop
  endfacet
  facet normal -0.9914448613738105 -0.13052619222005016 0
    outer loop
      vertex 6.505703574175789 9.42973149836988 0
      vertex 6.55 9.093266739736604 0
      vertex 6.55 9.093266739736604 3
    endloop
  endfacet
  facet normal -0.9914448613738103 0.13052619222005274 0
    outer loop
      vertex 6.55 9.093266739736604 0
      vertex 6.505703574175788 8.756801981103328 3
      vertex 6.55 9.093266739736604 3
    endloop
  endfacet
  facet normal -0.923879532511286 -0.3826834323650919 0
    outer loop
      vertex 6.375833024919769 9.743266739736605 0
      vertex 6.505703574175789 9.42973149836988 0
      vertex 6.505703574175789 9.42973149836988 3
    endloop
  endfacet
  facet normal -0.923879532511286 -0.3826834323650919 0
    outer loop
      vertex 6.375833024919769 9.743266739736605 0
      vertex 6.505703574175789 9.42973149836988 3
      vertex 6.375833024919769 9.743266739736605 3
    endloop
  endfacet
  facet normal -0.9914448613738105 -0.13052619222005016 0
    outer loop
      vertex 6.505703574175789 9.42973149836988 0
      vertex 6.55 9.093266739736604 3
      vertex 6.505703574175789 9.42973149836988 3
    endloop
  endfacet
  facet normal -0.7933533402912358 -0.6087614290087199 0
    outer loop
      vertex 6.169238815542512 10.012505555279116 0
      vertex 6.375833024919769 9.743266739736605 0
      vertex 6.375833024919769 9.743266739736605 3
    endloop
  endfacet
  facet normal -0.7933533402912358 -0.6087614290087199 0
    outer loop
      vertex 6.169238815542512 10.012505555279116 0
      vertex 6.375833024919769 9.743266739736605 3
      vertex 6.169238815542512 10.012505555279116 3
    endloop
  endfacet
  facet normal 0.7933533402912365 0.6087614290087189 0
    outer loop
      vertex -6.169238815542512 8.174027924194093 0
      vertex -6.37583302491977 8.443266739736606 0
      vertex -6.37583302491977 8.443266739736606 3
    endloop
  endfacet
  facet normal 0.7933533402912365 0.6087614290087189 0
    outer loop
      vertex -6.169238815542512 8.174027924194093 0
      vertex -6.37583302491977 8.443266739736606 3
      vertex -6.169238815542512 8.174027924194093 3
    endloop
  endfacet
  facet normal 0.923879532511287 0.3826834323650892 0
    outer loop
      vertex -6.37583302491977 8.443266739736606 0
      vertex -6.505703574175788 8.756801981103328 0
      vertex -6.505703574175788 8.756801981103328 3
    endloop
  endfacet
  facet normal 0.923879532511287 0.3826834323650892 0
    outer loop
      vertex -6.37583302491977 8.443266739736606 0
      vertex -6.505703574175788 8.756801981103328 3
      vertex -6.37583302491977 8.443266739736606 3
    endloop
  endfacet
  facet normal 0.38268343236509145 0.923879532511286 0
    outer loop
      vertex -5.8999999999999995 7.967433714816836 0
      vertex -5.8999999999999995 7.967433714816836 3
      vertex -5.586464758633277 7.837563165560817 0
    endloop
  endfacet
  facet normal 0.1305261922200498 0.9914448613738105 0
    outer loop
      vertex -5.586464758633277 7.837563165560817 0
      vertex -5.586464758633277 7.837563165560817 3
      vertex -5.25 7.793266739736606 0
    endloop
  endfacet
  facet normal 0.38268343236509145 0.923879532511286 0
    outer loop
      vertex -5.586464758633277 7.837563165560817 0
      vertex -5.8999999999999995 7.967433714816836 3
      vertex -5.586464758633277 7.837563165560817 3
    endloop
  endfacet
  facet normal 0.1305261922200498 0.9914448613738105 0
    outer loop
      vertex -5.25 7.793266739736606 0
      vertex -5.586464758633277 7.837563165560817 3
      vertex -5.25 7.793266739736606 3
    endloop
  endfacet
  facet normal 0.6087614290087168 0.7933533402912379 0
    outer loop
      vertex -5.8999999999999995 7.967433714816836 0
      vertex -6.169238815542512 8.174027924194093 0
      vertex -6.169238815542512 8.174027924194093 3
    endloop
  endfacet
  facet normal 0.6087614290087168 0.7933533402912379 0
    outer loop
      vertex -5.8999999999999995 7.967433714816836 0
      vertex -6.169238815542512 8.174027924194093 3
      vertex -5.8999999999999995 7.967433714816836 3
    endloop
  endfacet
  facet normal 0.9914448613738103 0.13052619222005274 0
    outer loop
      vertex -6.505703574175788 8.756801981103328 0
      vertex -6.55 9.093266739736604 0
      vertex -6.55 9.093266739736604 3
    endloop
  endfacet
  facet normal 0.9914448613738103 0.13052619222005274 0
    outer loop
      vertex -6.505703574175788 8.756801981103328 0
      vertex -6.55 9.093266739736604 3
      vertex -6.505703574175788 8.756801981103328 3
    endloop
  endfacet
  facet normal 0.9914448613738105 -0.13052619222005016 0
    outer loop
      vertex -6.55 9.093266739736604 0
      vertex -6.505703574175789 9.42973149836988 3
      vertex -6.55 9.093266739736604 3
    endloop
  endfacet
  facet normal 0.9914448613738105 -0.13052619222005016 0
    outer loop
      vertex -6.55 9.093266739736604 0
      vertex -6.505703574175789 9.42973149836988 0
      vertex -6.505703574175789 9.42973149836988 3
    endloop
  endfacet
  facet normal 0.923879532511286 -0.3826834323650919 0
    outer loop
      vertex -6.505703574175789 9.42973149836988 0
      vertex -6.375833024919769 9.743266739736605 0
      vertex -6.375833024919769 9.743266739736605 3
    endloop
  endfacet
  facet normal 0.923879532511286 -0.3826834323650919 0
    outer loop
      vertex -6.505703574175789 9.42973149836988 0
      vertex -6.375833024919769 9.743266739736605 3
      vertex -6.505703574175789 9.42973149836988 3
    endloop
  endfacet
  facet normal 0.7933533402912358 -0.6087614290087199 0
    outer loop
      vertex -6.375833024919769 9.743266739736605 0
      vertex -6.169238815542512 10.012505555279116 0
      vertex -6.169238815542512 10.012505555279116 3
    endloop
  endfacet
  facet normal 0.7933533402912358 -0.6087614290087199 0
    outer loop
      vertex -6.169238815542512 10.012505555279116 3
      vertex -6.375833024919769 9.743266739736605 3
      vertex -6.375833024919769 9.743266739736605 0
    endloop
  endfacet
  facet normal 0.6087614290087231 -0.7933533402912333 -1.802295879971192e-16
    outer loop
      vertex -5.9 10.219099764656375 0
      vertex -5.8999999999999995 10.219099764656375 3
      vertex -6.169238815542512 10.012505555279116 0
    endloop
  endfacet
  facet normal 0.6087614290087219 -0.7933533402912344 0
    outer loop
      vertex -6.169238815542512 10.012505555279116 0
      vertex -5.8999999999999995 10.219099764656375 3
      vertex -6.169238815542512 10.012505555279116 3
    endloop
  endfacet
  facet normal 0.38268343236508606 -0.9238795325112882 -1.1329705540114728e-16
    outer loop
      vertex -5.9 10.219099764656375 0
      vertex -5.5864647586332765 10.348970313912393 3
      vertex -5.8999999999999995 10.219099764656375 3
    endloop
  endfacet
  facet normal 0.3826834323650851 -0.9238795325112885 0
    outer loop
      vertex -5.5864647586332765 10.348970313912393 0
      vertex -5.5864647586332765 10.348970313912393 3
      vertex -5.9 10.219099764656375 0
    endloop
  endfacet
  facet normal 0.13052619222005016 -0.9914448613738105 0
    outer loop
      vertex -5.25 10.393266739736603 0
      vertex -5.25 10.393266739736603 3
      vertex -5.5864647586332765 10.348970313912393 0
    endloop
  endfacet
  facet normal 0.13052619222005016 -0.9914448613738105 0
    outer loop
      vertex -5.5864647586332765 10.348970313912393 0
      vertex -5.25 10.393266739736603 3
      vertex -5.5864647586332765 10.348970313912393 3
    endloop
  endfacet
  facet normal -0.13052619222005274 0.9914448613738103 0
    outer loop
      vertex -5.25 7.793266739736606 0
      vertex -5.25 7.793266739736606 3
      vertex -4.9135352413667235 7.837563165560818 0
    endloop
  endfacet
  facet normal -0.13052619222005274 0.9914448613738103 0
    outer loop
      vertex -4.9135352413667235 7.837563165560818 0
      vertex -5.25 7.793266739736606 3
      vertex -4.9135352413667235 7.837563165560818 3
    endloop
  endfacet
  facet normal -0.3826834323650851 0.9238795325112885 0
    outer loop
      vertex -4.9135352413667235 7.837563165560818 0
      vertex -4.9135352413667235 7.837563165560818 3
      vertex -4.6 7.967433714816835 0
    endloop
  endfacet
  facet normal -0.3826834323650851 0.9238795325112885 0
    outer loop
      vertex -4.6 7.967433714816835 0
      vertex -4.9135352413667235 7.837563165560818 3
      vertex -4.6 7.967433714816835 3
    endloop
  endfacet
  facet normal -0.6087614290087231 0.7933533402912333 0
    outer loop
      vertex -4.6 7.967433714816835 3
      vertex -4.330761184457488 8.174027924194094 0
      vertex -4.6 7.967433714816835 0
    endloop
  endfacet
  facet normal -0.7933533402912358 0.6087614290087199 0
    outer loop
      vertex -4.330761184457488 8.174027924194094 0
      vertex -4.330761184457488 8.174027924194094 3
      vertex -4.124166975080231 8.443266739736606 0
    endloop
  endfacet
  facet normal -0.6087614290087231 0.7933533402912333 0
    outer loop
      vertex -4.330761184457488 8.174027924194094 0
      vertex -4.6 7.967433714816835 3
      vertex -4.330761184457488 8.174027924194094 3
    endloop
  endfacet
  facet normal -0.7933533402912358 0.6087614290087199 0
    outer loop
      vertex -4.124166975080231 8.443266739736606 0
      vertex -4.330761184457488 8.174027924194094 3
      vertex -4.124166975080231 8.443266739736606 3
    endloop
  endfacet
  facet normal -0.9238795325112863 0.3826834323650907 0
    outer loop
      vertex -3.9942964258242113 8.75680198110333 0
      vertex -4.124166975080231 8.443266739736606 0
      vertex -4.124166975080231 8.443266739736606 3
    endloop
  endfacet
  facet normal -0.9238795325112863 0.3826834323650907 0
    outer loop
      vertex -3.9942964258242113 8.75680198110333 0
      vertex -4.124166975080231 8.443266739736606 3
      vertex -3.9942964258242113 8.75680198110333 3
    endloop
  endfacet
  facet normal -0.1305261922200447 -0.9914448613738114 0
    outer loop
      vertex -4.913535241366723 10.348970313912394 0
      vertex -4.913535241366723 10.348970313912394 3
      vertex -5.25 10.393266739736603 0
    endloop
  endfacet
  facet normal -0.1305261922200447 -0.9914448613738114 0
    outer loop
      vertex -5.25 10.393266739736603 0
      vertex -4.913535241366723 10.348970313912394 3
      vertex -5.25 10.393266739736603 3
    endloop
  endfacet
  facet normal -0.6087614290087185 -0.7933533402912367 0
    outer loop
      vertex -4.6000000000000005 10.219099764656375 0
      vertex -4.330761184457488 10.012505555279118 3
      vertex -4.6000000000000005 10.219099764656375 3
    endloop
  endfacet
  facet normal -0.38268343236509145 -0.923879532511286 0
    outer loop
      vertex -4.6000000000000005 10.219099764656375 0
      vertex -4.6000000000000005 10.219099764656375 3
      vertex -4.913535241366723 10.348970313912394 0
    endloop
  endfacet
  facet normal -0.38268343236509145 -0.923879532511286 0
    outer loop
      vertex -4.913535241366723 10.348970313912394 0
      vertex -4.6000000000000005 10.219099764656375 3
      vertex -4.913535241366723 10.348970313912394 3
    endloop
  endfacet
  facet normal -0.9238795325112874 -0.38268343236508856 0
    outer loop
      vertex -4.12416697508023 9.743266739736606 0
      vertex -3.9942964258242113 9.429731498369883 0
      vertex -3.9942964258242113 9.429731498369883 3
    endloop
  endfacet
  facet normal -0.9238795325112874 -0.38268343236508856 0
    outer loop
      vertex -4.12416697508023 9.743266739736606 0
      vertex -3.9942964258242113 9.429731498369883 3
      vertex -4.12416697508023 9.743266739736606 3
    endloop
  endfacet
  facet normal -0.9914448613738105 0.13052619222005146 0
    outer loop
      vertex -3.95 9.093266739736606 0
      vertex -3.9942964258242113 8.75680198110333 0
      vertex -3.9942964258242113 8.75680198110333 3
    endloop
  endfacet
  facet normal -0.9914448613738105 -0.13052619222005146 0
    outer loop
      vertex -3.9942964258242113 9.429731498369883 0
      vertex -3.95 9.093266739736606 0
      vertex -3.95 9.093266739736606 3
    endloop
  endfacet
  facet normal -0.9914448613738105 0.13052619222005146 0
    outer loop
      vertex -3.95 9.093266739736606 0
      vertex -3.9942964258242113 8.75680198110333 3
      vertex -3.95 9.093266739736606 3
    endloop
  endfacet
  facet normal -0.9914448613738105 -0.13052619222005146 0
    outer loop
      vertex -3.9942964258242113 9.429731498369883 0
      vertex -3.95 9.093266739736606 3
      vertex -3.9942964258242113 9.429731498369883 3
    endloop
  endfacet
  facet normal -0.6087614290087185 -0.7933533402912367 0
    outer loop
      vertex -4.330761184457488 10.012505555279118 0
      vertex -4.330761184457488 10.012505555279118 3
      vertex -4.6000000000000005 10.219099764656375 0
    endloop
  endfacet
  facet normal -0.7933533402912345 -0.6087614290087214 0
    outer loop
      vertex -4.330761184457488 10.012505555279118 0
      vertex -4.12416697508023 9.743266739736606 0
      vertex -4.12416697508023 9.743266739736606 3
    endloop
  endfacet
  facet normal -0.7933533402912345 -0.6087614290087214 0
    outer loop
      vertex -4.330761184457488 10.012505555279118 0
      vertex -4.12416697508023 9.743266739736606 3
      vertex -4.330761184457488 10.012505555279118 3
    endloop
  endfacet
  facet normal 0.9238795325112865 0.38268343236509045 0
    outer loop
      vertex -11.755703574175788 -0.33646475863327696 3
      vertex -11.62583302491977 -0.65 3
      vertex -11.62583302491977 -0.65 0
    endloop
  endfacet
  facet normal 0.9914448613738098 0.13052619222005513 0
    outer loop
      vertex -11.8 0 3
      vertex -11.755703574175788 -0.33646475863327696 0
      vertex -11.8 0 0
    endloop
  endfacet
  facet normal 0.9238795325112865 0.38268343236509045 0
    outer loop
      vertex -11.755703574175788 -0.33646475863327696 3
      vertex -11.62583302491977 -0.65 0
      vertex -11.755703574175788 -0.33646475863327696 0
    endloop
  endfacet
  facet normal 0.9914448613738098 0.13052619222005513 0
    outer loop
      vertex -11.8 0 3
      vertex -11.755703574175788 -0.33646475863327696 3
      vertex -11.755703574175788 -0.33646475863327696 0
    endloop
  endfacet
  facet normal 0.6087614290087208 0.793353340291235 0
    outer loop
      vertex -11.419238815542512 -0.9192388155425119 0
      vertex -11.419238815542512 -0.9192388155425119 3
      vertex -11.15 -1.12583302491977 0
    endloop
  endfacet
  facet normal 0.6087614290087208 0.793353340291235 0
    outer loop
      vertex -11.419238815542512 -0.9192388155425119 3
      vertex -11.15 -1.12583302491977 3
      vertex -11.15 -1.12583302491977 0
    endloop
  endfacet
  facet normal 0.3826834323650896 0.9238795325112867 0
    outer loop
      vertex -11.15 -1.12583302491977 0
      vertex -11.15 -1.12583302491977 3
      vertex -10.836464758633277 -1.255703574175789 0
    endloop
  endfacet
  facet normal 0.13052619222005146 0.9914448613738105 0
    outer loop
      vertex -10.836464758633277 -1.255703574175789 0
      vertex -10.836464758633277 -1.255703574175789 3
      vertex -10.5 -1.3 0
    endloop
  endfacet
  facet normal 0.3826834323650896 0.9238795325112867 0
    outer loop
      vertex -10.836464758633277 -1.255703574175789 0
      vertex -11.15 -1.12583302491977 3
      vertex -10.836464758633277 -1.255703574175789 3
    endloop
  endfacet
  facet normal 0.7933533402912363 0.6087614290087192 0
    outer loop
      vertex -11.62583302491977 -0.65 3
      vertex -11.419238815542512 -0.9192388155425119 0
      vertex -11.62583302491977 -0.65 0
    endloop
  endfacet
  facet normal 0.7933533402912363 0.6087614290087192 0
    outer loop
      vertex -11.62583302491977 -0.65 3
      vertex -11.419238815542512 -0.9192388155425119 3
      vertex -11.419238815542512 -0.9192388155425119 0
    endloop
  endfacet
  facet normal -0.13052619222005146 0.9914448613738105 0
    outer loop
      vertex -10.5 -1.3 0
      vertex -10.5 -1.3 3
      vertex -10.163535241366723 -1.255703574175789 0
    endloop
  endfacet
  facet normal 0.13052619222005146 0.9914448613738105 0
    outer loop
      vertex -10.5 -1.3 0
      vertex -10.836464758633277 -1.255703574175789 3
      vertex -10.5 -1.3 3
    endloop
  endfacet
  facet normal -0.13052619222005146 0.9914448613738105 0
    outer loop
      vertex -10.163535241366723 -1.255703574175789 0
      vertex -10.5 -1.3 3
      vertex -10.163535241366723 -1.255703574175789 3
    endloop
  endfacet
  facet normal -0.3826834323650896 0.9238795325112867 0
    outer loop
      vertex -10.163535241366723 -1.255703574175789 0
      vertex -10.163535241366723 -1.255703574175789 3
      vertex -9.85 -1.12583302491977 0
    endloop
  endfacet
  facet normal -0.3826834323650896 0.9238795325112867 0
    outer loop
      vertex -9.85 -1.12583302491977 3
      vertex -9.85 -1.12583302491977 0
      vertex -10.163535241366723 -1.255703574175789 3
    endloop
  endfacet
  facet normal -0.6087614290087208 0.793353340291235 0
    outer loop
      vertex -9.85 -1.12583302491977 3
      vertex -9.580761184457488 -0.9192388155425119 0
      vertex -9.85 -1.12583302491977 0
    endloop
  endfacet
  facet normal -0.6087614290087208 0.793353340291235 0
    outer loop
      vertex -9.580761184457488 -0.9192388155425119 3
      vertex -9.580761184457488 -0.9192388155425119 0
      vertex -9.85 -1.12583302491977 3
    endloop
  endfacet
  facet normal -0.7933533402912363 0.6087614290087192 0
    outer loop
      vertex -9.580761184457488 -0.9192388155425119 0
      vertex -9.580761184457488 -0.9192388155425119 3
      vertex -9.37416697508023 -0.65 0
    endloop
  endfacet
  facet normal -0.7933533402912363 0.6087614290087192 0
    outer loop
      vertex -9.580761184457488 -0.9192388155425119 3
      vertex -9.37416697508023 -0.65 3
      vertex -9.37416697508023 -0.65 0
    endloop
  endfacet
  facet normal -0.9238795325112865 0.38268343236509045 0
    outer loop
      vertex -9.37416697508023 -0.65 3
      vertex -9.244296425824212 -0.33646475863327696 0
      vertex -9.37416697508023 -0.65 0
    endloop
  endfacet
  facet normal -0.9914448613738098 0.13052619222005513 0
    outer loop
      vertex -9.244296425824212 -0.33646475863327696 0
      vertex -9.244296425824212 -0.33646475863327696 3
      vertex -9.2 0 0
    endloop
  endfacet
  facet normal -0.9238795325112865 0.38268343236509045 0
    outer loop
      vertex -9.37416697508023 -0.65 3
      vertex -9.244296425824212 -0.33646475863327696 3
      vertex -9.244296425824212 -0.33646475863327696 0
    endloop
  endfacet
  facet normal -0.9914448613738098 0.13052619222005513 0
    outer loop
      vertex -9.244296425824212 -0.33646475863327696 3
      vertex -9.2 0 3
      vertex -9.2 0 0
    endloop
  endfacet
  facet normal 0.9914448613738098 -0.13052619222005513 0
    outer loop
      vertex -11.755703574175788 0.33646475863327696 3
      vertex -11.8 0 0
      vertex -11.755703574175788 0.33646475863327696 0
    endloop
  endfacet
  facet normal 0.9914448613738098 -0.13052619222005513 0
    outer loop
      vertex -11.755703574175788 0.33646475863327696 3
      vertex -11.8 0 3
      vertex -11.8 0 0
    endloop
  endfacet
  facet normal 0.9238795325112865 -0.38268343236509045 0
    outer loop
      vertex -11.62583302491977 0.65 3
      vertex -11.755703574175788 0.33646475863327696 3
      vertex -11.755703574175788 0.33646475863327696 0
    endloop
  endfacet
  facet normal 0.9238795325112865 -0.38268343236509045 0
    outer loop
      vertex -11.62583302491977 0.65 3
      vertex -11.755703574175788 0.33646475863327696 0
      vertex -11.62583302491977 0.65 0
    endloop
  endfacet
  facet normal 0.7933533402912363 -0.6087614290087192 0
    outer loop
      vertex -11.419238815542512 0.9192388155425119 3
      vertex -11.62583302491977 0.65 0
      vertex -11.419238815542512 0.9192388155425119 0
    endloop
  endfacet
  facet normal 0.7933533402912363 -0.6087614290087192 0
    outer loop
      vertex -11.419238815542512 0.9192388155425119 3
      vertex -11.62583302491977 0.65 3
      vertex -11.62583302491977 0.65 0
    endloop
  endfacet
  facet normal 0.6087614290087208 -0.793353340291235 0
    outer loop
      vertex -11.419238815542512 0.9192388155425119 0
      vertex -11.15 1.12583302491977 0
      vertex -11.15 1.12583302491977 3
    endloop
  endfacet
  facet normal 0.6087614290087208 -0.793353340291235 0
    outer loop
      vertex -11.419238815542512 0.9192388155425119 0
      vertex -11.15 1.12583302491977 3
      vertex -11.419238815542512 0.9192388155425119 3
    endloop
  endfacet
  facet normal 0.3826834323650896 -0.9238795325112867 0
    outer loop
      vertex -10.836464758633277 1.255703574175789 0
      vertex -10.836464758633277 1.255703574175789 3
      vertex -11.15 1.12583302491977 0
    endloop
  endfacet
  facet normal 0.3826834323650896 -0.9238795325112867 0
    outer loop
      vertex -11.15 1.12583302491977 0
      vertex -10.836464758633277 1.255703574175789 3
      vertex -11.15 1.12583302491977 3
    endloop
  endfacet
  facet normal 0.13052619222005146 -0.9914448613738105 0
    outer loop
      vertex -10.836464758633277 1.255703574175789 0
      vertex -10.5 1.3 3
      vertex -10.836464758633277 1.255703574175789 3
    endloop
  endfacet
  facet normal 0.13052619222005146 -0.9914448613738105 0
    outer loop
      vertex -10.5 1.3 0
      vertex -10.5 1.3 3
      vertex -10.836464758633277 1.255703574175789 0
    endloop
  endfacet
  facet normal -0.13052619222005146 -0.9914448613738105 0
    outer loop
      vertex -10.163535241366723 1.255703574175789 0
      vertex -10.163535241366723 1.255703574175789 3
      vertex -10.5 1.3 0
    endloop
  endfacet
  facet normal -0.13052619222005146 -0.9914448613738105 0
    outer loop
      vertex -10.5 1.3 0
      vertex -10.163535241366723 1.255703574175789 3
      vertex -10.5 1.3 3
    endloop
  endfacet
  facet normal -0.3826834323650896 -0.9238795325112867 0
    outer loop
      vertex -9.85 1.12583302491977 3
      vertex -10.163535241366723 1.255703574175789 0
      vertex -9.85 1.12583302491977 0
    endloop
  endfacet
  facet normal -0.3826834323650896 -0.9238795325112867 0
    outer loop
      vertex -10.163535241366723 1.255703574175789 0
      vertex -9.85 1.12583302491977 3
      vertex -10.163535241366723 1.255703574175789 3
    endloop
  endfacet
  facet normal -0.7933533402912363 -0.6087614290087192 0
    outer loop
      vertex -9.37416697508023 0.65 3
      vertex -9.580761184457488 0.9192388155425119 0
      vertex -9.37416697508023 0.65 0
    endloop
  endfacet
  facet normal -0.7933533402912363 -0.6087614290087192 0
    outer loop
      vertex -9.37416697508023 0.65 3
      vertex -9.580761184457488 0.9192388155425119 3
      vertex -9.580761184457488 0.9192388155425119 0
    endloop
  endfacet
  facet normal -0.9914448613738098 -0.13052619222005513 0
    outer loop
      vertex -9.2 0 0
      vertex -9.2 0 3
      vertex -9.244296425824212 0.33646475863327696 0
    endloop
  endfacet
  facet normal -0.9238795325112865 -0.38268343236509045 0
    outer loop
      vertex -9.244296425824212 0.33646475863327696 3
      vertex -9.37416697508023 0.65 0
      vertex -9.244296425824212 0.33646475863327696 0
    endloop
  endfacet
  facet normal -0.9914448613738098 -0.13052619222005513 0
    outer loop
      vertex -9.2 0 3
      vertex -9.244296425824212 0.33646475863327696 3
      vertex -9.244296425824212 0.33646475863327696 0
    endloop
  endfacet
  facet normal -0.9238795325112865 -0.38268343236509045 0
    outer loop
      vertex -9.244296425824212 0.33646475863327696 3
      vertex -9.37416697508023 0.65 3
      vertex -9.37416697508023 0.65 0
    endloop
  endfacet
  facet normal -0.6087614290087208 -0.793353340291235 0
    outer loop
      vertex -9.85 1.12583302491977 0
      vertex -9.580761184457488 0.9192388155425119 0
      vertex -9.580761184457488 0.9192388155425119 3
    endloop
  endfacet
  facet normal -0.6087614290087208 -0.793353340291235 0
    outer loop
      vertex -9.85 1.12583302491977 3
      vertex -9.85 1.12583302491977 0
      vertex -9.580761184457488 0.9192388155425119 3
    endloop
  endfacet
  facet normal 0.7933533402912358 0.6087614290087199 0
    outer loop
      vertex -6.375833024919769 -9.743266739736605 3
      vertex -6.169238815542512 -10.012505555279116 0
      vertex -6.375833024919769 -9.743266739736605 0
    endloop
  endfacet
  facet normal 0.7933533402912358 0.6087614290087199 0
    outer loop
      vertex -6.375833024919769 -9.743266739736605 3
      vertex -6.169238815542512 -10.012505555279116 3
      vertex -6.169238815542512 -10.012505555279116 0
    endloop
  endfacet
  facet normal 0.923879532511286 0.3826834323650919 0
    outer loop
      vertex -6.505703574175789 -9.42973149836988 3
      vertex -6.375833024919769 -9.743266739736605 0
      vertex -6.505703574175789 -9.42973149836988 0
    endloop
  endfacet
  facet normal 0.9914448613738105 0.13052619222005016 0
    outer loop
      vertex -6.55 -9.093266739736604 3
      vertex -6.505703574175789 -9.42973149836988 3
      vertex -6.505703574175789 -9.42973149836988 0
    endloop
  endfacet
  facet normal 0.923879532511286 0.3826834323650919 0
    outer loop
      vertex -6.505703574175789 -9.42973149836988 3
      vertex -6.375833024919769 -9.743266739736605 3
      vertex -6.375833024919769 -9.743266739736605 0
    endloop
  endfacet
  facet normal 0.9914448613738105 0.13052619222005016 0
    outer loop
      vertex -6.55 -9.093266739736604 3
      vertex -6.505703574175789 -9.42973149836988 0
      vertex -6.55 -9.093266739736604 0
    endloop
  endfacet
  facet normal 0.9914448613738103 -0.13052619222005274 0
    outer loop
      vertex -6.505703574175788 -8.756801981103328 3
      vertex -6.55 -9.093266739736604 0
      vertex -6.505703574175788 -8.756801981103328 0
    endloop
  endfacet
  facet normal 0.9914448613738103 -0.13052619222005274 0
    outer loop
      vertex -6.505703574175788 -8.756801981103328 3
      vertex -6.55 -9.093266739736604 3
      vertex -6.55 -9.093266739736604 0
    endloop
  endfacet
  facet normal 0.3826834323650851 0.9238795325112885 0
    outer loop
      vertex -5.9 -10.219099764656375 3
      vertex -5.5864647586332765 -10.348970313912393 0
      vertex -5.9 -10.219099764656375 0
    endloop
  endfacet
  facet normal 0.6087614290087231 0.7933533402912333 0
    outer loop
      vertex -5.9 -10.219099764656375 0
      vertex -6.169238815542512 -10.012505555279116 0
      vertex -6.169238815542512 -10.012505555279116 3
    endloop
  endfacet
  facet normal 0.6087614290087231 0.7933533402912333 0
    outer loop
      vertex -5.9 -10.219099764656375 3
      vertex -5.9 -10.219099764656375 0
      vertex -6.169238815542512 -10.012505555279116 3
    endloop
  endfacet
  facet normal 0.13052619222005016 0.9914448613738105 0
    outer loop
      vertex -5.5864647586332765 -10.348970313912393 3
      vertex -5.25 -10.393266739736603 0
      vertex -5.5864647586332765 -10.348970313912393 0
    endloop
  endfacet
  facet normal 0.3826834323650851 0.9238795325112885 0
    outer loop
      vertex -5.5864647586332765 -10.348970313912393 3
      vertex -5.5864647586332765 -10.348970313912393 0
      vertex -5.9 -10.219099764656375 3
    endloop
  endfacet
  facet normal 0.13052619222005016 0.9914448613738105 0
    outer loop
      vertex -5.25 -10.393266739736603 3
      vertex -5.25 -10.393266739736603 0
      vertex -5.5864647586332765 -10.348970313912393 3
    endloop
  endfacet
  facet normal 0.923879532511287 -0.3826834323650892 0
    outer loop
      vertex -6.37583302491977 -8.443266739736606 3
      vertex -6.505703574175788 -8.756801981103328 0
      vertex -6.37583302491977 -8.443266739736606 0
    endloop
  endfacet
  facet normal 0.923879532511287 -0.3826834323650892 0
    outer loop
      vertex -6.37583302491977 -8.443266739736606 3
      vertex -6.505703574175788 -8.756801981103328 3
      vertex -6.505703574175788 -8.756801981103328 0
    endloop
  endfacet
  facet normal 0.7933533402912365 -0.6087614290087189 0
    outer loop
      vertex -6.169238815542512 -8.174027924194093 3
      vertex -6.37583302491977 -8.443266739736606 0
      vertex -6.169238815542512 -8.174027924194093 0
    endloop
  endfacet
  facet normal 0.7933533402912365 -0.6087614290087189 0
    outer loop
      vertex -6.169238815542512 -8.174027924194093 3
      vertex -6.37583302491977 -8.443266739736606 3
      vertex -6.37583302491977 -8.443266739736606 0
    endloop
  endfacet
  facet normal 0.6087614290087168 -0.7933533402912379 0
    outer loop
      vertex -5.8999999999999995 -7.967433714816836 3
      vertex -6.169238815542512 -8.174027924194093 0
      vertex -5.8999999999999995 -7.967433714816836 0
    endloop
  endfacet
  facet normal 0.6087614290087168 -0.7933533402912379 0
    outer loop
      vertex -6.169238815542512 -8.174027924194093 3
      vertex -6.169238815542512 -8.174027924194093 0
      vertex -5.8999999999999995 -7.967433714816836 3
    endloop
  endfacet
  facet normal 0.38268343236509145 -0.923879532511286 0
    outer loop
      vertex -5.8999999999999995 -7.967433714816836 3
      vertex -5.8999999999999995 -7.967433714816836 0
      vertex -5.586464758633277 -7.837563165560817 3
    endloop
  endfacet
  facet normal 0.38268343236509145 -0.923879532511286 0
    outer loop
      vertex -5.586464758633277 -7.837563165560817 3
      vertex -5.8999999999999995 -7.967433714816836 0
      vertex -5.586464758633277 -7.837563165560817 0
    endloop
  endfacet
  facet normal 0.1305261922200498 -0.9914448613738105 0
    outer loop
      vertex -5.25 -7.793266739736606 3
      vertex -5.586464758633277 -7.837563165560817 0
      vertex -5.25 -7.793266739736606 0
    endloop
  endfacet
  facet normal 0.1305261922200498 -0.9914448613738105 0
    outer loop
      vertex -5.586464758633277 -7.837563165560817 3
      vertex -5.586464758633277 -7.837563165560817 0
      vertex -5.25 -7.793266739736606 3
    endloop
  endfacet
  facet normal -0.1305261922200447 0.9914448613738114 0
    outer loop
      vertex -5.25 -10.393266739736603 3
      vertex -4.913535241366723 -10.348970313912394 0
      vertex -5.25 -10.393266739736603 0
    endloop
  endfacet
  facet normal -0.1305261922200447 0.9914448613738114 0
    outer loop
      vertex -4.913535241366723 -10.348970313912394 3
      vertex -4.913535241366723 -10.348970313912394 0
      vertex -5.25 -10.393266739736603 3
    endloop
  endfacet
  facet normal -0.38268343236509145 0.923879532511286 0
    outer loop
      vertex -4.913535241366723 -10.348970313912394 3
      vertex -4.6000000000000005 -10.219099764656375 0
      vertex -4.913535241366723 -10.348970313912394 0
    endloop
  endfacet
  facet normal -0.38268343236509145 0.923879532511286 0
    outer loop
      vertex -4.6000000000000005 -10.219099764656375 3
      vertex -4.6000000000000005 -10.219099764656375 0
      vertex -4.913535241366723 -10.348970313912394 3
    endloop
  endfacet
  facet normal -0.6087614290087185 0.7933533402912367 0
    outer loop
      vertex -4.6000000000000005 -10.219099764656375 3
      vertex -4.330761184457488 -10.012505555279118 0
      vertex -4.6000000000000005 -10.219099764656375 0
    endloop
  endfacet
  facet normal -0.7933533402912345 0.6087614290087214 0
    outer loop
      vertex -4.330761184457488 -10.012505555279118 0
      vertex -4.330761184457488 -10.012505555279118 3
      vertex -4.12416697508023 -9.743266739736606 0
    endloop
  endfacet
  facet normal -0.6087614290087185 0.7933533402912367 0
    outer loop
      vertex -4.330761184457488 -10.012505555279118 3
      vertex -4.330761184457488 -10.012505555279118 0
      vertex -4.6000000000000005 -10.219099764656375 3
    endloop
  endfacet
  facet normal -0.7933533402912345 0.6087614290087214 0
    outer loop
      vertex -4.330761184457488 -10.012505555279118 3
      vertex -4.12416697508023 -9.743266739736606 3
      vertex -4.12416697508023 -9.743266739736606 0
    endloop
  endfacet
  facet normal -0.9238795325112874 0.38268343236508856 0
    outer loop
      vertex -4.12416697508023 -9.743266739736606 3
      vertex -3.9942964258242113 -9.429731498369883 0
      vertex -4.12416697508023 -9.743266739736606 0
    endloop
  endfacet
  facet normal -0.9238795325112874 0.38268343236508856 0
    outer loop
      vertex -4.12416697508023 -9.743266739736606 3
      vertex -3.9942964258242113 -9.429731498369883 3
      vertex -3.9942964258242113 -9.429731498369883 0
    endloop
  endfacet
  facet normal -0.9914448613738105 0.13052619222005146 0
    outer loop
      vertex -3.9942964258242113 -9.429731498369883 3
      vertex -3.95 -9.093266739736606 0
      vertex -3.9942964258242113 -9.429731498369883 0
    endloop
  endfacet
  facet normal -0.9914448613738105 -0.13052619222005146 0
    outer loop
      vertex -3.95 -9.093266739736606 3
      vertex -3.9942964258242113 -8.75680198110333 0
      vertex -3.95 -9.093266739736606 0
    endloop
  endfacet
  facet normal -0.9914448613738105 0.13052619222005146 0
    outer loop
      vertex -3.9942964258242113 -9.429731498369883 3
      vertex -3.95 -9.093266739736606 3
      vertex -3.95 -9.093266739736606 0
    endloop
  endfacet
  facet normal -0.9914448613738105 -0.13052619222005146 0
    outer loop
      vertex -3.95 -9.093266739736606 3
      vertex -3.9942964258242113 -8.75680198110333 3
      vertex -3.9942964258242113 -8.75680198110333 0
    endloop
  endfacet
  facet normal -0.6087614290087231 -0.7933533402912333 0
    outer loop
      vertex -4.6 -7.967433714816835 3
      vertex -4.6 -7.967433714816835 0
      vertex -4.330761184457488 -8.174027924194094 3
    endloop
  endfacet
  facet normal -0.13052619222005274 -0.9914448613738103 0
    outer loop
      vertex -4.9135352413667235 -7.837563165560818 3
      vertex -5.25 -7.793266739736606 0
      vertex -4.9135352413667235 -7.837563165560818 0
    endloop
  endfacet
  facet normal -0.13052619222005274 -0.9914448613738103 0
    outer loop
      vertex -5.25 -7.793266739736606 3
      vertex -5.25 -7.793266739736606 0
      vertex -4.9135352413667235 -7.837563165560818 3
    endloop
  endfacet
  facet normal -0.3826834323650851 -0.9238795325112885 0
    outer loop
      vertex -4.6 -7.967433714816835 3
      vertex -4.9135352413667235 -7.837563165560818 0
      vertex -4.6 -7.967433714816835 0
    endloop
  endfacet
  facet normal -0.3826834323650851 -0.9238795325112885 0
    outer loop
      vertex -4.9135352413667235 -7.837563165560818 3
      vertex -4.9135352413667235 -7.837563165560818 0
      vertex -4.6 -7.967433714816835 3
    endloop
  endfacet
  facet normal -0.9238795325112863 -0.3826834323650907 0
    outer loop
      vertex -3.9942964258242113 -8.75680198110333 3
      vertex -4.124166975080231 -8.443266739736606 0
      vertex -3.9942964258242113 -8.75680198110333 0
    endloop
  endfacet
  facet normal -0.9238795325112863 -0.3826834323650907 0
    outer loop
      vertex -3.9942964258242113 -8.75680198110333 3
      vertex -4.124166975080231 -8.443266739736606 3
      vertex -4.124166975080231 -8.443266739736606 0
    endloop
  endfacet
  facet normal -0.6087614290087231 -0.7933533402912333 0
    outer loop
      vertex -4.330761184457488 -8.174027924194094 3
      vertex -4.6 -7.967433714816835 0
      vertex -4.330761184457488 -8.174027924194094 0
    endloop
  endfacet
  facet normal -0.7933533402912358 -0.6087614290087199 0
    outer loop
      vertex -4.124166975080231 -8.443266739736606 3
      vertex -4.330761184457488 -8.174027924194094 0
      vertex -4.124166975080231 -8.443266739736606 0
    endloop
  endfacet
  facet normal -0.7933533402912358 -0.6087614290087199 0
    outer loop
      vertex -4.124166975080231 -8.443266739736606 3
      vertex -4.330761184457488 -8.174027924194094 3
      vertex -4.330761184457488 -8.174027924194094 0
    endloop
  endfacet
  facet normal 0.7933533402912345 0.6087614290087214 0
    outer loop
      vertex 4.330761184457488 -10.012505555279118 0
      vertex 4.12416697508023 -9.743266739736606 0
      vertex 4.12416697508023 -9.743266739736606 3
    endloop
  endfacet
  facet normal 0.6087614290087185 0.7933533402912367 0
    outer loop
      vertex 4.6000000000000005 -10.219099764656375 0
      vertex 4.330761184457488 -10.012505555279118 0
      vertex 4.330761184457488 -10.012505555279118 3
    endloop
  endfacet
  facet normal 0.7933533402912345 0.6087614290087214 0
    outer loop
      vertex 4.12416697508023 -9.743266739736606 3
      vertex 4.330761184457488 -10.012505555279118 3
      vertex 4.330761184457488 -10.012505555279118 0
    endloop
  endfacet
  facet normal 0.9914448613738105 0.13052619222005146 0
    outer loop
      vertex 3.95 -9.093266739736606 3
      vertex 3.9942964258242113 -9.429731498369883 3
      vertex 3.9942964258242113 -9.429731498369883 0
    endloop
  endfacet
  facet normal 0.9914448613738105 0.13052619222005146 0
    outer loop
      vertex 3.95 -9.093266739736606 3
      vertex 3.9942964258242113 -9.429731498369883 0
      vertex 3.95 -9.093266739736606 0
    endloop
  endfacet
  facet normal 0.9914448613738105 -0.13052619222005146 0
    outer loop
      vertex 3.9942964258242113 -8.75680198110333 3
      vertex 3.95 -9.093266739736606 0
      vertex 3.9942964258242113 -8.75680198110333 0
    endloop
  endfacet
  facet normal 0.9914448613738105 -0.13052619222005146 0
    outer loop
      vertex 3.9942964258242113 -8.75680198110333 3
      vertex 3.95 -9.093266739736606 3
      vertex 3.95 -9.093266739736606 0
    endloop
  endfacet
  facet normal 0.9238795325112874 0.38268343236508856 0
    outer loop
      vertex 3.9942964258242113 -9.429731498369883 3
      vertex 4.12416697508023 -9.743266739736606 0
      vertex 3.9942964258242113 -9.429731498369883 0
    endloop
  endfacet
  facet normal 0.9238795325112874 0.38268343236508856 0
    outer loop
      vertex 3.9942964258242113 -9.429731498369883 3
      vertex 4.12416697508023 -9.743266739736606 3
      vertex 4.12416697508023 -9.743266739736606 0
    endloop
  endfacet
  facet normal 0.38268343236509145 0.923879532511286 0
    outer loop
      vertex 4.6000000000000005 -10.219099764656375 3
      vertex 4.913535241366723 -10.348970313912394 0
      vertex 4.6000000000000005 -10.219099764656375 0
    endloop
  endfacet
  facet normal 0.38268343236509145 0.923879532511286 0
    outer loop
      vertex 4.913535241366723 -10.348970313912394 3
      vertex 4.913535241366723 -10.348970313912394 0
      vertex 4.6000000000000005 -10.219099764656375 3
    endloop
  endfacet
  facet normal 0.6087614290087185 0.7933533402912367 0
    outer loop
      vertex 4.6000000000000005 -10.219099764656375 3
      vertex 4.6000000000000005 -10.219099764656375 0
      vertex 4.330761184457488 -10.012505555279118 3
    endloop
  endfacet
  facet normal 0.1305261922200447 0.9914448613738114 0
    outer loop
      vertex 4.913535241366723 -10.348970313912394 3
      vertex 5.25 -10.393266739736603 0
      vertex 4.913535241366723 -10.348970313912394 0
    endloop
  endfacet
  facet normal 0.1305261922200447 0.9914448613738114 0
    outer loop
      vertex 5.25 -10.393266739736603 3
      vertex 5.25 -10.393266739736603 0
      vertex 4.913535241366723 -10.348970313912394 3
    endloop
  endfacet
  facet normal 0.9238795325112863 -0.3826834323650907 0
    outer loop
      vertex 4.124166975080231 -8.443266739736606 3
      vertex 3.9942964258242113 -8.75680198110333 0
      vertex 4.124166975080231 -8.443266739736606 0
    endloop
  endfacet
  facet normal 0.9238795325112863 -0.3826834323650907 0
    outer loop
      vertex 4.124166975080231 -8.443266739736606 3
      vertex 3.9942964258242113 -8.75680198110333 3
      vertex 3.9942964258242113 -8.75680198110333 0
    endloop
  endfacet
  facet normal 0.7933533402912358 -0.6087614290087199 0
    outer loop
      vertex 4.330761184457488 -8.174027924194094 3
      vertex 4.124166975080231 -8.443266739736606 0
      vertex 4.330761184457488 -8.174027924194094 0
    endloop
  endfacet
  facet normal 0.7933533402912358 -0.6087614290087199 0
    outer loop
      vertex 4.330761184457488 -8.174027924194094 3
      vertex 4.124166975080231 -8.443266739736606 3
      vertex 4.124166975080231 -8.443266739736606 0
    endloop
  endfacet
  facet normal 0.6087614290087231 -0.7933533402912333 0
    outer loop
      vertex 4.330761184457488 -8.174027924194094 3
      vertex 4.330761184457488 -8.174027924194094 0
      vertex 4.6 -7.967433714816835 3
    endloop
  endfacet
  facet normal 0.6087614290087231 -0.7933533402912333 0
    outer loop
      vertex 4.6 -7.967433714816835 3
      vertex 4.330761184457488 -8.174027924194094 0
      vertex 4.6 -7.967433714816835 0
    endloop
  endfacet
  facet normal 0.3826834323650851 -0.9238795325112885 0
    outer loop
      vertex 4.9135352413667235 -7.837563165560818 3
      vertex 4.6 -7.967433714816835 0
      vertex 4.9135352413667235 -7.837563165560818 0
    endloop
  endfacet
  facet normal 0.3826834323650851 -0.9238795325112885 0
    outer loop
      vertex 4.6 -7.967433714816835 3
      vertex 4.6 -7.967433714816835 0
      vertex 4.9135352413667235 -7.837563165560818 3
    endloop
  endfacet
  facet normal 0.13052619222005274 -0.9914448613738103 0
    outer loop
      vertex 5.25 -7.793266739736606 3
      vertex 4.9135352413667235 -7.837563165560818 0
      vertex 5.25 -7.793266739736606 0
    endloop
  endfacet
  facet normal 0.13052619222005274 -0.9914448613738103 0
    outer loop
      vertex 4.9135352413667235 -7.837563165560818 3
      vertex 4.9135352413667235 -7.837563165560818 0
      vertex 5.25 -7.793266739736606 3
    endloop
  endfacet
  facet normal -0.13052619222005016 0.9914448613738105 0
    outer loop
      vertex 5.25 -10.393266739736603 3
      vertex 5.5864647586332765 -10.348970313912393 0
      vertex 5.25 -10.393266739736603 0
    endloop
  endfacet
  facet normal -0.3826834323650851 0.9238795325112885 0
    outer loop
      vertex 5.5864647586332765 -10.348970313912393 3
      vertex 5.9 -10.219099764656375 0
      vertex 5.5864647586332765 -10.348970313912393 0
    endloop
  endfacet
  facet normal -0.13052619222005016 0.9914448613738105 0
    outer loop
      vertex 5.5864647586332765 -10.348970313912393 3
      vertex 5.5864647586332765 -10.348970313912393 0
      vertex 5.25 -10.393266739736603 3
    endloop
  endfacet
  facet normal -0.38268343236508606 0.9238795325112882 -1.1329705540114728e-16
    outer loop
      vertex 5.8999999999999995 -10.219099764656375 3
      vertex 5.9 -10.219099764656375 0
      vertex 5.5864647586332765 -10.348970313912393 3
    endloop
  endfacet
  facet normal -0.6087614290087231 0.7933533402912333 -1.802295879971192e-16
    outer loop
      vertex 5.8999999999999995 -10.219099764656375 3
      vertex 6.169238815542512 -10.012505555279116 0
      vertex 5.9 -10.219099764656375 0
    endloop
  endfacet
  facet normal -0.6087614290087219 0.7933533402912344 0
    outer loop
      vertex 6.169238815542512 -10.012505555279116 3
      vertex 6.169238815542512 -10.012505555279116 0
      vertex 5.8999999999999995 -10.219099764656375 3
    endloop
  endfacet
  facet normal -0.7933533402912358 0.6087614290087199 0
    outer loop
      vertex 6.169238815542512 -10.012505555279116 0
      vertex 6.169238815542512 -10.012505555279116 3
      vertex 6.375833024919769 -9.743266739736605 0
    endloop
  endfacet
  facet normal -0.7933533402912358 0.6087614290087199 0
    outer loop
      vertex 6.169238815542512 -10.012505555279116 3
      vertex 6.375833024919769 -9.743266739736605 3
      vertex 6.375833024919769 -9.743266739736605 0
    endloop
  endfacet
  facet normal -0.923879532511286 0.3826834323650919 0
    outer loop
      vertex 6.375833024919769 -9.743266739736605 3
      vertex 6.505703574175789 -9.42973149836988 0
      vertex 6.375833024919769 -9.743266739736605 0
    endloop
  endfacet
  facet normal -0.9914448613738105 0.13052619222005016 0
    outer loop
      vertex 6.505703574175789 -9.42973149836988 3
      vertex 6.55 -9.093266739736604 0
      vertex 6.505703574175789 -9.42973149836988 0
    endloop
  endfacet
  facet normal -0.923879532511286 0.3826834323650919 0
    outer loop
      vertex 6.375833024919769 -9.743266739736605 3
      vertex 6.505703574175789 -9.42973149836988 3
      vertex 6.505703574175789 -9.42973149836988 0
    endloop
  endfacet
  facet normal -0.9914448613738103 -0.13052619222005274 0
    outer loop
      vertex 6.55 -9.093266739736604 3
      vertex 6.505703574175788 -8.756801981103328 0
      vertex 6.55 -9.093266739736604 0
    endloop
  endfacet
  facet normal -0.9914448613738105 0.13052619222005016 0
    outer loop
      vertex 6.505703574175789 -9.42973149836988 3
      vertex 6.55 -9.093266739736604 3
      vertex 6.55 -9.093266739736604 0
    endloop
  endfacet
  facet normal -0.9914448613738103 -0.13052619222005274 0
    outer loop
      vertex 6.55 -9.093266739736604 3
      vertex 6.505703574175788 -8.756801981103328 3
      vertex 6.505703574175788 -8.756801981103328 0
    endloop
  endfacet
  facet normal -0.6087614290087168 -0.7933533402912379 0
    outer loop
      vertex 6.169238815542512 -8.174027924194093 3
      vertex 5.8999999999999995 -7.967433714816836 0
      vertex 6.169238815542512 -8.174027924194093 0
    endloop
  endfacet
  facet normal -0.6087614290087168 -0.7933533402912379 0
    outer loop
      vertex 5.8999999999999995 -7.967433714816836 3
      vertex 5.8999999999999995 -7.967433714816836 0
      vertex 6.169238815542512 -8.174027924194093 3
    endloop
  endfacet
  facet normal -0.1305261922200498 -0.9914448613738105 0
    outer loop
      vertex 5.586464758633277 -7.837563165560817 3
      vertex 5.25 -7.793266739736606 0
      vertex 5.586464758633277 -7.837563165560817 0
    endloop
  endfacet
  facet normal -0.1305261922200498 -0.9914448613738105 0
    outer loop
      vertex 5.25 -7.793266739736606 3
      vertex 5.25 -7.793266739736606 0
      vertex 5.586464758633277 -7.837563165560817 3
    endloop
  endfacet
  facet normal -0.38268343236509145 -0.923879532511286 0
    outer loop
      vertex 5.586464758633277 -7.837563165560817 3
      vertex 5.586464758633277 -7.837563165560817 0
      vertex 5.8999999999999995 -7.967433714816836 3
    endloop
  endfacet
  facet normal -0.38268343236509145 -0.923879532511286 0
    outer loop
      vertex 5.8999999999999995 -7.967433714816836 3
      vertex 5.586464758633277 -7.837563165560817 0
      vertex 5.8999999999999995 -7.967433714816836 0
    endloop
  endfacet
  facet normal -0.923879532511287 -0.3826834323650892 0
    outer loop
      vertex 6.505703574175788 -8.756801981103328 3
      vertex 6.37583302491977 -8.443266739736606 0
      vertex 6.505703574175788 -8.756801981103328 0
    endloop
  endfacet
  facet normal -0.923879532511287 -0.3826834323650892 0
    outer loop
      vertex 6.505703574175788 -8.756801981103328 3
      vertex 6.37583302491977 -8.443266739736606 3
      vertex 6.37583302491977 -8.443266739736606 0
    endloop
  endfacet
  facet normal -0.7933533402912365 -0.6087614290087189 0
    outer loop
      vertex 6.37583302491977 -8.443266739736606 3
      vertex 6.169238815542512 -8.174027924194093 0
      vertex 6.37583302491977 -8.443266739736606 0
    endloop
  endfacet
  facet normal -0.7933533402912365 -0.6087614290087189 0
    outer loop
      vertex 6.37583302491977 -8.443266739736606 3
      vertex 6.169238815542512 -8.174027924194093 3
      vertex 6.169238815542512 -8.174027924194093 0
    endloop
  endfacet
  facet normal -1 0 0
    outer loop
      vertex -14.225 -1.25 63.62
      vertex -14.225 -1.25 92.49
      vertex -14.225 1.25 63.62
    endloop
  endfacet
  facet normal 0 -1 0
    outer loop
      vertex -14.225 -1.25 63.62
      vertex -11.287518408917975 -1.25 76.33529905038722
      vertex -14.225 -1.25 92.49
    endloop
  endfacet
  facet normal 0 -1 0
    outer loop
      vertex -14.225 -1.25 63.62
      vertex -11.177627944162882 -1.25 76.07
      vertex -11.287518408917975 -1.25 76.33529905038722
    endloop
  endfacet
  facet normal 0 -1 0
    outer loop
      vertex -14.225 -1.25 63.62
      vertex -11.002817459305202 -1.25 75.8421825406948
      vertex -11.177627944162882 -1.25 76.07
    endloop
  endfacet
  facet normal 0 -1 0
    outer loop
      vertex -14.225 -1.25 63.62
      vertex -10.775 -1.25 75.66737205583712
      vertex -11.002817459305202 -1.25 75.8421825406948
    endloop
  endfacet
  facet normal 0 -1 0
    outer loop
      vertex -14.225 -1.25 63.62
      vertex -10.509700949612773 -1.25 75.55748159108202
      vertex -10.775 -1.25 75.66737205583712
    endloop
  endfacet
  facet normal 0 -1 0
    outer loop
      vertex -14.225 -1.25 63.62
      vertex -10.225 -1.25 75.52
      vertex -10.509700949612773 -1.25 75.55748159108202
    endloop
  endfacet
  facet normal 0 -1 0
    outer loop
      vertex -14.225 -1.25 63.62
      vertex -9.940299050387226 -1.25 75.55748159108202
      vertex -10.225 -1.25 75.52
    endloop
  endfacet
  facet normal 0 -1 0
    outer loop
      vertex -14.225 -1.25 63.62
      vertex -9.674999999999999 -1.25 75.66737205583712
      vertex -9.940299050387226 -1.25 75.55748159108202
    endloop
  endfacet
  facet normal 0 -1 0
    outer loop
      vertex -14.225 -1.25 92.49
      vertex -11.287518408917975 -1.25 76.33529905038722
      vertex -11.325 -1.25 76.62
    endloop
  endfacet
  facet normal 0 -1 0
    outer loop
      vertex -14.225 -1.25 92.49
      vertex -11.325 -1.25 76.62
      vertex -11.287518408917975 -1.25 76.90470094961277
    endloop
  endfacet
  facet normal 0 -1 0
    outer loop
      vertex -14.225 -1.25 92.49
      vertex -11.287518408917975 -1.25 76.90470094961277
      vertex -11.177627944162882 -1.25 77.17
    endloop
  endfacet
  facet normal 0 -1 0
    outer loop
      vertex -14.225 -1.25 92.49
      vertex -11.177627944162882 -1.25 77.17
      vertex -11.177627944162882 -1.25 89.94
    endloop
  endfacet
  facet normal 0 -1 0
    outer loop
      vertex -11.177627944162882 -1.25 77.17
      vertex -11.002817459305202 -1.25 77.3978174593052
      vertex -11.177627944162882 -1.25 89.94
    endloop
  endfacet
  facet normal 0 -1 0
    outer loop
      vertex -11.002817459305202 -1.25 77.3978174593052
      vertex -10.775 -1.25 77.57262794416287
      vertex -11.002817459305202 -1.25 89.71218254069478
    endloop
  endfacet
  facet normal 0 -1 0
    outer loop
      vertex -10.509700949612773 -1.25 77.68251840891797
      vertex -10.775 -1.25 89.53737205583711
      vertex -10.775 -1.25 77.57262794416287
    endloop
  endfacet
  facet normal 0 -1 0
    outer loop
      vertex -11.002817459305202 -1.25 77.3978174593052
      vertex -11.002817459305202 -1.25 89.71218254069478
      vertex -11.177627944162882 -1.25 89.94
    endloop
  endfacet
  facet normal 0 -1 0
    outer loop
      vertex -11.002817459305202 -1.25 89.71218254069478
      vertex -10.775 -1.25 77.57262794416287
      vertex -10.775 -1.25 89.53737205583711
    endloop
  endfacet
  facet normal 0 -1 0
    outer loop
      vertex -14.225 -1.25 92.49
      vertex -11.177627944162882 -1.25 89.94
      vertex -11.287518408917975 -1.25 90.20529905038723
    endloop
  endfacet
  facet normal 0 -1 0
    outer loop
      vertex -14.225 -1.25 92.49
      vertex -11.287518408917975 -1.25 90.20529905038723
      vertex -11.325 -1.25 90.49
    endloop
  endfacet
  facet normal 0 -1 0
    outer loop
      vertex -14.225 -1.25 92.49
      vertex -11.325 -1.25 90.49
      vertex -11.287518408917975 -1.25 90.77470094961276
    endloop
  endfacet
  facet normal 0 -1 0
    outer loop
      vertex -14.225 -1.25 92.49
      vertex -11.287518408917975 -1.25 90.77470094961276
      vertex -11.177627944162882 -1.25 91.03999999999999
    endloop
  endfacet
  facet normal 0 -1 0
    outer loop
      vertex -14.225 -1.25 92.49
      vertex -11.177627944162882 -1.25 91.03999999999999
      vertex -11.002817459305202 -1.25 91.2678174593052
    endloop
  endfacet
  facet normal 0 -1 0
    outer loop
      vertex -14.225 -1.25 92.49
      vertex -11.002817459305202 -1.25 91.2678174593052
      vertex -10.775 -1.25 91.44262794416288
    endloop
  endfacet
  facet normal 0 -1 0
    outer loop
      vertex -14.225 -1.25 92.49
      vertex -10.775 -1.25 91.44262794416288
      vertex -10.509700949612773 -1.25 91.55251840891796
    endloop
  endfacet
  facet normal 0 -1 0
    outer loop
      vertex -14.225 -1.25 92.49
      vertex -10.509700949612773 -1.25 91.55251840891796
      vertex -10.225 -1.25 91.59
    endloop
  endfacet
  facet normal 0 -1 0
    outer loop
      vertex -10.225 -1.25 77.72
      vertex -10.509700949612773 -1.25 89.42748159108203
      vertex -10.509700949612773 -1.25 77.68251840891797
    endloop
  endfacet
  facet normal 0 -1 0
    outer loop
      vertex -9.940299050387226 -1.25 77.68251840891797
      vertex -10.225 -1.25 89.38999999999999
      vertex -10.225 -1.25 77.72
    endloop
  endfacet
  facet normal 0 -1 0
    outer loop
      vertex -9.674999999999999 -1.25 77.57262794416287
      vertex -9.940299050387226 -1.25 89.42748159108203
      vertex -9.940299050387226 -1.25 77.68251840891797
    endloop
  endfacet
  facet normal 0 -1 0
    outer loop
      vertex -10.775 -1.25 89.53737205583711
      vertex -10.509700949612773 -1.25 77.68251840891797
      vertex -10.509700949612773 -1.25 89.42748159108203
    endloop
  endfacet
  facet normal 0 -1 0
    outer loop
      vertex -10.225 -1.25 77.72
      vertex -10.225 -1.25 89.38999999999999
      vertex -10.509700949612773 -1.25 89.42748159108203
    endloop
  endfacet
  facet normal 0 -1 0
    outer loop
      vertex -9.940299050387226 -1.25 77.68251840891797
      vertex -9.940299050387226 -1.25 89.42748159108203
      vertex -10.225 -1.25 89.38999999999999
    endloop
  endfacet
  facet normal 0 -1 0
    outer loop
      vertex -9.447182540694797 -1.25 77.3978174593052
      vertex -9.674999999999999 -1.25 89.53737205583711
      vertex -9.674999999999999 -1.25 77.57262794416287
    endloop
  endfacet
  facet normal 0 -1 0
    outer loop
      vertex -9.674999999999999 -1.25 77.57262794416287
      vertex -9.674999999999999 -1.25 89.53737205583711
      vertex -9.940299050387226 -1.25 89.42748159108203
    endloop
  endfacet
  facet normal 0 -1 0
    outer loop
      vertex -9.447182540694797 -1.25 77.3978174593052
      vertex -9.447182540694797 -1.25 89.71218254069478
      vertex -9.674999999999999 -1.25 89.53737205583711
    endloop
  endfacet
  facet normal 0 -1 0
    outer loop
      vertex -14.225 -1.25 63.62
      vertex 10.225 -1.25 89.38999999999999
      vertex -9.674999999999999 -1.25 75.66737205583712
    endloop
  endfacet
  facet normal 0 0 1
    outer loop
      vertex -14.225 -1.25 92.49
      vertex 14.225 -1.25 92.49
      vertex -14.225 1.25 92.49
    endloop
  endfacet
  facet normal 0 -1 0
    outer loop
      vertex -9.674999999999999 -1.25 75.66737205583712
      vertex 10.225 -1.25 89.38999999999999
      vertex -9.447182540694797 -1.25 75.8421825406948
    endloop
  endfacet
  facet normal 0 -1 0
    outer loop
      vertex -9.272372055837117 -1.25 76.07
      vertex -9.447182540694797 -1.25 75.8421825406948
      vertex 10.225 -1.25 89.38999999999999
    endloop
  endfacet
  facet normal 0 -1 0
    outer loop
      vertex -9.162481591082024 -1.25 76.33529905038722
      vertex -9.272372055837117 -1.25 76.07
      vertex 9.940299050387226 -1.25 89.42748159108203
    endloop
  endfacet
  facet normal 0 -1 0
    outer loop
      vertex -9.125 -1.25 76.62
      vertex -9.162481591082024 -1.25 76.33529905038722
      vertex 9.940299050387226 -1.25 89.42748159108203
    endloop
  endfacet
  facet normal 0 -1 0
    outer loop
      vertex -9.447182540694797 -1.25 77.3978174593052
      vertex -9.272372055837117 -1.25 77.17
      vertex 9.272372055837117 -1.25 89.94
    endloop
  endfacet
  facet normal 0 -1 0
    outer loop
      vertex -9.272372055837117 -1.25 77.17
      vertex -9.162481591082024 -1.25 76.90470094961277
      vertex 9.447182540694797 -1.25 89.71218254069478
    endloop
  endfacet
  facet normal 0 -1 0
    outer loop
      vertex -9.162481591082024 -1.25 76.90470094961277
      vertex -9.125 -1.25 76.62
      vertex 9.674999999999999 -1.25 89.53737205583711
    endloop
  endfacet
  facet normal 0 -1 0
    outer loop
      vertex -9.447182540694797 -1.25 89.71218254069478
      vertex -9.447182540694797 -1.25 77.3978174593052
      vertex 9.272372055837117 -1.25 89.94
    endloop
  endfacet
  facet normal 0 -1 0
    outer loop
      vertex -9.272372055837117 -1.25 89.94
      vertex -9.447182540694797 -1.25 89.71218254069478
      vertex 9.272372055837117 -1.25 89.94
    endloop
  endfacet
  facet normal 0 -1 0
    outer loop
      vertex -14.225 -1.25 92.49
      vertex -10.225 -1.25 91.59
      vertex 14.225 -1.25 92.49
    endloop
  endfacet
  facet normal 0 -1 0
    outer loop
      vertex -9.674999999999999 -1.25 91.44262794416288
      vertex 9.940299050387226 -1.25 91.55251840891796
      vertex -9.940299050387226 -1.25 91.55251840891796
    endloop
  endfacet
  facet normal 0 -1 0
    outer loop
      vertex -9.447182540694797 -1.25 91.2678174593052
      vertex 9.674999999999999 -1.25 91.44262794416288
      vertex -9.674999999999999 -1.25 91.44262794416288
    endloop
  endfacet
  facet normal 0 -1 0
    outer loop
      vertex -9.162481591082024 -1.25 90.20529905038723
      vertex -9.272372055837117 -1.25 89.94
      vertex 9.162481591082024 -1.25 90.20529905038723
    endloop
  endfacet
  facet normal 0 -1 0
    outer loop
      vertex -9.125 -1.25 90.49
      vertex -9.162481591082024 -1.25 90.20529905038723
      vertex 9.125 -1.25 90.49
    endloop
  endfacet
  facet normal 0 -1 0
    outer loop
      vertex -9.162481591082024 -1.25 90.77470094961276
      vertex -9.125 -1.25 90.49
      vertex 9.162481591082024 -1.25 90.77470094961276
    endloop
  endfacet
  facet normal 0 -1 0
    outer loop
      vertex -9.272372055837117 -1.25 91.03999999999999
      vertex -9.162481591082024 -1.25 90.77470094961276
      vertex 9.272372055837117 -1.25 91.03999999999999
    endloop
  endfacet
  facet normal 0 -1 0
    outer loop
      vertex -9.447182540694797 -1.25 91.2678174593052
      vertex -9.272372055837117 -1.25 91.03999999999999
      vertex 9.447182540694797 -1.25 91.2678174593052
    endloop
  endfacet
  facet normal 0 -1 0
    outer loop
      vertex 14.225 -1.25 92.49
      vertex -10.225 -1.25 91.59
      vertex -9.940299050387226 -1.25 91.55251840891796
    endloop
  endfacet
  facet normal 0 1 0
    outer loop
      vertex -14.225 1.25 63.62
      vertex -14.225 1.25 92.49
      vertex -11.287518408917975 1.25 76.33529905038722
    endloop
  endfacet
  facet normal 0 1 0
    outer loop
      vertex -14.225 1.25 63.62
      vertex -11.287518408917975 1.25 76.33529905038722
      vertex -11.177627944162882 1.25 76.07
    endloop
  endfacet
  facet normal 0 1 0
    outer loop
      vertex -14.225 1.25 63.62
      vertex -11.177627944162882 1.25 76.07
      vertex -11.002817459305202 1.25 75.8421825406948
    endloop
  endfacet
  facet normal 0 1 0
    outer loop
      vertex -14.225 1.25 63.62
      vertex -11.002817459305202 1.25 75.8421825406948
      vertex -10.775 1.25 75.66737205583712
    endloop
  endfacet
  facet normal 0 1 0
    outer loop
      vertex -14.225 1.25 63.62
      vertex -10.775 1.25 75.66737205583712
      vertex -10.509700949612773 1.25 75.55748159108202
    endloop
  endfacet
  facet normal 0 1 0
    outer loop
      vertex -14.225 1.25 63.62
      vertex -10.509700949612773 1.25 75.55748159108202
      vertex -10.225 1.25 75.52
    endloop
  endfacet
  facet normal 0 1 0
    outer loop
      vertex -14.225 1.25 63.62
      vertex -10.225 1.25 75.52
      vertex -9.940299050387226 1.25 75.55748159108202
    endloop
  endfacet
  facet normal 0 1 0
    outer loop
      vertex -14.225 1.25 63.62
      vertex -9.940299050387226 1.25 75.55748159108202
      vertex -9.674999999999999 1.25 75.66737205583712
    endloop
  endfacet
  facet normal 0 1 0
    outer loop
      vertex -14.225 1.25 63.62
      vertex -9.674999999999999 1.25 75.66737205583712
      vertex -9.447182540694797 1.25 75.8421825406948
    endloop
  endfacet
  facet normal -1 0 0
    outer loop
      vertex -14.225 -1.25 92.49
      vertex -14.225 1.25 92.49
      vertex -14.225 1.25 63.62
    endloop
  endfacet
  facet normal 0 1 0
    outer loop
      vertex -14.225 1.25 92.49
      vertex -11.325 1.25 76.62
      vertex -11.287518408917975 1.25 76.33529905038722
    endloop
  endfacet
  facet normal 0 1 0
    outer loop
      vertex -14.225 1.25 92.49
      vertex -11.287518408917975 1.25 76.90470094961277
      vertex -11.325 1.25 76.62
    endloop
  endfacet
  facet normal 0 1 0
    outer loop
      vertex -14.225 1.25 92.49
      vertex -11.177627944162882 1.25 77.17
      vertex -11.287518408917975 1.25 76.90470094961277
    endloop
  endfacet
  facet normal 0 1 0
    outer loop
      vertex -14.225 1.25 92.49
      vertex -11.002817459305202 1.25 77.3978174593052
      vertex -11.177627944162882 1.25 77.17
    endloop
  endfacet
  facet normal 0 1 0
    outer loop
      vertex -14.225 1.25 92.49
      vertex -10.775 1.25 77.57262794416287
      vertex -11.002817459305202 1.25 77.3978174593052
    endloop
  endfacet
  facet normal 0 1 0
    outer loop
      vertex -14.225 1.25 92.49
      vertex -10.509700949612773 1.25 77.68251840891797
      vertex -10.775 1.25 77.57262794416287
    endloop
  endfacet
  facet normal 0 1 0
    outer loop
      vertex -14.225 1.25 92.49
      vertex -10.225 1.25 77.72
      vertex -10.509700949612773 1.25 77.68251840891797
    endloop
  endfacet
  facet normal 0 1 0
    outer loop
      vertex -14.225 1.25 92.49
      vertex -9.940299050387226 1.25 77.68251840891797
      vertex -10.225 1.25 77.72
    endloop
  endfacet
  facet normal 0 1 0
    outer loop
      vertex -14.225 1.25 92.49
      vertex -9.674999999999999 1.25 77.57262794416287
      vertex -9.940299050387226 1.25 77.68251840891797
    endloop
  endfacet
  facet normal 0 1 0
    outer loop
      vertex -14.225 1.25 92.49
      vertex -11.287518408917975 1.25 90.20529905038723
      vertex -11.177627944162882 1.25 89.94
    endloop
  endfacet
  facet normal 0 1 0
    outer loop
      vertex -14.225 1.25 92.49
      vertex -11.177627944162882 1.25 89.94
      vertex -11.002817459305202 1.25 89.71218254069478
    endloop
  endfacet
  facet normal 0 1 0
    outer loop
      vertex -14.225 1.25 92.49
      vertex -11.325 1.25 90.49
      vertex -11.287518408917975 1.25 90.20529905038723
    endloop
  endfacet
  facet normal 0 1 0
    outer loop
      vertex -14.225 1.25 92.49
      vertex -11.287518408917975 1.25 90.77470094961276
      vertex -11.325 1.25 90.49
    endloop
  endfacet
  facet normal 0 1 0
    outer loop
      vertex -14.225 1.25 92.49
      vertex -11.177627944162882 1.25 91.03999999999999
      vertex -11.287518408917975 1.25 90.77470094961276
    endloop
  endfacet
  facet normal 0 1 0
    outer loop
      vertex -14.225 1.25 92.49
      vertex -11.002817459305202 1.25 91.2678174593052
      vertex -11.177627944162882 1.25 91.03999999999999
    endloop
  endfacet
  facet normal 0 1 0
    outer loop
      vertex -14.225 1.25 92.49
      vertex -10.775 1.25 91.44262794416288
      vertex -11.002817459305202 1.25 91.2678174593052
    endloop
  endfacet
  facet normal 0 1 0
    outer loop
      vertex -14.225 1.25 92.49
      vertex -10.509700949612773 1.25 91.55251840891796
      vertex -10.775 1.25 91.44262794416288
    endloop
  endfacet
  facet normal 0 1 0
    outer loop
      vertex -14.225 1.25 92.49
      vertex -10.225 1.25 91.59
      vertex -10.509700949612773 1.25 91.55251840891796
    endloop
  endfacet
  facet normal 0 1 0
    outer loop
      vertex -14.225 1.25 63.62
      vertex -9.447182540694797 1.25 75.8421825406948
      vertex 14.225 1.25 63.62
    endloop
  endfacet
  facet normal 0 1 0
    outer loop
      vertex -14.225 1.25 92.49
      vertex -11.002817459305202 1.25 89.71218254069478
      vertex 14.225 1.25 63.62
    endloop
  endfacet
  facet normal 0 1 0
    outer loop
      vertex -10.225 1.25 89.38999999999999
      vertex 9.272372055837117 1.25 76.07
      vertex -10.509700949612773 1.25 89.42748159108203
    endloop
  endfacet
  facet normal 0 1 0
    outer loop
      vertex -9.940299050387226 1.25 89.42748159108203
      vertex 9.162481591082024 1.25 76.33529905038722
      vertex -10.225 1.25 89.38999999999999
    endloop
  endfacet
  facet normal 0 1 0
    outer loop
      vertex -14.225 1.25 92.49
      vertex 14.225 1.25 63.62
      vertex -9.674999999999999 1.25 77.57262794416287
    endloop
  endfacet
  facet normal 0 1 0
    outer loop
      vertex 14.225 1.25 63.62
      vertex -10.775 1.25 89.53737205583711
      vertex -10.509700949612773 1.25 89.42748159108203
    endloop
  endfacet
  facet normal 0 1 0
    outer loop
      vertex 14.225 1.25 63.62
      vertex -9.447182540694797 1.25 75.8421825406948
      vertex -9.272372055837117 1.25 76.07
    endloop
  endfacet
  facet normal 0 1 0
    outer loop
      vertex 14.225 1.25 63.62
      vertex -9.272372055837117 1.25 76.07
      vertex -9.162481591082024 1.25 76.33529905038722
    endloop
  endfacet
  facet normal 0 1 0
    outer loop
      vertex 14.225 1.25 63.62
      vertex -9.162481591082024 1.25 76.33529905038722
      vertex -9.125 1.25 76.62
    endloop
  endfacet
  facet normal 0 1 0
    outer loop
      vertex 14.225 1.25 63.62
      vertex -9.447182540694797 1.25 77.3978174593052
      vertex -9.674999999999999 1.25 77.57262794416287
    endloop
  endfacet
  facet normal 0 1 0
    outer loop
      vertex 14.225 1.25 63.62
      vertex -9.272372055837117 1.25 77.17
      vertex -9.447182540694797 1.25 77.3978174593052
    endloop
  endfacet
  facet normal 0 1 0
    outer loop
      vertex 14.225 1.25 63.62
      vertex -9.162481591082024 1.25 76.90470094961277
      vertex -9.272372055837117 1.25 77.17
    endloop
  endfacet
  facet normal 0 1 0
    outer loop
      vertex 14.225 1.25 63.62
      vertex -9.125 1.25 76.62
      vertex -9.162481591082024 1.25 76.90470094961277
    endloop
  endfacet
  facet normal 0 1 0
    outer loop
      vertex -9.674999999999999 1.25 89.53737205583711
      vertex 9.125 1.25 76.62
      vertex -9.940299050387226 1.25 89.42748159108203
    endloop
  endfacet
  facet normal 0 1 0
    outer loop
      vertex -9.447182540694797 1.25 89.71218254069478
      vertex 9.162481591082024 1.25 76.90470094961277
      vertex -9.674999999999999 1.25 89.53737205583711
    endloop
  endfacet
  facet normal 0 1 0
    outer loop
      vertex -9.447182540694797 1.25 89.71218254069478
      vertex -9.272372055837117 1.25 89.94
      vertex 9.272372055837117 1.25 77.17
    endloop
  endfacet
  facet normal 0 1 0
    outer loop
      vertex 14.225 1.25 63.62
      vertex -11.002817459305202 1.25 89.71218254069478
      vertex -10.775 1.25 89.53737205583711
    endloop
  endfacet
  facet normal 0 1 0
    outer loop
      vertex -10.225 1.25 91.59
      vertex 9.940299050387226 1.25 91.55251840891796
      vertex -9.940299050387226 1.25 91.55251840891796
    endloop
  endfacet
  facet normal 0 1 0
    outer loop
      vertex -14.225 1.25 92.49
      vertex 14.225 1.25 92.49
      vertex -10.225 1.25 91.59
    endloop
  endfacet
  facet normal 0 1 0
    outer loop
      vertex -9.674999999999999 1.25 91.44262794416288
      vertex 9.447182540694797 1.25 91.2678174593052
      vertex -9.447182540694797 1.25 91.2678174593052
    endloop
  endfacet
  facet normal 0 1 0
    outer loop
      vertex -9.940299050387226 1.25 91.55251840891796
      vertex 9.674999999999999 1.25 91.44262794416288
      vertex -9.674999999999999 1.25 91.44262794416288
    endloop
  endfacet
  facet normal 0 1 0
    outer loop
      vertex -9.272372055837117 1.25 91.03999999999999
      vertex -9.447182540694797 1.25 91.2678174593052
      vertex 9.272372055837117 1.25 91.03999999999999
    endloop
  endfacet
  facet normal 0 1 0
    outer loop
      vertex -9.272372055837117 1.25 89.94
      vertex -9.162481591082024 1.25 90.20529905038723
      vertex 9.272372055837117 1.25 89.94
    endloop
  endfacet
  facet normal 0 1 0
    outer loop
      vertex -9.162481591082024 1.25 90.20529905038723
      vertex -9.125 1.25 90.49
      vertex 9.162481591082024 1.25 90.20529905038723
    endloop
  endfacet
  facet normal 0 1 0
    outer loop
      vertex -9.125 1.25 90.49
      vertex -9.162481591082024 1.25 90.77470094961276
      vertex 9.125 1.25 90.49
    endloop
  endfacet
  facet normal 0 1 0
    outer loop
      vertex -9.162481591082024 1.25 90.77470094961276
      vertex -9.272372055837117 1.25 91.03999999999999
      vertex 9.162481591082024 1.25 90.77470094961276
    endloop
  endfacet
  facet normal 0 -1 0
    outer loop
      vertex -14.225 -1.25 63.62
      vertex 14.225 -1.25 63.62
      vertex 10.225 -1.25 75.52
    endloop
  endfacet
  facet normal 0 -1 0
    outer loop
      vertex -14.225 -1.25 63.62
      vertex 9.162481591082024 -1.25 76.33529905038722
      vertex 9.125 -1.25 76.62
    endloop
  endfacet
  facet normal 0 -1 0
    outer loop
      vertex -14.225 -1.25 63.62
      vertex 9.272372055837117 -1.25 76.07
      vertex 9.162481591082024 -1.25 76.33529905038722
    endloop
  endfacet
  facet normal 0 -1 0
    outer loop
      vertex -14.225 -1.25 63.62
      vertex 9.447182540694797 -1.25 75.8421825406948
      vertex 9.272372055837117 -1.25 76.07
    endloop
  endfacet
  facet normal 0 -1 0
    outer loop
      vertex -14.225 -1.25 63.62
      vertex 9.674999999999999 -1.25 75.66737205583712
      vertex 9.447182540694797 -1.25 75.8421825406948
    endloop
  endfacet
  facet normal 0 -1 0
    outer loop
      vertex -14.225 -1.25 63.62
      vertex 9.125 -1.25 76.62
      vertex 9.162481591082024 -1.25 76.90470094961277
    endloop
  endfacet
  facet normal 0 -1 0
    outer loop
      vertex -14.225 -1.25 63.62
      vertex 9.940299050387226 -1.25 75.55748159108202
      vertex 9.674999999999999 -1.25 75.66737205583712
    endloop
  endfacet
  facet normal 0 -1 0
    outer loop
      vertex -14.225 -1.25 63.62
      vertex 10.225 -1.25 75.52
      vertex 9.940299050387226 -1.25 75.55748159108202
    endloop
  endfacet
  facet normal 0 -1 0
    outer loop
      vertex -14.225 -1.25 63.62
      vertex 10.509700949612773 -1.25 89.42748159108203
      vertex 10.225 -1.25 89.38999999999999
    endloop
  endfacet
  facet normal 0 -1 0
    outer loop
      vertex -14.225 -1.25 63.62
      vertex 10.775 -1.25 89.53737205583711
      vertex 10.509700949612773 -1.25 89.42748159108203
    endloop
  endfacet
  facet normal 0 -1 0
    outer loop
      vertex -14.225 -1.25 63.62
      vertex 9.162481591082024 -1.25 76.90470094961277
      vertex 14.225 -1.25 92.49
    endloop
  endfacet
  facet normal 0 -1 0
    outer loop
      vertex -14.225 -1.25 63.62
      vertex 11.002817459305202 -1.25 89.71218254069478
      vertex 10.775 -1.25 89.53737205583711
    endloop
  endfacet
  facet normal 0 -1 0
    outer loop
      vertex -9.125 -1.25 76.62
      vertex 9.940299050387226 -1.25 89.42748159108203
      vertex 9.674999999999999 -1.25 89.53737205583711
    endloop
  endfacet
  facet normal 0 -1 0
    outer loop
      vertex -9.272372055837117 -1.25 77.17
      vertex 9.447182540694797 -1.25 89.71218254069478
      vertex 9.272372055837117 -1.25 89.94
    endloop
  endfacet
  facet normal 0 -1 0
    outer loop
      vertex -9.162481591082024 -1.25 76.90470094961277
      vertex 9.674999999999999 -1.25 89.53737205583711
      vertex 9.447182540694797 -1.25 89.71218254069478
    endloop
  endfacet
  facet normal 0 -1 0
    outer loop
      vertex -9.272372055837117 -1.25 89.94
      vertex 9.272372055837117 -1.25 89.94
      vertex 9.162481591082024 -1.25 90.20529905038723
    endloop
  endfacet
  facet normal 0 -1 0
    outer loop
      vertex -9.162481591082024 -1.25 90.20529905038723
      vertex 9.162481591082024 -1.25 90.20529905038723
      vertex 9.125 -1.25 90.49
    endloop
  endfacet
  facet normal 0 -1 0
    outer loop
      vertex -9.125 -1.25 90.49
      vertex 9.125 -1.25 90.49
      vertex 9.162481591082024 -1.25 90.77470094961276
    endloop
  endfacet
  facet normal 0 -1 0
    outer loop
      vertex -9.162481591082024 -1.25 90.77470094961276
      vertex 9.162481591082024 -1.25 90.77470094961276
      vertex 9.272372055837117 -1.25 91.03999999999999
    endloop
  endfacet
  facet normal 0 -1 0
    outer loop
      vertex -9.272372055837117 -1.25 91.03999999999999
      vertex 9.272372055837117 -1.25 91.03999999999999
      vertex 9.447182540694797 -1.25 91.2678174593052
    endloop
  endfacet
  facet normal 0 -1 0
    outer loop
      vertex -9.447182540694797 -1.25 91.2678174593052
      vertex 9.447182540694797 -1.25 91.2678174593052
      vertex 9.674999999999999 -1.25 91.44262794416288
    endloop
  endfacet
  facet normal 0 -1 0
    outer loop
      vertex -9.674999999999999 -1.25 91.44262794416288
      vertex 9.674999999999999 -1.25 91.44262794416288
      vertex 9.940299050387226 -1.25 91.55251840891796
    endloop
  endfacet
  facet normal 0 -1 0
    outer loop
      vertex -14.225 -1.25 63.62
      vertex 14.225 -1.25 92.49
      vertex 11.002817459305202 -1.25 89.71218254069478
    endloop
  endfacet
  facet normal 0 -1 0
    outer loop
      vertex -9.272372055837117 -1.25 76.07
      vertex 10.225 -1.25 89.38999999999999
      vertex 9.940299050387226 -1.25 89.42748159108203
    endloop
  endfacet
  facet normal 0 -1 0
    outer loop
      vertex 14.225 -1.25 92.49
      vertex -9.940299050387226 -1.25 91.55251840891796
      vertex 9.940299050387226 -1.25 91.55251840891796
    endloop
  endfacet
  facet normal 0 -1 0
    outer loop
      vertex 14.225 -1.25 63.62
      vertex 10.509700949612773 -1.25 75.55748159108202
      vertex 10.225 -1.25 75.52
    endloop
  endfacet
  facet normal 0 -1 0
    outer loop
      vertex 14.225 -1.25 63.62
      vertex 10.775 -1.25 75.66737205583712
      vertex 10.509700949612773 -1.25 75.55748159108202
    endloop
  endfacet
  facet normal 0 -1 0
    outer loop
      vertex 14.225 -1.25 63.62
      vertex 11.002817459305202 -1.25 75.8421825406948
      vertex 10.775 -1.25 75.66737205583712
    endloop
  endfacet
  facet normal 0 -1 0
    outer loop
      vertex 14.225 -1.25 63.62
      vertex 11.177627944162882 -1.25 76.07
      vertex 11.002817459305202 -1.25 75.8421825406948
    endloop
  endfacet
  facet normal 0 -1 0
    outer loop
      vertex 14.225 -1.25 63.62
      vertex 11.287518408917975 -1.25 76.33529905038722
      vertex 11.177627944162882 -1.25 76.07
    endloop
  endfacet
  facet normal 0 -1 0
    outer loop
      vertex 14.225 -1.25 63.62
      vertex 14.225 -1.25 92.49
      vertex 11.287518408917975 -1.25 76.33529905038722
    endloop
  endfacet
  facet normal 0 -1 0
    outer loop
      vertex 14.225 -1.25 92.49
      vertex 9.162481591082024 -1.25 76.90470094961277
      vertex 9.272372055837117 -1.25 77.17
    endloop
  endfacet
  facet normal 0 -1 0
    outer loop
      vertex 14.225 -1.25 92.49
      vertex 9.272372055837117 -1.25 77.17
      vertex 9.447182540694797 -1.25 77.3978174593052
    endloop
  endfacet
  facet normal 0 -1 0
    outer loop
      vertex 14.225 -1.25 92.49
      vertex 9.447182540694797 -1.25 77.3978174593052
      vertex 9.674999999999999 -1.25 77.57262794416287
    endloop
  endfacet
  facet normal 0 -1 0
    outer loop
      vertex 14.225 -1.25 92.49
      vertex 9.674999999999999 -1.25 77.57262794416287
      vertex 9.940299050387226 -1.25 77.68251840891797
    endloop
  endfacet
  facet normal 0 -1 0
    outer loop
      vertex 14.225 -1.25 92.49
      vertex 9.940299050387226 -1.25 77.68251840891797
      vertex 10.225 -1.25 77.72
    endloop
  endfacet
  facet normal 0 -1 0
    outer loop
      vertex 14.225 -1.25 92.49
      vertex 10.225 -1.25 77.72
      vertex 10.509700949612773 -1.25 77.68251840891797
    endloop
  endfacet
  facet normal 0 -1 0
    outer loop
      vertex 14.225 -1.25 92.49
      vertex 10.509700949612773 -1.25 77.68251840891797
      vertex 10.775 -1.25 77.57262794416287
    endloop
  endfacet
  facet normal 0 -1 0
    outer loop
      vertex 14.225 -1.25 92.49
      vertex 10.775 -1.25 77.57262794416287
      vertex 11.002817459305202 -1.25 77.3978174593052
    endloop
  endfacet
  facet normal 0 -1 0
    outer loop
      vertex 14.225 -1.25 92.49
      vertex 11.002817459305202 -1.25 77.3978174593052
      vertex 11.177627944162882 -1.25 77.17
    endloop
  endfacet
  facet normal 0 -1 0
    outer loop
      vertex 14.225 -1.25 92.49
      vertex 11.325 -1.25 76.62
      vertex 11.287518408917975 -1.25 76.33529905038722
    endloop
  endfacet
  facet normal 0 -1 0
    outer loop
      vertex 14.225 -1.25 92.49
      vertex 11.287518408917975 -1.25 76.90470094961277
      vertex 11.325 -1.25 76.62
    endloop
  endfacet
  facet normal 0 -1 0
    outer loop
      vertex 14.225 -1.25 92.49
      vertex 11.177627944162882 -1.25 77.17
      vertex 11.287518408917975 -1.25 76.90470094961277
    endloop
  endfacet
  facet normal 0 -1 0
    outer loop
      vertex 14.225 -1.25 92.49
      vertex 9.940299050387226 -1.25 91.55251840891796
      vertex 10.225 -1.25 91.59
    endloop
  endfacet
  facet normal 0 -1 0
    outer loop
      vertex 14.225 -1.25 92.49
      vertex 10.225 -1.25 91.59
      vertex 10.509700949612773 -1.25 91.55251840891796
    endloop
  endfacet
  facet normal 0 -1 0
    outer loop
      vertex 14.225 -1.25 92.49
      vertex 10.775 -1.25 91.44262794416288
      vertex 11.002817459305202 -1.25 91.2678174593052
    endloop
  endfacet
  facet normal 0 -1 0
    outer loop
      vertex 14.225 -1.25 92.49
      vertex 10.509700949612773 -1.25 91.55251840891796
      vertex 10.775 -1.25 91.44262794416288
    endloop
  endfacet
  facet normal 0 -1 0
    outer loop
      vertex 14.225 -1.25 92.49
      vertex 11.177627944162882 -1.25 89.94
      vertex 11.002817459305202 -1.25 89.71218254069478
    endloop
  endfacet
  facet normal 0 -1 0
    outer loop
      vertex 14.225 -1.25 92.49
      vertex 11.287518408917975 -1.25 90.20529905038723
      vertex 11.177627944162882 -1.25 89.94
    endloop
  endfacet
  facet normal 0 -1 0
    outer loop
      vertex 14.225 -1.25 92.49
      vertex 11.002817459305202 -1.25 91.2678174593052
      vertex 11.177627944162882 -1.25 91.03999999999999
    endloop
  endfacet
  facet normal 0 -1 0
    outer loop
      vertex 14.225 -1.25 92.49
      vertex 11.325 -1.25 90.49
      vertex 11.287518408917975 -1.25 90.20529905038723
    endloop
  endfacet
  facet normal 0 -1 0
    outer loop
      vertex 14.225 -1.25 92.49
      vertex 11.287518408917975 -1.25 90.77470094961276
      vertex 11.325 -1.25 90.49
    endloop
  endfacet
  facet normal 0 -1 0
    outer loop
      vertex 14.225 -1.25 92.49
      vertex 11.177627944162882 -1.25 91.03999999999999
      vertex 11.287518408917975 -1.25 90.77470094961276
    endloop
  endfacet
  facet normal 1 0 0
    outer loop
      vertex 14.225 -1.25 63.62
      vertex 14.225 1.25 92.49
      vertex 14.225 -1.25 92.49
    endloop
  endfacet
  facet normal 0 1 0
    outer loop
      vertex -10.509700949612773 1.25 89.42748159108203
      vertex 9.272372055837117 1.25 76.07
      vertex 9.447182540694797 1.25 75.8421825406948
    endloop
  endfacet
  facet normal 0 1 0
    outer loop
      vertex -10.225 1.25 89.38999999999999
      vertex 9.162481591082024 1.25 76.33529905038722
      vertex 9.272372055837117 1.25 76.07
    endloop
  endfacet
  facet normal 0 1 0
    outer loop
      vertex -9.940299050387226 1.25 89.42748159108203
      vertex 9.125 1.25 76.62
      vertex 9.162481591082024 1.25 76.33529905038722
    endloop
  endfacet
  facet normal 0 1 0
    outer loop
      vertex -9.674999999999999 1.25 89.53737205583711
      vertex 9.162481591082024 1.25 76.90470094961277
      vertex 9.125 1.25 76.62
    endloop
  endfacet
  facet normal 0 1 0
    outer loop
      vertex -9.447182540694797 1.25 89.71218254069478
      vertex 9.272372055837117 1.25 77.17
      vertex 9.162481591082024 1.25 76.90470094961277
    endloop
  endfacet
  facet normal 0 1 0
    outer loop
      vertex -9.272372055837117 1.25 89.94
      vertex 9.447182540694797 1.25 77.3978174593052
      vertex 9.272372055837117 1.25 77.17
    endloop
  endfacet
  facet normal 0 1 0
    outer loop
      vertex -9.272372055837117 1.25 89.94
      vertex 9.447182540694797 1.25 89.71218254069478
      vertex 9.447182540694797 1.25 77.3978174593052
    endloop
  endfacet
  facet normal 0 1 0
    outer loop
      vertex -9.162481591082024 1.25 90.20529905038723
      vertex 9.162481591082024 1.25 90.20529905038723
      vertex 9.272372055837117 1.25 89.94
    endloop
  endfacet
  facet normal 0 1 0
    outer loop
      vertex -9.125 1.25 90.49
      vertex 9.125 1.25 90.49
      vertex 9.162481591082024 1.25 90.20529905038723
    endloop
  endfacet
  facet normal 0 1 0
    outer loop
      vertex -9.162481591082024 1.25 90.77470094961276
      vertex 9.162481591082024 1.25 90.77470094961276
      vertex 9.125 1.25 90.49
    endloop
  endfacet
  facet normal 0 1 0
    outer loop
      vertex -9.272372055837117 1.25 91.03999999999999
      vertex 9.272372055837117 1.25 91.03999999999999
      vertex 9.162481591082024 1.25 90.77470094961276
    endloop
  endfacet
  facet normal 0 1 0
    outer loop
      vertex -9.447182540694797 1.25 91.2678174593052
      vertex 9.447182540694797 1.25 91.2678174593052
      vertex 9.272372055837117 1.25 91.03999999999999
    endloop
  endfacet
  facet normal 0 1 0
    outer loop
      vertex -9.272372055837117 1.25 89.94
      vertex 9.272372055837117 1.25 89.94
      vertex 9.447182540694797 1.25 89.71218254069478
    endloop
  endfacet
  facet normal 0 1 0
    outer loop
      vertex -9.674999999999999 1.25 91.44262794416288
      vertex 9.674999999999999 1.25 91.44262794416288
      vertex 9.447182540694797 1.25 91.2678174593052
    endloop
  endfacet
  facet normal 0 1 0
    outer loop
      vertex -9.940299050387226 1.25 91.55251840891796
      vertex 9.940299050387226 1.25 91.55251840891796
      vertex 9.674999999999999 1.25 91.44262794416288
    endloop
  endfacet
  facet normal 0 1 0
    outer loop
      vertex -10.225 1.25 91.59
      vertex 10.225 1.25 91.59
      vertex 9.940299050387226 1.25 91.55251840891796
    endloop
  endfacet
  facet normal 0 1 0
    outer loop
      vertex 14.225 1.25 63.62
      vertex -10.509700949612773 1.25 89.42748159108203
      vertex 9.447182540694797 1.25 75.8421825406948
    endloop
  endfacet
  facet normal 0 0 1
    outer loop
      vertex -14.225 1.25 92.49
      vertex 14.225 -1.25 92.49
      vertex 14.225 1.25 92.49
    endloop
  endfacet
  facet normal 0 1 0
    outer loop
      vertex 14.225 1.25 92.49
      vertex 10.225 1.25 91.59
      vertex -10.225 1.25 91.59
    endloop
  endfacet
  facet normal 0 1 0
    outer loop
      vertex 9.447182540694797 1.25 77.3978174593052
      vertex 9.674999999999999 1.25 89.53737205583711
      vertex 9.674999999999999 1.25 77.57262794416287
    endloop
  endfacet
  facet normal 0 1 0
    outer loop
      vertex 9.447182540694797 1.25 77.3978174593052
      vertex 9.447182540694797 1.25 89.71218254069478
      vertex 9.674999999999999 1.25 89.53737205583711
    endloop
  endfacet
  facet normal 0 1 0
    outer loop
      vertex 9.674999999999999 1.25 77.57262794416287
      vertex 9.674999999999999 1.25 89.53737205583711
      vertex 9.940299050387226 1.25 89.42748159108203
    endloop
  endfacet
  facet normal 0 1 0
    outer loop
      vertex 9.674999999999999 1.25 77.57262794416287
      vertex 9.940299050387226 1.25 89.42748159108203
      vertex 9.940299050387226 1.25 77.68251840891797
    endloop
  endfacet
  facet normal 0 1 0
    outer loop
      vertex 9.940299050387226 1.25 77.68251840891797
      vertex 10.225 1.25 89.38999999999999
      vertex 10.225 1.25 77.72
    endloop
  endfacet
  facet normal 0 1 0
    outer loop
      vertex 10.225 1.25 77.72
      vertex 10.509700949612773 1.25 89.42748159108203
      vertex 10.509700949612773 1.25 77.68251840891797
    endloop
  endfacet
  facet normal 0 1 0
    outer loop
      vertex 9.940299050387226 1.25 77.68251840891797
      vertex 9.940299050387226 1.25 89.42748159108203
      vertex 10.225 1.25 89.38999999999999
    endloop
  endfacet
  facet normal 0 1 0
    outer loop
      vertex 10.225 1.25 77.72
      vertex 10.225 1.25 89.38999999999999
      vertex 10.509700949612773 1.25 89.42748159108203
    endloop
  endfacet
  facet normal 0 1 0
    outer loop
      vertex 10.775 1.25 89.53737205583711
      vertex 10.509700949612773 1.25 77.68251840891797
      vertex 10.509700949612773 1.25 89.42748159108203
    endloop
  endfacet
  facet normal 0 1 0
    outer loop
      vertex 14.225 1.25 63.62
      vertex 9.447182540694797 1.25 75.8421825406948
      vertex 9.674999999999999 1.25 75.66737205583712
    endloop
  endfacet
  facet normal 0 1 0
    outer loop
      vertex 14.225 1.25 63.62
      vertex 9.674999999999999 1.25 75.66737205583712
      vertex 9.940299050387226 1.25 75.55748159108202
    endloop
  endfacet
  facet normal 0 1 0
    outer loop
      vertex 14.225 1.25 63.62
      vertex 9.940299050387226 1.25 75.55748159108202
      vertex 10.225 1.25 75.52
    endloop
  endfacet
  facet normal 0 1 0
    outer loop
      vertex 14.225 1.25 63.62
      vertex 10.225 1.25 75.52
      vertex 10.509700949612773 1.25 75.55748159108202
    endloop
  endfacet
  facet normal 0 1 0
    outer loop
      vertex 14.225 1.25 63.62
      vertex 10.509700949612773 1.25 75.55748159108202
      vertex 10.775 1.25 75.66737205583712
    endloop
  endfacet
  facet normal 0 1 0
    outer loop
      vertex 14.225 1.25 63.62
      vertex 10.775 1.25 75.66737205583712
      vertex 11.002817459305202 1.25 75.8421825406948
    endloop
  endfacet
  facet normal 0 1 0
    outer loop
      vertex 14.225 1.25 63.62
      vertex 11.002817459305202 1.25 75.8421825406948
      vertex 11.177627944162882 1.25 76.07
    endloop
  endfacet
  facet normal 0 1 0
    outer loop
      vertex 14.225 1.25 63.62
      vertex 11.177627944162882 1.25 76.07
      vertex 11.287518408917975 1.25 76.33529905038722
    endloop
  endfacet
  facet normal 0 1 0
    outer loop
      vertex 14.225 1.25 63.62
      vertex 11.287518408917975 1.25 76.33529905038722
      vertex 11.325 1.25 76.62
    endloop
  endfacet
  facet normal 0 1 0
    outer loop
      vertex 14.225 1.25 63.62
      vertex 11.325 1.25 76.62
      vertex 11.287518408917975 1.25 76.90470094961277
    endloop
  endfacet
  facet normal 1 0 0
    outer loop
      vertex 14.225 -1.25 63.62
      vertex 14.225 1.25 63.62
      vertex 14.225 1.25 92.49
    endloop
  endfacet
  facet normal 0 1 0
    outer loop
      vertex 14.225 1.25 63.62
      vertex 11.287518408917975 1.25 76.90470094961277
      vertex 14.225 1.25 92.49
    endloop
  endfacet
  facet normal 0 1 0
    outer loop
      vertex 10.509700949612773 1.25 77.68251840891797
      vertex 10.775 1.25 89.53737205583711
      vertex 10.775 1.25 77.57262794416287
    endloop
  endfacet
  facet normal 0 1 0
    outer loop
      vertex 10.775 1.25 77.57262794416287
      vertex 11.002817459305202 1.25 89.71218254069478
      vertex 11.002817459305202 1.25 77.3978174593052
    endloop
  endfacet
  facet normal 0 1 0
    outer loop
      vertex 11.177627944162882 1.25 77.17
      vertex 11.002817459305202 1.25 77.3978174593052
      vertex 11.177627944162882 1.25 89.94
    endloop
  endfacet
  facet normal 0 1 0
    outer loop
      vertex 11.002817459305202 1.25 89.71218254069478
      vertex 10.775 1.25 77.57262794416287
      vertex 10.775 1.25 89.53737205583711
    endloop
  endfacet
  facet normal 0 1 0
    outer loop
      vertex 11.002817459305202 1.25 89.71218254069478
      vertex 11.177627944162882 1.25 89.94
      vertex 11.002817459305202 1.25 77.3978174593052
    endloop
  endfacet
  facet normal 0 1 0
    outer loop
      vertex 14.225 1.25 92.49
      vertex 11.287518408917975 1.25 76.90470094961277
      vertex 11.177627944162882 1.25 77.17
    endloop
  endfacet
  facet normal 0 1 0
    outer loop
      vertex 14.225 1.25 92.49
      vertex 11.177627944162882 1.25 77.17
      vertex 11.177627944162882 1.25 89.94
    endloop
  endfacet
  facet normal 0 1 0
    outer loop
      vertex 14.225 1.25 92.49
      vertex 10.509700949612773 1.25 91.55251840891796
      vertex 10.225 1.25 91.59
    endloop
  endfacet
  facet normal 0 1 0
    outer loop
      vertex 14.225 1.25 92.49
      vertex 11.002817459305202 1.25 91.2678174593052
      vertex 10.775 1.25 91.44262794416288
    endloop
  endfacet
  facet normal 0 1 0
    outer loop
      vertex 14.225 1.25 92.49
      vertex 10.775 1.25 91.44262794416288
      vertex 10.509700949612773 1.25 91.55251840891796
    endloop
  endfacet
  facet normal 0 1 0
    outer loop
      vertex 14.225 1.25 92.49
      vertex 11.177627944162882 1.25 89.94
      vertex 11.287518408917975 1.25 90.20529905038723
    endloop
  endfacet
  facet normal 0 1 0
    outer loop
      vertex 14.225 1.25 92.49
      vertex 11.177627944162882 1.25 91.03999999999999
      vertex 11.002817459305202 1.25 91.2678174593052
    endloop
  endfacet
  facet normal 0 1 0
    outer loop
      vertex 14.225 1.25 92.49
      vertex 11.287518408917975 1.25 90.20529905038723
      vertex 11.325 1.25 90.49
    endloop
  endfacet
  facet normal 0 1 0
    outer loop
      vertex 14.225 1.25 92.49
      vertex 11.325 1.25 90.49
      vertex 11.287518408917975 1.25 90.77470094961276
    endloop
  endfacet
  facet normal 0 1 0
    outer loop
      vertex 14.225 1.25 92.49
      vertex 11.287518408917975 1.25 90.77470094961276
      vertex 11.177627944162882 1.25 91.03999999999999
    endloop
  endfacet
  facet normal 0 0 -1
    outer loop
      vertex -3.75 -5.946699141100893 39.12
      vertex -5.303300858899107 -5.303300858899107 39.12
      vertex -3.75 -4.659902576697319 39.12
    endloop
  endfacet
  facet normal 0 0 -1
    outer loop
      vertex -3.75 -6.495190528383289 39.12
      vertex -1.9411428382689055 -6.979872344092389 39.12
      vertex -1.9411428382689055 -7.244443697168013 39.12
    endloop
  endfacet
  facet normal 0 0 -1
    outer loop
      vertex -1.9074982127268734 -6.9888873943360235 39.12
      vertex -1.872666733304391 -6.724316041260401 39.12
      vertex 0 -7.5 39.12
    endloop
  endfacet
  facet normal -0.9914448613738105 -0.13052619222005216 0
    outer loop
      vertex -7.244443697168013 -1.9411428382689055 61.13188578223194
      vertex -7.244443697168013 -1.9411428382689055 61.62
      vertex -7.262294101578314 -1.8055555555555556 61.62
    endloop
  endfacet
  facet normal -0.13052619222005138 -0.9914448613738105 0
    outer loop
      vertex -1.9411428382689055 -7.244443697168013 41.12
      vertex 0 -7.5 41.12
      vertex -1.9411428382689055 -7.244443697168013 61.62
    endloop
  endfacet
  facet normal -0.13052619222005138 -0.9914448613738105 0
    outer loop
      vertex -1.9411428382689055 -7.244443697168013 61.62
      vertex 0 -7.5 41.12
      vertex 0 -7.5 61.62
    endloop
  endfacet
  facet normal -0.7933533402912357 -0.6087614290087199 0
    outer loop
      vertex -5.457721941462762 -5.1020553860005435 49.75260061039804
      vertex -5.303300858899107 -5.303300858899107 48.822654590278646
      vertex -5.303300858899107 -5.303300858899107 61.62
    endloop
  endfacet
  facet normal -0.7933533402912355 -0.6087614290087203 -1.0750985141263272e-17
    outer loop
      vertex -5.457721941462762 -5.1020553860005435 49.75260061039804
      vertex -5.303300858899107 -5.303300858899107 61.62
      vertex -6.495190528383289 -3.75 61.62
    endloop
  endfacet
  facet normal -0.7933533402912355 -0.6087614290087203 0
    outer loop
      vertex -5.457721941462762 -5.1020553860005435 49.75260061039804
      vertex -6.495190528383289 -3.75 61.62
      vertex -6.495190528383289 -3.75 54.62
    endloop
  endfacet
  facet normal -0.6087614290087197 -0.7933533402912359 0
    outer loop
      vertex -3.75 -6.495190528383289 41.12
      vertex -3.75 -6.495190528383289 61.62
      vertex -4.227771575905914 -6.128583504101444 45.308354351523754
    endloop
  endfacet
  facet normal -0.6087614290087205 -0.7933533402912353 4.1238735258981167e-17
    outer loop
      vertex -4.227771575905914 -6.128583504101444 45.308354351523754
      vertex -3.75 -6.495190528383289 61.62
      vertex -5.303300858899107 -5.303300858899107 48.822654590278646
    endloop
  endfacet
  facet normal -0.6087614290087203 -0.7933533402912354 0
    outer loop
      vertex -5.303300858899107 -5.303300858899107 48.822654590278646
      vertex -3.75 -6.495190528383289 61.62
      vertex -5.303300858899107 -5.303300858899107 61.62
    endloop
  endfacet
  facet normal 0 0 1
    outer loop
      vertex -7.262294101578314 -1.8055555555555556 61.62
      vertex -6.495190528383289 -3.75 61.62
      vertex -5.303300858899107 -5.303300858899107 61.62
    endloop
  endfacet
  facet normal 0 0 1
    outer loop
      vertex -7.262294101578314 -1.8055555555555556 61.62
      vertex -5.303300858899107 -5.303300858899107 61.62
      vertex -3.75 -6.495190528383289 61.62
    endloop
  endfacet
  facet normal 0 0 1
    outer loop
      vertex -7.262294101578314 -1.8055555555555556 61.62
      vertex -3.75 -6.495190528383289 61.62
      vertex -1.9411428382689055 -7.244443697168013 61.62
    endloop
  endfacet
  facet normal -0.9238795325112865 -0.3826834323650902 0
    outer loop
      vertex -7.244443697168013 -1.9411428382689055 61.62
      vertex -6.495190528383289 -3.75 54.62
      vertex -6.495190528383289 -3.75 61.62
    endloop
  endfacet
  facet normal -0.9238795325112866 -0.3826834323650903 0
    outer loop
      vertex -7.244443697168013 -1.9411428382689055 61.13188578223194
      vertex -6.495190528383289 -3.75 54.62
      vertex -7.244443697168013 -1.9411428382689055 61.62
    endloop
  endfacet
  facet normal 0 0 1
    outer loop
      vertex -7.244443697168013 -1.9411428382689055 61.62
      vertex -6.495190528383289 -3.75 61.62
      vertex -7.262294101578314 -1.8055555555555556 61.62
    endloop
  endfacet
  facet normal -0.3826834323650902 -0.9238795325112864 0
    outer loop
      vertex -3.75 -6.495190528383289 41.12
      vertex -1.9411428382689055 -7.244443697168013 41.12
      vertex -3.75 -6.495190528383289 61.62
    endloop
  endfacet
  facet normal -0.3826834323650902 -0.9238795325112864 0
    outer loop
      vertex -1.9411428382689055 -7.244443697168013 41.12
      vertex -1.9411428382689055 -7.244443697168013 61.62
      vertex -3.75 -6.495190528383289 61.62
    endloop
  endfacet
  facet normal 0 0 1
    outer loop
      vertex -7.262294101578314 -1.8055555555555556 61.62
      vertex -1.9411428382689055 -7.244443697168013 61.62
      vertex 0 -7.5 61.62
    endloop
  endfacet
  facet normal 0 0 1
    outer loop
      vertex -7.262294101578314 -1.8055555555555556 61.62
      vertex 0 -7.5 61.62
      vertex 1.9411428382689055 -7.244443697168013 61.62
    endloop
  endfacet
  facet normal 0 0 1
    outer loop
      vertex -7.262294101578314 -1.8055555555555556 61.62
      vertex 1.9411428382689055 -7.244443697168013 61.62
      vertex 3.75 -6.495190528383289 61.62
    endloop
  endfacet
  facet normal 0 0 -1
    outer loop
      vertex -7.244443697168013 -0.6169674922469098 39.12
      vertex -7.5 0 39.12
      vertex -7.244443697168013 0.9537491063634342 39.12
    endloop
  endfacet
  facet normal 0 0 -1
    outer loop
      vertex -3.75 6.495190528383289 39.12
      vertex -1.9411428382689055 7.244443697168013 39.12
      vertex -1.9772479687893572 6.970198003526813 39.12
    endloop
  endfacet
  facet normal -0.3826834323650902 0.9238795325112865 0
    outer loop
      vertex -3.75 6.495190528383289 39.12
      vertex -1.9411428382689055 7.244443697168013 41.12
      vertex -1.9411428382689055 7.244443697168013 39.12
    endloop
  endfacet
  facet normal -0.9914448613738105 0.13052619222005216 0
    outer loop
      vertex -7.262294101578314 1.8055555555555556 61.62
      vertex -7.244443697168013 1.9411428382689055 61.62
      vertex -7.244443697168013 1.9411428382689055 61.13188578223194
    endloop
  endfacet
  facet normal -0.9238795325112866 0.3826834323650903 0
    outer loop
      vertex -7.244443697168013 1.9411428382689055 61.13188578223194
      vertex -7.244443697168013 1.9411428382689055 61.62
      vertex -6.495190528383289 3.75 61.62
    endloop
  endfacet
  facet normal -0.9238795325112865 0.3826834323650903 0
    outer loop
      vertex -7.244443697168013 1.9411428382689055 61.13188578223194
      vertex -6.495190528383289 3.75 61.62
      vertex -6.495190528383289 3.75 54.62
    endloop
  endfacet
  facet normal -0.7933533402912357 0.6087614290087199 0
    outer loop
      vertex -5.457721941462762 5.1020553860005435 49.75260061039804
      vertex -5.303300858899107 5.303300858899107 61.62
      vertex -5.303300858899107 5.303300858899107 48.822654590278646
    endloop
  endfacet
  facet normal -0.7933533402912355 0.6087614290087203 -1.1640569740665862e-17
    outer loop
      vertex -5.457721941462762 5.1020553860005435 49.75260061039804
      vertex -6.495190528383289 3.75 54.62
      vertex -5.303300858899107 5.303300858899107 61.62
    endloop
  endfacet
  facet normal -0.6087614290087205 0.7933533402912352 0
    outer loop
      vertex -5.303300858899107 5.303300858899107 48.822654590278646
      vertex -5.303300858899107 5.303300858899107 61.62
      vertex -4.227771575905914 6.128583504101444 45.308354351523754
    endloop
  endfacet
  facet normal -0.6087614290087197 0.7933533402912359 0
    outer loop
      vertex -3.75 6.495190528383289 41.12
      vertex -4.227771575905914 6.128583504101444 45.308354351523754
      vertex -3.75 6.495190528383289 61.62
    endloop
  endfacet
  facet normal -0.6087614290087203 0.7933533402912355 3.128715207590742e-17
    outer loop
      vertex -4.227771575905914 6.128583504101444 45.308354351523754
      vertex -5.303300858899107 5.303300858899107 61.62
      vertex -3.75 6.495190528383289 61.62
    endloop
  endfacet
  facet normal -0.7933533402912355 0.6087614290087203 0
    outer loop
      vertex -6.495190528383289 3.75 54.62
      vertex -6.495190528383289 3.75 61.62
      vertex -5.303300858899107 5.303300858899107 61.62
    endloop
  endfacet
  facet normal 0 0 1
    outer loop
      vertex -7.262294101578314 1.8055555555555556 61.62
      vertex 7.262294101578314 1.8055555555555556 61.62
      vertex -7.244443697168013 1.9411428382689055 61.62
    endloop
  endfacet
  facet normal 0 0 1
    outer loop
      vertex -7.244443697168013 1.9411428382689055 61.62
      vertex 7.262294101578314 1.8055555555555556 61.62
      vertex -6.495190528383289 3.75 61.62
    endloop
  endfacet
  facet normal -0.3826834323650902 0.9238795325112864 0
    outer loop
      vertex -3.75 6.495190528383289 41.12
      vertex -1.9411428382689055 7.244443697168013 61.62
      vertex -1.9411428382689055 7.244443697168013 41.12
    endloop
  endfacet
  facet normal -0.3826834323650902 0.9238795325112864 0
    outer loop
      vertex -3.75 6.495190528383289 41.12
      vertex -3.75 6.495190528383289 61.62
      vertex -1.9411428382689055 7.244443697168013 61.62
    endloop
  endfacet
  facet normal 0 0 1
    outer loop
      vertex -6.495190528383289 3.75 61.62
      vertex 7.262294101578314 1.8055555555555556 61.62
      vertex -5.303300858899107 5.303300858899107 61.62
    endloop
  endfacet
  facet normal 0 0 1
    outer loop
      vertex -5.303300858899107 5.303300858899107 61.62
      vertex 7.262294101578314 1.8055555555555556 61.62
      vertex -3.75 6.495190528383289 61.62
    endloop
  endfacet
  facet normal -0.13052619222005138 0.9914448613738105 0
    outer loop
      vertex -1.9411428382689055 7.244443697168013 41.12
      vertex 0 7.5 61.62
      vertex 0 7.5 41.12
    endloop
  endfacet
  facet normal -0.13052619222005138 0.9914448613738105 0
    outer loop
      vertex -1.9411428382689055 7.244443697168013 41.12
      vertex -1.9411428382689055 7.244443697168013 61.62
      vertex 0 7.5 61.62
    endloop
  endfacet
  facet normal 0 0 -1
    outer loop
      vertex 1.9411428382689055 -7.244443697168013 39.12
      vertex 1.9772479687893572 -6.970198003526813 39.12
      vertex 3.75 -6.495190528383289 39.12
    endloop
  endfacet
  facet normal 0.3826834323650902 -0.9238795325112865 0
    outer loop
      vertex 1.9411428382689055 -7.244443697168013 39.12
      vertex 3.75 -6.495190528383289 39.12
      vertex 1.9411428382689055 -7.244443697168013 41.12
    endloop
  endfacet
  facet normal 0.13052619222005138 -0.9914448613738105 0
    outer loop
      vertex 0 -7.5 41.12
      vertex 1.9411428382689055 -7.244443697168013 41.12
      vertex 0 -7.5 61.62
    endloop
  endfacet
  facet normal 0.13052619222005138 -0.9914448613738105 0
    outer loop
      vertex 1.9411428382689055 -7.244443697168013 41.12
      vertex 1.9411428382689055 -7.244443697168013 61.62
      vertex 0 -7.5 61.62
    endloop
  endfacet
  facet normal 0.3826834323650902 -0.9238795325112864 0
    outer loop
      vertex 1.9411428382689055 -7.244443697168013 41.12
      vertex 3.75 -6.495190528383289 41.12
      vertex 1.9411428382689055 -7.244443697168013 61.62
    endloop
  endfacet
  facet normal 0.3826834323650902 -0.9238795325112864 0
    outer loop
      vertex 3.75 -6.495190528383289 41.12
      vertex 3.75 -6.495190528383289 61.62
      vertex 1.9411428382689055 -7.244443697168013 61.62
    endloop
  endfacet
  facet normal 0 0 1
    outer loop
      vertex -7.262294101578314 -1.8055555555555556 61.62
      vertex 3.75 -6.495190528383289 61.62
      vertex 5.303300858899107 -5.303300858899107 61.62
    endloop
  endfacet
  facet normal 0 0 1
    outer loop
      vertex -7.262294101578314 -1.8055555555555556 61.62
      vertex 5.303300858899107 -5.303300858899107 61.62
      vertex 6.495190528383289 -3.75 61.62
    endloop
  endfacet
  facet normal 0 0 1
    outer loop
      vertex -7.262294101578314 -1.8055555555555556 61.62
      vertex 6.495190528383289 -3.75 61.62
      vertex 7.244443697168013 -1.9411428382689055 61.62
    endloop
  endfacet
  facet normal 0 0 1
    outer loop
      vertex -7.262294101578314 -1.8055555555555556 61.62
      vertex 7.244443697168013 -1.9411428382689055 61.62
      vertex 7.262294101578314 -1.8055555555555556 61.62
    endloop
  endfacet
  facet normal 0.6087614290087197 -0.7933533402912359 0
    outer loop
      vertex 3.75 -6.495190528383289 41.12
      vertex 4.227771575905914 -6.128583504101444 45.308354351523754
      vertex 3.75 -6.495190528383289 61.62
    endloop
  endfacet
  facet normal 0.6087614290087207 -0.7933533402912353 0
    outer loop
      vertex 4.227771575905914 -6.128583504101444 45.308354351523754
      vertex 5.303300858899107 -5.303300858899107 48.822654590278646
      vertex 5.303300858899107 -5.303300858899107 61.62
    endloop
  endfacet
  facet normal 0.6087614290087203 -0.7933533402912355 3.128715207590742e-17
    outer loop
      vertex 4.227771575905914 -6.128583504101444 45.308354351523754
      vertex 5.303300858899107 -5.303300858899107 61.62
      vertex 3.75 -6.495190528383289 61.62
    endloop
  endfacet
  facet normal 0.7933533402912357 -0.6087614290087199 0
    outer loop
      vertex 5.303300858899107 -5.303300858899107 48.822654590278646
      vertex 5.457721941462762 -5.1020553860005435 49.75260061039804
      vertex 5.303300858899107 -5.303300858899107 61.62
    endloop
  endfacet
  facet normal 0.7933533402912355 -0.6087614290087203 -1.1640569740665862e-17
    outer loop
      vertex 5.457721941462762 -5.1020553860005435 49.75260061039804
      vertex 6.495190528383289 -3.75 54.62
      vertex 5.303300858899107 -5.303300858899107 61.62
    endloop
  endfacet
  facet normal 0.7933533402912355 -0.6087614290087203 0
    outer loop
      vertex 5.303300858899107 -5.303300858899107 61.62
      vertex 6.495190528383289 -3.75 54.62
      vertex 6.495190528383289 -3.75 61.62
    endloop
  endfacet
  facet normal 0.9238795325112865 -0.3826834323650902 0
    outer loop
      vertex 6.495190528383289 -3.75 54.62
      vertex 7.244443697168013 -1.9411428382689055 61.13188578223194
      vertex 6.495190528383289 -3.75 61.62
    endloop
  endfacet
  facet normal 0.9238795325112866 -0.3826834323650903 0
    outer loop
      vertex 6.495190528383289 -3.75 61.62
      vertex 7.244443697168013 -1.9411428382689055 61.13188578223194
      vertex 7.244443697168013 -1.9411428382689055 61.62
    endloop
  endfacet
  facet normal 0.9914448613738105 -0.13052619222005216 0
    outer loop
      vertex 7.244443697168013 -1.9411428382689055 61.13188578223194
      vertex 7.262294101578314 -1.8055555555555556 61.62
      vertex 7.244443697168013 -1.9411428382689055 61.62
    endloop
  endfacet
  facet normal 0.3826834323650902 0.9238795325112865 0
    outer loop
      vertex 1.9411428382689055 7.244443697168013 39.12
      vertex 1.9411428382689055 7.244443697168013 41.12
      vertex 3.75 6.495190528383289 39.12
    endloop
  endfacet
  facet normal 0 0 -1
    outer loop
      vertex 7.244443697168013 -0.6169674922469098 39.12
      vertex 7.244443697168013 0.6169674922469098 39.12
      vertex 7.5 0 39.12
    endloop
  endfacet
  facet normal 0.3826834323650902 0.9238795325112864 0
    outer loop
      vertex 1.9411428382689055 7.244443697168013 41.12
      vertex 3.75 6.495190528383289 61.62
      vertex 3.75 6.495190528383289 41.12
    endloop
  endfacet
  facet normal 0.3826834323650902 0.9238795325112864 0
    outer loop
      vertex 1.9411428382689055 7.244443697168013 41.12
      vertex 1.9411428382689055 7.244443697168013 61.62
      vertex 3.75 6.495190528383289 61.62
    endloop
  endfacet
  facet normal 0 0 1
    outer loop
      vertex -3.75 6.495190528383289 61.62
      vertex 7.262294101578314 1.8055555555555556 61.62
      vertex -1.9411428382689055 7.244443697168013 61.62
    endloop
  endfacet
  facet normal 0 0 1
    outer loop
      vertex -1.9411428382689055 7.244443697168013 61.62
      vertex 7.262294101578314 1.8055555555555556 61.62
      vertex 0 7.5 61.62
    endloop
  endfacet
  facet normal 0 0 1
    outer loop
      vertex 0 7.5 61.62
      vertex 7.262294101578314 1.8055555555555556 61.62
      vertex 1.9411428382689055 7.244443697168013 61.62
    endloop
  endfacet
  facet normal 0.9238795325112866 0.3826834323650899 0
    outer loop
      vertex 6.495190528383289 3.75 54.62
      vertex 7.244443697168013 1.9411428382689055 61.62
      vertex 7.244443697168013 1.9411428382689055 61.13188578223194
    endloop
  endfacet
  facet normal 0 0 1
    outer loop
      vertex 6.495190528383289 3.75 61.62
      vertex 7.262294101578314 1.8055555555555556 61.62
      vertex 7.244443697168013 1.9411428382689055 61.62
    endloop
  endfacet
  facet normal 0.9238795325112865 0.3826834323650902 0
    outer loop
      vertex 6.495190528383289 3.75 54.62
      vertex 6.495190528383289 3.75 61.62
      vertex 7.244443697168013 1.9411428382689055 61.62
    endloop
  endfacet
  facet normal 0.6087614290087205 0.7933533402912353 4.582081695442352e-17
    outer loop
      vertex 5.303300858899107 5.303300858899107 48.822654590278646
      vertex 4.227771575905914 6.128583504101444 45.308354351523754
      vertex 3.75 6.495190528383289 61.62
    endloop
  endfacet
  facet normal 0.6087614290087197 0.7933533402912359 0
    outer loop
      vertex 3.75 6.495190528383289 41.12
      vertex 3.75 6.495190528383289 61.62
      vertex 4.227771575905914 6.128583504101444 45.308354351523754
    endloop
  endfacet
  facet normal 0.6087614290087203 0.7933533402912354 0
    outer loop
      vertex 5.303300858899107 5.303300858899107 48.822654590278646
      vertex 3.75 6.495190528383289 61.62
      vertex 5.303300858899107 5.303300858899107 61.62
    endloop
  endfacet
  facet normal 0.7933533402912355 0.6087614290087203 0
    outer loop
      vertex 5.457721941462762 5.1020553860005435 49.75260061039804
      vertex 6.495190528383289 3.75 61.62
      vertex 6.495190528383289 3.75 54.62
    endloop
  endfacet
  facet normal 0.7933533402912357 0.6087614290087199 0
    outer loop
      vertex 5.303300858899107 5.303300858899107 48.822654590278646
      vertex 5.303300858899107 5.303300858899107 61.62
      vertex 5.457721941462762 5.1020553860005435 49.75260061039804
    endloop
  endfacet
  facet normal 0.7933533402912355 0.6087614290087203 -1.0750985141263272e-17
    outer loop
      vertex 5.457721941462762 5.1020553860005435 49.75260061039804
      vertex 5.303300858899107 5.303300858899107 61.62
      vertex 6.495190528383289 3.75 61.62
    endloop
  endfacet
  facet normal 0 0 1
    outer loop
      vertex 1.9411428382689055 7.244443697168013 61.62
      vertex 7.262294101578314 1.8055555555555556 61.62
      vertex 3.75 6.495190528383289 61.62
    endloop
  endfacet
  facet normal 0 0 1
    outer loop
      vertex 5.303300858899107 5.303300858899107 61.62
      vertex 3.75 6.495190528383289 61.62
      vertex 7.262294101578314 1.8055555555555556 61.62
    endloop
  endfacet
  facet normal 0 0 1
    outer loop
      vertex 5.303300858899107 5.303300858899107 61.62
      vertex 7.262294101578314 1.8055555555555556 61.62
      vertex 6.495190528383289 3.75 61.62
    endloop
  endfacet
  facet normal 0.13052619222005138 0.9914448613738105 0
    outer loop
      vertex 0 7.5 41.12
      vertex 1.9411428382689055 7.244443697168013 61.62
      vertex 1.9411428382689055 7.244443697168013 41.12
    endloop
  endfacet
  facet normal 0.13052619222005138 0.9914448613738105 0
    outer loop
      vertex 0 7.5 41.12
      vertex 0 7.5 61.62
      vertex 1.9411428382689055 7.244443697168013 61.62
    endloop
  endfacet
  facet normal 0.9914448613738105 0.13052619222005216 0
    outer loop
      vertex 7.262294101578314 1.8055555555555556 61.62
      vertex 7.244443697168013 1.9411428382689055 61.13188578223194
      vertex 7.244443697168013 1.9411428382689055 61.62
    endloop
  endfacet
  facet normal 0.9914448613738116 0 0.13052619222004314
    outer loop
      vertex 9.162481591082024 -1.25 76.33529905038722
      vertex 9.162481591082024 1.25 76.33529905038722
      vertex 9.125 -1.25 76.62
    endloop
  endfacet
  facet normal 0.9238795325112863 0 0.38268343236509095
    outer loop
      vertex 9.272372055837117 -1.25 76.07
      vertex 9.272372055837117 1.25 76.07
      vertex 9.162481591082024 -1.25 76.33529905038722
    endloop
  endfacet
  facet normal 0.9914448613738107 0 -0.13052619222004952
    outer loop
      vertex 9.125 -1.25 76.62
      vertex 9.125 1.25 76.62
      vertex 9.162481591082024 -1.25 76.90470094961277
    endloop
  endfacet
  facet normal 0.9238795325112863 0 -0.38268343236509095
    outer loop
      vertex 9.162481591082024 -1.25 76.90470094961277
      vertex 9.162481591082024 1.25 76.90470094961277
      vertex 9.272372055837117 -1.25 77.17
    endloop
  endfacet
  facet normal 0.7933533402912325 0 -0.6087614290087242
    outer loop
      vertex 9.272372055837117 -1.25 77.17
      vertex 9.272372055837117 1.25 77.17
      vertex 9.447182540694797 -1.25 77.3978174593052
    endloop
  endfacet
  facet normal 0.7933533402912325 0 0.6087614290087242
    outer loop
      vertex 9.447182540694797 -1.25 75.8421825406948
      vertex 9.447182540694797 1.25 75.8421825406948
      vertex 9.272372055837117 -1.25 76.07
    endloop
  endfacet
  facet normal 0.6087614290087057 0 0.7933533402912466
    outer loop
      vertex 9.447182540694797 -1.25 75.8421825406948
      vertex 9.674999999999999 -1.25 75.66737205583712
      vertex 9.674999999999999 1.25 75.66737205583712
    endloop
  endfacet
  facet normal 0.6087614290087057 0 -0.7933533402912466
    outer loop
      vertex 9.447182540694797 -1.25 77.3978174593052
      vertex 9.447182540694797 1.25 77.3978174593052
      vertex 9.674999999999999 -1.25 77.57262794416287
    endloop
  endfacet
  facet normal 0.3826834323651015 0 -0.9238795325112819
    outer loop
      vertex 9.940299050387226 -1.25 77.68251840891797
      vertex 9.674999999999999 -1.25 77.57262794416287
      vertex 9.674999999999999 1.25 77.57262794416287
    endloop
  endfacet
  facet normal 0.3826834323651015 0 0.9238795325112819
    outer loop
      vertex 9.674999999999999 -1.25 75.66737205583712
      vertex 9.940299050387226 -1.25 75.55748159108202
      vertex 9.940299050387226 1.25 75.55748159108202
    endloop
  endfacet
  facet normal 0.13052619222006007 0 0.9914448613738093
    outer loop
      vertex 9.940299050387226 -1.25 75.55748159108202
      vertex 10.225 -1.25 75.52
      vertex 10.225 1.25 75.52
    endloop
  endfacet
  facet normal 0.13052619222006007 0 -0.9914448613738093
    outer loop
      vertex 10.225 -1.25 77.72
      vertex 9.940299050387226 -1.25 77.68251840891797
      vertex 9.940299050387226 1.25 77.68251840891797
    endloop
  endfacet
  facet normal -0.13052619222006007 0 0.9914448613738093
    outer loop
      vertex 10.225 -1.25 75.52
      vertex 10.509700949612773 -1.25 75.55748159108202
      vertex 10.509700949612773 1.25 75.55748159108202
    endloop
  endfacet
  facet normal -0.13052619222006007 0 -0.9914448613738093
    outer loop
      vertex 10.509700949612773 -1.25 77.68251840891797
      vertex 10.225 -1.25 77.72
      vertex 10.225 1.25 77.72
    endloop
  endfacet
  facet normal -0.3826834323651015 0 -0.9238795325112819
    outer loop
      vertex 10.775 -1.25 77.57262794416287
      vertex 10.509700949612773 -1.25 77.68251840891797
      vertex 10.509700949612773 1.25 77.68251840891797
    endloop
  endfacet
  facet normal -0.3826834323651015 0 0.9238795325112819
    outer loop
      vertex 10.509700949612773 -1.25 75.55748159108202
      vertex 10.775 -1.25 75.66737205583712
      vertex 10.775 1.25 75.66737205583712
    endloop
  endfacet
  facet normal -0.6087614290087057 0 0.7933533402912466
    outer loop
      vertex 10.775 -1.25 75.66737205583712
      vertex 11.002817459305202 -1.25 75.8421825406948
      vertex 11.002817459305202 1.25 75.8421825406948
    endloop
  endfacet
  facet normal -0.6087614290087057 0 -0.7933533402912466
    outer loop
      vertex 11.002817459305202 -1.25 77.3978174593052
      vertex 10.775 -1.25 77.57262794416287
      vertex 10.775 1.25 77.57262794416287
    endloop
  endfacet
  facet normal -0.7933533402912325 0 -0.6087614290087242
    outer loop
      vertex 11.002817459305202 -1.25 77.3978174593052
      vertex 11.002817459305202 1.25 77.3978174593052
      vertex 11.177627944162882 -1.25 77.17
    endloop
  endfacet
  facet normal -0.7933533402912325 0 0.6087614290087242
    outer loop
      vertex 11.177627944162882 -1.25 76.07
      vertex 11.177627944162882 1.25 76.07
      vertex 11.002817459305202 -1.25 75.8421825406948
    endloop
  endfacet
  facet normal -0.9238795325112863 0 0.38268343236509095
    outer loop
      vertex 11.287518408917975 -1.25 76.33529905038722
      vertex 11.287518408917975 1.25 76.33529905038722
      vertex 11.177627944162882 -1.25 76.07
    endloop
  endfacet
  facet normal -0.9914448613738116 0 0.13052619222004314
    outer loop
      vertex 11.325 -1.25 76.62
      vertex 11.325 1.25 76.62
      vertex 11.287518408917975 -1.25 76.33529905038722
    endloop
  endfacet
  facet normal -0.9238795325112863 0 -0.38268343236509095
    outer loop
      vertex 11.177627944162882 -1.25 77.17
      vertex 11.177627944162882 1.25 77.17
      vertex 11.287518408917975 -1.25 76.90470094961277
    endloop
  endfacet
  facet normal -0.9914448613738107 0 -0.13052619222004952
    outer loop
      vertex 11.287518408917975 -1.25 76.90470094961277
      vertex 11.287518408917975 1.25 76.90470094961277
      vertex 11.325 -1.25 76.62
    endloop
  endfacet
  facet normal 0.9914448613738116 0 0.13052619222004314
    outer loop
      vertex 9.125 -1.25 76.62
      vertex 9.162481591082024 1.25 76.33529905038722
      vertex 9.125 1.25 76.62
    endloop
  endfacet
  facet normal 0.9238795325112863 0 0.38268343236509095
    outer loop
      vertex 9.162481591082024 -1.25 76.33529905038722
      vertex 9.272372055837117 1.25 76.07
      vertex 9.162481591082024 1.25 76.33529905038722
    endloop
  endfacet
  facet normal 0.7933533402912325 0 0.6087614290087242
    outer loop
      vertex 9.272372055837117 -1.25 76.07
      vertex 9.447182540694797 1.25 75.8421825406948
      vertex 9.272372055837117 1.25 76.07
    endloop
  endfacet
  facet normal 0.9914448613738107 0 -0.13052619222004952
    outer loop
      vertex 9.162481591082024 -1.25 76.90470094961277
      vertex 9.125 1.25 76.62
      vertex 9.162481591082024 1.25 76.90470094961277
    endloop
  endfacet
  facet normal 0.9238795325112863 0 -0.38268343236509095
    outer loop
      vertex 9.272372055837117 -1.25 77.17
      vertex 9.162481591082024 1.25 76.90470094961277
      vertex 9.272372055837117 1.25 77.17
    endloop
  endfacet
  facet normal 0.6087614290087057 0 0.7933533402912466
    outer loop
      vertex 9.447182540694797 -1.25 75.8421825406948
      vertex 9.674999999999999 1.25 75.66737205583712
      vertex 9.447182540694797 1.25 75.8421825406948
    endloop
  endfacet
  facet normal 0.3826834323651015 0 0.9238795325112819
    outer loop
      vertex 9.674999999999999 -1.25 75.66737205583712
      vertex 9.940299050387226 1.25 75.55748159108202
      vertex 9.674999999999999 1.25 75.66737205583712
    endloop
  endfacet
  facet normal 0.7933533402912325 0 -0.6087614290087242
    outer loop
      vertex 9.447182540694797 -1.25 77.3978174593052
      vertex 9.272372055837117 1.25 77.17
      vertex 9.447182540694797 1.25 77.3978174593052
    endloop
  endfacet
  facet normal 0.6087614290087057 0 -0.7933533402912466
    outer loop
      vertex 9.674999999999999 -1.25 77.57262794416287
      vertex 9.447182540694797 1.25 77.3978174593052
      vertex 9.674999999999999 1.25 77.57262794416287
    endloop
  endfacet
  facet normal 0.13052619222006007 0 0.9914448613738093
    outer loop
      vertex 9.940299050387226 -1.25 75.55748159108202
      vertex 10.225 1.25 75.52
      vertex 9.940299050387226 1.25 75.55748159108202
    endloop
  endfacet
  facet normal 0.3826834323651015 0 -0.9238795325112819
    outer loop
      vertex 9.940299050387226 -1.25 77.68251840891797
      vertex 9.674999999999999 1.25 77.57262794416287
      vertex 9.940299050387226 1.25 77.68251840891797
    endloop
  endfacet
  facet normal 0.13052619222006007 0 -0.9914448613738093
    outer loop
      vertex 10.225 -1.25 77.72
      vertex 9.940299050387226 1.25 77.68251840891797
      vertex 10.225 1.25 77.72
    endloop
  endfacet
  facet normal -0.13052619222006007 0 0.9914448613738093
    outer loop
      vertex 10.225 -1.25 75.52
      vertex 10.509700949612773 1.25 75.55748159108202
      vertex 10.225 1.25 75.52
    endloop
  endfacet
  facet normal -0.3826834323651015 0 0.9238795325112819
    outer loop
      vertex 10.509700949612773 -1.25 75.55748159108202
      vertex 10.775 1.25 75.66737205583712
      vertex 10.509700949612773 1.25 75.55748159108202
    endloop
  endfacet
  facet normal -0.13052619222006007 0 -0.9914448613738093
    outer loop
      vertex 10.509700949612773 -1.25 77.68251840891797
      vertex 10.225 1.25 77.72
      vertex 10.509700949612773 1.25 77.68251840891797
    endloop
  endfacet
  facet normal -0.6087614290087057 0 0.7933533402912466
    outer loop
      vertex 10.775 -1.25 75.66737205583712
      vertex 11.002817459305202 1.25 75.8421825406948
      vertex 10.775 1.25 75.66737205583712
    endloop
  endfacet
  facet normal -0.7933533402912325 0 0.6087614290087242
    outer loop
      vertex 11.002817459305202 -1.25 75.8421825406948
      vertex 11.177627944162882 1.25 76.07
      vertex 11.002817459305202 1.25 75.8421825406948
    endloop
  endfacet
  facet normal -0.3826834323651015 0 -0.9238795325112819
    outer loop
      vertex 10.775 -1.25 77.57262794416287
      vertex 10.509700949612773 1.25 77.68251840891797
      vertex 10.775 1.25 77.57262794416287
    endloop
  endfacet
  facet normal -0.6087614290087057 0 -0.7933533402912466
    outer loop
      vertex 11.002817459305202 -1.25 77.3978174593052
      vertex 10.775 1.25 77.57262794416287
      vertex 11.002817459305202 1.25 77.3978174593052
    endloop
  endfacet
  facet normal -0.9238795325112863 0 0.38268343236509095
    outer loop
      vertex 11.177627944162882 -1.25 76.07
      vertex 11.287518408917975 1.25 76.33529905038722
      vertex 11.177627944162882 1.25 76.07
    endloop
  endfacet
  facet normal -0.9914448613738116 0 0.13052619222004314
    outer loop
      vertex 11.287518408917975 -1.25 76.33529905038722
      vertex 11.325 1.25 76.62
      vertex 11.287518408917975 1.25 76.33529905038722
    endloop
  endfacet
  facet normal -0.7933533402912325 0 -0.6087614290087242
    outer loop
      vertex 11.177627944162882 -1.25 77.17
      vertex 11.002817459305202 1.25 77.3978174593052
      vertex 11.177627944162882 1.25 77.17
    endloop
  endfacet
  facet normal -0.9914448613738107 0 -0.13052619222004952
    outer loop
      vertex 11.325 -1.25 76.62
      vertex 11.287518408917975 1.25 76.90470094961277
      vertex 11.325 1.25 76.62
    endloop
  endfacet
  facet normal -0.9238795325112863 0 -0.38268343236509095
    outer loop
      vertex 11.287518408917975 -1.25 76.90470094961277
      vertex 11.177627944162882 1.25 77.17
      vertex 11.287518408917975 1.25 76.90470094961277
    endloop
  endfacet
  facet normal 0.9914448613738116 0 0.13052619222004314
    outer loop
      vertex -11.287518408917975 -1.25 76.33529905038722
      vertex -11.287518408917975 1.25 76.33529905038722
      vertex -11.325 -1.25 76.62
    endloop
  endfacet
  facet normal 0.9238795325112863 0 0.38268343236509095
    outer loop
      vertex -11.177627944162882 -1.25 76.07
      vertex -11.177627944162882 1.25 76.07
      vertex -11.287518408917975 -1.25 76.33529905038722
    endloop
  endfacet
  facet normal 0.9914448613738107 0 -0.13052619222004952
    outer loop
      vertex -11.325 -1.25 76.62
      vertex -11.325 1.25 76.62
      vertex -11.287518408917975 -1.25 76.90470094961277
    endloop
  endfacet
  facet normal 0.9238795325112863 0 -0.38268343236509095
    outer loop
      vertex -11.287518408917975 -1.25 76.90470094961277
      vertex -11.287518408917975 1.25 76.90470094961277
      vertex -11.177627944162882 -1.25 77.17
    endloop
  endfacet
  facet normal 0.7933533402912325 0 -0.6087614290087242
    outer loop
      vertex -11.177627944162882 -1.25 77.17
      vertex -11.177627944162882 1.25 77.17
      vertex -11.002817459305202 -1.25 77.3978174593052
    endloop
  endfacet
  facet normal 0.7933533402912325 0 0.6087614290087242
    outer loop
      vertex -11.177627944162882 -1.25 76.07
      vertex -11.002817459305202 -1.25 75.8421825406948
      vertex -11.002817459305202 1.25 75.8421825406948
    endloop
  endfacet
  facet normal 0.6087614290087057 0 0.7933533402912466
    outer loop
      vertex -11.002817459305202 -1.25 75.8421825406948
      vertex -10.775 -1.25 75.66737205583712
      vertex -10.775 1.25 75.66737205583712
    endloop
  endfacet
  facet normal 0.6087614290087057 0 -0.7933533402912466
    outer loop
      vertex -11.002817459305202 -1.25 77.3978174593052
      vertex -11.002817459305202 1.25 77.3978174593052
      vertex -10.775 -1.25 77.57262794416287
    endloop
  endfacet
  facet normal 0.3826834323651015 0 -0.9238795325112819
    outer loop
      vertex -10.509700949612773 -1.25 77.68251840891797
      vertex -10.775 -1.25 77.57262794416287
      vertex -10.775 1.25 77.57262794416287
    endloop
  endfacet
  facet normal 0.3826834323651015 0 0.9238795325112819
    outer loop
      vertex -10.775 -1.25 75.66737205583712
      vertex -10.509700949612773 -1.25 75.55748159108202
      vertex -10.509700949612773 1.25 75.55748159108202
    endloop
  endfacet
  facet normal 0.13052619222006007 0 0.9914448613738093
    outer loop
      vertex -10.509700949612773 -1.25 75.55748159108202
      vertex -10.225 -1.25 75.52
      vertex -10.225 1.25 75.52
    endloop
  endfacet
  facet normal 0.13052619222006007 0 -0.9914448613738093
    outer loop
      vertex -10.225 -1.25 77.72
      vertex -10.509700949612773 -1.25 77.68251840891797
      vertex -10.509700949612773 1.25 77.68251840891797
    endloop
  endfacet
  facet normal -0.13052619222006007 0 0.9914448613738093
    outer loop
      vertex -10.225 -1.25 75.52
      vertex -9.940299050387226 -1.25 75.55748159108202
      vertex -9.940299050387226 1.25 75.55748159108202
    endloop
  endfacet
  facet normal -0.13052619222006007 0 -0.9914448613738093
    outer loop
      vertex -9.940299050387226 -1.25 77.68251840891797
      vertex -10.225 -1.25 77.72
      vertex -10.225 1.25 77.72
    endloop
  endfacet
  facet normal -0.3826834323651015 0 -0.9238795325112819
    outer loop
      vertex -9.674999999999999 -1.25 77.57262794416287
      vertex -9.940299050387226 -1.25 77.68251840891797
      vertex -9.940299050387226 1.25 77.68251840891797
    endloop
  endfacet
  facet normal -0.3826834323651015 0 0.9238795325112819
    outer loop
      vertex -9.940299050387226 -1.25 75.55748159108202
      vertex -9.674999999999999 -1.25 75.66737205583712
      vertex -9.674999999999999 1.25 75.66737205583712
    endloop
  endfacet
  facet normal -0.6087614290087057 0 0.7933533402912466
    outer loop
      vertex -9.674999999999999 -1.25 75.66737205583712
      vertex -9.447182540694797 -1.25 75.8421825406948
      vertex -9.447182540694797 1.25 75.8421825406948
    endloop
  endfacet
  facet normal -0.6087614290087057 0 -0.7933533402912466
    outer loop
      vertex -9.447182540694797 -1.25 77.3978174593052
      vertex -9.674999999999999 -1.25 77.57262794416287
      vertex -9.674999999999999 1.25 77.57262794416287
    endloop
  endfacet
  facet normal -0.7933533402912325 0 -0.6087614290087242
    outer loop
      vertex -9.447182540694797 -1.25 77.3978174593052
      vertex -9.447182540694797 1.25 77.3978174593052
      vertex -9.272372055837117 -1.25 77.17
    endloop
  endfacet
  facet normal -0.7933533402912325 0 0.6087614290087242
    outer loop
      vertex -9.272372055837117 -1.25 76.07
      vertex -9.272372055837117 1.25 76.07
      vertex -9.447182540694797 -1.25 75.8421825406948
    endloop
  endfacet
  facet normal -0.9238795325112863 0 0.38268343236509095
    outer loop
      vertex -9.162481591082024 -1.25 76.33529905038722
      vertex -9.162481591082024 1.25 76.33529905038722
      vertex -9.272372055837117 -1.25 76.07
    endloop
  endfacet
  facet normal -0.9914448613738116 0 0.13052619222004314
    outer loop
      vertex -9.125 -1.25 76.62
      vertex -9.125 1.25 76.62
      vertex -9.162481591082024 -1.25 76.33529905038722
    endloop
  endfacet
  facet normal -0.9238795325112863 0 -0.38268343236509095
    outer loop
      vertex -9.272372055837117 -1.25 77.17
      vertex -9.272372055837117 1.25 77.17
      vertex -9.162481591082024 -1.25 76.90470094961277
    endloop
  endfacet
  facet normal -0.9914448613738107 0 -0.13052619222004952
    outer loop
      vertex -9.162481591082024 -1.25 76.90470094961277
      vertex -9.162481591082024 1.25 76.90470094961277
      vertex -9.125 -1.25 76.62
    endloop
  endfacet
  facet normal 0.9914448613738116 0 0.13052619222004314
    outer loop
      vertex -11.325 -1.25 76.62
      vertex -11.287518408917975 1.25 76.33529905038722
      vertex -11.325 1.25 76.62
    endloop
  endfacet
  facet normal 0.9238795325112863 0 0.38268343236509095
    outer loop
      vertex -11.287518408917975 -1.25 76.33529905038722
      vertex -11.177627944162882 1.25 76.07
      vertex -11.287518408917975 1.25 76.33529905038722
    endloop
  endfacet
  facet normal 0.7933533402912325 0 0.6087614290087242
    outer loop
      vertex -11.177627944162882 -1.25 76.07
      vertex -11.002817459305202 1.25 75.8421825406948
      vertex -11.177627944162882 1.25 76.07
    endloop
  endfacet
  facet normal 0.9914448613738107 0 -0.13052619222004952
    outer loop
      vertex -11.287518408917975 -1.25 76.90470094961277
      vertex -11.325 1.25 76.62
      vertex -11.287518408917975 1.25 76.90470094961277
    endloop
  endfacet
  facet normal 0.9238795325112863 0 -0.38268343236509095
    outer loop
      vertex -11.177627944162882 -1.25 77.17
      vertex -11.287518408917975 1.25 76.90470094961277
      vertex -11.177627944162882 1.25 77.17
    endloop
  endfacet
  facet normal 0.6087614290087057 0 0.7933533402912466
    outer loop
      vertex -11.002817459305202 -1.25 75.8421825406948
      vertex -10.775 1.25 75.66737205583712
      vertex -11.002817459305202 1.25 75.8421825406948
    endloop
  endfacet
  facet normal 0.3826834323651015 0 0.9238795325112819
    outer loop
      vertex -10.775 -1.25 75.66737205583712
      vertex -10.509700949612773 1.25 75.55748159108202
      vertex -10.775 1.25 75.66737205583712
    endloop
  endfacet
  facet normal 0.7933533402912325 0 -0.6087614290087242
    outer loop
      vertex -11.002817459305202 -1.25 77.3978174593052
      vertex -11.177627944162882 1.25 77.17
      vertex -11.002817459305202 1.25 77.3978174593052
    endloop
  endfacet
  facet normal 0.6087614290087057 0 -0.7933533402912466
    outer loop
      vertex -10.775 -1.25 77.57262794416287
      vertex -11.002817459305202 1.25 77.3978174593052
      vertex -10.775 1.25 77.57262794416287
    endloop
  endfacet
  facet normal 0.13052619222006007 0 0.9914448613738093
    outer loop
      vertex -10.509700949612773 -1.25 75.55748159108202
      vertex -10.225 1.25 75.52
      vertex -10.509700949612773 1.25 75.55748159108202
    endloop
  endfacet
  facet normal 0.3826834323651015 0 -0.9238795325112819
    outer loop
      vertex -10.509700949612773 -1.25 77.68251840891797
      vertex -10.775 1.25 77.57262794416287
      vertex -10.509700949612773 1.25 77.68251840891797
    endloop
  endfacet
  facet normal 0.13052619222006007 0 -0.9914448613738093
    outer loop
      vertex -10.225 -1.25 77.72
      vertex -10.509700949612773 1.25 77.68251840891797
      vertex -10.225 1.25 77.72
    endloop
  endfacet
  facet normal -0.13052619222006007 0 0.9914448613738093
    outer loop
      vertex -10.225 -1.25 75.52
      vertex -9.940299050387226 1.25 75.55748159108202
      vertex -10.225 1.25 75.52
    endloop
  endfacet
  facet normal -0.3826834323651015 0 0.9238795325112819
    outer loop
      vertex -9.940299050387226 -1.25 75.55748159108202
      vertex -9.674999999999999 1.25 75.66737205583712
      vertex -9.940299050387226 1.25 75.55748159108202
    endloop
  endfacet
  facet normal -0.13052619222006007 0 -0.9914448613738093
    outer loop
      vertex -9.940299050387226 -1.25 77.68251840891797
      vertex -10.225 1.25 77.72
      vertex -9.940299050387226 1.25 77.68251840891797
    endloop
  endfacet
  facet normal -0.6087614290087057 0 0.7933533402912466
    outer loop
      vertex -9.674999999999999 -1.25 75.66737205583712
      vertex -9.447182540694797 1.25 75.8421825406948
      vertex -9.674999999999999 1.25 75.66737205583712
    endloop
  endfacet
  facet normal -0.7933533402912325 0 0.6087614290087242
    outer loop
      vertex -9.447182540694797 -1.25 75.8421825406948
      vertex -9.272372055837117 1.25 76.07
      vertex -9.447182540694797 1.25 75.8421825406948
    endloop
  endfacet
  facet normal -0.3826834323651015 0 -0.9238795325112819
    outer loop
      vertex -9.674999999999999 -1.25 77.57262794416287
      vertex -9.940299050387226 1.25 77.68251840891797
      vertex -9.674999999999999 1.25 77.57262794416287
    endloop
  endfacet
  facet normal -0.6087614290087057 0 -0.7933533402912466
    outer loop
      vertex -9.447182540694797 -1.25 77.3978174593052
      vertex -9.674999999999999 1.25 77.57262794416287
      vertex -9.447182540694797 1.25 77.3978174593052
    endloop
  endfacet
  facet normal -0.9238795325112863 0 0.38268343236509095
    outer loop
      vertex -9.272372055837117 -1.25 76.07
      vertex -9.162481591082024 1.25 76.33529905038722
      vertex -9.272372055837117 1.25 76.07
    endloop
  endfacet
  facet normal -0.9914448613738116 0 0.13052619222004314
    outer loop
      vertex -9.162481591082024 -1.25 76.33529905038722
      vertex -9.125 1.25 76.62
      vertex -9.162481591082024 1.25 76.33529905038722
    endloop
  endfacet
  facet normal -0.7933533402912325 0 -0.6087614290087242
    outer loop
      vertex -9.272372055837117 -1.25 77.17
      vertex -9.447182540694797 1.25 77.3978174593052
      vertex -9.272372055837117 1.25 77.17
    endloop
  endfacet
  facet normal -0.9914448613738107 0 -0.13052619222004952
    outer loop
      vertex -9.125 -1.25 76.62
      vertex -9.162481591082024 1.25 76.90470094961277
      vertex -9.125 1.25 76.62
    endloop
  endfacet
  facet normal -0.9238795325112863 0 -0.38268343236509095
    outer loop
      vertex -9.162481591082024 -1.25 76.90470094961277
      vertex -9.272372055837117 1.25 77.17
      vertex -9.162481591082024 1.25 76.90470094961277
    endloop
  endfacet
  facet normal 0.6087614290087057 0 0.7933533402912466
    outer loop
      vertex 9.447182540694797 -1.25 89.71218254069478
      vertex 9.674999999999999 -1.25 89.53737205583711
      vertex 9.674999999999999 1.25 89.53737205583711
    endloop
  endfacet
  facet normal 0.9914448613738107 0 0.13052619222004952
    outer loop
      vertex 9.162481591082024 -1.25 90.20529905038723
      vertex 9.162481591082024 1.25 90.20529905038723
      vertex 9.125 -1.25 90.49
    endloop
  endfacet
  facet normal 0.9238795325112863 0 0.38268343236509095
    outer loop
      vertex 9.272372055837117 -1.25 89.94
      vertex 9.272372055837117 1.25 89.94
      vertex 9.162481591082024 -1.25 90.20529905038723
    endloop
  endfacet
  facet normal 0.9914448613738107 0 -0.13052619222004952
    outer loop
      vertex 9.125 -1.25 90.49
      vertex 9.125 1.25 90.49
      vertex 9.162481591082024 -1.25 90.77470094961276
    endloop
  endfacet
  facet normal 0.9238795325112863 0 -0.38268343236509095
    outer loop
      vertex 9.162481591082024 -1.25 90.77470094961276
      vertex 9.162481591082024 1.25 90.77470094961276
      vertex 9.272372055837117 -1.25 91.03999999999999
    endloop
  endfacet
  facet normal 0.7933533402912508 0 -0.6087614290087003
    outer loop
      vertex 9.272372055837117 -1.25 91.03999999999999
      vertex 9.272372055837117 1.25 91.03999999999999
      vertex 9.447182540694797 -1.25 91.2678174593052
    endloop
  endfacet
  facet normal 0.7933533402912508 0 0.6087614290087003
    outer loop
      vertex 9.272372055837117 -1.25 89.94
      vertex 9.447182540694797 -1.25 89.71218254069478
      vertex 9.447182540694797 1.25 89.71218254069478
    endloop
  endfacet
  facet normal 0.6087614290087057 0 -0.7933533402912466
    outer loop
      vertex 9.447182540694797 -1.25 91.2678174593052
      vertex 9.447182540694797 1.25 91.2678174593052
      vertex 9.674999999999999 -1.25 91.44262794416288
    endloop
  endfacet
  facet normal 0.38268343236505925 0 -0.9238795325112993
    outer loop
      vertex 9.940299050387226 -1.25 91.55251840891796
      vertex 9.674999999999999 -1.25 91.44262794416288
      vertex 9.674999999999999 1.25 91.44262794416288
    endloop
  endfacet
  facet normal 0.38268343236505925 0 0.9238795325112993
    outer loop
      vertex 9.674999999999999 -1.25 89.53737205583711
      vertex 9.940299050387226 -1.25 89.42748159108203
      vertex 9.940299050387226 1.25 89.42748159108203
    endloop
  endfacet
  facet normal 0.13052619222010872 0 0.9914448613738028
    outer loop
      vertex 9.940299050387226 -1.25 89.42748159108203
      vertex 10.225 -1.25 89.38999999999999
      vertex 10.225 1.25 89.38999999999999
    endloop
  endfacet
  facet normal -0.13052619222010872 0 0.9914448613738028
    outer loop
      vertex 10.225 -1.25 89.38999999999999
      vertex 10.509700949612773 -1.25 89.42748159108203
      vertex 10.509700949612773 1.25 89.42748159108203
    endloop
  endfacet
  facet normal 0.13052619222010872 0 -0.9914448613738028
    outer loop
      vertex 10.225 -1.25 91.59
      vertex 9.940299050387226 -1.25 91.55251840891796
      vertex 9.940299050387226 1.25 91.55251840891796
    endloop
  endfacet
  facet normal -0.13052619222010872 0 -0.9914448613738028
    outer loop
      vertex 10.509700949612773 -1.25 91.55251840891796
      vertex 10.225 -1.25 91.59
      vertex 10.225 1.25 91.59
    endloop
  endfacet
  facet normal -0.38268343236505925 0 -0.9238795325112993
    outer loop
      vertex 10.775 -1.25 91.44262794416288
      vertex 10.509700949612773 -1.25 91.55251840891796
      vertex 10.509700949612773 1.25 91.55251840891796
    endloop
  endfacet
  facet normal -0.38268343236505925 0 0.9238795325112993
    outer loop
      vertex 10.509700949612773 -1.25 89.42748159108203
      vertex 10.775 -1.25 89.53737205583711
      vertex 10.775 1.25 89.53737205583711
    endloop
  endfacet
  facet normal -0.6087614290087057 0 0.7933533402912466
    outer loop
      vertex 10.775 -1.25 89.53737205583711
      vertex 11.002817459305202 -1.25 89.71218254069478
      vertex 11.002817459305202 1.25 89.71218254069478
    endloop
  endfacet
  facet normal -0.6087614290087057 0 -0.7933533402912466
    outer loop
      vertex 11.002817459305202 -1.25 91.2678174593052
      vertex 10.775 -1.25 91.44262794416288
      vertex 10.775 1.25 91.44262794416288
    endloop
  endfacet
  facet normal -0.7933533402912508 0 -0.6087614290087003
    outer loop
      vertex 11.002817459305202 -1.25 91.2678174593052
      vertex 11.002817459305202 1.25 91.2678174593052
      vertex 11.177627944162882 -1.25 91.03999999999999
    endloop
  endfacet
  facet normal -0.7933533402912508 0 0.6087614290087003
    outer loop
      vertex 11.177627944162882 -1.25 89.94
      vertex 11.177627944162882 1.25 89.94
      vertex 11.002817459305202 -1.25 89.71218254069478
    endloop
  endfacet
  facet normal -0.9238795325112863 0 0.38268343236509095
    outer loop
      vertex 11.287518408917975 -1.25 90.20529905038723
      vertex 11.287518408917975 1.25 90.20529905038723
      vertex 11.177627944162882 -1.25 89.94
    endloop
  endfacet
  facet normal -0.9238795325112863 0 -0.38268343236509095
    outer loop
      vertex 11.177627944162882 -1.25 91.03999999999999
      vertex 11.177627944162882 1.25 91.03999999999999
      vertex 11.287518408917975 -1.25 90.77470094961276
    endloop
  endfacet
  facet normal -0.9914448613738107 0 0.13052619222004952
    outer loop
      vertex 11.325 -1.25 90.49
      vertex 11.325 1.25 90.49
      vertex 11.287518408917975 -1.25 90.20529905038723
    endloop
  endfacet
  facet normal -0.9914448613738107 0 -0.13052619222004952
    outer loop
      vertex 11.287518408917975 -1.25 90.77470094961276
      vertex 11.287518408917975 1.25 90.77470094961276
      vertex 11.325 -1.25 90.49
    endloop
  endfacet
  facet normal 0.38268343236505925 0 0.9238795325112993
    outer loop
      vertex 9.674999999999999 -1.25 89.53737205583711
      vertex 9.940299050387226 1.25 89.42748159108203
      vertex 9.674999999999999 1.25 89.53737205583711
    endloop
  endfacet
  facet normal 0.9238795325112863 0 0.38268343236509095
    outer loop
      vertex 9.162481591082024 -1.25 90.20529905038723
      vertex 9.272372055837117 1.25 89.94
      vertex 9.162481591082024 1.25 90.20529905038723
    endloop
  endfacet
  facet normal 0.7933533402912508 0 0.6087614290087003
    outer loop
      vertex 9.272372055837117 -1.25 89.94
      vertex 9.447182540694797 1.25 89.71218254069478
      vertex 9.272372055837117 1.25 89.94
    endloop
  endfacet
  facet normal 0.9914448613738107 0 0.13052619222004952
    outer loop
      vertex 9.125 -1.25 90.49
      vertex 9.162481591082024 1.25 90.20529905038723
      vertex 9.125 1.25 90.49
    endloop
  endfacet
  facet normal 0.9914448613738107 0 -0.13052619222004952
    outer loop
      vertex 9.162481591082024 -1.25 90.77470094961276
      vertex 9.125 1.25 90.49
      vertex 9.162481591082024 1.25 90.77470094961276
    endloop
  endfacet
  facet normal 0.9238795325112863 0 -0.38268343236509095
    outer loop
      vertex 9.272372055837117 -1.25 91.03999999999999
      vertex 9.162481591082024 1.25 90.77470094961276
      vertex 9.272372055837117 1.25 91.03999999999999
    endloop
  endfacet
  facet normal 0.6087614290087057 0 0.7933533402912466
    outer loop
      vertex 9.447182540694797 -1.25 89.71218254069478
      vertex 9.674999999999999 1.25 89.53737205583711
      vertex 9.447182540694797 1.25 89.71218254069478
    endloop
  endfacet
  facet normal 0.7933533402912508 0 -0.6087614290087003
    outer loop
      vertex 9.447182540694797 -1.25 91.2678174593052
      vertex 9.272372055837117 1.25 91.03999999999999
      vertex 9.447182540694797 1.25 91.2678174593052
    endloop
  endfacet
  facet normal 0.6087614290087057 0 -0.7933533402912466
    outer loop
      vertex 9.674999999999999 -1.25 91.44262794416288
      vertex 9.447182540694797 1.25 91.2678174593052
      vertex 9.674999999999999 1.25 91.44262794416288
    endloop
  endfacet
  facet normal 0.13052619222010872 0 0.9914448613738028
    outer loop
      vertex 9.940299050387226 -1.25 89.42748159108203
      vertex 10.225 1.25 89.38999999999999
      vertex 9.940299050387226 1.25 89.42748159108203
    endloop
  endfacet
  facet normal -0.13052619222010872 0 0.9914448613738028
    outer loop
      vertex 10.225 -1.25 89.38999999999999
      vertex 10.509700949612773 1.25 89.42748159108203
      vertex 10.225 1.25 89.38999999999999
    endloop
  endfacet
  facet normal -0.38268343236505925 0 0.9238795325112993
    outer loop
      vertex 10.509700949612773 -1.25 89.42748159108203
      vertex 10.775 1.25 89.53737205583711
      vertex 10.509700949612773 1.25 89.42748159108203
    endloop
  endfacet
  facet normal 0.38268343236505925 0 -0.9238795325112993
    outer loop
      vertex 9.940299050387226 -1.25 91.55251840891796
      vertex 9.674999999999999 1.25 91.44262794416288
      vertex 9.940299050387226 1.25 91.55251840891796
    endloop
  endfacet
  facet normal 0.13052619222010872 0 -0.9914448613738028
    outer loop
      vertex 10.225 -1.25 91.59
      vertex 9.940299050387226 1.25 91.55251840891796
      vertex 10.225 1.25 91.59
    endloop
  endfacet
  facet normal -0.13052619222010872 0 -0.9914448613738028
    outer loop
      vertex 10.509700949612773 -1.25 91.55251840891796
      vertex 10.225 1.25 91.59
      vertex 10.509700949612773 1.25 91.55251840891796
    endloop
  endfacet
  facet normal -0.6087614290087057 0 0.7933533402912466
    outer loop
      vertex 10.775 -1.25 89.53737205583711
      vertex 11.002817459305202 1.25 89.71218254069478
      vertex 10.775 1.25 89.53737205583711
    endloop
  endfacet
  facet normal -0.7933533402912508 0 0.6087614290087003
    outer loop
      vertex 11.002817459305202 -1.25 89.71218254069478
      vertex 11.177627944162882 1.25 89.94
      vertex 11.002817459305202 1.25 89.71218254069478
    endloop
  endfacet
  facet normal -0.38268343236505925 0 -0.9238795325112993
    outer loop
      vertex 10.775 -1.25 91.44262794416288
      vertex 10.509700949612773 1.25 91.55251840891796
      vertex 10.775 1.25 91.44262794416288
    endloop
  endfacet
  facet normal -0.6087614290087057 0 -0.7933533402912466
    outer loop
      vertex 11.002817459305202 -1.25 91.2678174593052
      vertex 10.775 1.25 91.44262794416288
      vertex 11.002817459305202 1.25 91.2678174593052
    endloop
  endfacet
  facet normal -0.9238795325112863 0 0.38268343236509095
    outer loop
      vertex 11.177627944162882 -1.25 89.94
      vertex 11.287518408917975 1.25 90.20529905038723
      vertex 11.177627944162882 1.25 89.94
    endloop
  endfacet
  facet normal -0.9914448613738107 0 0.13052619222004952
    outer loop
      vertex 11.287518408917975 -1.25 90.20529905038723
      vertex 11.325 1.25 90.49
      vertex 11.287518408917975 1.25 90.20529905038723
    endloop
  endfacet
  facet normal -0.9914448613738107 0 -0.13052619222004952
    outer loop
      vertex 11.325 -1.25 90.49
      vertex 11.287518408917975 1.25 90.77470094961276
      vertex 11.325 1.25 90.49
    endloop
  endfacet
  facet normal -0.9238795325112863 0 -0.38268343236509095
    outer loop
      vertex 11.287518408917975 -1.25 90.77470094961276
      vertex 11.177627944162882 1.25 91.03999999999999
      vertex 11.287518408917975 1.25 90.77470094961276
    endloop
  endfacet
  facet normal -0.7933533402912508 0 -0.6087614290087003
    outer loop
      vertex 11.177627944162882 -1.25 91.03999999999999
      vertex 11.002817459305202 1.25 91.2678174593052
      vertex 11.177627944162882 1.25 91.03999999999999
    endloop
  endfacet
  facet normal 0.6087614290087057 0 0.7933533402912466
    outer loop
      vertex -11.002817459305202 -1.25 89.71218254069478
      vertex -10.775 -1.25 89.53737205583711
      vertex -10.775 1.25 89.53737205583711
    endloop
  endfacet
  facet normal 0.9914448613738107 0 0.13052619222004952
    outer loop
      vertex -11.287518408917975 -1.25 90.20529905038723
      vertex -11.287518408917975 1.25 90.20529905038723
      vertex -11.325 -1.25 90.49
    endloop
  endfacet
  facet normal 0.9238795325112863 0 0.38268343236509095
    outer loop
      vertex -11.177627944162882 -1.25 89.94
      vertex -11.177627944162882 1.25 89.94
      vertex -11.287518408917975 -1.25 90.20529905038723
    endloop
  endfacet
  facet normal 0.9914448613738107 0 -0.13052619222004952
    outer loop
      vertex -11.325 -1.25 90.49
      vertex -11.325 1.25 90.49
      vertex -11.287518408917975 -1.25 90.77470094961276
    endloop
  endfacet
  facet normal 0.9238795325112863 0 -0.38268343236509095
    outer loop
      vertex -11.287518408917975 -1.25 90.77470094961276
      vertex -11.287518408917975 1.25 90.77470094961276
      vertex -11.177627944162882 -1.25 91.03999999999999
    endloop
  endfacet
  facet normal 0.7933533402912508 0 -0.6087614290087003
    outer loop
      vertex -11.177627944162882 -1.25 91.03999999999999
      vertex -11.177627944162882 1.25 91.03999999999999
      vertex -11.002817459305202 -1.25 91.2678174593052
    endloop
  endfacet
  facet normal 0.7933533402912508 0 0.6087614290087003
    outer loop
      vertex -11.177627944162882 -1.25 89.94
      vertex -11.002817459305202 -1.25 89.71218254069478
      vertex -11.002817459305202 1.25 89.71218254069478
    endloop
  endfacet
  facet normal 0.6087614290087057 0 -0.7933533402912466
    outer loop
      vertex -11.002817459305202 -1.25 91.2678174593052
      vertex -11.002817459305202 1.25 91.2678174593052
      vertex -10.775 -1.25 91.44262794416288
    endloop
  endfacet
  facet normal 0.38268343236505925 0 -0.9238795325112993
    outer loop
      vertex -10.509700949612773 -1.25 91.55251840891796
      vertex -10.775 -1.25 91.44262794416288
      vertex -10.775 1.25 91.44262794416288
    endloop
  endfacet
  facet normal 0.38268343236505925 0 0.9238795325112993
    outer loop
      vertex -10.775 -1.25 89.53737205583711
      vertex -10.509700949612773 -1.25 89.42748159108203
      vertex -10.509700949612773 1.25 89.42748159108203
    endloop
  endfacet
  facet normal 0.13052619222010872 0 0.9914448613738028
    outer loop
      vertex -10.509700949612773 -1.25 89.42748159108203
      vertex -10.225 -1.25 89.38999999999999
      vertex -10.225 1.25 89.38999999999999
    endloop
  endfacet
  facet normal -0.13052619222010872 0 0.9914448613738028
    outer loop
      vertex -10.225 -1.25 89.38999999999999
      vertex -9.940299050387226 -1.25 89.42748159108203
      vertex -9.940299050387226 1.25 89.42748159108203
    endloop
  endfacet
  facet normal 0.13052619222010872 0 -0.9914448613738028
    outer loop
      vertex -10.225 -1.25 91.59
      vertex -10.509700949612773 -1.25 91.55251840891796
      vertex -10.509700949612773 1.25 91.55251840891796
    endloop
  endfacet
  facet normal -0.13052619222010872 0 -0.9914448613738028
    outer loop
      vertex -9.940299050387226 -1.25 91.55251840891796
      vertex -10.225 -1.25 91.59
      vertex -10.225 1.25 91.59
    endloop
  endfacet
  facet normal -0.38268343236505925 0 -0.9238795325112993
    outer loop
      vertex -9.674999999999999 -1.25 91.44262794416288
      vertex -9.940299050387226 -1.25 91.55251840891796
      vertex -9.940299050387226 1.25 91.55251840891796
    endloop
  endfacet
  facet normal -0.38268343236505925 0 0.9238795325112993
    outer loop
      vertex -9.940299050387226 -1.25 89.42748159108203
      vertex -9.674999999999999 -1.25 89.53737205583711
      vertex -9.674999999999999 1.25 89.53737205583711
    endloop
  endfacet
  facet normal -0.6087614290087057 0 0.7933533402912466
    outer loop
      vertex -9.674999999999999 -1.25 89.53737205583711
      vertex -9.447182540694797 -1.25 89.71218254069478
      vertex -9.447182540694797 1.25 89.71218254069478
    endloop
  endfacet
  facet normal -0.6087614290087057 0 -0.7933533402912466
    outer loop
      vertex -9.447182540694797 -1.25 91.2678174593052
      vertex -9.674999999999999 -1.25 91.44262794416288
      vertex -9.674999999999999 1.25 91.44262794416288
    endloop
  endfacet
  facet normal -0.7933533402912508 0 -0.6087614290087003
    outer loop
      vertex -9.447182540694797 -1.25 91.2678174593052
      vertex -9.447182540694797 1.25 91.2678174593052
      vertex -9.272372055837117 -1.25 91.03999999999999
    endloop
  endfacet
  facet normal -0.7933533402912508 0 0.6087614290087003
    outer loop
      vertex -9.272372055837117 -1.25 89.94
      vertex -9.272372055837117 1.25 89.94
      vertex -9.447182540694797 -1.25 89.71218254069478
    endloop
  endfacet
  facet normal -0.9238795325112863 0 0.38268343236509095
    outer loop
      vertex -9.162481591082024 -1.25 90.20529905038723
      vertex -9.162481591082024 1.25 90.20529905038723
      vertex -9.272372055837117 -1.25 89.94
    endloop
  endfacet
  facet normal -0.9238795325112863 0 -0.38268343236509095
    outer loop
      vertex -9.272372055837117 -1.25 91.03999999999999
      vertex -9.272372055837117 1.25 91.03999999999999
      vertex -9.162481591082024 -1.25 90.77470094961276
    endloop
  endfacet
  facet normal -0.9914448613738107 0 0.13052619222004952
    outer loop
      vertex -9.125 -1.25 90.49
      vertex -9.125 1.25 90.49
      vertex -9.162481591082024 -1.25 90.20529905038723
    endloop
  endfacet
  facet normal -0.9914448613738107 0 -0.13052619222004952
    outer loop
      vertex -9.162481591082024 -1.25 90.77470094961276
      vertex -9.162481591082024 1.25 90.77470094961276
      vertex -9.125 -1.25 90.49
    endloop
  endfacet
  facet normal 0.38268343236505925 0 0.9238795325112993
    outer loop
      vertex -10.775 -1.25 89.53737205583711
      vertex -10.509700949612773 1.25 89.42748159108203
      vertex -10.775 1.25 89.53737205583711
    endloop
  endfacet
  facet normal 0.9238795325112863 0 0.38268343236509095
    outer loop
      vertex -11.287518408917975 -1.25 90.20529905038723
      vertex -11.177627944162882 1.25 89.94
      vertex -11.287518408917975 1.25 90.20529905038723
    endloop
  endfacet
  facet normal 0.7933533402912508 0 0.6087614290087003
    outer loop
      vertex -11.177627944162882 -1.25 89.94
      vertex -11.002817459305202 1.25 89.71218254069478
      vertex -11.177627944162882 1.25 89.94
    endloop
  endfacet
  facet normal 0.9914448613738107 0 0.13052619222004952
    outer loop
      vertex -11.325 -1.25 90.49
      vertex -11.287518408917975 1.25 90.20529905038723
      vertex -11.325 1.25 90.49
    endloop
  endfacet
  facet normal 0.9914448613738107 0 -0.13052619222004952
    outer loop
      vertex -11.287518408917975 -1.25 90.77470094961276
      vertex -11.325 1.25 90.49
      vertex -11.287518408917975 1.25 90.77470094961276
    endloop
  endfacet
  facet normal 0.9238795325112863 0 -0.38268343236509095
    outer loop
      vertex -11.177627944162882 -1.25 91.03999999999999
      vertex -11.287518408917975 1.25 90.77470094961276
      vertex -11.177627944162882 1.25 91.03999999999999
    endloop
  endfacet
  facet normal 0.6087614290087057 0 0.7933533402912466
    outer loop
      vertex -11.002817459305202 -1.25 89.71218254069478
      vertex -10.775 1.25 89.53737205583711
      vertex -11.002817459305202 1.25 89.71218254069478
    endloop
  endfacet
  facet normal 0.7933533402912508 0 -0.6087614290087003
    outer loop
      vertex -11.002817459305202 -1.25 91.2678174593052
      vertex -11.177627944162882 1.25 91.03999999999999
      vertex -11.002817459305202 1.25 91.2678174593052
    endloop
  endfacet
  facet normal 0.6087614290087057 0 -0.7933533402912466
    outer loop
      vertex -10.775 -1.25 91.44262794416288
      vertex -11.002817459305202 1.25 91.2678174593052
      vertex -10.775 1.25 91.44262794416288
    endloop
  endfacet
  facet normal 0.13052619222010872 0 0.9914448613738028
    outer loop
      vertex -10.509700949612773 -1.25 89.42748159108203
      vertex -10.225 1.25 89.38999999999999
      vertex -10.509700949612773 1.25 89.42748159108203
    endloop
  endfacet
  facet normal -0.13052619222010872 0 0.9914448613738028
    outer loop
      vertex -10.225 -1.25 89.38999999999999
      vertex -9.940299050387226 1.25 89.42748159108203
      vertex -10.225 1.25 89.38999999999999
    endloop
  endfacet
  facet normal -0.38268343236505925 0 0.9238795325112993
    outer loop
      vertex -9.940299050387226 -1.25 89.42748159108203
      vertex -9.674999999999999 1.25 89.53737205583711
      vertex -9.940299050387226 1.25 89.42748159108203
    endloop
  endfacet
  facet normal 0.38268343236505925 0 -0.9238795325112993
    outer loop
      vertex -10.509700949612773 -1.25 91.55251840891796
      vertex -10.775 1.25 91.44262794416288
      vertex -10.509700949612773 1.25 91.55251840891796
    endloop
  endfacet
  facet normal 0.13052619222010872 0 -0.9914448613738028
    outer loop
      vertex -10.225 -1.25 91.59
      vertex -10.509700949612773 1.25 91.55251840891796
      vertex -10.225 1.25 91.59
    endloop
  endfacet
  facet normal -0.13052619222010872 0 -0.9914448613738028
    outer loop
      vertex -9.940299050387226 -1.25 91.55251840891796
      vertex -10.225 1.25 91.59
      vertex -9.940299050387226 1.25 91.55251840891796
    endloop
  endfacet
  facet normal -0.6087614290087057 0 0.7933533402912466
    outer loop
      vertex -9.674999999999999 -1.25 89.53737205583711
      vertex -9.447182540694797 1.25 89.71218254069478
      vertex -9.674999999999999 1.25 89.53737205583711
    endloop
  endfacet
  facet normal -0.7933533402912508 0 0.6087614290087003
    outer loop
      vertex -9.447182540694797 -1.25 89.71218254069478
      vertex -9.272372055837117 1.25 89.94
      vertex -9.447182540694797 1.25 89.71218254069478
    endloop
  endfacet
  facet normal -0.38268343236505925 0 -0.9238795325112993
    outer loop
      vertex -9.674999999999999 -1.25 91.44262794416288
      vertex -9.940299050387226 1.25 91.55251840891796
      vertex -9.674999999999999 1.25 91.44262794416288
    endloop
  endfacet
  facet normal -0.6087614290087057 0 -0.7933533402912466
    outer loop
      vertex -9.447182540694797 -1.25 91.2678174593052
      vertex -9.674999999999999 1.25 91.44262794416288
      vertex -9.447182540694797 1.25 91.2678174593052
    endloop
  endfacet
  facet normal -0.9238795325112863 0 0.38268343236509095
    outer loop
      vertex -9.272372055837117 -1.25 89.94
      vertex -9.162481591082024 1.25 90.20529905038723
      vertex -9.272372055837117 1.25 89.94
    endloop
  endfacet
  facet normal -0.9914448613738107 0 0.13052619222004952
    outer loop
      vertex -9.162481591082024 -1.25 90.20529905038723
      vertex -9.125 1.25 90.49
      vertex -9.162481591082024 1.25 90.20529905038723
    endloop
  endfacet
  facet normal -0.9914448613738107 0 -0.13052619222004952
    outer loop
      vertex -9.125 -1.25 90.49
      vertex -9.162481591082024 1.25 90.77470094961276
      vertex -9.125 1.25 90.49
    endloop
  endfacet
  facet normal -0.9238795325112863 0 -0.38268343236509095
    outer loop
      vertex -9.162481591082024 -1.25 90.77470094961276
      vertex -9.272372055837117 1.25 91.03999999999999
      vertex -9.162481591082024 1.25 90.77470094961276
    endloop
  endfacet
  facet normal -0.7933533402912508 0 -0.6087614290087003
    outer loop
      vertex -9.272372055837117 -1.25 91.03999999999999
      vertex -9.447182540694797 1.25 91.2678174593052
      vertex -9.272372055837117 1.25 91.03999999999999
    endloop
  endfacet
  facet normal 0.364078916425474 0.34294893377455254 0.8659287334632975
    outer loop
      vertex -3.013569144850114 -1.7398849570007637 39.12645833333333
      vertex -2.4605689031594093 -2.4605689031594093 39.179375
      vertex -2.994059031743967 -1.7442901738905745 39.12
    endloop
  endfacet
  facet normal 0.7933533402912352 0.6087614290087205 0
    outer loop
      vertex -3.013569144850114 -1.7398849570007637 39.12645833333333
      vertex -3.013569144850114 -1.7398849570007637 39.28520833333333
      vertex -2.4605689031594093 -2.4605689031594093 39.179375
    endloop
  endfacet
  facet normal 0.6087614290087205 0.7933533402912352 0
    outer loop
      vertex -1.7398849570007637 -3.013569144850114 39.23229166666667
      vertex -2.4605689031594093 -2.4605689031594093 39.338125
      vertex -1.7398849570007637 -3.013569144850114 39.391041666666666
    endloop
  endfacet
  facet normal 0.26291151262419826 0.42549378972228175 0.8659287334633414
    outer loop
      vertex -1.7398849570007637 -3.013569144850114 39.23229166666667
      vertex -1.6426375210341357 -2.845131644850113 39.12
      vertex -2.276831461117375 -2.4532648488782773 39.12
    endloop
  endfacet
  facet normal 0.7933533402912352 0.6087614290087207 0
    outer loop
      vertex -3.013569144850114 -1.7398849570007637 39.28520833333333
      vertex -2.4605689031594093 -2.4605689031594093 39.338125
      vertex -2.4605689031594093 -2.4605689031594093 39.179375
    endloop
  endfacet
  facet normal 0.26000751475753175 0.44126720406395686 0.8588826153131696
    outer loop
      vertex -2.4605689031594093 -2.4605689031594093 39.179375
      vertex -2.276831461117375 -2.4532648488782773 39.12
      vertex -2.3878496764205326 -2.3878496764205326 39.12
    endloop
  endfacet
  facet normal 0.36407891642540946 0.34294893377450814 0.8659287334633421
    outer loop
      vertex -2.4605689031594093 -2.4605689031594093 39.179375
      vertex -2.3878496764205326 -2.3878496764205326 39.12
      vertex -2.994059031743967 -1.7442901738905745 39.12
    endloop
  endfacet
  facet normal 0.3640789164254018 0.34294893377450086 0.8659287334633481
    outer loop
      vertex -3.013569144850114 -1.7398849570007637 40.39645833333333
      vertex -2.4605689031594093 -2.4605689031594093 40.449374999999996
      vertex -1.9744982823258725 -1.9744982823258725 40.052499999999995
    endloop
  endfacet
  facet normal 0.4254937897222727 0.2629115126241908 -0.8659287334633481
    outer loop
      vertex -3.013569144850114 -1.7398849570007637 39.28520833333333
      vertex -2.418256644850114 -1.3961811248738147 39.68208333333333
      vertex -2.4605689031594093 -2.4605689031594093 39.338125
    endloop
  endfacet
  facet normal 0.44126720406395 0.2600075147575239 -0.8588826153131756
    outer loop
      vertex -2.4605689031594093 -2.4605689031594093 39.338125
      vertex -2.418256644850114 -1.3961811248738147 39.68208333333333
      vertex -1.9744982823258725 -1.9744982823258725 39.735
    endloop
  endfacet
  facet normal 0.6087614290087207 0.7933533402912352 0
    outer loop
      vertex -1.7398849570007637 -3.013569144850114 39.23229166666667
      vertex -2.4605689031594093 -2.4605689031594093 39.179375
      vertex -2.4605689031594093 -2.4605689031594093 39.338125
    endloop
  endfacet
  facet normal 0.2629115126241985 0.4254937897222819 0.8659287334633413
    outer loop
      vertex -1.7398849570007637 -3.013569144850114 39.23229166666667
      vertex -2.276831461117375 -2.4532648488782773 39.12
      vertex -2.4605689031594093 -2.4605689031594093 39.179375
    endloop
  endfacet
  facet normal 0.34294893377450086 0.3640789164254018 -0.8659287334633481
    outer loop
      vertex -1.7398849570007637 -3.013569144850114 39.391041666666666
      vertex -2.4605689031594093 -2.4605689031594093 39.338125
      vertex -1.9744982823258725 -1.9744982823258725 39.735
    endloop
  endfacet
  facet normal 0.2629115126241908 0.4254937897222727 0.8659287334633481
    outer loop
      vertex -1.7398849570007637 -3.013569144850114 40.502291666666665
      vertex -1.3961811248738147 -2.418256644850114 40.10541666666666
      vertex -2.4605689031594093 -2.4605689031594093 40.449374999999996
    endloop
  endfacet
  facet normal 0.2600075147575239 0.44126720406395 0.8588826153131756
    outer loop
      vertex -2.4605689031594093 -2.4605689031594093 40.449374999999996
      vertex -1.3961811248738147 -2.418256644850114 40.10541666666666
      vertex -1.9744982823258725 -1.9744982823258725 40.052499999999995
    endloop
  endfacet
  facet normal 0.7933533402912352 0.6087614290087205 0
    outer loop
      vertex -1.9744982823258725 -1.9744982823258725 39.735
      vertex -2.418256644850114 -1.3961811248738147 39.999583333333334
      vertex -1.9744982823258725 -1.9744982823258725 40.052499999999995
    endloop
  endfacet
  facet normal 0.6087614290087205 0.7933533402912352 0
    outer loop
      vertex -1.9744982823258725 -1.9744982823258725 39.735
      vertex -1.9744982823258725 -1.9744982823258725 40.052499999999995
      vertex -1.3961811248738147 -2.418256644850114 39.78791666666666
    endloop
  endfacet
  facet normal 0.793353340291235 0.6087614290087205 0
    outer loop
      vertex -3.013569144850114 -1.7398849570007637 40.39645833333333
      vertex -3.013569144850114 -1.7398849570007637 40.55520833333333
      vertex -2.4605689031594093 -2.4605689031594093 40.449374999999996
    endloop
  endfacet
  facet normal 0.7933533402912352 0.6087614290087205 0
    outer loop
      vertex -3.013569144850114 -1.7398849570007637 41.66645833333333
      vertex -3.013569144850114 -1.7398849570007637 41.82520833333333
      vertex -2.4605689031594093 -2.4605689031594093 41.719375
    endloop
  endfacet
  facet normal 0.7933533402912353 0.6087614290087207 0
    outer loop
      vertex -3.013569144850114 -1.7398849570007637 42.936458333333334
      vertex -3.013569144850114 -1.7398849570007637 43.49109114583333
      vertex -2.4605689031594093 -2.4605689031594093 42.989374999999995
    endloop
  endfacet
  facet normal 0.7933533402912353 0.6087614290087207 0
    outer loop
      vertex -3.013569144850114 -1.7398849570007637 43.49109114583333
      vertex -3.013569144850114 -1.7398849570007637 43.605192708333334
      vertex -2.4605689031594093 -2.4605689031594093 43.5440078125
    endloop
  endfacet
  facet normal 0.7933533402912352 0.6087614290087205 0
    outer loop
      vertex -3.013569144850114 -1.7398849570007637 43.605192708333334
      vertex -3.013569144850114 -1.7398849570007637 43.69647395833333
      vertex -2.4605689031594093 -2.4605689031594093 43.658109374999995
    endloop
  endfacet
  facet normal 0.7933533402912353 0.6087614290087207 0
    outer loop
      vertex -3.013569144850114 -1.7398849570007637 43.69647395833333
      vertex -3.013569144850114 -1.7398849570007637 43.81057552083333
      vertex -2.4605689031594093 -2.4605689031594093 43.749390625
    endloop
  endfacet
  facet normal 0.7933533402912352 0.6087614290087205 0
    outer loop
      vertex -3.013569144850114 -1.7398849570007637 43.81057552083333
      vertex -3.013569144850114 -1.7398849570007637 44.019999999999996
      vertex -2.4605689031594093 -2.4605689031594093 43.8634921875
    endloop
  endfacet
  facet normal 0.6087614290087205 0.7933533402912352 0
    outer loop
      vertex -1.7398849570007637 -3.013569144850114 40.502291666666665
      vertex -2.4605689031594093 -2.4605689031594093 40.608125
      vertex -1.7398849570007637 -3.013569144850114 40.66104166666666
    endloop
  endfacet
  facet normal 0.6087614290087205 0.793353340291235 0
    outer loop
      vertex -1.7398849570007637 -3.013569144850114 41.77229166666666
      vertex -2.4605689031594093 -2.4605689031594093 41.878125
      vertex -1.7398849570007637 -3.013569144850114 41.931041666666665
    endloop
  endfacet
  facet normal 0.6087614290087207 0.7933533402912353 0
    outer loop
      vertex -1.7398849570007637 -3.013569144850114 43.042291666666664
      vertex -2.4605689031594093 -2.4605689031594093 43.5440078125
      vertex -1.7398849570007637 -3.013569144850114 43.59692447916666
    endloop
  endfacet
  facet normal 0.6087614290087207 0.7933533402912353 0
    outer loop
      vertex -1.7398849570007637 -3.013569144850114 43.59692447916666
      vertex -2.4605689031594093 -2.4605689031594093 43.658109374999995
      vertex -1.7398849570007637 -3.013569144850114 43.71102604166666
    endloop
  endfacet
  facet normal 0.6087614290087205 0.7933533402912352 0
    outer loop
      vertex -1.7398849570007637 -3.013569144850114 43.71102604166666
      vertex -2.4605689031594093 -2.4605689031594093 43.749390625
      vertex -1.7398849570007637 -3.013569144850114 43.802307291666665
    endloop
  endfacet
  facet normal 0.6087614290087207 0.7933533402912353 0
    outer loop
      vertex -1.7398849570007637 -3.013569144850114 43.802307291666665
      vertex -2.4605689031594093 -2.4605689031594093 43.8634921875
      vertex -1.7398849570007637 -3.013569144850114 43.91640885416666
    endloop
  endfacet
  facet normal 0.6087614290087205 0.793353340291235 0
    outer loop
      vertex -1.7398849570007637 -3.013569144850114 43.91640885416666
      vertex -2.4605689031594093 -2.4605689031594093 44.019999999999996
      vertex -1.7398849570007637 -3.013569144850114 44.019999999999996
    endloop
  endfacet
  facet normal 0.793353340291235 0.6087614290087205 0
    outer loop
      vertex -3.013569144850114 -1.7398849570007637 40.55520833333333
      vertex -2.4605689031594093 -2.4605689031594093 40.608125
      vertex -2.4605689031594093 -2.4605689031594093 40.449374999999996
    endloop
  endfacet
  facet normal 0.7933533402912352 0.6087614290087207 0
    outer loop
      vertex -3.013569144850114 -1.7398849570007637 41.82520833333333
      vertex -2.4605689031594093 -2.4605689031594093 41.878125
      vertex -2.4605689031594093 -2.4605689031594093 41.719375
    endloop
  endfacet
  facet normal 0.7933533402912352 0.6087614290087205 0
    outer loop
      vertex -3.013569144850114 -1.7398849570007637 43.49109114583333
      vertex -2.4605689031594093 -2.4605689031594093 43.5440078125
      vertex -2.4605689031594093 -2.4605689031594093 42.989374999999995
    endloop
  endfacet
  facet normal 0.3640789164254018 0.34294893377450086 0.8659287334633481
    outer loop
      vertex -3.013569144850114 -1.7398849570007637 41.66645833333333
      vertex -2.4605689031594093 -2.4605689031594093 41.719375
      vertex -1.9744982823258725 -1.9744982823258725 41.3225
    endloop
  endfacet
  facet normal 0.4254937897222727 0.2629115126241908 -0.8659287334633481
    outer loop
      vertex -3.013569144850114 -1.7398849570007637 40.55520833333333
      vertex -2.418256644850114 -1.3961811248738147 40.952083333333334
      vertex -2.4605689031594093 -2.4605689031594093 40.608125
    endloop
  endfacet
  facet normal 0.4412672040639394 0.2600075147575259 -0.8588826153131804
    outer loop
      vertex -2.4605689031594093 -2.4605689031594093 40.608125
      vertex -2.418256644850114 -1.3961811248738147 40.952083333333334
      vertex -1.9744982823258725 -1.9744982823258725 41.004999999999995
    endloop
  endfacet
  facet normal 0.3640789164254011 0.3429489337744921 0.865928733463352
    outer loop
      vertex -3.013569144850114 -1.7398849570007637 42.936458333333334
      vertex -2.4605689031594093 -2.4605689031594093 42.989374999999995
      vertex -1.9744982823258725 -1.9744982823258725 42.5925
    endloop
  endfacet
  facet normal 0.4254937897222727 0.2629115126241908 -0.8659287334633481
    outer loop
      vertex -3.013569144850114 -1.7398849570007637 41.82520833333333
      vertex -2.418256644850114 -1.3961811248738147 42.22208333333333
      vertex -2.4605689031594093 -2.4605689031594093 41.878125
    endloop
  endfacet
  facet normal 0.44126720406395 0.2600075147575239 -0.8588826153131756
    outer loop
      vertex -2.4605689031594093 -2.4605689031594093 41.878125
      vertex -2.418256644850114 -1.3961811248738147 42.22208333333333
      vertex -1.9744982823258725 -1.9744982823258725 42.275
    endloop
  endfacet
  facet normal 0.6087614290087205 0.793353340291235 0
    outer loop
      vertex -1.7398849570007637 -3.013569144850114 40.502291666666665
      vertex -2.4605689031594093 -2.4605689031594093 40.449374999999996
      vertex -2.4605689031594093 -2.4605689031594093 40.608125
    endloop
  endfacet
  facet normal 0.3429489337744921 0.3640789164254011 -0.865928733463352
    outer loop
      vertex -1.7398849570007637 -3.013569144850114 40.66104166666666
      vertex -2.4605689031594093 -2.4605689031594093 40.608125
      vertex -1.9744982823258725 -1.9744982823258725 41.004999999999995
    endloop
  endfacet
  facet normal 0.6087614290087207 0.7933533402912352 0
    outer loop
      vertex -1.7398849570007637 -3.013569144850114 41.77229166666666
      vertex -2.4605689031594093 -2.4605689031594093 41.719375
      vertex -2.4605689031594093 -2.4605689031594093 41.878125
    endloop
  endfacet
  facet normal 0.26291151262419243 0.42549378972226404 0.865928733463352
    outer loop
      vertex -1.7398849570007637 -3.013569144850114 41.77229166666666
      vertex -1.3961811248738147 -2.418256644850114 41.375416666666666
      vertex -2.4605689031594093 -2.4605689031594093 41.719375
    endloop
  endfacet
  facet normal 0.2600075147575239 0.44126720406395 0.8588826153131756
    outer loop
      vertex -2.4605689031594093 -2.4605689031594093 41.719375
      vertex -1.3961811248738147 -2.418256644850114 41.375416666666666
      vertex -1.9744982823258725 -1.9744982823258725 41.3225
    endloop
  endfacet
  facet normal 0.34294893377450086 0.3640789164254018 -0.8659287334633481
    outer loop
      vertex -1.7398849570007637 -3.013569144850114 41.931041666666665
      vertex -2.4605689031594093 -2.4605689031594093 41.878125
      vertex -1.9744982823258725 -1.9744982823258725 42.275
    endloop
  endfacet
  facet normal 0.6087614290087205 0.7933533402912352 0
    outer loop
      vertex -1.7398849570007637 -3.013569144850114 43.042291666666664
      vertex -2.4605689031594093 -2.4605689031594093 42.989374999999995
      vertex -2.4605689031594093 -2.4605689031594093 43.5440078125
    endloop
  endfacet
  facet normal 0.2629115126241908 0.4254937897222727 0.8659287334633481
    outer loop
      vertex -1.7398849570007637 -3.013569144850114 43.042291666666664
      vertex -1.3961811248738147 -2.418256644850114 42.64541666666666
      vertex -2.4605689031594093 -2.4605689031594093 42.989374999999995
    endloop
  endfacet
  facet normal 0.2600075147575259 0.4412672040639394 0.8588826153131804
    outer loop
      vertex -2.4605689031594093 -2.4605689031594093 42.989374999999995
      vertex -1.3961811248738147 -2.418256644850114 42.64541666666666
      vertex -1.9744982823258725 -1.9744982823258725 42.5925
    endloop
  endfacet
  facet normal 0.7933533402912352 0.6087614290087207 0
    outer loop
      vertex -1.9744982823258725 -1.9744982823258725 41.004999999999995
      vertex -2.418256644850114 -1.3961811248738147 41.26958333333333
      vertex -1.9744982823258725 -1.9744982823258725 41.3225
    endloop
  endfacet
  facet normal 0.6087614290087207 0.7933533402912352 0
    outer loop
      vertex -1.9744982823258725 -1.9744982823258725 41.004999999999995
      vertex -1.9744982823258725 -1.9744982823258725 41.3225
      vertex -1.3961811248738147 -2.418256644850114 41.057916666666664
    endloop
  endfacet
  facet normal 0.7933533402912352 0.6087614290087207 0
    outer loop
      vertex -1.9744982823258725 -1.9744982823258725 42.275
      vertex -2.418256644850114 -1.3961811248738147 42.53958333333333
      vertex -1.9744982823258725 -1.9744982823258725 42.5925
    endloop
  endfacet
  facet normal 0.6087614290087207 0.7933533402912352 0
    outer loop
      vertex -1.9744982823258725 -1.9744982823258725 42.275
      vertex -1.9744982823258725 -1.9744982823258725 42.5925
      vertex -1.3961811248738147 -2.418256644850114 42.32791666666667
    endloop
  endfacet
  facet normal 0.7933533402912352 0.6087614290087207 0
    outer loop
      vertex -3.013569144850114 -1.7398849570007637 43.605192708333334
      vertex -2.4605689031594093 -2.4605689031594093 43.658109374999995
      vertex -2.4605689031594093 -2.4605689031594093 43.5440078125
    endloop
  endfacet
  facet normal 0.7933533402912352 0.6087614290087205 0
    outer loop
      vertex -3.013569144850114 -1.7398849570007637 43.69647395833333
      vertex -2.4605689031594093 -2.4605689031594093 43.749390625
      vertex -2.4605689031594093 -2.4605689031594093 43.658109374999995
    endloop
  endfacet
  facet normal 0.7933533402912353 0.6087614290087207 0
    outer loop
      vertex -3.013569144850114 -1.7398849570007637 43.81057552083333
      vertex -2.4605689031594093 -2.4605689031594093 43.8634921875
      vertex -2.4605689031594093 -2.4605689031594093 43.749390625
    endloop
  endfacet
  facet normal 0.7933533402912352 0.6087614290087205 0
    outer loop
      vertex -3.013569144850114 -1.7398849570007637 44.019999999999996
      vertex -2.4605689031594093 -2.4605689031594093 44.019999999999996
      vertex -2.4605689031594093 -2.4605689031594093 43.8634921875
    endloop
  endfacet
  facet normal 0.6087614290087207 0.7933533402912352 0
    outer loop
      vertex -1.7398849570007637 -3.013569144850114 43.59692447916666
      vertex -2.4605689031594093 -2.4605689031594093 43.5440078125
      vertex -2.4605689031594093 -2.4605689031594093 43.658109374999995
    endloop
  endfacet
  facet normal 0.6087614290087205 0.7933533402912352 0
    outer loop
      vertex -1.7398849570007637 -3.013569144850114 43.71102604166666
      vertex -2.4605689031594093 -2.4605689031594093 43.658109374999995
      vertex -2.4605689031594093 -2.4605689031594093 43.749390625
    endloop
  endfacet
  facet normal 0.6087614290087207 0.7933533402912353 0
    outer loop
      vertex -1.7398849570007637 -3.013569144850114 43.802307291666665
      vertex -2.4605689031594093 -2.4605689031594093 43.749390625
      vertex -2.4605689031594093 -2.4605689031594093 43.8634921875
    endloop
  endfacet
  facet normal 0.6087614290087207 0.7933533402912353 0
    outer loop
      vertex -1.7398849570007637 -3.013569144850114 43.91640885416666
      vertex -2.4605689031594093 -2.4605689031594093 43.8634921875
      vertex -2.4605689031594093 -2.4605689031594093 44.019999999999996
    endloop
  endfacet
  facet normal 0.9238795325112866 0.3826834323650897 0
    outer loop
      vertex -3.013569144850114 -1.7398849570007637 39.12645833333333
      vertex -3.3611996294777655 -0.9006307263183561 39.23229166666667
      vertex -3.013569144850114 -1.7398849570007637 39.28520833333333
    endloop
  endfacet
  facet normal 0.9238795325112862 0.382683432365091 -1.0644716682755386e-14
    outer loop
      vertex -3.013569144850114 -1.7398849570007637 39.12645833333333
      vertex -3.055996487462147 -1.6374562910513444 39.12
      vertex -3.3611996294777655 -0.9006307263183561 39.23229166666667
    endloop
  endfacet
  facet normal 0.9238795325112868 0.38268343236508967 0
    outer loop
      vertex -3.3611996294777655 -0.9006307263183561 39.23229166666667
      vertex -3.055996487462147 -1.6374562910513444 39.12
      vertex -3.3611996294777655 -0.9006307263183561 39.12
    endloop
  endfacet
  facet normal 0.9238795325112866 0.3826834323650898 0
    outer loop
      vertex -3.013569144850114 -1.7398849570007637 40.39645833333333
      vertex -3.3611996294777655 -0.9006307263183561 40.34354166666667
      vertex -3.3611996294777655 -0.9006307263183561 40.502291666666665
    endloop
  endfacet
  facet normal 0.365356329924492 0.35893649201079014 0.8588826153131135
    outer loop
      vertex -3.013569144850114 -1.7398849570007637 39.12645833333333
      vertex -2.994059031743967 -1.7442901738905745 39.12
      vertex -3.003881644850115 -1.7342918762679898 39.12
    endloop
  endfacet
  facet normal 0.4404349437411694 0.23703267473995474 0.8659287334632889
    outer loop
      vertex -3.013569144850114 -1.7398849570007637 39.12645833333333
      vertex -3.003881644850115 -1.7342918762679898 39.12
      vertex -3.055996487462147 -1.6374562910513444 39.12
    endloop
  endfacet
  facet normal 0.44043494374107583 0.23703267473989847 0.8659287334633519
    outer loop
      vertex -3.013569144850114 -1.7398849570007637 40.39645833333333
      vertex -2.418256644850114 -1.3961811248738147 39.999583333333334
      vertex -3.3611996294777655 -0.9006307263183561 40.34354166666667
    endloop
  endfacet
  facet normal 0.47904194706219777 0.14382712371946285 -0.8659287334633521
    outer loop
      vertex -3.013569144850114 -1.7398849570007637 39.28520833333333
      vertex -3.3611996294777655 -0.9006307263183561 39.23229166666667
      vertex -2.6972148133858806 -0.722716531060008 39.62916666666666
    endloop
  endfacet
  facet normal 0.4935262853887596 0.13693961714263783 -0.8588826153131756
    outer loop
      vertex -3.013569144850114 -1.7398849570007637 39.28520833333333
      vertex -2.6972148133858806 -0.722716531060008 39.62916666666666
      vertex -2.418256644850114 -1.3961811248738147 39.68208333333333
    endloop
  endfacet
  facet normal 0.44580671498684804 0.25214485119755065 0.8588826153131757
    outer loop
      vertex -3.3611996294777655 -0.9006307263183561 40.34354166666667
      vertex -2.418256644850114 -1.3961811248738147 39.999583333333334
      vertex -2.6972148133858806 -0.722716531060008 39.946666666666665
    endloop
  endfacet
  facet normal 0.9914448613738103 0.13052619222005157 0
    outer loop
      vertex -3.3611996294777655 -0.9006307263183561 39.23229166666667
      vertex -3.3611996294777655 -0.9006307263183561 39.12
      vertex -3.4797699140015275 0 39.179375
    endloop
  endfacet
  facet normal 0.9914448613738104 0.1305261922200516 0
    outer loop
      vertex -3.3611996294777655 -0.9006307263183561 40.34354166666667
      vertex -3.4797699140015275 0 40.449374999999996
      vertex -3.3611996294777655 -0.9006307263183561 40.502291666666665
    endloop
  endfacet
  facet normal 0.4867760574939599 0.11496303063680396 0.8659287334633483
    outer loop
      vertex -3.3611996294777655 -0.9006307263183561 40.34354166666667
      vertex -2.6972148133858806 -0.722716531060008 39.946666666666665
      vertex -3.4797699140015275 0 40.290625
    endloop
  endfacet
  facet normal 0.9914448613738104 0.1305261922200516 0
    outer loop
      vertex -3.4797699140015275 0 39.179375
      vertex -3.3611996294777655 -0.9006307263183561 39.12
      vertex -3.4797699140015275 0 39.12
    endloop
  endfacet
  facet normal 0.9914448613738104 0.1305261922200516 0
    outer loop
      vertex -3.3611996294777655 -0.9006307263183561 40.34354166666667
      vertex -3.4797699140015275 0 40.290625
      vertex -3.4797699140015275 0 40.449374999999996
    endloop
  endfacet
  facet normal 0.49994418736409774 0.014941154018806118 -0.8659287334633483
    outer loop
      vertex -3.3611996294777655 -0.9006307263183561 39.23229166666667
      vertex -3.4797699140015275 0 39.179375
      vertex -2.7923622497476295 0 39.57625
    endloop
  endfacet
  facet normal 0.5121523659550663 0.004539510922905168 -0.8588826153131804
    outer loop
      vertex -3.3611996294777655 -0.9006307263183561 39.23229166666667
      vertex -2.7923622497476295 0 39.57625
      vertex -2.6972148133858806 -0.722716531060008 39.62916666666666
    endloop
  endfacet
  facet normal 0.9914448613738104 0.13052619222005163 0
    outer loop
      vertex -2.6972148133858806 -0.722716531060008 39.62916666666666
      vertex -2.7923622497476295 0 39.89375
      vertex -2.6972148133858806 -0.722716531060008 39.946666666666665
    endloop
  endfacet
  facet normal 0.49587610915335356 0.12816995546434054 0.8588826153131756
    outer loop
      vertex -2.6972148133858806 -0.722716531060008 39.946666666666665
      vertex -2.7923622497476295 0 39.89375
      vertex -3.4797699140015275 0 40.290625
    endloop
  endfacet
  facet normal 0.9914448613738105 0.13052619222005163 0
    outer loop
      vertex -2.6972148133858806 -0.722716531060008 39.62916666666666
      vertex -2.7923622497476295 0 39.57625
      vertex -2.7923622497476295 0 39.89375
    endloop
  endfacet
  facet normal 0.3653563299244183 0.35893649201070504 0.8588826153131804
    outer loop
      vertex -3.013569144850114 -1.7398849570007637 40.39645833333333
      vertex -1.9744982823258725 -1.9744982823258725 40.052499999999995
      vertex -2.418256644850114 -1.3961811248738147 39.999583333333334
    endloop
  endfacet
  facet normal 0.7933533402912352 0.6087614290087205 0
    outer loop
      vertex -1.9744982823258725 -1.9744982823258725 39.735
      vertex -2.418256644850114 -1.3961811248738147 39.68208333333333
      vertex -2.418256644850114 -1.3961811248738147 39.999583333333334
    endloop
  endfacet
  facet normal 0.9238795325112866 0.3826834323650899 0
    outer loop
      vertex -2.418256644850114 -1.3961811248738147 39.68208333333333
      vertex -2.6972148133858806 -0.722716531060008 39.946666666666665
      vertex -2.418256644850114 -1.3961811248738147 39.999583333333334
    endloop
  endfacet
  facet normal 0.9238795325112866 0.38268343236508995 0
    outer loop
      vertex -2.418256644850114 -1.3961811248738147 39.68208333333333
      vertex -2.6972148133858806 -0.722716531060008 39.62916666666666
      vertex -2.6972148133858806 -0.722716531060008 39.946666666666665
    endloop
  endfacet
  facet normal 0.9238795325112867 0.3826834323650898 0
    outer loop
      vertex -3.013569144850114 -1.7398849570007637 40.39645833333333
      vertex -3.3611996294777655 -0.9006307263183561 40.502291666666665
      vertex -3.013569144850114 -1.7398849570007637 40.55520833333333
    endloop
  endfacet
  facet normal 0.9238795325112866 0.3826834323650897 0
    outer loop
      vertex -3.013569144850114 -1.7398849570007637 41.66645833333333
      vertex -3.3611996294777655 -0.9006307263183561 41.77229166666666
      vertex -3.013569144850114 -1.7398849570007637 41.82520833333333
    endloop
  endfacet
  facet normal 0.9238795325112867 0.38268343236508984 0
    outer loop
      vertex -3.013569144850114 -1.7398849570007637 42.936458333333334
      vertex -3.3611996294777655 -0.9006307263183561 43.43817447916666
      vertex -3.013569144850114 -1.7398849570007637 43.49109114583333
    endloop
  endfacet
  facet normal 0.9238795325112866 0.3826834323650898 0
    outer loop
      vertex -3.013569144850114 -1.7398849570007637 41.66645833333333
      vertex -3.3611996294777655 -0.9006307263183561 41.61354166666666
      vertex -3.3611996294777655 -0.9006307263183561 41.77229166666666
    endloop
  endfacet
  facet normal 0.9238795325112867 0.38268343236508984 0
    outer loop
      vertex -3.013569144850114 -1.7398849570007637 42.936458333333334
      vertex -3.3611996294777655 -0.9006307263183561 42.883541666666666
      vertex -3.3611996294777655 -0.9006307263183561 43.43817447916666
    endloop
  endfacet
  facet normal 0.4404349437410788 0.2370326747399068 0.8659287334633481
    outer loop
      vertex -3.013569144850114 -1.7398849570007637 41.66645833333333
      vertex -2.418256644850114 -1.3961811248738147 41.26958333333333
      vertex -3.3611996294777655 -0.9006307263183561 41.61354166666666
    endloop
  endfacet
  facet normal 0.4404349437410788 0.2370326747399068 0.8659287334633481
    outer loop
      vertex -3.013569144850114 -1.7398849570007637 42.936458333333334
      vertex -2.418256644850114 -1.3961811248738147 42.53958333333333
      vertex -3.3611996294777655 -0.9006307263183561 42.883541666666666
    endloop
  endfacet
  facet normal 0.4790419470622057 0.14382712371945905 -0.8659287334633481
    outer loop
      vertex -3.013569144850114 -1.7398849570007637 40.55520833333333
      vertex -3.3611996294777655 -0.9006307263183561 40.502291666666665
      vertex -2.6972148133858806 -0.722716531060008 40.899166666666666
    endloop
  endfacet
  facet normal 0.4935262853887596 0.13693961714263783 -0.8588826153131756
    outer loop
      vertex -3.013569144850114 -1.7398849570007637 40.55520833333333
      vertex -2.6972148133858806 -0.722716531060008 40.899166666666666
      vertex -2.418256644850114 -1.3961811248738147 40.952083333333334
    endloop
  endfacet
  facet normal 0.4458067149868444 0.25214485119754043 0.8588826153131804
    outer loop
      vertex -3.3611996294777655 -0.9006307263183561 41.61354166666666
      vertex -2.418256644850114 -1.3961811248738147 41.26958333333333
      vertex -2.6972148133858806 -0.722716531060008 41.21666666666667
    endloop
  endfacet
  facet normal 0.4790419470622057 0.14382712371945905 -0.8659287334633481
    outer loop
      vertex -3.013569144850114 -1.7398849570007637 41.82520833333333
      vertex -3.3611996294777655 -0.9006307263183561 41.77229166666666
      vertex -2.6972148133858806 -0.722716531060008 42.16916666666666
    endloop
  endfacet
  facet normal 0.4935262853887596 0.13693961714263783 -0.8588826153131756
    outer loop
      vertex -3.013569144850114 -1.7398849570007637 41.82520833333333
      vertex -2.6972148133858806 -0.722716531060008 42.16916666666666
      vertex -2.418256644850114 -1.3961811248738147 42.22208333333333
    endloop
  endfacet
  facet normal 0.44580671498684804 0.25214485119755065 0.8588826153131757
    outer loop
      vertex -3.3611996294777655 -0.9006307263183561 42.883541666666666
      vertex -2.418256644850114 -1.3961811248738147 42.53958333333333
      vertex -2.6972148133858806 -0.722716531060008 42.486666666666665
    endloop
  endfacet
  facet normal 0.9238795325112866 0.38268343236508984 0
    outer loop
      vertex -3.013569144850114 -1.7398849570007637 43.49109114583333
      vertex -3.3611996294777655 -0.9006307263183561 43.552276041666666
      vertex -3.013569144850114 -1.7398849570007637 43.605192708333334
    endloop
  endfacet
  facet normal 0.9238795325112866 0.3826834323650898 0
    outer loop
      vertex -3.013569144850114 -1.7398849570007637 43.605192708333334
      vertex -3.3611996294777655 -0.9006307263183561 43.64355729166667
      vertex -3.013569144850114 -1.7398849570007637 43.69647395833333
    endloop
  endfacet
  facet normal 0.9238795325112866 0.38268343236508984 0
    outer loop
      vertex -3.013569144850114 -1.7398849570007637 43.69647395833333
      vertex -3.3611996294777655 -0.9006307263183561 43.757658854166664
      vertex -3.013569144850114 -1.7398849570007637 43.81057552083333
    endloop
  endfacet
  facet normal 0.9238795325112866 0.3826834323650899 0
    outer loop
      vertex -3.013569144850114 -1.7398849570007637 43.81057552083333
      vertex -3.3611996294777655 -0.9006307263183561 44.019999999999996
      vertex -3.013569144850114 -1.7398849570007637 44.019999999999996
    endloop
  endfacet
  facet normal 0.9238795325112866 0.38268343236508984 0
    outer loop
      vertex -3.013569144850114 -1.7398849570007637 43.49109114583333
      vertex -3.3611996294777655 -0.9006307263183561 43.43817447916666
      vertex -3.3611996294777655 -0.9006307263183561 43.552276041666666
    endloop
  endfacet
  facet normal 0.9238795325112867 0.38268343236508984 0
    outer loop
      vertex -3.013569144850114 -1.7398849570007637 43.605192708333334
      vertex -3.3611996294777655 -0.9006307263183561 43.552276041666666
      vertex -3.3611996294777655 -0.9006307263183561 43.64355729166667
    endloop
  endfacet
  facet normal 0.9238795325112867 0.3826834323650899 0
    outer loop
      vertex -3.013569144850114 -1.7398849570007637 43.69647395833333
      vertex -3.3611996294777655 -0.9006307263183561 43.64355729166667
      vertex -3.3611996294777655 -0.9006307263183561 43.757658854166664
    endloop
  endfacet
  facet normal 0.9238795325112867 0.38268343236508995 0
    outer loop
      vertex -3.013569144850114 -1.7398849570007637 43.81057552083333
      vertex -3.3611996294777655 -0.9006307263183561 43.757658854166664
      vertex -3.3611996294777655 -0.9006307263183561 44.019999999999996
    endloop
  endfacet
  facet normal 0.9914448613738104 0.1305261922200516 0
    outer loop
      vertex -3.3611996294777655 -0.9006307263183561 41.61354166666666
      vertex -3.4797699140015275 0 41.719375
      vertex -3.3611996294777655 -0.9006307263183561 41.77229166666666
    endloop
  endfacet
  facet normal 0.4867760574939549 0.11496303063679668 0.865928733463352
    outer loop
      vertex -3.3611996294777655 -0.9006307263183561 41.61354166666666
      vertex -2.6972148133858806 -0.722716531060008 41.21666666666667
      vertex -3.4797699140015275 0 41.560625
    endloop
  endfacet
  facet normal 0.9914448613738106 0.1305261922200516 0
    outer loop
      vertex -3.3611996294777655 -0.9006307263183561 42.883541666666666
      vertex -3.4797699140015275 0 43.3852578125
      vertex -3.3611996294777655 -0.9006307263183561 43.43817447916666
    endloop
  endfacet
  facet normal 0.4867760574939599 0.11496303063680396 0.8659287334633483
    outer loop
      vertex -3.3611996294777655 -0.9006307263183561 42.883541666666666
      vertex -2.6972148133858806 -0.722716531060008 42.486666666666665
      vertex -3.4797699140015275 0 42.830625
    endloop
  endfacet
  facet normal 0.9914448613738104 0.1305261922200516 0
    outer loop
      vertex -3.3611996294777655 -0.9006307263183561 41.61354166666666
      vertex -3.4797699140015275 0 41.560625
      vertex -3.4797699140015275 0 41.719375
    endloop
  endfacet
  facet normal 0.49994418736409774 0.014941154018806118 -0.8659287334633483
    outer loop
      vertex -3.3611996294777655 -0.9006307263183561 40.502291666666665
      vertex -3.4797699140015275 0 40.449374999999996
      vertex -2.7923622497476295 0 40.84625
    endloop
  endfacet
  facet normal 0.49994418736409096 0.014941154018811836 -0.865928733463352
    outer loop
      vertex -3.3611996294777655 -0.9006307263183561 41.77229166666666
      vertex -3.4797699140015275 0 41.719375
      vertex -2.7923622497476295 0 42.116249999999994
    endloop
  endfacet
  facet normal 0.9914448613738105 0.1305261922200516 0
    outer loop
      vertex -3.3611996294777655 -0.9006307263183561 42.883541666666666
      vertex -3.4797699140015275 0 42.830625
      vertex -3.4797699140015275 0 43.3852578125
    endloop
  endfacet
  facet normal 0.5121523659550745 0.004539510922898137 -0.8588826153131756
    outer loop
      vertex -3.3611996294777655 -0.9006307263183561 40.502291666666665
      vertex -2.7923622497476295 0 40.84625
      vertex -2.6972148133858806 -0.722716531060008 40.899166666666666
    endloop
  endfacet
  facet normal 0.9914448613738104 0.13052619222005163 0
    outer loop
      vertex -2.6972148133858806 -0.722716531060008 40.899166666666666
      vertex -2.7923622497476295 0 41.16374999999999
      vertex -2.6972148133858806 -0.722716531060008 41.21666666666667
    endloop
  endfacet
  facet normal 0.5121523659550745 0.004539510922898137 -0.8588826153131756
    outer loop
      vertex -3.3611996294777655 -0.9006307263183561 41.77229166666666
      vertex -2.7923622497476295 0 42.116249999999994
      vertex -2.6972148133858806 -0.722716531060008 42.16916666666666
    endloop
  endfacet
  facet normal 0.9914448613738104 0.13052619222005163 0
    outer loop
      vertex -2.6972148133858806 -0.722716531060008 42.16916666666666
      vertex -2.7923622497476295 0 42.433749999999996
      vertex -2.6972148133858806 -0.722716531060008 42.486666666666665
    endloop
  endfacet
  facet normal 0.4958761091533596 0.12816995546434942 0.8588826153131707
    outer loop
      vertex -2.6972148133858806 -0.722716531060008 41.21666666666667
      vertex -2.7923622497476295 0 41.16374999999999
      vertex -3.4797699140015275 0 41.560625
    endloop
  endfacet
  facet normal 0.9914448613738105 0.13052619222005163 0
    outer loop
      vertex -2.6972148133858806 -0.722716531060008 40.899166666666666
      vertex -2.7923622497476295 0 40.84625
      vertex -2.7923622497476295 0 41.16374999999999
    endloop
  endfacet
  facet normal 0.49587610915335356 0.12816995546434054 0.8588826153131756
    outer loop
      vertex -2.6972148133858806 -0.722716531060008 42.486666666666665
      vertex -2.7923622497476295 0 42.433749999999996
      vertex -3.4797699140015275 0 42.830625
    endloop
  endfacet
  facet normal 0.9914448613738104 0.13052619222005163 0
    outer loop
      vertex -2.6972148133858806 -0.722716531060008 42.16916666666666
      vertex -2.7923622497476295 0 42.116249999999994
      vertex -2.7923622497476295 0 42.433749999999996
    endloop
  endfacet
  facet normal 0.9914448613738105 0.1305261922200516 0
    outer loop
      vertex -3.3611996294777655 -0.9006307263183561 43.43817447916666
      vertex -3.4797699140015275 0 43.499359375
      vertex -3.3611996294777655 -0.9006307263183561 43.552276041666666
    endloop
  endfacet
  facet normal 0.9914448613738104 0.1305261922200516 0
    outer loop
      vertex -3.3611996294777655 -0.9006307263183561 43.552276041666666
      vertex -3.4797699140015275 0 43.590640625
      vertex -3.3611996294777655 -0.9006307263183561 43.64355729166667
    endloop
  endfacet
  facet normal 0.9914448613738105 0.1305261922200516 0
    outer loop
      vertex -3.3611996294777655 -0.9006307263183561 43.64355729166667
      vertex -3.4797699140015275 0 43.7047421875
      vertex -3.3611996294777655 -0.9006307263183561 43.757658854166664
    endloop
  endfacet
  facet normal 0.9914448613738104 0.13052619222005157 0
    outer loop
      vertex -3.3611996294777655 -0.9006307263183561 43.757658854166664
      vertex -3.4797699140015275 0 44.019999999999996
      vertex -3.3611996294777655 -0.9006307263183561 44.019999999999996
    endloop
  endfacet
  facet normal 0.9914448613738105 0.1305261922200516 0
    outer loop
      vertex -3.3611996294777655 -0.9006307263183561 43.43817447916666
      vertex -3.4797699140015275 0 43.3852578125
      vertex -3.4797699140015275 0 43.499359375
    endloop
  endfacet
  facet normal 0.9914448613738104 0.1305261922200516 0
    outer loop
      vertex -3.3611996294777655 -0.9006307263183561 43.552276041666666
      vertex -3.4797699140015275 0 43.499359375
      vertex -3.4797699140015275 0 43.590640625
    endloop
  endfacet
  facet normal 0.9914448613738105 0.1305261922200516 0
    outer loop
      vertex -3.3611996294777655 -0.9006307263183561 43.64355729166667
      vertex -3.4797699140015275 0 43.590640625
      vertex -3.4797699140015275 0 43.7047421875
    endloop
  endfacet
  facet normal 0.9914448613738105 0.1305261922200516 0
    outer loop
      vertex -3.3611996294777655 -0.9006307263183561 43.757658854166664
      vertex -3.4797699140015275 0 43.7047421875
      vertex -3.4797699140015275 0 44.019999999999996
    endloop
  endfacet
  facet normal 0.3653563299244192 0.3589364920107158 0.8588826153131756
    outer loop
      vertex -3.013569144850114 -1.7398849570007637 41.66645833333333
      vertex -1.9744982823258725 -1.9744982823258725 41.3225
      vertex -2.418256644850114 -1.3961811248738147 41.26958333333333
    endloop
  endfacet
  facet normal 0.7933533402912352 0.6087614290087205 0
    outer loop
      vertex -1.9744982823258725 -1.9744982823258725 41.004999999999995
      vertex -2.418256644850114 -1.3961811248738147 40.952083333333334
      vertex -2.418256644850114 -1.3961811248738147 41.26958333333333
    endloop
  endfacet
  facet normal 0.3653563299244192 0.3589364920107158 0.8588826153131756
    outer loop
      vertex -3.013569144850114 -1.7398849570007637 42.936458333333334
      vertex -1.9744982823258725 -1.9744982823258725 42.5925
      vertex -2.418256644850114 -1.3961811248738147 42.53958333333333
    endloop
  endfacet
  facet normal 0.7933533402912352 0.6087614290087205 0
    outer loop
      vertex -1.9744982823258725 -1.9744982823258725 42.275
      vertex -2.418256644850114 -1.3961811248738147 42.22208333333333
      vertex -2.418256644850114 -1.3961811248738147 42.53958333333333
    endloop
  endfacet
  facet normal 0.9238795325112867 0.38268343236508995 0
    outer loop
      vertex -2.418256644850114 -1.3961811248738147 40.952083333333334
      vertex -2.6972148133858806 -0.722716531060008 41.21666666666667
      vertex -2.418256644850114 -1.3961811248738147 41.26958333333333
    endloop
  endfacet
  facet normal 0.9238795325112866 0.38268343236508995 0
    outer loop
      vertex -2.418256644850114 -1.3961811248738147 40.952083333333334
      vertex -2.6972148133858806 -0.722716531060008 40.899166666666666
      vertex -2.6972148133858806 -0.722716531060008 41.21666666666667
    endloop
  endfacet
  facet normal 0.9238795325112866 0.3826834323650899 0
    outer loop
      vertex -2.418256644850114 -1.3961811248738147 42.22208333333333
      vertex -2.6972148133858806 -0.722716531060008 42.486666666666665
      vertex -2.418256644850114 -1.3961811248738147 42.53958333333333
    endloop
  endfacet
  facet normal 0.9238795325112866 0.38268343236508995 0
    outer loop
      vertex -2.418256644850114 -1.3961811248738147 42.22208333333333
      vertex -2.6972148133858806 -0.722716531060008 42.16916666666666
      vertex -2.6972148133858806 -0.722716531060008 42.486666666666665
    endloop
  endfacet
  facet normal 0 0 -1
    outer loop
      vertex -3.013569144850114 -1.7398849570007637 44.019999999999996
      vertex 0 0 44.019999999999996
      vertex -2.4605689031594093 -2.4605689031594093 44.019999999999996
    endloop
  endfacet
  facet normal 0 0 -1
    outer loop
      vertex -3.3611996294777655 -0.9006307263183561 44.019999999999996
      vertex -3.4797699140015275 0 44.019999999999996
      vertex 0 0 44.019999999999996
    endloop
  endfacet
  facet normal 0 0 -1
    outer loop
      vertex -3.013569144850114 -1.7398849570007637 44.019999999999996
      vertex -3.3611996294777655 -0.9006307263183561 44.019999999999996
      vertex 0 0 44.019999999999996
    endloop
  endfacet
  facet normal 0.3826834323650897 0.9238795325112866 0
    outer loop
      vertex -1.7398849570007637 -3.013569144850114 39.23229166666667
      vertex -1.7398849570007637 -3.013569144850114 39.391041666666666
      vertex -0.9006307263183561 -3.3611996294777655 39.28520833333333
    endloop
  endfacet
  facet normal 0.13693961714264094 0.49352628538877086 0.8588826153131687
    outer loop
      vertex -1.7398849570007637 -3.013569144850114 39.23229166666667
      vertex -1.4078111946857594 -2.9102893237361083 39.12
      vertex -1.6426375210341357 -2.845131644850113 39.12
    endloop
  endfacet
  facet normal 0.14382712371946704 0.47904194706220693 0.8659287334633462
    outer loop
      vertex -1.7398849570007637 -3.013569144850114 39.23229166666667
      vertex -0.9006307263183561 -3.3611996294777655 39.28520833333333
      vertex -1.4078111946857594 -2.9102893237361083 39.12
    endloop
  endfacet
  facet normal 0.23703267473989847 0.44043494374107583 -0.8659287334633519
    outer loop
      vertex -1.7398849570007637 -3.013569144850114 39.391041666666666
      vertex -1.3961811248738147 -2.418256644850114 39.78791666666666
      vertex -0.9006307263183561 -3.3611996294777655 39.44395833333333
    endloop
  endfacet
  facet normal 0.3826834323650898 0.9238795325112866 0
    outer loop
      vertex -1.7398849570007637 -3.013569144850114 39.391041666666666
      vertex -0.9006307263183561 -3.3611996294777655 39.44395833333333
      vertex -0.9006307263183561 -3.3611996294777655 39.28520833333333
    endloop
  endfacet
  facet normal 0.14382712371945844 0.4790419470621993 0.8659287334633518
    outer loop
      vertex -0.9006307263183561 -3.3611996294777655 39.28520833333333
      vertex -0.8265698565861404 -3.0848007007843963 39.12
      vertex -1.4078111946857594 -2.9102893237361083 39.12
    endloop
  endfacet
  facet normal 0.14382712371945905 0.4790419470622057 0.8659287334633481
    outer loop
      vertex -1.7398849570007637 -3.013569144850114 40.502291666666665
      vertex -0.9006307263183561 -3.3611996294777655 40.55520833333333
      vertex -0.722716531060008 -2.6972148133858806 40.15833333333333
    endloop
  endfacet
  facet normal 0.13693961714263783 0.4935262853887596 0.8588826153131756
    outer loop
      vertex -1.7398849570007637 -3.013569144850114 40.502291666666665
      vertex -0.722716531060008 -2.6972148133858806 40.15833333333333
      vertex -1.3961811248738147 -2.418256644850114 40.10541666666666
    endloop
  endfacet
  facet normal 0.25214485119755065 0.44580671498684804 -0.8588826153131757
    outer loop
      vertex -0.9006307263183561 -3.3611996294777655 39.44395833333333
      vertex -1.3961811248738147 -2.418256644850114 39.78791666666666
      vertex -0.722716531060008 -2.6972148133858806 39.84083333333333
    endloop
  endfacet
  facet normal 0.35893649201070504 0.3653563299244183 -0.8588826153131804
    outer loop
      vertex -1.7398849570007637 -3.013569144850114 39.391041666666666
      vertex -1.9744982823258725 -1.9744982823258725 39.735
      vertex -1.3961811248738147 -2.418256644850114 39.78791666666666
    endloop
  endfacet
  facet normal 0.6087614290087205 0.7933533402912352 0
    outer loop
      vertex -1.9744982823258725 -1.9744982823258725 40.052499999999995
      vertex -1.3961811248738147 -2.418256644850114 40.10541666666666
      vertex -1.3961811248738147 -2.418256644850114 39.78791666666666
    endloop
  endfacet
  facet normal 0.38268343236508995 0.9238795325112866 0
    outer loop
      vertex -0.722716531060008 -2.6972148133858806 39.84083333333333
      vertex -1.3961811248738147 -2.418256644850114 39.78791666666666
      vertex -1.3961811248738147 -2.418256644850114 40.10541666666666
    endloop
  endfacet
  facet normal 0.3826834323650899 0.9238795325112866 0
    outer loop
      vertex -0.722716531060008 -2.6972148133858806 39.84083333333333
      vertex -1.3961811248738147 -2.418256644850114 40.10541666666666
      vertex -0.722716531060008 -2.6972148133858806 40.15833333333333
    endloop
  endfacet
  facet normal 0.004539510922900778 0.5121523659550675 0.8588826153131797
    outer loop
      vertex -0.9006307263183561 -3.3611996294777655 39.28520833333333
      vertex -0.4680443144646559 -3.0879785258278565 39.12
      vertex -0.8265698565861404 -3.0848007007843963 39.12
    endloop
  endfacet
  facet normal 0.1305261922200516 0.9914448613738104 0
    outer loop
      vertex -0.9006307263183561 -3.3611996294777655 39.28520833333333
      vertex -0.9006307263183561 -3.3611996294777655 39.44395833333333
      vertex 0 -3.4797699140015275 39.338125
    endloop
  endfacet
  facet normal 0.01494115401880558 0.49994418736409446 0.8659287334633501
    outer loop
      vertex -0.9006307263183561 -3.3611996294777655 39.28520833333333
      vertex 0 -3.4797699140015275 39.338125
      vertex -0.4680443144646559 -3.0879785258278565 39.12
    endloop
  endfacet
  facet normal 0.11496303063680396 0.4867760574939599 -0.8659287334633483
    outer loop
      vertex -0.9006307263183561 -3.3611996294777655 39.44395833333333
      vertex -0.722716531060008 -2.6972148133858806 39.84083333333333
      vertex 0 -3.4797699140015275 39.496874999999996
    endloop
  endfacet
  facet normal 0.004539510922898137 0.5121523659550745 0.8588826153131756
    outer loop
      vertex -0.9006307263183561 -3.3611996294777655 40.55520833333333
      vertex 0 -2.7923622497476295 40.21125
      vertex -0.722716531060008 -2.6972148133858806 40.15833333333333
    endloop
  endfacet
  facet normal 0.13052619222005163 0.9914448613738104 0
    outer loop
      vertex -0.722716531060008 -2.6972148133858806 39.84083333333333
      vertex -0.722716531060008 -2.6972148133858806 40.15833333333333
      vertex 0 -2.7923622497476295 39.89375
    endloop
  endfacet
  facet normal 0.1305261922200516 0.9914448613738104 0
    outer loop
      vertex -0.9006307263183561 -3.3611996294777655 39.44395833333333
      vertex 0 -3.4797699140015275 39.496874999999996
      vertex 0 -3.4797699140015275 39.338125
    endloop
  endfacet
  facet normal 0.014941154018806118 0.49994418736409774 0.8659287334633483
    outer loop
      vertex -0.9006307263183561 -3.3611996294777655 40.55520833333333
      vertex 0 -3.4797699140015275 40.608125
      vertex 0 -2.7923622497476295 40.21125
    endloop
  endfacet
  facet normal 0.01494115401880676 0.49994418736409546 0.8659287334633495
    outer loop
      vertex 0 -3.4797699140015275 39.338125
      vertex 0 -3.1019663316005643 39.12
      vertex -0.4680443144646559 -3.0879785258278565 39.12
    endloop
  endfacet
  facet normal 0.12816995546434054 0.49587610915335356 -0.8588826153131756
    outer loop
      vertex -0.722716531060008 -2.6972148133858806 39.84083333333333
      vertex 0 -2.7923622497476295 39.89375
      vertex 0 -3.4797699140015275 39.496874999999996
    endloop
  endfacet
  facet normal 0.13052619222005163 0.9914448613738104 0
    outer loop
      vertex -0.722716531060008 -2.6972148133858806 40.15833333333333
      vertex 0 -2.7923622497476295 40.21125
      vertex 0 -2.7923622497476295 39.89375
    endloop
  endfacet
  facet normal 0.3826834323650897 0.9238795325112866 0
    outer loop
      vertex -1.7398849570007637 -3.013569144850114 40.502291666666665
      vertex -1.7398849570007637 -3.013569144850114 40.66104166666666
      vertex -0.9006307263183561 -3.3611996294777655 40.55520833333333
    endloop
  endfacet
  facet normal 0.3826834323650898 0.9238795325112867 0
    outer loop
      vertex -1.7398849570007637 -3.013569144850114 41.77229166666666
      vertex -1.7398849570007637 -3.013569144850114 41.931041666666665
      vertex -0.9006307263183561 -3.3611996294777655 41.82520833333333
    endloop
  endfacet
  facet normal 0.38268343236508984 0.9238795325112867 0
    outer loop
      vertex -1.7398849570007637 -3.013569144850114 43.042291666666664
      vertex -1.7398849570007637 -3.013569144850114 43.59692447916666
      vertex -0.9006307263183561 -3.3611996294777655 43.09520833333333
    endloop
  endfacet
  facet normal 0.2370326747399068 0.4404349437410788 -0.8659287334633481
    outer loop
      vertex -1.7398849570007637 -3.013569144850114 40.66104166666666
      vertex -1.3961811248738147 -2.418256644850114 41.057916666666664
      vertex -0.9006307263183561 -3.3611996294777655 40.71395833333333
    endloop
  endfacet
  facet normal 0.2370326747399068 0.4404349437410788 -0.8659287334633481
    outer loop
      vertex -1.7398849570007637 -3.013569144850114 41.931041666666665
      vertex -1.3961811248738147 -2.418256644850114 42.32791666666667
      vertex -0.9006307263183561 -3.3611996294777655 41.983958333333334
    endloop
  endfacet
  facet normal 0.3826834323650898 0.9238795325112866 0
    outer loop
      vertex -1.7398849570007637 -3.013569144850114 40.66104166666666
      vertex -0.9006307263183561 -3.3611996294777655 40.71395833333333
      vertex -0.9006307263183561 -3.3611996294777655 40.55520833333333
    endloop
  endfacet
  facet normal 0.38268343236508984 0.9238795325112867 0
    outer loop
      vertex -1.7398849570007637 -3.013569144850114 41.931041666666665
      vertex -0.9006307263183561 -3.3611996294777655 41.983958333333334
      vertex -0.9006307263183561 -3.3611996294777655 41.82520833333333
    endloop
  endfacet
  facet normal 0.14382712371945905 0.4790419470622057 0.8659287334633481
    outer loop
      vertex -1.7398849570007637 -3.013569144850114 41.77229166666666
      vertex -0.9006307263183561 -3.3611996294777655 41.82520833333333
      vertex -0.722716531060008 -2.6972148133858806 41.42833333333333
    endloop
  endfacet
  facet normal 0.13693961714264247 0.4935262853887499 0.8588826153131803
    outer loop
      vertex -1.7398849570007637 -3.013569144850114 41.77229166666666
      vertex -0.722716531060008 -2.6972148133858806 41.42833333333333
      vertex -1.3961811248738147 -2.418256644850114 41.375416666666666
    endloop
  endfacet
  facet normal 0.25214485119755065 0.44580671498684804 -0.8588826153131757
    outer loop
      vertex -0.9006307263183561 -3.3611996294777655 40.71395833333333
      vertex -1.3961811248738147 -2.418256644850114 41.057916666666664
      vertex -0.722716531060008 -2.6972148133858806 41.11083333333333
    endloop
  endfacet
  facet normal 0.14382712371945905 0.4790419470622057 0.8659287334633481
    outer loop
      vertex -1.7398849570007637 -3.013569144850114 43.042291666666664
      vertex -0.9006307263183561 -3.3611996294777655 43.09520833333333
      vertex -0.722716531060008 -2.6972148133858806 42.69833333333333
    endloop
  endfacet
  facet normal 0.13693961714263783 0.4935262853887596 0.8588826153131756
    outer loop
      vertex -1.7398849570007637 -3.013569144850114 43.042291666666664
      vertex -0.722716531060008 -2.6972148133858806 42.69833333333333
      vertex -1.3961811248738147 -2.418256644850114 42.64541666666666
    endloop
  endfacet
  facet normal 0.25214485119754043 0.4458067149868444 -0.8588826153131804
    outer loop
      vertex -0.9006307263183561 -3.3611996294777655 41.983958333333334
      vertex -1.3961811248738147 -2.418256644850114 42.32791666666667
      vertex -0.722716531060008 -2.6972148133858806 42.38083333333333
    endloop
  endfacet
  facet normal 0.38268343236508984 0.9238795325112866 0
    outer loop
      vertex -1.7398849570007637 -3.013569144850114 43.59692447916666
      vertex -1.7398849570007637 -3.013569144850114 43.71102604166666
      vertex -0.9006307263183561 -3.3611996294777655 43.649841145833335
    endloop
  endfacet
  facet normal 0.38268343236508984 0.9238795325112867 0
    outer loop
      vertex -1.7398849570007637 -3.013569144850114 43.71102604166666
      vertex -1.7398849570007637 -3.013569144850114 43.802307291666665
      vertex -0.9006307263183561 -3.3611996294777655 43.76394270833333
    endloop
  endfacet
  facet normal 0.38268343236508984 0.9238795325112867 0
    outer loop
      vertex -1.7398849570007637 -3.013569144850114 43.802307291666665
      vertex -1.7398849570007637 -3.013569144850114 43.91640885416666
      vertex -0.9006307263183561 -3.3611996294777655 43.85522395833333
    endloop
  endfacet
  facet normal 0.38268343236508984 0.9238795325112867 0
    outer loop
      vertex -1.7398849570007637 -3.013569144850114 43.91640885416666
      vertex -1.7398849570007637 -3.013569144850114 44.019999999999996
      vertex -0.9006307263183561 -3.3611996294777655 43.96932552083333
    endloop
  endfacet
  facet normal 0.38268343236508984 0.9238795325112866 0
    outer loop
      vertex -1.7398849570007637 -3.013569144850114 43.59692447916666
      vertex -0.9006307263183561 -3.3611996294777655 43.649841145833335
      vertex -0.9006307263183561 -3.3611996294777655 43.09520833333333
    endloop
  endfacet
  facet normal 0.38268343236508984 0.9238795325112867 0
    outer loop
      vertex -1.7398849570007637 -3.013569144850114 43.71102604166666
      vertex -0.9006307263183561 -3.3611996294777655 43.76394270833333
      vertex -0.9006307263183561 -3.3611996294777655 43.649841145833335
    endloop
  endfacet
  facet normal 0.38268343236508984 0.9238795325112867 0
    outer loop
      vertex -1.7398849570007637 -3.013569144850114 43.802307291666665
      vertex -0.9006307263183561 -3.3611996294777655 43.85522395833333
      vertex -0.9006307263183561 -3.3611996294777655 43.76394270833333
    endloop
  endfacet
  facet normal 0.38268343236508984 0.9238795325112867 0
    outer loop
      vertex -1.7398849570007637 -3.013569144850114 43.91640885416666
      vertex -0.9006307263183561 -3.3611996294777655 43.96932552083333
      vertex -0.9006307263183561 -3.3611996294777655 43.85522395833333
    endloop
  endfacet
  facet normal 0.3826834323650898 0.9238795325112866 0
    outer loop
      vertex -1.7398849570007637 -3.013569144850114 44.019999999999996
      vertex -0.9006307263183561 -3.3611996294777655 44.019999999999996
      vertex -0.9006307263183561 -3.3611996294777655 43.96932552083333
    endloop
  endfacet
  facet normal 0.3589364920107158 0.3653563299244192 -0.8588826153131756
    outer loop
      vertex -1.7398849570007637 -3.013569144850114 40.66104166666666
      vertex -1.9744982823258725 -1.9744982823258725 41.004999999999995
      vertex -1.3961811248738147 -2.418256644850114 41.057916666666664
    endloop
  endfacet
  facet normal 0.6087614290087207 0.7933533402912352 0
    outer loop
      vertex -1.3961811248738147 -2.418256644850114 41.057916666666664
      vertex -1.9744982823258725 -1.9744982823258725 41.3225
      vertex -1.3961811248738147 -2.418256644850114 41.375416666666666
    endloop
  endfacet
  facet normal 0.3589364920107158 0.3653563299244192 -0.8588826153131756
    outer loop
      vertex -1.7398849570007637 -3.013569144850114 41.931041666666665
      vertex -1.9744982823258725 -1.9744982823258725 42.275
      vertex -1.3961811248738147 -2.418256644850114 42.32791666666667
    endloop
  endfacet
  facet normal 0.6087614290087205 0.7933533402912352 0
    outer loop
      vertex -1.9744982823258725 -1.9744982823258725 42.5925
      vertex -1.3961811248738147 -2.418256644850114 42.64541666666666
      vertex -1.3961811248738147 -2.418256644850114 42.32791666666667
    endloop
  endfacet
  facet normal 0.38268343236508995 0.9238795325112866 0
    outer loop
      vertex -0.722716531060008 -2.6972148133858806 41.11083333333333
      vertex -1.3961811248738147 -2.418256644850114 41.057916666666664
      vertex -1.3961811248738147 -2.418256644850114 41.375416666666666
    endloop
  endfacet
  facet normal 0.38268343236508995 0.9238795325112867 0
    outer loop
      vertex -0.722716531060008 -2.6972148133858806 41.11083333333333
      vertex -1.3961811248738147 -2.418256644850114 41.375416666666666
      vertex -0.722716531060008 -2.6972148133858806 41.42833333333333
    endloop
  endfacet
  facet normal 0.38268343236508995 0.9238795325112867 0
    outer loop
      vertex -0.722716531060008 -2.6972148133858806 42.38083333333333
      vertex -1.3961811248738147 -2.418256644850114 42.32791666666667
      vertex -1.3961811248738147 -2.418256644850114 42.64541666666666
    endloop
  endfacet
  facet normal 0.3826834323650899 0.9238795325112866 0
    outer loop
      vertex -0.722716531060008 -2.6972148133858806 42.38083333333333
      vertex -1.3961811248738147 -2.418256644850114 42.64541666666666
      vertex -0.722716531060008 -2.6972148133858806 42.69833333333333
    endloop
  endfacet
  facet normal 0 0 -1
    outer loop
      vertex -1.7398849570007637 -3.013569144850114 44.019999999999996
      vertex -2.4605689031594093 -2.4605689031594093 44.019999999999996
      vertex 0 0 44.019999999999996
    endloop
  endfacet
  facet normal 0.1305261922200516 0.9914448613738104 0
    outer loop
      vertex -0.9006307263183561 -3.3611996294777655 40.55520833333333
      vertex -0.9006307263183561 -3.3611996294777655 40.71395833333333
      vertex 0 -3.4797699140015275 40.608125
    endloop
  endfacet
  facet normal 0.1305261922200516 0.9914448613738104 0
    outer loop
      vertex -0.9006307263183561 -3.3611996294777655 41.82520833333333
      vertex -0.9006307263183561 -3.3611996294777655 41.983958333333334
      vertex 0 -3.4797699140015275 41.878125
    endloop
  endfacet
  facet normal 0.11496303063680396 0.4867760574939599 -0.8659287334633483
    outer loop
      vertex -0.9006307263183561 -3.3611996294777655 40.71395833333333
      vertex -0.722716531060008 -2.6972148133858806 41.11083333333333
      vertex 0 -3.4797699140015275 40.766875
    endloop
  endfacet
  facet normal 0.1305261922200516 0.9914448613738105 0
    outer loop
      vertex -0.9006307263183561 -3.3611996294777655 43.09520833333333
      vertex -0.9006307263183561 -3.3611996294777655 43.649841145833335
      vertex 0 -3.4797699140015275 43.14812499999999
    endloop
  endfacet
  facet normal 0.11496303063679668 0.4867760574939549 -0.865928733463352
    outer loop
      vertex -0.9006307263183561 -3.3611996294777655 41.983958333333334
      vertex -0.722716531060008 -2.6972148133858806 42.38083333333333
      vertex 0 -3.4797699140015275 42.036874999999995
    endloop
  endfacet
  facet normal 0.004539510922898137 0.5121523659550745 0.8588826153131756
    outer loop
      vertex -0.9006307263183561 -3.3611996294777655 41.82520833333333
      vertex 0 -2.7923622497476295 41.481249999999996
      vertex -0.722716531060008 -2.6972148133858806 41.42833333333333
    endloop
  endfacet
  facet normal 0.13052619222005163 0.9914448613738105 0
    outer loop
      vertex -0.722716531060008 -2.6972148133858806 41.11083333333333
      vertex -0.722716531060008 -2.6972148133858806 41.42833333333333
      vertex 0 -2.7923622497476295 41.16374999999999
    endloop
  endfacet
  facet normal 0.004539510922898137 0.5121523659550745 0.8588826153131756
    outer loop
      vertex -0.9006307263183561 -3.3611996294777655 43.09520833333333
      vertex 0 -2.7923622497476295 42.75125
      vertex -0.722716531060008 -2.6972148133858806 42.69833333333333
    endloop
  endfacet
  facet normal 0.13052619222005163 0.9914448613738104 0
    outer loop
      vertex -0.722716531060008 -2.6972148133858806 42.38083333333333
      vertex -0.722716531060008 -2.6972148133858806 42.69833333333333
      vertex 0 -2.7923622497476295 42.433749999999996
    endloop
  endfacet
  facet normal 0.1305261922200516 0.9914448613738104 0
    outer loop
      vertex -0.9006307263183561 -3.3611996294777655 40.71395833333333
      vertex 0 -3.4797699140015275 40.766875
      vertex 0 -3.4797699140015275 40.608125
    endloop
  endfacet
  facet normal 0.014941154018806118 0.49994418736409774 0.8659287334633483
    outer loop
      vertex -0.9006307263183561 -3.3611996294777655 41.82520833333333
      vertex 0 -3.4797699140015275 41.878125
      vertex 0 -2.7923622497476295 41.481249999999996
    endloop
  endfacet
  facet normal 0.1305261922200516 0.9914448613738104 0
    outer loop
      vertex -0.9006307263183561 -3.3611996294777655 41.983958333333334
      vertex 0 -3.4797699140015275 42.036874999999995
      vertex 0 -3.4797699140015275 41.878125
    endloop
  endfacet
  facet normal 0.014941154018811836 0.49994418736409096 0.865928733463352
    outer loop
      vertex -0.9006307263183561 -3.3611996294777655 43.09520833333333
      vertex 0 -3.4797699140015275 43.14812499999999
      vertex 0 -2.7923622497476295 42.75125
    endloop
  endfacet
  facet normal 0.12816995546433166 0.4958761091533475 -0.8588826153131804
    outer loop
      vertex -0.722716531060008 -2.6972148133858806 41.11083333333333
      vertex 0 -2.7923622497476295 41.16374999999999
      vertex 0 -3.4797699140015275 40.766875
    endloop
  endfacet
  facet normal 0.13052619222005163 0.9914448613738104 0
    outer loop
      vertex -0.722716531060008 -2.6972148133858806 41.42833333333333
      vertex 0 -2.7923622497476295 41.481249999999996
      vertex 0 -2.7923622497476295 41.16374999999999
    endloop
  endfacet
  facet normal 0.12816995546434054 0.49587610915335356 -0.8588826153131756
    outer loop
      vertex -0.722716531060008 -2.6972148133858806 42.38083333333333
      vertex 0 -2.7923622497476295 42.433749999999996
      vertex 0 -3.4797699140015275 42.036874999999995
    endloop
  endfacet
  facet normal 0.13052619222005163 0.9914448613738104 0
    outer loop
      vertex -0.722716531060008 -2.6972148133858806 42.69833333333333
      vertex 0 -2.7923622497476295 42.75125
      vertex 0 -2.7923622497476295 42.433749999999996
    endloop
  endfacet
  facet normal 0.1305261922200516 0.9914448613738105 0
    outer loop
      vertex -0.9006307263183561 -3.3611996294777655 43.649841145833335
      vertex -0.9006307263183561 -3.3611996294777655 43.76394270833333
      vertex 0 -3.4797699140015275 43.702757812499996
    endloop
  endfacet
  facet normal 0.1305261922200516 0.9914448613738104 0
    outer loop
      vertex -0.9006307263183561 -3.3611996294777655 43.76394270833333
      vertex -0.9006307263183561 -3.3611996294777655 43.85522395833333
      vertex 0 -3.4797699140015275 43.81685937499999
    endloop
  endfacet
  facet normal 0.1305261922200516 0.9914448613738105 0
    outer loop
      vertex -0.9006307263183561 -3.3611996294777655 43.85522395833333
      vertex -0.9006307263183561 -3.3611996294777655 43.96932552083333
      vertex 0 -3.4797699140015275 43.908140625
    endloop
  endfacet
  facet normal 0.1305261922200516 0.9914448613738104 0
    outer loop
      vertex -0.9006307263183561 -3.3611996294777655 43.96932552083333
      vertex -0.9006307263183561 -3.3611996294777655 44.019999999999996
      vertex 0 -3.4797699140015275 44.019999999999996
    endloop
  endfacet
  facet normal 0.1305261922200516 0.9914448613738105 0
    outer loop
      vertex -0.9006307263183561 -3.3611996294777655 43.649841145833335
      vertex 0 -3.4797699140015275 43.702757812499996
      vertex 0 -3.4797699140015275 43.14812499999999
    endloop
  endfacet
  facet normal 0.1305261922200516 0.9914448613738105 0
    outer loop
      vertex -0.9006307263183561 -3.3611996294777655 43.76394270833333
      vertex 0 -3.4797699140015275 43.81685937499999
      vertex 0 -3.4797699140015275 43.702757812499996
    endloop
  endfacet
  facet normal 0.1305261922200516 0.9914448613738104 0
    outer loop
      vertex -0.9006307263183561 -3.3611996294777655 43.85522395833333
      vertex 0 -3.4797699140015275 43.908140625
      vertex 0 -3.4797699140015275 43.81685937499999
    endloop
  endfacet
  facet normal 0.13052619222005157 0.9914448613738103 0
    outer loop
      vertex -0.9006307263183561 -3.3611996294777655 43.96932552083333
      vertex 0 -3.4797699140015275 44.019999999999996
      vertex 0 -3.4797699140015275 43.908140625
    endloop
  endfacet
  facet normal 0 0 -1
    outer loop
      vertex -1.7398849570007637 -3.013569144850114 44.019999999999996
      vertex 0 0 44.019999999999996
      vertex -0.9006307263183561 -3.3611996294777655 44.019999999999996
    endloop
  endfacet
  facet normal 0 0 -1
    outer loop
      vertex -0.9006307263183561 -3.3611996294777655 44.019999999999996
      vertex 0 0 44.019999999999996
      vertex 0 -3.4797699140015275 44.019999999999996
    endloop
  endfacet
  facet normal 0.9914448613738104 -0.1305261922200516 0
    outer loop
      vertex -3.4797699140015275 0 39.179375
      vertex -3.4797699140015275 0 39.12
      vertex -3.3611996294777655 0.9006307263183561 39.12645833333333
    endloop
  endfacet
  facet normal 0.9914448613738104 -0.1305261922200516 0
    outer loop
      vertex -3.4797699140015275 0 40.290625
      vertex -3.3611996294777655 0.9006307263183561 40.39645833333333
      vertex -3.4797699140015275 0 40.449374999999996
    endloop
  endfacet
  facet normal 0.49994418736409774 -0.014941154018806123 0.8659287334633483
    outer loop
      vertex -3.4797699140015275 0 40.290625
      vertex -2.7923622497476295 0 39.89375
      vertex -3.3611996294777655 0.9006307263183561 40.23770833333333
    endloop
  endfacet
  facet normal 0.9914448613738105 -0.13052619222005163 0
    outer loop
      vertex -3.3611996294777655 0.9006307263183561 39.12645833333333
      vertex -3.4797699140015275 0 39.12
      vertex -3.3611996294777655 0.9006307263183561 39.12
    endloop
  endfacet
  facet normal 0.9914448613738104 -0.1305261922200516 0
    outer loop
      vertex -3.4797699140015275 0 40.290625
      vertex -3.3611996294777655 0.9006307263183561 40.23770833333333
      vertex -3.3611996294777655 0.9006307263183561 40.39645833333333
    endloop
  endfacet
  facet normal 0.4867760574939599 -0.11496303063680396 -0.8659287334633483
    outer loop
      vertex -3.4797699140015275 0 39.179375
      vertex -3.3611996294777655 0.9006307263183561 39.12645833333333
      vertex -2.6972148133858806 0.722716531060008 39.52333333333333
    endloop
  endfacet
  facet normal 0.49587610915335356 -0.12816995546434054 -0.8588826153131756
    outer loop
      vertex -3.4797699140015275 0 39.179375
      vertex -2.6972148133858806 0.722716531060008 39.52333333333333
      vertex -2.7923622497476295 0 39.57625
    endloop
  endfacet
  facet normal 0.9914448613738105 -0.13052619222005163 0
    outer loop
      vertex -2.7923622497476295 0 39.57625
      vertex -2.6972148133858806 0.722716531060008 39.84083333333333
      vertex -2.7923622497476295 0 39.89375
    endloop
  endfacet
  facet normal 0.5121523659550745 -0.004539510922898137 0.8588826153131756
    outer loop
      vertex -3.3611996294777655 0.9006307263183561 40.23770833333333
      vertex -2.7923622497476295 0 39.89375
      vertex -2.6972148133858806 0.722716531060008 39.84083333333333
    endloop
  endfacet
  facet normal 0.9914448613738105 -0.13052619222005163 0
    outer loop
      vertex -2.7923622497476295 0 39.57625
      vertex -2.6972148133858806 0.722716531060008 39.52333333333333
      vertex -2.6972148133858806 0.722716531060008 39.84083333333333
    endloop
  endfacet
  facet normal 0.9238795325112862 -0.38268343236509117 0
    outer loop
      vertex -3.3611996294777655 0.9006307263183561 39.12645833333333
      vertex -3.3611996294777655 0.9006307263183561 39.12
      vertex -3.3187722868657326 1.0030593922677755 39.12
    endloop
  endfacet
  facet normal 0.4404349437411764 -0.23703267473995715 -0.8659287334632848
    outer loop
      vertex -3.3611996294777655 0.9006307263183561 39.12645833333333
      vertex -3.3187722868657326 1.0030593922677755 39.12
      vertex -2.943881644850114 1.6996508601166116 39.12
    endloop
  endfacet
  facet normal 0.9238795325112866 -0.3826834323650897 0
    outer loop
      vertex -3.3611996294777655 0.9006307263183561 40.23770833333333
      vertex -3.013569144850114 1.7398849570007637 40.34354166666667
      vertex -3.3611996294777655 0.9006307263183561 40.39645833333333
    endloop
  endfacet
  facet normal 0.9238795325112867 -0.38268343236508984 0
    outer loop
      vertex -3.3611996294777655 0.9006307263183561 40.23770833333333
      vertex -3.013569144850114 1.7398849570007637 40.18479166666666
      vertex -3.013569144850114 1.7398849570007637 40.34354166666667
    endloop
  endfacet
  facet normal 0.4790419470622057 -0.14382712371945905 0.8659287334633481
    outer loop
      vertex -3.3611996294777655 0.9006307263183561 40.23770833333333
      vertex -2.6972148133858806 0.722716531060008 39.84083333333333
      vertex -3.013569144850114 1.7398849570007637 40.18479166666666
    endloop
  endfacet
  facet normal 0.44580671498684804 -0.25214485119755065 -0.8588826153131757
    outer loop
      vertex -3.3611996294777655 0.9006307263183561 39.12645833333333
      vertex -2.418256644850114 1.3961811248738147 39.470416666666665
      vertex -2.6972148133858806 0.722716531060008 39.52333333333333
    endloop
  endfacet
  facet normal 0.4935262853887596 -0.13693961714263783 0.8588826153131756
    outer loop
      vertex -3.013569144850114 1.7398849570007637 40.18479166666666
      vertex -2.6972148133858806 0.722716531060008 39.84083333333333
      vertex -2.418256644850114 1.3961811248738147 39.78791666666666
    endloop
  endfacet
  facet normal 0.4404349437410788 -0.23703267473990666 -0.8659287334633482
    outer loop
      vertex -3.3611996294777655 0.9006307263183561 39.12645833333333
      vertex -2.943881644850114 1.6996508601166116 39.12
      vertex -2.418256644850114 1.3961811248738147 39.470416666666665
    endloop
  endfacet
  facet normal 0.3653563299244189 -0.35893649201071615 -0.8588826153131754
    outer loop
      vertex -2.418256644850114 1.3961811248738147 39.470416666666665
      vertex -2.943881644850114 1.6996508601166116 39.12
      vertex -2.8732222021833014 1.7715740978532772 39.12
    endloop
  endfacet
  facet normal 0.9238795325112867 -0.38268343236508995 0
    outer loop
      vertex -2.6972148133858806 0.722716531060008 39.52333333333333
      vertex -2.418256644850114 1.3961811248738147 39.78791666666666
      vertex -2.6972148133858806 0.722716531060008 39.84083333333333
    endloop
  endfacet
  facet normal 0.9238795325112867 -0.38268343236508995 0
    outer loop
      vertex -2.6972148133858806 0.722716531060008 39.52333333333333
      vertex -2.418256644850114 1.3961811248738147 39.470416666666665
      vertex -2.418256644850114 1.3961811248738147 39.78791666666666
    endloop
  endfacet
  facet normal 0.36535632992441913 -0.35893649201071576 -0.8588826153131757
    outer loop
      vertex -2.418256644850114 1.3961811248738147 39.470416666666665
      vertex -2.8732222021833014 1.7715740978532772 39.12
      vertex -1.9744982823258725 1.9744982823258725 39.4175
    endloop
  endfacet
  facet normal 0.7933533402912352 -0.6087614290087205 0
    outer loop
      vertex -2.418256644850114 1.3961811248738147 39.470416666666665
      vertex -1.9744982823258725 1.9744982823258725 39.735
      vertex -2.418256644850114 1.3961811248738147 39.78791666666666
    endloop
  endfacet
  facet normal 0.9914448613738104 -0.1305261922200516 0
    outer loop
      vertex -3.4797699140015275 0 41.560625
      vertex -3.3611996294777655 0.9006307263183561 41.66645833333333
      vertex -3.4797699140015275 0 41.719375
    endloop
  endfacet
  facet normal 0.4999441873641044 -0.014941154018800397 0.8659287334633443
    outer loop
      vertex -3.4797699140015275 0 41.560625
      vertex -2.7923622497476295 0 41.16374999999999
      vertex -3.3611996294777655 0.9006307263183561 41.507708333333326
    endloop
  endfacet
  facet normal 0.9914448613738105 -0.1305261922200516 0
    outer loop
      vertex -3.4797699140015275 0 42.830625
      vertex -3.3611996294777655 0.9006307263183561 43.33234114583333
      vertex -3.4797699140015275 0 43.3852578125
    endloop
  endfacet
  facet normal 0.49994418736409774 -0.014941154018806123 0.8659287334633483
    outer loop
      vertex -3.4797699140015275 0 42.830625
      vertex -2.7923622497476295 0 42.433749999999996
      vertex -3.3611996294777655 0.9006307263183561 42.77770833333333
    endloop
  endfacet
  facet normal 0.9914448613738104 -0.1305261922200516 0
    outer loop
      vertex -3.4797699140015275 0 41.560625
      vertex -3.3611996294777655 0.9006307263183561 41.507708333333326
      vertex -3.3611996294777655 0.9006307263183561 41.66645833333333
    endloop
  endfacet
  facet normal 0.4867760574939599 -0.11496303063680396 -0.8659287334633483
    outer loop
      vertex -3.4797699140015275 0 40.449374999999996
      vertex -3.3611996294777655 0.9006307263183561 40.39645833333333
      vertex -2.6972148133858806 0.722716531060008 40.79333333333333
    endloop
  endfacet
  facet normal 0.4867760574939599 -0.11496303063680396 -0.8659287334633483
    outer loop
      vertex -3.4797699140015275 0 41.719375
      vertex -3.3611996294777655 0.9006307263183561 41.66645833333333
      vertex -2.6972148133858806 0.722716531060008 42.06333333333333
    endloop
  endfacet
  facet normal 0.9914448613738105 -0.1305261922200516 0
    outer loop
      vertex -3.4797699140015275 0 42.830625
      vertex -3.3611996294777655 0.9006307263183561 42.77770833333333
      vertex -3.3611996294777655 0.9006307263183561 43.33234114583333
    endloop
  endfacet
  facet normal 0.49587610915335356 -0.12816995546434054 -0.8588826153131756
    outer loop
      vertex -3.4797699140015275 0 40.449374999999996
      vertex -2.6972148133858806 0.722716531060008 40.79333333333333
      vertex -2.7923622497476295 0 40.84625
    endloop
  endfacet
  facet normal 0.9914448613738105 -0.13052619222005163 0
    outer loop
      vertex -2.7923622497476295 0 40.84625
      vertex -2.6972148133858806 0.722716531060008 41.11083333333333
      vertex -2.7923622497476295 0 41.16374999999999
    endloop
  endfacet
  facet normal 0.4958761091533476 -0.12816995546433166 -0.8588826153131804
    outer loop
      vertex -3.4797699140015275 0 41.719375
      vertex -2.6972148133858806 0.722716531060008 42.06333333333333
      vertex -2.7923622497476295 0 42.116249999999994
    endloop
  endfacet
  facet normal 0.9914448613738104 -0.13052619222005163 0
    outer loop
      vertex -2.7923622497476295 0 42.116249999999994
      vertex -2.6972148133858806 0.722716531060008 42.38083333333333
      vertex -2.7923622497476295 0 42.433749999999996
    endloop
  endfacet
  facet normal 0.5121523659550663 -0.004539510922905168 0.8588826153131804
    outer loop
      vertex -3.3611996294777655 0.9006307263183561 41.507708333333326
      vertex -2.7923622497476295 0 41.16374999999999
      vertex -2.6972148133858806 0.722716531060008 41.11083333333333
    endloop
  endfacet
  facet normal 0.9914448613738104 -0.13052619222005163 0
    outer loop
      vertex -2.7923622497476295 0 40.84625
      vertex -2.6972148133858806 0.722716531060008 40.79333333333333
      vertex -2.6972148133858806 0.722716531060008 41.11083333333333
    endloop
  endfacet
  facet normal 0.5121523659550745 -0.004539510922898137 0.8588826153131756
    outer loop
      vertex -3.3611996294777655 0.9006307263183561 42.77770833333333
      vertex -2.7923622497476295 0 42.433749999999996
      vertex -2.6972148133858806 0.722716531060008 42.38083333333333
    endloop
  endfacet
  facet normal 0.9914448613738105 -0.13052619222005163 0
    outer loop
      vertex -2.7923622497476295 0 42.116249999999994
      vertex -2.6972148133858806 0.722716531060008 42.06333333333333
      vertex -2.6972148133858806 0.722716531060008 42.38083333333333
    endloop
  endfacet
  facet normal 0.9914448613738105 -0.1305261922200516 0
    outer loop
      vertex -3.4797699140015275 0 43.3852578125
      vertex -3.3611996294777655 0.9006307263183561 43.44644270833333
      vertex -3.4797699140015275 0 43.499359375
    endloop
  endfacet
  facet normal 0.9914448613738104 -0.1305261922200516 0
    outer loop
      vertex -3.4797699140015275 0 43.499359375
      vertex -3.3611996294777655 0.9006307263183561 43.53772395833333
      vertex -3.4797699140015275 0 43.590640625
    endloop
  endfacet
  facet normal 0.9914448613738105 -0.1305261922200516 0
    outer loop
      vertex -3.4797699140015275 0 43.590640625
      vertex -3.3611996294777655 0.9006307263183561 43.65182552083333
      vertex -3.4797699140015275 0 43.7047421875
    endloop
  endfacet
  facet normal 0.9914448613738105 -0.1305261922200516 0
    outer loop
      vertex -3.4797699140015275 0 43.7047421875
      vertex -3.3611996294777655 0.9006307263183561 44.019999999999996
      vertex -3.4797699140015275 0 44.019999999999996
    endloop
  endfacet
  facet normal 0.9914448613738105 -0.1305261922200516 0
    outer loop
      vertex -3.4797699140015275 0 43.3852578125
      vertex -3.3611996294777655 0.9006307263183561 43.33234114583333
      vertex -3.3611996294777655 0.9006307263183561 43.44644270833333
    endloop
  endfacet
  facet normal 0.9914448613738104 -0.1305261922200516 0
    outer loop
      vertex -3.4797699140015275 0 43.499359375
      vertex -3.3611996294777655 0.9006307263183561 43.44644270833333
      vertex -3.3611996294777655 0.9006307263183561 43.53772395833333
    endloop
  endfacet
  facet normal 0.9914448613738105 -0.1305261922200516 0
    outer loop
      vertex -3.4797699140015275 0 43.590640625
      vertex -3.3611996294777655 0.9006307263183561 43.53772395833333
      vertex -3.3611996294777655 0.9006307263183561 43.65182552083333
    endloop
  endfacet
  facet normal 0.9914448613738103 -0.13052619222005157 0
    outer loop
      vertex -3.4797699140015275 0 43.7047421875
      vertex -3.3611996294777655 0.9006307263183561 43.65182552083333
      vertex -3.3611996294777655 0.9006307263183561 44.019999999999996
    endloop
  endfacet
  facet normal 0.9238795325112867 -0.3826834323650898 0
    outer loop
      vertex -3.3611996294777655 0.9006307263183561 41.507708333333326
      vertex -3.013569144850114 1.7398849570007637 41.61354166666666
      vertex -3.3611996294777655 0.9006307263183561 41.66645833333333
    endloop
  endfacet
  facet normal 0.9238795325112866 -0.38268343236508984 0
    outer loop
      vertex -3.3611996294777655 0.9006307263183561 42.77770833333333
      vertex -3.013569144850114 1.7398849570007637 43.279424479166664
      vertex -3.3611996294777655 0.9006307263183561 43.33234114583333
    endloop
  endfacet
  facet normal 0.9238795325112866 -0.3826834323650898 0
    outer loop
      vertex -3.3611996294777655 0.9006307263183561 41.507708333333326
      vertex -3.013569144850114 1.7398849570007637 41.454791666666665
      vertex -3.013569144850114 1.7398849570007637 41.61354166666666
    endloop
  endfacet
  facet normal 0.9238795325112866 -0.38268343236508984 0
    outer loop
      vertex -3.3611996294777655 0.9006307263183561 42.77770833333333
      vertex -3.013569144850114 1.7398849570007637 42.72479166666666
      vertex -3.013569144850114 1.7398849570007637 43.279424479166664
    endloop
  endfacet
  facet normal 0.9238795325112867 -0.38268343236508984 0
    outer loop
      vertex -3.3611996294777655 0.9006307263183561 43.33234114583333
      vertex -3.013569144850114 1.7398849570007637 43.279424479166664
      vertex -3.013569144850114 1.7398849570007637 43.39352604166666
    endloop
  endfacet
  facet normal 0.47904194706219777 -0.14382712371946285 0.8659287334633521
    outer loop
      vertex -3.3611996294777655 0.9006307263183561 41.507708333333326
      vertex -2.6972148133858806 0.722716531060008 41.11083333333333
      vertex -3.013569144850114 1.7398849570007637 41.454791666666665
    endloop
  endfacet
  facet normal 0.44580671498684804 -0.25214485119755065 -0.8588826153131757
    outer loop
      vertex -3.3611996294777655 0.9006307263183561 40.39645833333333
      vertex -2.418256644850114 1.3961811248738147 40.74041666666666
      vertex -2.6972148133858806 0.722716531060008 40.79333333333333
    endloop
  endfacet
  facet normal 0.4935262853887596 -0.13693961714263783 0.8588826153131756
    outer loop
      vertex -3.013569144850114 1.7398849570007637 41.454791666666665
      vertex -2.6972148133858806 0.722716531060008 41.11083333333333
      vertex -2.418256644850114 1.3961811248738147 41.057916666666664
    endloop
  endfacet
  facet normal 0.4790419470622057 -0.14382712371945905 0.8659287334633481
    outer loop
      vertex -3.3611996294777655 0.9006307263183561 42.77770833333333
      vertex -2.6972148133858806 0.722716531060008 42.38083333333333
      vertex -3.013569144850114 1.7398849570007637 42.72479166666666
    endloop
  endfacet
  facet normal 0.44580671498684804 -0.25214485119755065 -0.8588826153131757
    outer loop
      vertex -3.3611996294777655 0.9006307263183561 41.66645833333333
      vertex -2.418256644850114 1.3961811248738147 42.010416666666664
      vertex -2.6972148133858806 0.722716531060008 42.06333333333333
    endloop
  endfacet
  facet normal 0.4935262853887499 -0.13693961714264247 0.8588826153131803
    outer loop
      vertex -3.013569144850114 1.7398849570007637 42.72479166666666
      vertex -2.6972148133858806 0.722716531060008 42.38083333333333
      vertex -2.418256644850114 1.3961811248738147 42.32791666666667
    endloop
  endfacet
  facet normal 0.44043494374107583 -0.23703267473989847 -0.8659287334633519
    outer loop
      vertex -3.3611996294777655 0.9006307263183561 40.39645833333333
      vertex -3.013569144850114 1.7398849570007637 40.34354166666667
      vertex -2.418256644850114 1.3961811248738147 40.74041666666666
    endloop
  endfacet
  facet normal 0.4404349437410788 -0.2370326747399068 -0.8659287334633481
    outer loop
      vertex -3.3611996294777655 0.9006307263183561 41.66645833333333
      vertex -3.013569144850114 1.7398849570007637 41.61354166666666
      vertex -2.418256644850114 1.3961811248738147 42.010416666666664
    endloop
  endfacet
  facet normal 0.9238795325112867 -0.38268343236508984 0
    outer loop
      vertex -3.3611996294777655 0.9006307263183561 43.33234114583333
      vertex -3.013569144850114 1.7398849570007637 43.39352604166666
      vertex -3.3611996294777655 0.9006307263183561 43.44644270833333
    endloop
  endfacet
  facet normal 0.9238795325112867 -0.38268343236508984 0
    outer loop
      vertex -3.3611996294777655 0.9006307263183561 43.44644270833333
      vertex -3.013569144850114 1.7398849570007637 43.48480729166666
      vertex -3.3611996294777655 0.9006307263183561 43.53772395833333
    endloop
  endfacet
  facet normal 0.9238795325112867 -0.38268343236508984 0
    outer loop
      vertex -3.3611996294777655 0.9006307263183561 43.53772395833333
      vertex -3.013569144850114 1.7398849570007637 43.598908854166666
      vertex -3.3611996294777655 0.9006307263183561 43.65182552083333
    endloop
  endfacet
  facet normal 0.9238795325112866 -0.3826834323650899 0
    outer loop
      vertex -3.3611996294777655 0.9006307263183561 43.65182552083333
      vertex -3.013569144850114 1.7398849570007637 44.019999999999996
      vertex -3.3611996294777655 0.9006307263183561 44.019999999999996
    endloop
  endfacet
  facet normal 0.9238795325112867 -0.38268343236508984 0
    outer loop
      vertex -3.3611996294777655 0.9006307263183561 43.44644270833333
      vertex -3.013569144850114 1.7398849570007637 43.39352604166666
      vertex -3.013569144850114 1.7398849570007637 43.48480729166666
    endloop
  endfacet
  facet normal 0.9238795325112866 -0.38268343236508984 0
    outer loop
      vertex -3.3611996294777655 0.9006307263183561 43.53772395833333
      vertex -3.013569144850114 1.7398849570007637 43.48480729166666
      vertex -3.013569144850114 1.7398849570007637 43.598908854166666
    endloop
  endfacet
  facet normal 0.9238795325112867 -0.3826834323650899 0
    outer loop
      vertex -3.3611996294777655 0.9006307263183561 43.65182552083333
      vertex -3.013569144850114 1.7398849570007637 43.598908854166666
      vertex -3.013569144850114 1.7398849570007637 44.019999999999996
    endloop
  endfacet
  facet normal 0 0 -1
    outer loop
      vertex -3.4797699140015275 0 44.019999999999996
      vertex -3.3611996294777655 0.9006307263183561 44.019999999999996
      vertex 0 0 44.019999999999996
    endloop
  endfacet
  facet normal 0 0 -1
    outer loop
      vertex -3.3611996294777655 0.9006307263183561 44.019999999999996
      vertex -3.013569144850114 1.7398849570007637 44.019999999999996
      vertex 0 0 44.019999999999996
    endloop
  endfacet
  facet normal 0.9238795325112866 -0.3826834323650899 0
    outer loop
      vertex -2.6972148133858806 0.722716531060008 40.79333333333333
      vertex -2.418256644850114 1.3961811248738147 41.057916666666664
      vertex -2.6972148133858806 0.722716531060008 41.11083333333333
    endloop
  endfacet
  facet normal 0.9238795325112866 -0.38268343236508995 0
    outer loop
      vertex -2.6972148133858806 0.722716531060008 40.79333333333333
      vertex -2.418256644850114 1.3961811248738147 40.74041666666666
      vertex -2.418256644850114 1.3961811248738147 41.057916666666664
    endloop
  endfacet
  facet normal 0.9238795325112867 -0.38268343236508995 0
    outer loop
      vertex -2.6972148133858806 0.722716531060008 42.06333333333333
      vertex -2.418256644850114 1.3961811248738147 42.32791666666667
      vertex -2.6972148133858806 0.722716531060008 42.38083333333333
    endloop
  endfacet
  facet normal 0.9238795325112866 -0.38268343236508995 0
    outer loop
      vertex -2.6972148133858806 0.722716531060008 42.06333333333333
      vertex -2.418256644850114 1.3961811248738147 42.010416666666664
      vertex -2.418256644850114 1.3961811248738147 42.32791666666667
    endloop
  endfacet
  facet normal 0.3653563299244183 -0.35893649201070504 -0.8588826153131804
    outer loop
      vertex -3.013569144850114 1.7398849570007637 40.34354166666667
      vertex -1.9744982823258725 1.9744982823258725 40.6875
      vertex -2.418256644850114 1.3961811248738147 40.74041666666666
    endloop
  endfacet
  facet normal 0.3653563299244192 -0.3589364920107158 -0.8588826153131756
    outer loop
      vertex -3.013569144850114 1.7398849570007637 41.61354166666666
      vertex -1.9744982823258725 1.9744982823258725 41.957499999999996
      vertex -2.418256644850114 1.3961811248738147 42.010416666666664
    endloop
  endfacet
  facet normal 0.7933533402912352 -0.6087614290087207 0
    outer loop
      vertex -2.418256644850114 1.3961811248738147 40.74041666666666
      vertex -1.9744982823258725 1.9744982823258725 41.004999999999995
      vertex -2.418256644850114 1.3961811248738147 41.057916666666664
    endloop
  endfacet
  facet normal 0.7933533402912352 -0.6087614290087207 0
    outer loop
      vertex -2.418256644850114 1.3961811248738147 42.010416666666664
      vertex -1.9744982823258725 1.9744982823258725 42.275
      vertex -2.418256644850114 1.3961811248738147 42.32791666666667
    endloop
  endfacet
  facet normal 0 0 -1
    outer loop
      vertex -3.013569144850114 1.7398849570007637 44.019999999999996
      vertex -2.4605689031594093 2.4605689031594093 44.019999999999996
      vertex 0 0 44.019999999999996
    endloop
  endfacet
  facet normal 0.793353340291235 -0.6087614290087205 0
    outer loop
      vertex -3.013569144850114 1.7398849570007637 40.18479166666666
      vertex -2.4605689031594093 2.4605689031594093 40.290625
      vertex -3.013569144850114 1.7398849570007637 40.34354166666667
    endloop
  endfacet
  facet normal 0.4254937897222727 -0.2629115126241908 0.8659287334633481
    outer loop
      vertex -3.013569144850114 1.7398849570007637 40.18479166666666
      vertex -2.418256644850114 1.3961811248738147 39.78791666666666
      vertex -2.4605689031594093 2.4605689031594093 40.131874999999994
    endloop
  endfacet
  facet normal 0.3640789164254018 -0.34294893377450086 -0.8659287334633481
    outer loop
      vertex -3.013569144850114 1.7398849570007637 40.34354166666667
      vertex -2.4605689031594093 2.4605689031594093 40.290625
      vertex -1.9744982823258725 1.9744982823258725 40.6875
    endloop
  endfacet
  facet normal 0.44126720406393943 -0.2600075147575259 0.8588826153131804
    outer loop
      vertex -2.418256644850114 1.3961811248738147 39.78791666666666
      vertex -1.9744982823258725 1.9744982823258725 39.735
      vertex -2.4605689031594093 2.4605689031594093 40.131874999999994
    endloop
  endfacet
  facet normal 0.3640789164254015 -0.34294893377449875 -0.8659287334633491
    outer loop
      vertex -1.9744982823258725 1.9744982823258725 39.4175
      vertex -2.8732222021833014 1.7715740978532772 39.12
      vertex -2.33885988156487 2.33885988156487 39.12
    endloop
  endfacet
  facet normal 0.793353340291235 -0.6087614290087205 0
    outer loop
      vertex -3.013569144850114 1.7398849570007637 40.18479166666666
      vertex -2.4605689031594093 2.4605689031594093 40.131874999999994
      vertex -2.4605689031594093 2.4605689031594093 40.290625
    endloop
  endfacet
  facet normal 0.7933533402912352 -0.6087614290087205 0
    outer loop
      vertex -2.418256644850114 1.3961811248738147 39.470416666666665
      vertex -1.9744982823258725 1.9744982823258725 39.4175
      vertex -1.9744982823258725 1.9744982823258725 39.735
    endloop
  endfacet
  facet normal 0.6087614290087207 -0.7933533402912352 0
    outer loop
      vertex -1.9744982823258725 1.9744982823258725 39.4175
      vertex -1.3961811248738147 2.418256644850114 39.68208333333333
      vertex -1.9744982823258725 1.9744982823258725 39.735
    endloop
  endfacet
  facet normal 0.2600075147575246 -0.44126720406394737 -0.8588826153131768
    outer loop
      vertex -1.9744982823258725 1.9744982823258725 39.4175
      vertex -2.33885988156487 2.33885988156487 39.12
      vertex -2.153050447531166 2.4483442228362513 39.12
    endloop
  endfacet
  facet normal 0.6087614290087205 -0.793353340291235 0
    outer loop
      vertex -2.4605689031594093 2.4605689031594093 40.131874999999994
      vertex -1.7398849570007637 3.013569144850114 40.23770833333333
      vertex -2.4605689031594093 2.4605689031594093 40.290625
    endloop
  endfacet
  facet normal 0.3429489337744921 -0.3640789164254011 0.865928733463352
    outer loop
      vertex -2.4605689031594093 2.4605689031594093 40.131874999999994
      vertex -1.9744982823258725 1.9744982823258725 39.735
      vertex -1.7398849570007637 3.013569144850114 40.07895833333333
    endloop
  endfacet
  facet normal 0.26000751475752243 -0.4412672040639482 -0.858882615313177
    outer loop
      vertex -1.9744982823258725 1.9744982823258725 39.4175
      vertex -2.153050447531166 2.4483442228362513 39.12
      vertex -1.3961811248738147 2.418256644850114 39.36458333333333
    endloop
  endfacet
  facet normal 0.2629115126241908 -0.4254937897222727 -0.8659287334633481
    outer loop
      vertex -2.4605689031594093 2.4605689031594093 40.290625
      vertex -1.7398849570007637 3.013569144850114 40.23770833333333
      vertex -1.3961811248738147 2.418256644850114 40.63458333333333
    endloop
  endfacet
  facet normal 0.6087614290087207 -0.7933533402912352 0
    outer loop
      vertex -2.4605689031594093 2.4605689031594093 40.131874999999994
      vertex -1.7398849570007637 3.013569144850114 40.07895833333333
      vertex -1.7398849570007637 3.013569144850114 40.23770833333333
    endloop
  endfacet
  facet normal 0.7933533402912352 -0.6087614290087205 0
    outer loop
      vertex -3.013569144850114 1.7398849570007637 41.454791666666665
      vertex -2.4605689031594093 2.4605689031594093 41.560625
      vertex -3.013569144850114 1.7398849570007637 41.61354166666666
    endloop
  endfacet
  facet normal 0.7933533402912353 -0.6087614290087205 0
    outer loop
      vertex -3.013569144850114 1.7398849570007637 42.72479166666666
      vertex -2.4605689031594093 2.4605689031594093 42.830625
      vertex -3.013569144850114 1.7398849570007637 43.279424479166664
    endloop
  endfacet
  facet normal 0.2202469558082741 -0.9754441442015981 0
    outer loop
      vertex -3.013569144850114 1.7398849570007637 43.279424479166664
      vertex -1.9744982823258725 1.9744982823258725 43.2275
      vertex -3.013569144850114 1.7398849570007637 43.39352604166666
    endloop
  endfacet
  facet normal 0.7933533402912352 -0.6087614290087205 0
    outer loop
      vertex -3.013569144850114 1.7398849570007637 43.598908854166666
      vertex -2.4605689031594093 2.4605689031594093 44.019999999999996
      vertex -3.013569144850114 1.7398849570007637 44.019999999999996
    endloop
  endfacet
  facet normal 0.2202469558082741 -0.9754441442015981 0
    outer loop
      vertex -3.013569144850114 1.7398849570007637 43.39352604166666
      vertex -1.9744982823258725 1.9744982823258725 43.545
      vertex -3.013569144850114 1.7398849570007637 43.48480729166666
    endloop
  endfacet
  facet normal 0.22024695580827414 -0.9754441442015981 0
    outer loop
      vertex -3.013569144850114 1.7398849570007637 43.48480729166666
      vertex -1.9744982823258725 1.9744982823258725 43.545
      vertex -3.013569144850114 1.7398849570007637 43.598908854166666
    endloop
  endfacet
  facet normal 0.4254937897222727 -0.2629115126241908 0.8659287334633481
    outer loop
      vertex -3.013569144850114 1.7398849570007637 41.454791666666665
      vertex -2.418256644850114 1.3961811248738147 41.057916666666664
      vertex -2.4605689031594093 2.4605689031594093 41.401875
    endloop
  endfacet
  facet normal 0.3640789164254011 -0.3429489337744921 -0.865928733463352
    outer loop
      vertex -3.013569144850114 1.7398849570007637 41.61354166666666
      vertex -2.4605689031594093 2.4605689031594093 41.560625
      vertex -1.9744982823258725 1.9744982823258725 41.957499999999996
    endloop
  endfacet
  facet normal 0.44126720406395 -0.2600075147575239 0.8588826153131756
    outer loop
      vertex -2.418256644850114 1.3961811248738147 41.057916666666664
      vertex -1.9744982823258725 1.9744982823258725 41.004999999999995
      vertex -2.4605689031594093 2.4605689031594093 41.401875
    endloop
  endfacet
  facet normal 0.42549378972226404 -0.26291151262419243 0.865928733463352
    outer loop
      vertex -3.013569144850114 1.7398849570007637 42.72479166666666
      vertex -2.418256644850114 1.3961811248738147 42.32791666666667
      vertex -2.4605689031594093 2.4605689031594093 42.671875
    endloop
  endfacet
  facet normal 0.08916773319196522 -0.5749191511709564 -0.8133370057819044
    outer loop
      vertex -3.013569144850114 1.7398849570007637 43.279424479166664
      vertex -2.4605689031594093 2.4605689031594093 42.830625
      vertex -1.9744982823258725 1.9744982823258725 43.2275
    endloop
  endfacet
  facet normal 0.44126720406395 -0.2600075147575239 0.8588826153131756
    outer loop
      vertex -2.418256644850114 1.3961811248738147 42.32791666666667
      vertex -1.9744982823258725 1.9744982823258725 42.275
      vertex -2.4605689031594093 2.4605689031594093 42.671875
    endloop
  endfacet
  facet normal 0.793353340291235 -0.6087614290087205 0
    outer loop
      vertex -3.013569144850114 1.7398849570007637 41.454791666666665
      vertex -2.4605689031594093 2.4605689031594093 41.401875
      vertex -2.4605689031594093 2.4605689031594093 41.560625
    endloop
  endfacet
  facet normal 0.7933533402912352 -0.6087614290087207 0
    outer loop
      vertex -3.013569144850114 1.7398849570007637 42.72479166666666
      vertex -2.4605689031594093 2.4605689031594093 42.671875
      vertex -2.4605689031594093 2.4605689031594093 42.830625
    endloop
  endfacet
  facet normal 0.7933533402912352 -0.6087614290087205 0
    outer loop
      vertex -2.418256644850114 1.3961811248738147 40.74041666666666
      vertex -1.9744982823258725 1.9744982823258725 40.6875
      vertex -1.9744982823258725 1.9744982823258725 41.004999999999995
    endloop
  endfacet
  facet normal 0.6087614290087205 -0.7933533402912352 0
    outer loop
      vertex -1.9744982823258725 1.9744982823258725 40.6875
      vertex -1.3961811248738147 2.418256644850114 40.952083333333334
      vertex -1.9744982823258725 1.9744982823258725 41.004999999999995
    endloop
  endfacet
  facet normal 0.7933533402912352 -0.6087614290087205 0
    outer loop
      vertex -2.418256644850114 1.3961811248738147 42.010416666666664
      vertex -1.9744982823258725 1.9744982823258725 41.957499999999996
      vertex -1.9744982823258725 1.9744982823258725 42.275
    endloop
  endfacet
  facet normal 0.6087614290087207 -0.7933533402912352 0
    outer loop
      vertex -1.9744982823258725 1.9744982823258725 41.957499999999996
      vertex -1.3961811248738147 2.418256644850114 42.22208333333333
      vertex -1.9744982823258725 1.9744982823258725 42.275
    endloop
  endfacet
  facet normal 0.6087614290087205 -0.793353340291235 0
    outer loop
      vertex -2.4605689031594093 2.4605689031594093 41.401875
      vertex -1.7398849570007637 3.013569144850114 41.50770833333333
      vertex -2.4605689031594093 2.4605689031594093 41.560625
    endloop
  endfacet
  facet normal 0.34294893377450086 -0.3640789164254018 0.8659287334633481
    outer loop
      vertex -1.9744982823258725 1.9744982823258725 41.004999999999995
      vertex -1.7398849570007637 3.013569144850114 41.34895833333333
      vertex -2.4605689031594093 2.4605689031594093 41.401875
    endloop
  endfacet
  facet normal 0.2600075147575239 -0.44126720406395 -0.8588826153131756
    outer loop
      vertex -2.4605689031594093 2.4605689031594093 40.290625
      vertex -1.3961811248738147 2.418256644850114 40.63458333333333
      vertex -1.9744982823258725 1.9744982823258725 40.6875
    endloop
  endfacet
  facet normal 0.2600075147575259 -0.4412672040639394 -0.8588826153131804
    outer loop
      vertex -2.4605689031594093 2.4605689031594093 41.560625
      vertex -1.3961811248738147 2.418256644850114 41.904583333333335
      vertex -1.9744982823258725 1.9744982823258725 41.957499999999996
    endloop
  endfacet
  facet normal 0.2629115126241908 -0.4254937897222727 -0.8659287334633481
    outer loop
      vertex -2.4605689031594093 2.4605689031594093 41.560625
      vertex -1.7398849570007637 3.013569144850114 41.50770833333333
      vertex -1.3961811248738147 2.418256644850114 41.904583333333335
    endloop
  endfacet
  facet normal 0.34294893377450086 -0.3640789164254018 0.8659287334633481
    outer loop
      vertex -2.4605689031594093 2.4605689031594093 42.671875
      vertex -1.9744982823258725 1.9744982823258725 42.275
      vertex -1.7398849570007637 3.013569144850114 42.61895833333333
    endloop
  endfacet
  facet normal 0.6087614290087205 -0.7933533402912352 0
    outer loop
      vertex -2.4605689031594093 2.4605689031594093 42.671875
      vertex -1.7398849570007637 3.013569144850114 42.77770833333333
      vertex -2.4605689031594093 2.4605689031594093 42.830625
    endloop
  endfacet
  facet normal 0.2600075147575239 -0.44126720406395 -0.8588826153131756
    outer loop
      vertex -2.4605689031594093 2.4605689031594093 42.830625
      vertex -1.3961811248738147 2.418256644850114 43.17458333333333
      vertex -1.9744982823258725 1.9744982823258725 43.2275
    endloop
  endfacet
  facet normal 0.2629115126241908 -0.4254937897222727 -0.8659287334633481
    outer loop
      vertex -2.4605689031594093 2.4605689031594093 42.830625
      vertex -1.7398849570007637 3.013569144850114 42.77770833333333
      vertex -1.3961811248738147 2.418256644850114 43.17458333333333
    endloop
  endfacet
  facet normal 0.16137672255146068 -0.5223127507395514 0.8373451760375957
    outer loop
      vertex -3.013569144850114 1.7398849570007637 43.598908854166666
      vertex -1.9744982823258725 1.9744982823258725 43.545
      vertex -2.4605689031594093 2.4605689031594093 43.941874999999996
    endloop
  endfacet
  facet normal 0.2202469558082741 -0.9754441442015981 0
    outer loop
      vertex -3.013569144850114 1.7398849570007637 43.39352604166666
      vertex -1.9744982823258725 1.9744982823258725 43.2275
      vertex -1.9744982823258725 1.9744982823258725 43.545
    endloop
  endfacet
  facet normal 0.7933533402912353 -0.6087614290087207 0
    outer loop
      vertex -3.013569144850114 1.7398849570007637 43.598908854166666
      vertex -2.4605689031594093 2.4605689031594093 43.941874999999996
      vertex -2.4605689031594093 2.4605689031594093 44.019999999999996
    endloop
  endfacet
  facet normal 0.6087614290087207 -0.7933533402912352 0
    outer loop
      vertex -1.9744982823258725 1.9744982823258725 43.2275
      vertex -1.3961811248738147 2.418256644850114 43.49208333333333
      vertex -1.9744982823258725 1.9744982823258725 43.545
    endloop
  endfacet
  facet normal 0.6087614290087205 -0.7933533402912352 0
    outer loop
      vertex -2.4605689031594093 2.4605689031594093 43.941874999999996
      vertex -1.7398849570007637 3.013569144850114 44.019999999999996
      vertex -2.4605689031594093 2.4605689031594093 44.019999999999996
    endloop
  endfacet
  facet normal 0.3429489337744921 -0.3640789164254011 0.865928733463352
    outer loop
      vertex -2.4605689031594093 2.4605689031594093 43.941874999999996
      vertex -1.9744982823258725 1.9744982823258725 43.545
      vertex -1.7398849570007637 3.013569144850114 43.888958333333335
    endloop
  endfacet
  facet normal 0.6087614290087205 -0.793353340291235 0
    outer loop
      vertex -2.4605689031594093 2.4605689031594093 41.401875
      vertex -1.7398849570007637 3.013569144850114 41.34895833333333
      vertex -1.7398849570007637 3.013569144850114 41.50770833333333
    endloop
  endfacet
  facet normal 0.6087614290087207 -0.7933533402912352 0
    outer loop
      vertex -2.4605689031594093 2.4605689031594093 42.671875
      vertex -1.7398849570007637 3.013569144850114 42.61895833333333
      vertex -1.7398849570007637 3.013569144850114 42.77770833333333
    endloop
  endfacet
  facet normal 0.6087614290087207 -0.7933533402912353 0
    outer loop
      vertex -2.4605689031594093 2.4605689031594093 43.941874999999996
      vertex -1.7398849570007637 3.013569144850114 43.888958333333335
      vertex -1.7398849570007637 3.013569144850114 44.019999999999996
    endloop
  endfacet
  facet normal 0.6087614290087205 -0.7933533402912352 0
    outer loop
      vertex -1.9744982823258725 1.9744982823258725 39.4175
      vertex -1.3961811248738147 2.418256644850114 39.36458333333333
      vertex -1.3961811248738147 2.418256644850114 39.68208333333333
    endloop
  endfacet
  facet normal 0.2629115126241899 -0.4254937897222679 -0.8659287334633508
    outer loop
      vertex -1.3961811248738147 2.418256644850114 39.36458333333333
      vertex -2.153050447531166 2.4483442228362513 39.12
      vertex -1.6079965048827585 2.785131644850114 39.12
    endloop
  endfacet
  facet normal 0.35893649201071576 -0.3653563299244192 0.8588826153131756
    outer loop
      vertex -1.9744982823258725 1.9744982823258725 39.735
      vertex -1.3961811248738147 2.418256644850114 39.68208333333333
      vertex -1.7398849570007637 3.013569144850114 40.07895833333333
    endloop
  endfacet
  facet normal 0.3826834323650899 -0.9238795325112866 0
    outer loop
      vertex -1.3961811248738147 2.418256644850114 39.36458333333333
      vertex -0.722716531060008 2.6972148133858806 39.62916666666666
      vertex -1.3961811248738147 2.418256644850114 39.68208333333333
    endloop
  endfacet
  facet normal 0.38268343236508995 -0.9238795325112867 0
    outer loop
      vertex -1.3961811248738147 2.418256644850114 39.36458333333333
      vertex -0.722716531060008 2.6972148133858806 39.31166666666667
      vertex -0.722716531060008 2.6972148133858806 39.62916666666666
    endloop
  endfacet
  facet normal 0.13693961714263805 -0.49352628538875454 -0.8588826153131784
    outer loop
      vertex -1.3961811248738147 2.418256644850114 39.36458333333333
      vertex -1.6079965048827585 2.785131644850114 39.12
      vertex -1.2895214685921064 2.8734994802224008 39.12
    endloop
  endfacet
  facet normal 0.23703267473990686 -0.4404349437410788 0.8659287334633481
    outer loop
      vertex -1.3961811248738147 2.418256644850114 39.68208333333333
      vertex -0.9006307263183561 3.3611996294777655 40.026041666666664
      vertex -1.7398849570007637 3.013569144850114 40.07895833333333
    endloop
  endfacet
  facet normal 0.3826834323650897 -0.9238795325112866 0
    outer loop
      vertex -1.7398849570007637 3.013569144850114 40.07895833333333
      vertex -0.9006307263183561 3.3611996294777655 40.18479166666666
      vertex -1.7398849570007637 3.013569144850114 40.23770833333333
    endloop
  endfacet
  facet normal 0.13693961714264502 -0.4935262853887553 -0.858882615313177
    outer loop
      vertex -1.3961811248738147 2.418256644850114 39.36458333333333
      vertex -1.2895214685921064 2.8734994802224008 39.12
      vertex -0.722716531060008 2.6972148133858806 39.31166666666667
    endloop
  endfacet
  facet normal 0.14382712371945905 -0.4790419470622057 -0.8659287334633481
    outer loop
      vertex -1.7398849570007637 3.013569144850114 40.23770833333333
      vertex -0.9006307263183561 3.3611996294777655 40.18479166666666
      vertex -0.722716531060008 2.6972148133858806 40.58166666666666
    endloop
  endfacet
  facet normal 0.14382712371946205 -0.47904194706221026 -0.8659287334633453
    outer loop
      vertex -0.722716531060008 2.6972148133858806 39.31166666666667
      vertex -1.2895214685921064 2.8734994802224008 39.12
      vertex -0.8086383471427797 3.0178793964853736 39.12
    endloop
  endfacet
  facet normal 0.25214485119755065 -0.44580671498684804 0.8588826153131757
    outer loop
      vertex -1.3961811248738147 2.418256644850114 39.68208333333333
      vertex -0.722716531060008 2.6972148133858806 39.62916666666666
      vertex -0.9006307263183561 3.3611996294777655 40.026041666666664
    endloop
  endfacet
  facet normal 0.3826834323650898 -0.9238795325112866 0
    outer loop
      vertex -1.7398849570007637 3.013569144850114 40.07895833333333
      vertex -0.9006307263183561 3.3611996294777655 40.026041666666664
      vertex -0.9006307263183561 3.3611996294777655 40.18479166666666
    endloop
  endfacet
  facet normal 0.13052619222005163 -0.9914448613738105 0
    outer loop
      vertex -0.722716531060008 2.6972148133858806 39.31166666666667
      vertex 0 2.7923622497476295 39.57625
      vertex -0.722716531060008 2.6972148133858806 39.62916666666666
    endloop
  endfacet
  facet normal 0.004539510922899787 -0.5121523659550794 -0.8588826153131727
    outer loop
      vertex -0.722716531060008 2.6972148133858806 39.31166666666667
      vertex -0.8086383471427797 3.0178793964853736 39.12
      vertex -0.3633071252138251 3.0218266318798346 39.12
    endloop
  endfacet
  facet normal 0.004539510922898137 -0.5121523659550745 -0.8588826153131756
    outer loop
      vertex -0.722716531060008 2.6972148133858806 40.58166666666666
      vertex -0.9006307263183561 3.3611996294777655 40.18479166666666
      vertex 0 2.7923622497476295 40.528749999999995
    endloop
  endfacet
  facet normal 0.11496303063680396 -0.4867760574939599 0.8659287334633483
    outer loop
      vertex -0.722716531060008 2.6972148133858806 39.62916666666666
      vertex 0 3.4797699140015275 39.973124999999996
      vertex -0.9006307263183561 3.3611996294777655 40.026041666666664
    endloop
  endfacet
  facet normal 0.1305261922200516 -0.9914448613738104 0
    outer loop
      vertex -0.9006307263183561 3.3611996294777655 40.026041666666664
      vertex 0 3.4797699140015275 40.131874999999994
      vertex -0.9006307263183561 3.3611996294777655 40.18479166666666
    endloop
  endfacet
  facet normal 0.00453951092289885 -0.5121523659550786 -0.8588826153131731
    outer loop
      vertex -0.722716531060008 2.6972148133858806 39.31166666666667
      vertex -0.3633071252138251 3.0218266318798346 39.12
      vertex 0 2.7923622497476295 39.25875
    endloop
  endfacet
  facet normal 0.13052619222005163 -0.9914448613738104 0
    outer loop
      vertex -0.722716531060008 2.6972148133858806 39.31166666666667
      vertex 0 2.7923622497476295 39.25875
      vertex 0 2.7923622497476295 39.57625
    endloop
  endfacet
  facet normal 0.12816995546433166 -0.4958761091533475 0.8588826153131804
    outer loop
      vertex -0.722716531060008 2.6972148133858806 39.62916666666666
      vertex 0 2.7923622497476295 39.57625
      vertex 0 3.4797699140015275 39.973124999999996
    endloop
  endfacet
  facet normal 0.01494115401880757 -0.49994418736410096 -0.8659287334633463
    outer loop
      vertex 0 2.7923622497476295 39.25875
      vertex -0.3633071252138251 3.0218266318798346 39.12
      vertex 0 3.032684299297811 39.12
    endloop
  endfacet
  facet normal 0.014941154018806118 -0.49994418736409774 -0.8659287334633483
    outer loop
      vertex -0.9006307263183561 3.3611996294777655 40.18479166666666
      vertex 0 3.4797699140015275 40.131874999999994
      vertex 0 2.7923622497476295 40.528749999999995
    endloop
  endfacet
  facet normal 0.1305261922200516 -0.9914448613738104 0
    outer loop
      vertex -0.9006307263183561 3.3611996294777655 40.026041666666664
      vertex 0 3.4797699140015275 39.973124999999996
      vertex 0 3.4797699140015275 40.131874999999994
    endloop
  endfacet
  facet normal 0.6087614290087205 -0.7933533402912352 0
    outer loop
      vertex -1.9744982823258725 1.9744982823258725 40.6875
      vertex -1.3961811248738147 2.418256644850114 40.63458333333333
      vertex -1.3961811248738147 2.418256644850114 40.952083333333334
    endloop
  endfacet
  facet normal 0.358936492010705 -0.3653563299244183 0.8588826153131804
    outer loop
      vertex -1.9744982823258725 1.9744982823258725 41.004999999999995
      vertex -1.3961811248738147 2.418256644850114 40.952083333333334
      vertex -1.7398849570007637 3.013569144850114 41.34895833333333
    endloop
  endfacet
  facet normal 0.6087614290087205 -0.7933533402912352 0
    outer loop
      vertex -1.9744982823258725 1.9744982823258725 41.957499999999996
      vertex -1.3961811248738147 2.418256644850114 41.904583333333335
      vertex -1.3961811248738147 2.418256644850114 42.22208333333333
    endloop
  endfacet
  facet normal 0.6087614290087205 -0.7933533402912352 0
    outer loop
      vertex -1.9744982823258725 1.9744982823258725 43.2275
      vertex -1.3961811248738147 2.418256644850114 43.17458333333333
      vertex -1.3961811248738147 2.418256644850114 43.49208333333333
    endloop
  endfacet
  facet normal 0.35893649201071576 -0.3653563299244192 0.8588826153131756
    outer loop
      vertex -1.9744982823258725 1.9744982823258725 42.275
      vertex -1.3961811248738147 2.418256644850114 42.22208333333333
      vertex -1.7398849570007637 3.013569144850114 42.61895833333333
    endloop
  endfacet
  facet normal 0.3826834323650899 -0.9238795325112866 0
    outer loop
      vertex -1.3961811248738147 2.418256644850114 40.63458333333333
      vertex -0.722716531060008 2.6972148133858806 40.899166666666666
      vertex -1.3961811248738147 2.418256644850114 40.952083333333334
    endloop
  endfacet
  facet normal 0.38268343236508995 -0.9238795325112866 0
    outer loop
      vertex -1.3961811248738147 2.418256644850114 40.63458333333333
      vertex -0.722716531060008 2.6972148133858806 40.58166666666666
      vertex -0.722716531060008 2.6972148133858806 40.899166666666666
    endloop
  endfacet
  facet normal 0.38268343236508995 -0.9238795325112867 0
    outer loop
      vertex -1.3961811248738147 2.418256644850114 41.904583333333335
      vertex -0.722716531060008 2.6972148133858806 42.16916666666666
      vertex -1.3961811248738147 2.418256644850114 42.22208333333333
    endloop
  endfacet
  facet normal 0.38268343236508995 -0.9238795325112867 0
    outer loop
      vertex -1.3961811248738147 2.418256644850114 41.904583333333335
      vertex -0.722716531060008 2.6972148133858806 41.85166666666667
      vertex -0.722716531060008 2.6972148133858806 42.16916666666666
    endloop
  endfacet
  facet normal 0.38268343236508995 -0.9238795325112866 0
    outer loop
      vertex -1.3961811248738147 2.418256644850114 43.17458333333333
      vertex -0.722716531060008 2.6972148133858806 43.12166666666666
      vertex -0.722716531060008 2.6972148133858806 43.439166666666665
    endloop
  endfacet
  facet normal 0 0 -1
    outer loop
      vertex -2.4605689031594093 2.4605689031594093 44.019999999999996
      vertex -1.7398849570007637 3.013569144850114 44.019999999999996
      vertex 0 0 44.019999999999996
    endloop
  endfacet
  facet normal 0.35893649201071576 -0.3653563299244192 0.8588826153131756
    outer loop
      vertex -1.9744982823258725 1.9744982823258725 43.545
      vertex -1.3961811248738147 2.418256644850114 43.49208333333333
      vertex -1.7398849570007637 3.013569144850114 43.888958333333335
    endloop
  endfacet
  facet normal 0.3826834323650899 -0.9238795325112866 0
    outer loop
      vertex -1.3961811248738147 2.418256644850114 43.17458333333333
      vertex -0.722716531060008 2.6972148133858806 43.439166666666665
      vertex -1.3961811248738147 2.418256644850114 43.49208333333333
    endloop
  endfacet
  facet normal 0.2370326747398985 -0.4404349437410758 0.8659287334633521
    outer loop
      vertex -1.3961811248738147 2.418256644850114 40.952083333333334
      vertex -0.9006307263183561 3.3611996294777655 41.29604166666667
      vertex -1.7398849570007637 3.013569144850114 41.34895833333333
    endloop
  endfacet
  facet normal 0.23703267473990686 -0.4404349437410788 0.8659287334633481
    outer loop
      vertex -1.3961811248738147 2.418256644850114 42.22208333333333
      vertex -0.9006307263183561 3.3611996294777655 42.56604166666666
      vertex -1.7398849570007637 3.013569144850114 42.61895833333333
    endloop
  endfacet
  facet normal 0.3826834323650898 -0.9238795325112867 0
    outer loop
      vertex -1.7398849570007637 3.013569144850114 41.34895833333333
      vertex -0.9006307263183561 3.3611996294777655 41.454791666666665
      vertex -1.7398849570007637 3.013569144850114 41.50770833333333
    endloop
  endfacet
  facet normal 0.3826834323650897 -0.9238795325112866 0
    outer loop
      vertex -1.7398849570007637 3.013569144850114 42.61895833333333
      vertex -0.9006307263183561 3.3611996294777655 42.72479166666666
      vertex -1.7398849570007637 3.013569144850114 42.77770833333333
    endloop
  endfacet
  facet normal 0.13693961714263786 -0.4935262853887597 -0.8588826153131757
    outer loop
      vertex -1.3961811248738147 2.418256644850114 40.63458333333333
      vertex -1.7398849570007637 3.013569144850114 40.23770833333333
      vertex -0.722716531060008 2.6972148133858806 40.58166666666666
    endloop
  endfacet
  facet normal 0.13693961714263786 -0.4935262853887597 -0.8588826153131757
    outer loop
      vertex -1.3961811248738147 2.418256644850114 41.904583333333335
      vertex -1.7398849570007637 3.013569144850114 41.50770833333333
      vertex -0.722716531060008 2.6972148133858806 41.85166666666667
    endloop
  endfacet
  facet normal 0.14382712371945905 -0.4790419470622057 -0.8659287334633481
    outer loop
      vertex -1.7398849570007637 3.013569144850114 41.50770833333333
      vertex -0.9006307263183561 3.3611996294777655 41.454791666666665
      vertex -0.722716531060008 2.6972148133858806 41.85166666666667
    endloop
  endfacet
  facet normal 0.25214485119755065 -0.44580671498684804 0.8588826153131757
    outer loop
      vertex -1.3961811248738147 2.418256644850114 40.952083333333334
      vertex -0.722716531060008 2.6972148133858806 40.899166666666666
      vertex -0.9006307263183561 3.3611996294777655 41.29604166666667
    endloop
  endfacet
  facet normal 0.13693961714263786 -0.4935262853887597 -0.8588826153131757
    outer loop
      vertex -1.3961811248738147 2.418256644850114 43.17458333333333
      vertex -1.7398849570007637 3.013569144850114 42.77770833333333
      vertex -0.722716531060008 2.6972148133858806 43.12166666666666
    endloop
  endfacet
  facet normal 0.14382712371945905 -0.4790419470622057 -0.8659287334633481
    outer loop
      vertex -1.7398849570007637 3.013569144850114 42.77770833333333
      vertex -0.9006307263183561 3.3611996294777655 42.72479166666666
      vertex -0.722716531060008 2.6972148133858806 43.12166666666666
    endloop
  endfacet
  facet normal 0.25214485119755065 -0.44580671498684804 0.8588826153131757
    outer loop
      vertex -1.3961811248738147 2.418256644850114 42.22208333333333
      vertex -0.722716531060008 2.6972148133858806 42.16916666666666
      vertex -0.9006307263183561 3.3611996294777655 42.56604166666666
    endloop
  endfacet
  facet normal 0.3826834323650898 -0.9238795325112866 0
    outer loop
      vertex -1.7398849570007637 3.013569144850114 41.34895833333333
      vertex -0.9006307263183561 3.3611996294777655 41.29604166666667
      vertex -0.9006307263183561 3.3611996294777655 41.454791666666665
    endloop
  endfacet
  facet normal 0.3826834323650898 -0.9238795325112866 0
    outer loop
      vertex -1.7398849570007637 3.013569144850114 42.61895833333333
      vertex -0.9006307263183561 3.3611996294777655 42.56604166666666
      vertex -0.9006307263183561 3.3611996294777655 42.72479166666666
    endloop
  endfacet
  facet normal 0.23703267473991277 -0.44043494374107545 0.8659287334633483
    outer loop
      vertex -1.3961811248738147 2.418256644850114 43.49208333333333
      vertex -0.9006307263183561 3.3611996294777655 43.83604166666666
      vertex -1.7398849570007637 3.013569144850114 43.888958333333335
    endloop
  endfacet
  facet normal 0.38268343236508984 -0.9238795325112867 0
    outer loop
      vertex -1.7398849570007637 3.013569144850114 43.888958333333335
      vertex -0.9006307263183561 3.3611996294777655 44.019999999999996
      vertex -1.7398849570007637 3.013569144850114 44.019999999999996
    endloop
  endfacet
  facet normal 0.2521448511975483 -0.44580671498684177 0.8588826153131794
    outer loop
      vertex -1.3961811248738147 2.418256644850114 43.49208333333333
      vertex -0.722716531060008 2.6972148133858806 43.439166666666665
      vertex -0.9006307263183561 3.3611996294777655 43.83604166666666
    endloop
  endfacet
  facet normal 0.3826834323650899 -0.9238795325112866 0
    outer loop
      vertex -1.7398849570007637 3.013569144850114 43.888958333333335
      vertex -0.9006307263183561 3.3611996294777655 43.83604166666666
      vertex -0.9006307263183561 3.3611996294777655 44.019999999999996
    endloop
  endfacet
  facet normal 0 0 -1
    outer loop
      vertex -1.7398849570007637 3.013569144850114 44.019999999999996
      vertex -0.9006307263183561 3.3611996294777655 44.019999999999996
      vertex 0 0 44.019999999999996
    endloop
  endfacet
  facet normal 0 0 -1
    outer loop
      vertex -0.9006307263183561 3.3611996294777655 44.019999999999996
      vertex 0 3.4797699140015275 44.019999999999996
      vertex 0 0 44.019999999999996
    endloop
  endfacet
  facet normal 0.13052619222005163 -0.9914448613738104 0
    outer loop
      vertex -0.722716531060008 2.6972148133858806 40.58166666666666
      vertex 0 2.7923622497476295 40.84625
      vertex -0.722716531060008 2.6972148133858806 40.899166666666666
    endloop
  endfacet
  facet normal 0.004539510922898137 -0.5121523659550745 -0.8588826153131756
    outer loop
      vertex -0.722716531060008 2.6972148133858806 41.85166666666667
      vertex -0.9006307263183561 3.3611996294777655 41.454791666666665
      vertex 0 2.7923622497476295 41.79875
    endloop
  endfacet
  facet normal 0.13052619222005163 -0.9914448613738105 0
    outer loop
      vertex -0.722716531060008 2.6972148133858806 41.85166666666667
      vertex 0 2.7923622497476295 42.116249999999994
      vertex -0.722716531060008 2.6972148133858806 42.16916666666666
    endloop
  endfacet
  facet normal 0.13052619222005163 -0.9914448613738104 0
    outer loop
      vertex -0.722716531060008 2.6972148133858806 43.12166666666666
      vertex 0 2.7923622497476295 43.38625
      vertex -0.722716531060008 2.6972148133858806 43.439166666666665
    endloop
  endfacet
  facet normal 0.004539510922898137 -0.5121523659550745 -0.8588826153131756
    outer loop
      vertex -0.722716531060008 2.6972148133858806 43.12166666666666
      vertex -0.9006307263183561 3.3611996294777655 42.72479166666666
      vertex 0 2.7923622497476295 43.068749999999994
    endloop
  endfacet
  facet normal 0.11496303063680396 -0.4867760574939599 0.8659287334633483
    outer loop
      vertex -0.722716531060008 2.6972148133858806 40.899166666666666
      vertex 0 3.4797699140015275 41.243125
      vertex -0.9006307263183561 3.3611996294777655 41.29604166666667
    endloop
  endfacet
  facet normal 0.1305261922200516 -0.9914448613738104 0
    outer loop
      vertex -0.9006307263183561 3.3611996294777655 41.29604166666667
      vertex 0 3.4797699140015275 41.401875
      vertex -0.9006307263183561 3.3611996294777655 41.454791666666665
    endloop
  endfacet
  facet normal 0.11496303063679734 -0.48677605749396163 0.8659287334633481
    outer loop
      vertex -0.722716531060008 2.6972148133858806 42.16916666666666
      vertex 0 3.4797699140015275 42.513125
      vertex -0.9006307263183561 3.3611996294777655 42.56604166666666
    endloop
  endfacet
  facet normal 0.1305261922200516 -0.9914448613738104 0
    outer loop
      vertex -0.9006307263183561 3.3611996294777655 42.56604166666666
      vertex 0 3.4797699140015275 42.671875
      vertex -0.9006307263183561 3.3611996294777655 42.72479166666666
    endloop
  endfacet
  facet normal 0.13052619222005163 -0.9914448613738104 0
    outer loop
      vertex -0.722716531060008 2.6972148133858806 40.58166666666666
      vertex 0 2.7923622497476295 40.528749999999995
      vertex 0 2.7923622497476295 40.84625
    endloop
  endfacet
  facet normal 0.12816995546434054 -0.49587610915335356 0.8588826153131756
    outer loop
      vertex -0.722716531060008 2.6972148133858806 40.899166666666666
      vertex 0 2.7923622497476295 40.84625
      vertex 0 3.4797699140015275 41.243125
    endloop
  endfacet
  facet normal 0.13052619222005163 -0.9914448613738105 0
    outer loop
      vertex -0.722716531060008 2.6972148133858806 41.85166666666667
      vertex 0 2.7923622497476295 41.79875
      vertex 0 2.7923622497476295 42.116249999999994
    endloop
  endfacet
  facet normal 0.13052619222005163 -0.9914448613738104 0
    outer loop
      vertex -0.722716531060008 2.6972148133858806 43.12166666666666
      vertex 0 2.7923622497476295 43.068749999999994
      vertex 0 2.7923622497476295 43.38625
    endloop
  endfacet
  facet normal 0.12816995546434115 -0.4958761091533602 0.8588826153131717
    outer loop
      vertex -0.722716531060008 2.6972148133858806 42.16916666666666
      vertex 0 2.7923622497476295 42.116249999999994
      vertex 0 3.4797699140015275 42.513125
    endloop
  endfacet
  facet normal 0.014941154018806118 -0.49994418736409774 -0.8659287334633483
    outer loop
      vertex -0.9006307263183561 3.3611996294777655 41.454791666666665
      vertex 0 3.4797699140015275 41.401875
      vertex 0 2.7923622497476295 41.79875
    endloop
  endfacet
  facet normal 0.1305261922200516 -0.9914448613738104 0
    outer loop
      vertex -0.9006307263183561 3.3611996294777655 41.29604166666667
      vertex 0 3.4797699140015275 41.243125
      vertex 0 3.4797699140015275 41.401875
    endloop
  endfacet
  facet normal 0.014941154018811836 -0.49994418736409096 -0.865928733463352
    outer loop
      vertex -0.9006307263183561 3.3611996294777655 42.72479166666666
      vertex 0 3.4797699140015275 42.671875
      vertex 0 2.7923622497476295 43.068749999999994
    endloop
  endfacet
  facet normal 0.1305261922200516 -0.9914448613738104 0
    outer loop
      vertex -0.9006307263183561 3.3611996294777655 42.56604166666666
      vertex 0 3.4797699140015275 42.513125
      vertex 0 3.4797699140015275 42.671875
    endloop
  endfacet
  facet normal 0.1149630306367967 -0.4867760574939549 0.865928733463352
    outer loop
      vertex -0.722716531060008 2.6972148133858806 43.439166666666665
      vertex 0 3.4797699140015275 43.783125
      vertex -0.9006307263183561 3.3611996294777655 43.83604166666666
    endloop
  endfacet
  facet normal 0.1305261922200516 -0.9914448613738105 0
    outer loop
      vertex -0.9006307263183561 3.3611996294777655 43.83604166666666
      vertex 0 3.4797699140015275 44.019999999999996
      vertex -0.9006307263183561 3.3611996294777655 44.019999999999996
    endloop
  endfacet
  facet normal 0.12816995546434054 -0.49587610915335356 0.8588826153131756
    outer loop
      vertex -0.722716531060008 2.6972148133858806 43.439166666666665
      vertex 0 2.7923622497476295 43.38625
      vertex 0 3.4797699140015275 43.783125
    endloop
  endfacet
  facet normal 0.13052619222005157 -0.9914448613738104 0
    outer loop
      vertex -0.9006307263183561 3.3611996294777655 43.83604166666666
      vertex 0 3.4797699140015275 43.783125
      vertex 0 3.4797699140015275 44.019999999999996
    endloop
  endfacet
  facet normal -0.12816995546433765 0.49587610915335156 0.8588826153131772
    outer loop
      vertex 0 -3.4797699140015275 39.338125
      vertex 0.45831872078729907 -2.98350389925617 39.12
      vertex 0 -3.1019663316005643 39.12
    endloop
  endfacet
  facet normal -0.1305261922200516 0.9914448613738104 0
    outer loop
      vertex 0 -3.4797699140015275 39.338125
      vertex 0 -3.4797699140015275 39.496874999999996
      vertex 0.9006307263183561 -3.3611996294777655 39.391041666666666
    endloop
  endfacet
  facet normal -0.014941154018806123 0.49994418736409774 -0.8659287334633483
    outer loop
      vertex 0 -3.4797699140015275 39.496874999999996
      vertex 0 -2.7923622497476295 39.89375
      vertex 0.9006307263183561 -3.3611996294777655 39.549791666666664
    endloop
  endfacet
  facet normal -0.12816995546434054 0.49587610915335356 0.8588826153131756
    outer loop
      vertex 0 -3.4797699140015275 40.608125
      vertex 0.722716531060008 -2.6972148133858806 40.26416666666667
      vertex 0 -2.7923622497476295 40.21125
    endloop
  endfacet
  facet normal -0.13052619222005163 0.9914448613738104 0
    outer loop
      vertex 0 -2.7923622497476295 39.89375
      vertex 0 -2.7923622497476295 40.21125
      vertex 0.722716531060008 -2.6972148133858806 39.946666666666665
    endloop
  endfacet
  facet normal -0.1305261922200516 0.9914448613738104 0
    outer loop
      vertex 0 -3.4797699140015275 39.496874999999996
      vertex 0.9006307263183561 -3.3611996294777655 39.549791666666664
      vertex 0.9006307263183561 -3.3611996294777655 39.391041666666666
    endloop
  endfacet
  facet normal -0.11496303063680395 0.4867760574939599 0.8659287334633482
    outer loop
      vertex 0 -3.4797699140015275 39.338125
      vertex 0.9006307263183561 -3.3611996294777655 39.391041666666666
      vertex 0.45831872078729907 -2.98350389925617 39.12
    endloop
  endfacet
  facet normal -0.004539510922898137 0.5121523659550745 -0.8588826153131756
    outer loop
      vertex 0.9006307263183561 -3.3611996294777655 39.549791666666664
      vertex 0 -2.7923622497476295 39.89375
      vertex 0.722716531060008 -2.6972148133858806 39.946666666666665
    endloop
  endfacet
  facet normal -0.13052619222005163 0.9914448613738104 0
    outer loop
      vertex 0 -2.7923622497476295 40.21125
      vertex 0.722716531060008 -2.6972148133858806 40.26416666666667
      vertex 0.722716531060008 -2.6972148133858806 39.946666666666665
    endloop
  endfacet
  facet normal -0.11496303063680248 0.48677605749396125 0.8659287334633476
    outer loop
      vertex 0.9006307263183561 -3.3611996294777655 39.391041666666666
      vertex 0.7791260711839144 -2.9077380831598947 39.12
      vertex 0.45831872078729907 -2.98350389925617 39.12
    endloop
  endfacet
  facet normal -0.3826834323650897 0.9238795325112866 0
    outer loop
      vertex 0.9006307263183561 -3.3611996294777655 39.391041666666666
      vertex 0.9006307263183561 -3.3611996294777655 39.549791666666664
      vertex 1.7398849570007637 -3.013569144850114 39.44395833333333
    endloop
  endfacet
  facet normal -0.25214485119754965 0.44580671498684943 0.8588826153131753
    outer loop
      vertex 0.9006307263183561 -3.3611996294777655 39.391041666666666
      vertex 1.2911280422000357 -2.6181537039777187 39.12
      vertex 0.7791260711839144 -2.9077380831598947 39.12
    endloop
  endfacet
  facet normal -0.25214485119754043 0.4458067149868444 0.8588826153131804
    outer loop
      vertex 0.9006307263183561 -3.3611996294777655 40.66104166666666
      vertex 1.3961811248738147 -2.418256644850114 40.31708333333333
      vertex 0.722716531060008 -2.6972148133858806 40.26416666666667
    endloop
  endfacet
  facet normal -0.14382712371945905 0.4790419470622057 -0.8659287334633481
    outer loop
      vertex 0.9006307263183561 -3.3611996294777655 39.549791666666664
      vertex 0.722716531060008 -2.6972148133858806 39.946666666666665
      vertex 1.7398849570007637 -3.013569144850114 39.60270833333333
    endloop
  endfacet
  facet normal -0.2370326747398992 0.44043494374107767 0.8659287334633509
    outer loop
      vertex 0.9006307263183561 -3.3611996294777655 39.391041666666666
      vertex 1.7398849570007637 -3.013569144850114 39.44395833333333
      vertex 1.2911280422000357 -2.6181537039777187 39.12
    endloop
  endfacet
  facet normal -0.13693961714263786 0.4935262853887596 -0.8588826153131756
    outer loop
      vertex 0.722716531060008 -2.6972148133858806 39.946666666666665
      vertex 1.3961811248738147 -2.418256644850114 39.999583333333334
      vertex 1.7398849570007637 -3.013569144850114 39.60270833333333
    endloop
  endfacet
  facet normal -0.38268343236508984 0.9238795325112867 0
    outer loop
      vertex 0.9006307263183561 -3.3611996294777655 39.549791666666664
      vertex 1.7398849570007637 -3.013569144850114 39.60270833333333
      vertex 1.7398849570007637 -3.013569144850114 39.44395833333333
    endloop
  endfacet
  facet normal -0.2370326747399027 0.4404349437410744 0.8659287334633515
    outer loop
      vertex 1.7398849570007637 -3.013569144850114 39.44395833333333
      vertex 1.4593288105664295 -2.5276316448501133 39.12
      vertex 1.2911280422000357 -2.6181537039777187 39.12
    endloop
  endfacet
  facet normal -0.3826834323650899 0.9238795325112866 0
    outer loop
      vertex 0.722716531060008 -2.6972148133858806 39.946666666666665
      vertex 0.722716531060008 -2.6972148133858806 40.26416666666667
      vertex 1.3961811248738147 -2.418256644850114 39.999583333333334
    endloop
  endfacet
  facet normal -0.38268343236508995 0.9238795325112867 0
    outer loop
      vertex 0.722716531060008 -2.6972148133858806 40.26416666666667
      vertex 1.3961811248738147 -2.418256644850114 40.31708333333333
      vertex 1.3961811248738147 -2.418256644850114 39.999583333333334
    endloop
  endfacet
  facet normal -0.35893649201070993 0.365356329924416 0.8588826153131793
    outer loop
      vertex 1.7398849570007637 -3.013569144850114 39.44395833333333
      vertex 1.960856320344522 -2.034916697106203 39.12
      vertex 1.4593288105664295 -2.5276316448501133 39.12
    endloop
  endfacet
  facet normal -0.6087614290087205 0.7933533402912352 0
    outer loop
      vertex 1.3961811248738147 -2.418256644850114 39.999583333333334
      vertex 1.3961811248738147 -2.418256644850114 40.31708333333333
      vertex 1.9744982823258725 -1.9744982823258725 40.052499999999995
    endloop
  endfacet
  facet normal -0.1305261922200516 0.9914448613738104 0
    outer loop
      vertex 0 -3.4797699140015275 40.608125
      vertex 0 -3.4797699140015275 40.766875
      vertex 0.9006307263183561 -3.3611996294777655 40.66104166666666
    endloop
  endfacet
  facet normal -0.014941154018811836 0.49994418736409096 -0.865928733463352
    outer loop
      vertex 0 -3.4797699140015275 40.766875
      vertex 0 -2.7923622497476295 41.16374999999999
      vertex 0.9006307263183561 -3.3611996294777655 40.81979166666666
    endloop
  endfacet
  facet normal -0.1305261922200516 0.9914448613738104 0
    outer loop
      vertex 0 -3.4797699140015275 41.878125
      vertex 0 -3.4797699140015275 42.036874999999995
      vertex 0.9006307263183561 -3.3611996294777655 41.931041666666665
    endloop
  endfacet
  facet normal -0.1305261922200516 0.9914448613738105 0
    outer loop
      vertex 0 -3.4797699140015275 43.14812499999999
      vertex 0 -3.4797699140015275 43.702757812499996
      vertex 0.9006307263183561 -3.3611996294777655 43.20104166666667
    endloop
  endfacet
  facet normal -0.014941154018806123 0.49994418736409774 -0.8659287334633483
    outer loop
      vertex 0 -3.4797699140015275 42.036874999999995
      vertex 0 -2.7923622497476295 42.433749999999996
      vertex 0.9006307263183561 -3.3611996294777655 42.08979166666666
    endloop
  endfacet
  facet normal -0.12816995546434054 0.49587610915335356 0.8588826153131756
    outer loop
      vertex 0 -3.4797699140015275 41.878125
      vertex 0.722716531060008 -2.6972148133858806 41.534166666666664
      vertex 0 -2.7923622497476295 41.481249999999996
    endloop
  endfacet
  facet normal -0.13052619222005163 0.9914448613738104 0
    outer loop
      vertex 0 -2.7923622497476295 41.16374999999999
      vertex 0 -2.7923622497476295 41.481249999999996
      vertex 0.722716531060008 -2.6972148133858806 41.21666666666667
    endloop
  endfacet
  facet normal -0.12816995546433166 0.4958761091533476 0.8588826153131804
    outer loop
      vertex 0 -3.4797699140015275 43.14812499999999
      vertex 0.722716531060008 -2.6972148133858806 42.80416666666666
      vertex 0 -2.7923622497476295 42.75125
    endloop
  endfacet
  facet normal -0.13052619222005163 0.9914448613738104 0
    outer loop
      vertex 0 -2.7923622497476295 42.433749999999996
      vertex 0 -2.7923622497476295 42.75125
      vertex 0.722716531060008 -2.6972148133858806 42.486666666666665
    endloop
  endfacet
  facet normal -0.1305261922200516 0.9914448613738104 0
    outer loop
      vertex 0 -3.4797699140015275 40.766875
      vertex 0.9006307263183561 -3.3611996294777655 40.81979166666666
      vertex 0.9006307263183561 -3.3611996294777655 40.66104166666666
    endloop
  endfacet
  facet normal -0.1149630306367967 0.4867760574939549 0.865928733463352
    outer loop
      vertex 0 -3.4797699140015275 40.608125
      vertex 0.9006307263183561 -3.3611996294777655 40.66104166666666
      vertex 0.722716531060008 -2.6972148133858806 40.26416666666667
    endloop
  endfacet
  facet normal -0.11496303063680396 0.4867760574939599 0.8659287334633483
    outer loop
      vertex 0 -3.4797699140015275 41.878125
      vertex 0.9006307263183561 -3.3611996294777655 41.931041666666665
      vertex 0.722716531060008 -2.6972148133858806 41.534166666666664
    endloop
  endfacet
  facet normal -0.1305261922200516 0.9914448613738104 0
    outer loop
      vertex 0 -3.4797699140015275 42.036874999999995
      vertex 0.9006307263183561 -3.3611996294777655 42.08979166666666
      vertex 0.9006307263183561 -3.3611996294777655 41.931041666666665
    endloop
  endfacet
  facet normal -0.11496303063681121 0.48677605749396496 0.8659287334633443
    outer loop
      vertex 0 -3.4797699140015275 43.14812499999999
      vertex 0.9006307263183561 -3.3611996294777655 43.20104166666667
      vertex 0.722716531060008 -2.6972148133858806 42.80416666666666
    endloop
  endfacet
  facet normal -0.004539510922891154 0.5121523659550827 -0.8588826153131708
    outer loop
      vertex 0.9006307263183561 -3.3611996294777655 40.81979166666666
      vertex 0 -2.7923622497476295 41.16374999999999
      vertex 0.722716531060008 -2.6972148133858806 41.21666666666667
    endloop
  endfacet
  facet normal -0.13052619222005163 0.9914448613738105 0
    outer loop
      vertex 0 -2.7923622497476295 41.481249999999996
      vertex 0.722716531060008 -2.6972148133858806 41.534166666666664
      vertex 0.722716531060008 -2.6972148133858806 41.21666666666667
    endloop
  endfacet
  facet normal -0.004539510922898137 0.5121523659550745 -0.8588826153131756
    outer loop
      vertex 0.9006307263183561 -3.3611996294777655 42.08979166666666
      vertex 0 -2.7923622497476295 42.433749999999996
      vertex 0.722716531060008 -2.6972148133858806 42.486666666666665
    endloop
  endfacet
  facet normal -0.13052619222005163 0.9914448613738105 0
    outer loop
      vertex 0 -2.7923622497476295 42.75125
      vertex 0.722716531060008 -2.6972148133858806 42.80416666666666
      vertex 0.722716531060008 -2.6972148133858806 42.486666666666665
    endloop
  endfacet
  facet normal -0.1305261922200516 0.9914448613738105 0
    outer loop
      vertex 0 -3.4797699140015275 43.702757812499996
      vertex 0 -3.4797699140015275 43.81685937499999
      vertex 0.9006307263183561 -3.3611996294777655 43.755674479166665
    endloop
  endfacet
  facet normal -0.13052619222005157 0.9914448613738104 0
    outer loop
      vertex 0 -3.4797699140015275 43.81685937499999
      vertex 0 -3.4797699140015275 43.908140625
      vertex 0.9006307263183561 -3.3611996294777655 43.86977604166667
    endloop
  endfacet
  facet normal -0.13052619222005157 0.9914448613738103 0
    outer loop
      vertex 0 -3.4797699140015275 43.908140625
      vertex 0 -3.4797699140015275 44.019999999999996
      vertex 0.9006307263183561 -3.3611996294777655 43.96105729166666
    endloop
  endfacet
  facet normal -0.1305261922200516 0.9914448613738106 0
    outer loop
      vertex 0 -3.4797699140015275 43.702757812499996
      vertex 0.9006307263183561 -3.3611996294777655 43.755674479166665
      vertex 0.9006307263183561 -3.3611996294777655 43.20104166666667
    endloop
  endfacet
  facet normal -0.13052619222005157 0.9914448613738103 0
    outer loop
      vertex 0 -3.4797699140015275 43.81685937499999
      vertex 0.9006307263183561 -3.3611996294777655 43.86977604166667
      vertex 0.9006307263183561 -3.3611996294777655 43.755674479166665
    endloop
  endfacet
  facet normal -0.1305261922200516 0.9914448613738104 0
    outer loop
      vertex 0 -3.4797699140015275 43.908140625
      vertex 0.9006307263183561 -3.3611996294777655 43.96105729166666
      vertex 0.9006307263183561 -3.3611996294777655 43.86977604166667
    endloop
  endfacet
  facet normal -0.1305261922200516 0.9914448613738104 0
    outer loop
      vertex 0 -3.4797699140015275 44.019999999999996
      vertex 0.9006307263183561 -3.3611996294777655 44.019999999999996
      vertex 0.9006307263183561 -3.3611996294777655 43.96105729166666
    endloop
  endfacet
  facet normal 0 0 -1
    outer loop
      vertex 0 -3.4797699140015275 44.019999999999996
      vertex 0 0 44.019999999999996
      vertex 0.9006307263183561 -3.3611996294777655 44.019999999999996
    endloop
  endfacet
  facet normal 0 0 -1
    outer loop
      vertex 0.9006307263183561 -3.3611996294777655 44.019999999999996
      vertex 0 0 44.019999999999996
      vertex 1.7398849570007637 -3.013569144850114 44.019999999999996
    endloop
  endfacet
  facet normal -0.3826834323650897 0.9238795325112866 0
    outer loop
      vertex 0.9006307263183561 -3.3611996294777655 40.66104166666666
      vertex 0.9006307263183561 -3.3611996294777655 40.81979166666666
      vertex 1.7398849570007637 -3.013569144850114 40.71395833333333
    endloop
  endfacet
  facet normal -0.3826834323650897 0.9238795325112866 0
    outer loop
      vertex 0.9006307263183561 -3.3611996294777655 41.931041666666665
      vertex 0.9006307263183561 -3.3611996294777655 42.08979166666666
      vertex 1.7398849570007637 -3.013569144850114 41.983958333333334
    endloop
  endfacet
  facet normal -0.25214485119755065 0.44580671498684804 0.8588826153131757
    outer loop
      vertex 0.9006307263183561 -3.3611996294777655 41.931041666666665
      vertex 1.3961811248738147 -2.418256644850114 41.58708333333333
      vertex 0.722716531060008 -2.6972148133858806 41.534166666666664
    endloop
  endfacet
  facet normal -0.1438271237194553 0.47904194706221365 -0.8659287334633444
    outer loop
      vertex 0.9006307263183561 -3.3611996294777655 40.81979166666666
      vertex 0.722716531060008 -2.6972148133858806 41.21666666666667
      vertex 1.7398849570007637 -3.013569144850114 40.872708333333335
    endloop
  endfacet
  facet normal -0.13693961714264247 0.4935262853887499 -0.8588826153131803
    outer loop
      vertex 1.7398849570007637 -3.013569144850114 40.872708333333335
      vertex 0.722716531060008 -2.6972148133858806 41.21666666666667
      vertex 1.3961811248738147 -2.418256644850114 41.26958333333333
    endloop
  endfacet
  facet normal -0.2521448511975607 0.44580671498685165 0.8588826153131707
    outer loop
      vertex 0.9006307263183561 -3.3611996294777655 43.20104166666667
      vertex 1.3961811248738147 -2.418256644850114 42.857083333333335
      vertex 0.722716531060008 -2.6972148133858806 42.80416666666666
    endloop
  endfacet
  facet normal -0.14382712371945905 0.4790419470622057 -0.8659287334633481
    outer loop
      vertex 0.9006307263183561 -3.3611996294777655 42.08979166666666
      vertex 0.722716531060008 -2.6972148133858806 42.486666666666665
      vertex 1.7398849570007637 -3.013569144850114 42.14270833333333
    endloop
  endfacet
  facet normal -0.13693961714263786 0.4935262853887596 -0.8588826153131756
    outer loop
      vertex 0.722716531060008 -2.6972148133858806 42.486666666666665
      vertex 1.3961811248738147 -2.418256644850114 42.53958333333333
      vertex 1.7398849570007637 -3.013569144850114 42.14270833333333
    endloop
  endfacet
  facet normal -0.3826834323650899 0.9238795325112867 0
    outer loop
      vertex 0.9006307263183561 -3.3611996294777655 40.81979166666666
      vertex 1.7398849570007637 -3.013569144850114 40.872708333333335
      vertex 1.7398849570007637 -3.013569144850114 40.71395833333333
    endloop
  endfacet
  facet normal -0.3826834323650898 0.9238795325112866 0
    outer loop
      vertex 0.9006307263183561 -3.3611996294777655 42.08979166666666
      vertex 1.7398849570007637 -3.013569144850114 42.14270833333333
      vertex 1.7398849570007637 -3.013569144850114 41.983958333333334
    endloop
  endfacet
  facet normal -0.2370326747399068 0.4404349437410788 0.8659287334633481
    outer loop
      vertex 0.9006307263183561 -3.3611996294777655 40.66104166666666
      vertex 1.7398849570007637 -3.013569144850114 40.71395833333333
      vertex 1.3961811248738147 -2.418256644850114 40.31708333333333
    endloop
  endfacet
  facet normal -0.2370326747399068 0.4404349437410788 0.8659287334633481
    outer loop
      vertex 0.9006307263183561 -3.3611996294777655 41.931041666666665
      vertex 1.7398849570007637 -3.013569144850114 41.983958333333334
      vertex 1.3961811248738147 -2.418256644850114 41.58708333333333
    endloop
  endfacet
  facet normal -0.23703267473989847 0.44043494374107583 0.8659287334633519
    outer loop
      vertex 0.9006307263183561 -3.3611996294777655 43.20104166666667
      vertex 1.7398849570007637 -3.013569144850114 43.25395833333333
      vertex 1.3961811248738147 -2.418256644850114 42.857083333333335
    endloop
  endfacet
  facet normal -0.38268343236508984 0.9238795325112867 0
    outer loop
      vertex 0.9006307263183561 -3.3611996294777655 43.20104166666667
      vertex 0.9006307263183561 -3.3611996294777655 43.755674479166665
      vertex 1.7398849570007637 -3.013569144850114 43.25395833333333
    endloop
  endfacet
  facet normal -0.38268343236508984 0.9238795325112866 0
    outer loop
      vertex 0.9006307263183561 -3.3611996294777655 43.755674479166665
      vertex 0.9006307263183561 -3.3611996294777655 43.86977604166667
      vertex 1.7398849570007637 -3.013569144850114 43.80859114583333
    endloop
  endfacet
  facet normal -0.3826834323650898 0.9238795325112866 0
    outer loop
      vertex 0.9006307263183561 -3.3611996294777655 43.86977604166667
      vertex 0.9006307263183561 -3.3611996294777655 43.96105729166666
      vertex 1.7398849570007637 -3.013569144850114 43.92269270833333
    endloop
  endfacet
  facet normal -0.3826834323650898 0.9238795325112866 0
    outer loop
      vertex 0.9006307263183561 -3.3611996294777655 43.96105729166666
      vertex 0.9006307263183561 -3.3611996294777655 44.019999999999996
      vertex 1.7398849570007637 -3.013569144850114 44.01397395833333
    endloop
  endfacet
  facet normal -0.38268343236508984 0.9238795325112866 0
    outer loop
      vertex 0.9006307263183561 -3.3611996294777655 43.755674479166665
      vertex 1.7398849570007637 -3.013569144850114 43.80859114583333
      vertex 1.7398849570007637 -3.013569144850114 43.25395833333333
    endloop
  endfacet
  facet normal -0.3826834323650899 0.9238795325112867 0
    outer loop
      vertex 0.9006307263183561 -3.3611996294777655 43.86977604166667
      vertex 1.7398849570007637 -3.013569144850114 43.92269270833333
      vertex 1.7398849570007637 -3.013569144850114 43.80859114583333
    endloop
  endfacet
  facet normal -0.38268343236508984 0.9238795325112867 0
    outer loop
      vertex 0.9006307263183561 -3.3611996294777655 43.96105729166666
      vertex 1.7398849570007637 -3.013569144850114 44.01397395833333
      vertex 1.7398849570007637 -3.013569144850114 43.92269270833333
    endloop
  endfacet
  facet normal -0.3826834323650899 0.9238795325112868 0
    outer loop
      vertex 0.9006307263183561 -3.3611996294777655 44.019999999999996
      vertex 1.7398849570007637 -3.013569144850114 44.019999999999996
      vertex 1.7398849570007637 -3.013569144850114 44.01397395833333
    endloop
  endfacet
  facet normal -0.38268343236508995 0.9238795325112867 0
    outer loop
      vertex 0.722716531060008 -2.6972148133858806 41.21666666666667
      vertex 0.722716531060008 -2.6972148133858806 41.534166666666664
      vertex 1.3961811248738147 -2.418256644850114 41.26958333333333
    endloop
  endfacet
  facet normal -0.38268343236508995 0.9238795325112866 0
    outer loop
      vertex 0.722716531060008 -2.6972148133858806 41.534166666666664
      vertex 1.3961811248738147 -2.418256644850114 41.58708333333333
      vertex 1.3961811248738147 -2.418256644850114 41.26958333333333
    endloop
  endfacet
  facet normal -0.38268343236508995 0.9238795325112867 0
    outer loop
      vertex 0.722716531060008 -2.6972148133858806 42.486666666666665
      vertex 0.722716531060008 -2.6972148133858806 42.80416666666666
      vertex 1.3961811248738147 -2.418256644850114 42.53958333333333
    endloop
  endfacet
  facet normal -0.3826834323650899 0.9238795325112866 0
    outer loop
      vertex 0.722716531060008 -2.6972148133858806 42.80416666666666
      vertex 1.3961811248738147 -2.418256644850114 42.857083333333335
      vertex 1.3961811248738147 -2.418256644850114 42.53958333333333
    endloop
  endfacet
  facet normal -0.3589364920107158 0.3653563299244192 0.8588826153131756
    outer loop
      vertex 1.7398849570007637 -3.013569144850114 40.71395833333333
      vertex 1.9744982823258725 -1.9744982823258725 40.37
      vertex 1.3961811248738147 -2.418256644850114 40.31708333333333
    endloop
  endfacet
  facet normal -0.3589364920107158 0.3653563299244192 0.8588826153131756
    outer loop
      vertex 1.7398849570007637 -3.013569144850114 41.983958333333334
      vertex 1.9744982823258725 -1.9744982823258725 41.64
      vertex 1.3961811248738147 -2.418256644850114 41.58708333333333
    endloop
  endfacet
  facet normal -0.6087614290087207 0.7933533402912352 0
    outer loop
      vertex 1.3961811248738147 -2.418256644850114 41.26958333333333
      vertex 1.3961811248738147 -2.418256644850114 41.58708333333333
      vertex 1.9744982823258725 -1.9744982823258725 41.3225
    endloop
  endfacet
  facet normal -0.35893649201070504 0.3653563299244183 0.8588826153131804
    outer loop
      vertex 1.7398849570007637 -3.013569144850114 43.25395833333333
      vertex 1.9744982823258725 -1.9744982823258725 42.91
      vertex 1.3961811248738147 -2.418256644850114 42.857083333333335
    endloop
  endfacet
  facet normal -0.6087614290087207 0.7933533402912352 0
    outer loop
      vertex 1.3961811248738147 -2.418256644850114 42.53958333333333
      vertex 1.3961811248738147 -2.418256644850114 42.857083333333335
      vertex 1.9744982823258725 -1.9744982823258725 42.5925
    endloop
  endfacet
  facet normal 0 0 -1
    outer loop
      vertex 1.7398849570007637 -3.013569144850114 44.019999999999996
      vertex 0 0 44.019999999999996
      vertex 2.4605689031594093 -2.4605689031594093 44.019999999999996
    endloop
  endfacet
  facet normal -0.6087614290087205 0.793353340291235 0
    outer loop
      vertex 1.7398849570007637 -3.013569144850114 39.44395833333333
      vertex 1.7398849570007637 -3.013569144850114 39.60270833333333
      vertex 2.4605689031594093 -2.4605689031594093 39.496874999999996
    endloop
  endfacet
  facet normal -0.2629115126241908 0.4254937897222727 -0.8659287334633481
    outer loop
      vertex 1.7398849570007637 -3.013569144850114 39.60270833333333
      vertex 1.3961811248738147 -2.418256644850114 39.999583333333334
      vertex 2.4605689031594093 -2.4605689031594093 39.655625
    endloop
  endfacet
  facet normal -0.2600075147575259 0.44126720406393943 -0.8588826153131804
    outer loop
      vertex 1.3961811248738147 -2.418256644850114 39.999583333333334
      vertex 1.9744982823258725 -1.9744982823258725 40.052499999999995
      vertex 2.4605689031594093 -2.4605689031594093 39.655625
    endloop
  endfacet
  facet normal -0.3429489337744988 0.3640789164253989 0.8659287334633502
    outer loop
      vertex 1.7398849570007637 -3.013569144850114 39.44395833333333
      vertex 2.4605689031594093 -2.4605689031594093 39.496874999999996
      vertex 1.960856320344522 -2.034916697106203 39.12
    endloop
  endfacet
  facet normal -0.6087614290087205 0.793353340291235 0
    outer loop
      vertex 1.7398849570007637 -3.013569144850114 39.60270833333333
      vertex 2.4605689031594093 -2.4605689031594093 39.655625
      vertex 2.4605689031594093 -2.4605689031594093 39.496874999999996
    endloop
  endfacet
  facet normal -0.6087614290087205 0.7933533402912352 0
    outer loop
      vertex 1.3961811248738147 -2.418256644850114 40.31708333333333
      vertex 1.9744982823258725 -1.9744982823258725 40.37
      vertex 1.9744982823258725 -1.9744982823258725 40.052499999999995
    endloop
  endfacet
  facet normal -0.3429489337744997 0.36407891642539725 0.8659287334633504
    outer loop
      vertex 2.4605689031594093 -2.4605689031594093 39.496874999999996
      vertex 1.9989931797537037 -1.9989931797537037 39.12
      vertex 1.960856320344522 -2.034916697106203 39.12
    endloop
  endfacet
  facet normal -0.4412672040639447 0.2600075147575244 0.858882615313178
    outer loop
      vertex 2.4605689031594093 -2.4605689031594093 39.496874999999996
      vertex 2.1422179783980257 -1.7559217188794272 39.12
      vertex 1.9989931797537037 -1.9989931797537037 39.12
    endloop
  endfacet
  facet normal -0.7933533402912352 0.6087614290087207 0
    outer loop
      vertex 1.9744982823258725 -1.9744982823258725 40.052499999999995
      vertex 1.9744982823258725 -1.9744982823258725 40.37
      vertex 2.418256644850114 -1.3961811248738147 40.10541666666666
    endloop
  endfacet
  facet normal -0.793353340291235 0.6087614290087205 0
    outer loop
      vertex 2.4605689031594093 -2.4605689031594093 39.496874999999996
      vertex 2.4605689031594093 -2.4605689031594093 39.655625
      vertex 3.013569144850114 -1.7398849570007637 39.549791666666664
    endloop
  endfacet
  facet normal -0.4412672040639438 0.2600075147575251 0.8588826153131784
    outer loop
      vertex 2.4605689031594093 -2.4605689031594093 39.496874999999996
      vertex 2.418256644850114 -1.3961811248738147 39.15291666666666
      vertex 2.1422179783980257 -1.7559217188794272 39.12
    endloop
  endfacet
  facet normal -0.3640789164254011 0.3429489337744921 -0.865928733463352
    outer loop
      vertex 1.9744982823258725 -1.9744982823258725 40.052499999999995
      vertex 3.013569144850114 -1.7398849570007637 39.70854166666666
      vertex 2.4605689031594093 -2.4605689031594093 39.655625
    endloop
  endfacet
  facet normal -0.4254937897222727 0.2629115126241908 0.8659287334633481
    outer loop
      vertex 2.4605689031594093 -2.4605689031594093 39.496874999999996
      vertex 3.013569144850114 -1.7398849570007637 39.549791666666664
      vertex 2.418256644850114 -1.3961811248738147 39.15291666666666
    endloop
  endfacet
  facet normal -0.7933533402912352 0.6087614290087207 0
    outer loop
      vertex 2.4605689031594093 -2.4605689031594093 39.655625
      vertex 3.013569144850114 -1.7398849570007637 39.70854166666666
      vertex 3.013569144850114 -1.7398849570007637 39.549791666666664
    endloop
  endfacet
  facet normal -0.6087614290087205 0.793353340291235 0
    outer loop
      vertex 1.7398849570007637 -3.013569144850114 40.71395833333333
      vertex 1.7398849570007637 -3.013569144850114 40.872708333333335
      vertex 2.4605689031594093 -2.4605689031594093 40.766875
    endloop
  endfacet
  facet normal -0.6087614290087205 0.7933533402912352 0
    outer loop
      vertex 1.7398849570007637 -3.013569144850114 41.983958333333334
      vertex 1.7398849570007637 -3.013569144850114 42.14270833333333
      vertex 2.4605689031594093 -2.4605689031594093 42.036874999999995
    endloop
  endfacet
  facet normal -0.6087614290087205 0.7933533402912353 0
    outer loop
      vertex 1.7398849570007637 -3.013569144850114 43.25395833333333
      vertex 1.7398849570007637 -3.013569144850114 43.80859114583333
      vertex 2.4605689031594093 -2.4605689031594093 43.306875
    endloop
  endfacet
  facet normal -0.6087614290087207 0.7933533402912353 0
    outer loop
      vertex 1.7398849570007637 -3.013569144850114 43.80859114583333
      vertex 1.7398849570007637 -3.013569144850114 43.92269270833333
      vertex 2.4605689031594093 -2.4605689031594093 43.861507812499994
    endloop
  endfacet
  facet normal -0.6087614290087205 0.7933533402912352 0
    outer loop
      vertex 1.7398849570007637 -3.013569144850114 43.92269270833333
      vertex 1.7398849570007637 -3.013569144850114 44.01397395833333
      vertex 2.4605689031594093 -2.4605689031594093 43.975609375
    endloop
  endfacet
  facet normal -0.6087614290087207 0.7933533402912352 0
    outer loop
      vertex 1.7398849570007637 -3.013569144850114 44.01397395833333
      vertex 1.7398849570007637 -3.013569144850114 44.019999999999996
      vertex 2.4605689031594093 -2.4605689031594093 44.019999999999996
    endloop
  endfacet
  facet normal -0.26291151262419243 0.42549378972226404 -0.865928733463352
    outer loop
      vertex 1.7398849570007637 -3.013569144850114 40.872708333333335
      vertex 1.3961811248738147 -2.418256644850114 41.26958333333333
      vertex 2.4605689031594093 -2.4605689031594093 40.925625
    endloop
  endfacet
  facet normal -0.2600075147575239 0.44126720406395 -0.8588826153131756
    outer loop
      vertex 2.4605689031594093 -2.4605689031594093 40.925625
      vertex 1.3961811248738147 -2.418256644850114 41.26958333333333
      vertex 1.9744982823258725 -1.9744982823258725 41.3225
    endloop
  endfacet
  facet normal -0.34294893377450086 0.3640789164254018 0.8659287334633481
    outer loop
      vertex 1.7398849570007637 -3.013569144850114 40.71395833333333
      vertex 2.4605689031594093 -2.4605689031594093 40.766875
      vertex 1.9744982823258725 -1.9744982823258725 40.37
    endloop
  endfacet
  facet normal -0.6087614290087207 0.7933533402912352 0
    outer loop
      vertex 1.7398849570007637 -3.013569144850114 40.872708333333335
      vertex 2.4605689031594093 -2.4605689031594093 40.925625
      vertex 2.4605689031594093 -2.4605689031594093 40.766875
    endloop
  endfacet
  facet normal -0.3429489337744921 0.3640789164254011 0.865928733463352
    outer loop
      vertex 1.7398849570007637 -3.013569144850114 41.983958333333334
      vertex 2.4605689031594093 -2.4605689031594093 42.036874999999995
      vertex 1.9744982823258725 -1.9744982823258725 41.64
    endloop
  endfacet
  facet normal -0.2629115126241908 0.4254937897222727 -0.8659287334633481
    outer loop
      vertex 1.7398849570007637 -3.013569144850114 42.14270833333333
      vertex 1.3961811248738147 -2.418256644850114 42.53958333333333
      vertex 2.4605689031594093 -2.4605689031594093 42.195625
    endloop
  endfacet
  facet normal -0.2600075147575239 0.44126720406395 -0.8588826153131756
    outer loop
      vertex 1.3961811248738147 -2.418256644850114 42.53958333333333
      vertex 1.9744982823258725 -1.9744982823258725 42.5925
      vertex 2.4605689031594093 -2.4605689031594093 42.195625
    endloop
  endfacet
  facet normal -0.6087614290087205 0.793353340291235 0
    outer loop
      vertex 1.7398849570007637 -3.013569144850114 42.14270833333333
      vertex 2.4605689031594093 -2.4605689031594093 42.195625
      vertex 2.4605689031594093 -2.4605689031594093 42.036874999999995
    endloop
  endfacet
  facet normal -0.34294893377450086 0.3640789164254018 0.8659287334633481
    outer loop
      vertex 1.7398849570007637 -3.013569144850114 43.25395833333333
      vertex 2.4605689031594093 -2.4605689031594093 43.306875
      vertex 1.9744982823258725 -1.9744982823258725 42.91
    endloop
  endfacet
  facet normal -0.6087614290087205 0.7933533402912352 0
    outer loop
      vertex 1.3961811248738147 -2.418256644850114 41.58708333333333
      vertex 1.9744982823258725 -1.9744982823258725 41.64
      vertex 1.9744982823258725 -1.9744982823258725 41.3225
    endloop
  endfacet
  facet normal -0.7933533402912352 0.6087614290087207 0
    outer loop
      vertex 1.9744982823258725 -1.9744982823258725 41.3225
      vertex 1.9744982823258725 -1.9744982823258725 41.64
      vertex 2.418256644850114 -1.3961811248738147 41.375416666666666
    endloop
  endfacet
  facet normal -0.6087614290087205 0.7933533402912352 0
    outer loop
      vertex 1.3961811248738147 -2.418256644850114 42.857083333333335
      vertex 1.9744982823258725 -1.9744982823258725 42.91
      vertex 1.9744982823258725 -1.9744982823258725 42.5925
    endloop
  endfacet
  facet normal -0.7933533402912352 0.6087614290087205 0
    outer loop
      vertex 1.9744982823258725 -1.9744982823258725 42.5925
      vertex 1.9744982823258725 -1.9744982823258725 42.91
      vertex 2.418256644850114 -1.3961811248738147 42.64541666666666
    endloop
  endfacet
  facet normal -0.7933533402912352 0.6087614290087205 0
    outer loop
      vertex 2.4605689031594093 -2.4605689031594093 40.766875
      vertex 2.4605689031594093 -2.4605689031594093 40.925625
      vertex 3.013569144850114 -1.7398849570007637 40.81979166666666
    endloop
  endfacet
  facet normal -0.793353340291235 0.6087614290087205 0
    outer loop
      vertex 2.4605689031594093 -2.4605689031594093 42.036874999999995
      vertex 2.4605689031594093 -2.4605689031594093 42.195625
      vertex 3.013569144850114 -1.7398849570007637 42.08979166666666
    endloop
  endfacet
  facet normal -0.44126720406395004 0.260007514757524 0.8588826153131756
    outer loop
      vertex 1.9744982823258725 -1.9744982823258725 40.37
      vertex 2.4605689031594093 -2.4605689031594093 40.766875
      vertex 2.418256644850114 -1.3961811248738147 40.422916666666666
    endloop
  endfacet
  facet normal -0.44126720406393943 0.2600075147575259 0.8588826153131803
    outer loop
      vertex 1.9744982823258725 -1.9744982823258725 41.64
      vertex 2.4605689031594093 -2.4605689031594093 42.036874999999995
      vertex 2.418256644850114 -1.3961811248738147 41.69291666666666
    endloop
  endfacet
  facet normal -0.3640789164254018 0.34294893377450086 -0.8659287334633481
    outer loop
      vertex 2.4605689031594093 -2.4605689031594093 40.925625
      vertex 1.9744982823258725 -1.9744982823258725 41.3225
      vertex 3.013569144850114 -1.7398849570007637 40.978541666666665
    endloop
  endfacet
  facet normal -0.42549378972226404 0.26291151262419243 0.865928733463352
    outer loop
      vertex 2.4605689031594093 -2.4605689031594093 40.766875
      vertex 3.013569144850114 -1.7398849570007637 40.81979166666666
      vertex 2.418256644850114 -1.3961811248738147 40.422916666666666
    endloop
  endfacet
  facet normal -0.44126720406395004 0.260007514757524 0.8588826153131756
    outer loop
      vertex 1.9744982823258725 -1.9744982823258725 42.91
      vertex 2.4605689031594093 -2.4605689031594093 43.306875
      vertex 2.418256644850114 -1.3961811248738147 42.962916666666665
    endloop
  endfacet
  facet normal -0.3640789164254018 0.34294893377450086 -0.8659287334633481
    outer loop
      vertex 1.9744982823258725 -1.9744982823258725 42.5925
      vertex 3.013569144850114 -1.7398849570007637 42.24854166666667
      vertex 2.4605689031594093 -2.4605689031594093 42.195625
    endloop
  endfacet
  facet normal -0.4254937897222727 0.2629115126241908 0.8659287334633481
    outer loop
      vertex 2.4605689031594093 -2.4605689031594093 42.036874999999995
      vertex 3.013569144850114 -1.7398849570007637 42.08979166666666
      vertex 2.418256644850114 -1.3961811248738147 41.69291666666666
    endloop
  endfacet
  facet normal -0.4254937897222727 0.2629115126241908 0.8659287334633481
    outer loop
      vertex 2.4605689031594093 -2.4605689031594093 43.306875
      vertex 3.013569144850114 -1.7398849570007637 43.359791666666666
      vertex 2.418256644850114 -1.3961811248738147 42.962916666666665
    endloop
  endfacet
  facet normal -0.6087614290087207 0.7933533402912353 0
    outer loop
      vertex 1.7398849570007637 -3.013569144850114 43.80859114583333
      vertex 2.4605689031594093 -2.4605689031594093 43.861507812499994
      vertex 2.4605689031594093 -2.4605689031594093 43.306875
    endloop
  endfacet
  facet normal -0.6087614290087207 0.7933533402912353 0
    outer loop
      vertex 1.7398849570007637 -3.013569144850114 43.92269270833333
      vertex 2.4605689031594093 -2.4605689031594093 43.975609375
      vertex 2.4605689031594093 -2.4605689031594093 43.861507812499994
    endloop
  endfacet
  facet normal -0.6087614290087207 0.7933533402912352 0
    outer loop
      vertex 1.7398849570007637 -3.013569144850114 44.01397395833333
      vertex 2.4605689031594093 -2.4605689031594093 44.019999999999996
      vertex 2.4605689031594093 -2.4605689031594093 43.975609375
    endloop
  endfacet
  facet normal -0.7933533402912353 0.6087614290087207 0
    outer loop
      vertex 2.4605689031594093 -2.4605689031594093 43.306875
      vertex 2.4605689031594093 -2.4605689031594093 43.861507812499994
      vertex 3.013569144850114 -1.7398849570007637 43.359791666666666
    endloop
  endfacet
  facet normal -0.7933533402912353 0.6087614290087207 0
    outer loop
      vertex 2.4605689031594093 -2.4605689031594093 43.861507812499994
      vertex 2.4605689031594093 -2.4605689031594093 43.975609375
      vertex 3.013569144850114 -1.7398849570007637 43.91442447916666
    endloop
  endfacet
  facet normal -0.7933533402912352 0.6087614290087207 0
    outer loop
      vertex 2.4605689031594093 -2.4605689031594093 43.975609375
      vertex 2.4605689031594093 -2.4605689031594093 44.019999999999996
      vertex 3.013569144850114 -1.7398849570007637 44.019999999999996
    endloop
  endfacet
  facet normal -0.793353340291235 0.6087614290087205 0
    outer loop
      vertex 2.4605689031594093 -2.4605689031594093 40.925625
      vertex 3.013569144850114 -1.7398849570007637 40.978541666666665
      vertex 3.013569144850114 -1.7398849570007637 40.81979166666666
    endloop
  endfacet
  facet normal -0.793353340291235 0.6087614290087205 0
    outer loop
      vertex 2.4605689031594093 -2.4605689031594093 42.195625
      vertex 3.013569144850114 -1.7398849570007637 42.24854166666667
      vertex 3.013569144850114 -1.7398849570007637 42.08979166666666
    endloop
  endfacet
  facet normal -0.7933533402912352 0.6087614290087207 0
    outer loop
      vertex 2.4605689031594093 -2.4605689031594093 43.861507812499994
      vertex 3.013569144850114 -1.7398849570007637 43.91442447916666
      vertex 3.013569144850114 -1.7398849570007637 43.359791666666666
    endloop
  endfacet
  facet normal -0.7933533402912352 0.6087614290087205 0
    outer loop
      vertex 2.4605689031594093 -2.4605689031594093 43.975609375
      vertex 3.013569144850114 -1.7398849570007637 44.019999999999996
      vertex 3.013569144850114 -1.7398849570007637 43.91442447916666
    endloop
  endfacet
  facet normal -0.7933533402912352 0.6087614290087205 0
    outer loop
      vertex 1.9744982823258725 -1.9744982823258725 40.37
      vertex 2.418256644850114 -1.3961811248738147 40.422916666666666
      vertex 2.418256644850114 -1.3961811248738147 40.10541666666666
    endloop
  endfacet
  facet normal -0.7933533402912354 0.6087614290087203 0
    outer loop
      vertex 2.418256644850114 -1.3961811248738147 39.15291666666666
      vertex 2.418256644850114 -1.3961811248738147 39.12
      vertex 2.1422179783980257 -1.7559217188794272 39.12
    endloop
  endfacet
  facet normal -0.3653563299244192 0.35893649201071576 -0.8588826153131756
    outer loop
      vertex 1.9744982823258725 -1.9744982823258725 40.052499999999995
      vertex 2.418256644850114 -1.3961811248738147 40.10541666666666
      vertex 3.013569144850114 -1.7398849570007637 39.70854166666666
    endloop
  endfacet
  facet normal -0.9238795325112867 0.38268343236508995 0
    outer loop
      vertex 2.418256644850114 -1.3961811248738147 39.15291666666666
      vertex 2.6972148133858806 -0.722716531060008 39.12
      vertex 2.418256644850114 -1.3961811248738147 39.12
    endloop
  endfacet
  facet normal -0.9238795325112866 0.3826834323650899 0
    outer loop
      vertex 2.418256644850114 -1.3961811248738147 40.10541666666666
      vertex 2.418256644850114 -1.3961811248738147 40.422916666666666
      vertex 2.6972148133858806 -0.722716531060008 40.15833333333333
    endloop
  endfacet
  facet normal -0.9238795325112866 0.38268343236508995 0
    outer loop
      vertex 2.418256644850114 -1.3961811248738147 39.15291666666666
      vertex 2.6972148133858806 -0.722716531060008 39.20583333333333
      vertex 2.6972148133858806 -0.722716531060008 39.12
    endloop
  endfacet
  facet normal -0.9238795325112867 0.38268343236508995 0
    outer loop
      vertex 2.418256644850114 -1.3961811248738147 40.422916666666666
      vertex 2.6972148133858806 -0.722716531060008 40.47583333333333
      vertex 2.6972148133858806 -0.722716531060008 40.15833333333333
    endloop
  endfacet
  facet normal -0.4404349437410788 0.23703267473990686 -0.8659287334633481
    outer loop
      vertex 2.418256644850114 -1.3961811248738147 40.10541666666666
      vertex 3.3611996294777655 -0.9006307263183561 39.76145833333333
      vertex 3.013569144850114 -1.7398849570007637 39.70854166666666
    endloop
  endfacet
  facet normal -0.4935262853887597 0.13693961714263786 0.8588826153131757
    outer loop
      vertex 2.418256644850114 -1.3961811248738147 39.15291666666666
      vertex 3.013569144850114 -1.7398849570007637 39.549791666666664
      vertex 2.6972148133858806 -0.722716531060008 39.20583333333333
    endloop
  endfacet
  facet normal -0.44580671498684804 0.25214485119755065 -0.8588826153131757
    outer loop
      vertex 2.418256644850114 -1.3961811248738147 40.10541666666666
      vertex 2.6972148133858806 -0.722716531060008 40.15833333333333
      vertex 3.3611996294777655 -0.9006307263183561 39.76145833333333
    endloop
  endfacet
  facet normal -0.4790419470622057 0.14382712371945905 0.8659287334633481
    outer loop
      vertex 2.6972148133858806 -0.722716531060008 39.20583333333333
      vertex 3.013569144850114 -1.7398849570007637 39.549791666666664
      vertex 3.3611996294777655 -0.9006307263183561 39.60270833333333
    endloop
  endfacet
  facet normal -0.9238795325112866 0.3826834323650897 0
    outer loop
      vertex 3.013569144850114 -1.7398849570007637 39.549791666666664
      vertex 3.013569144850114 -1.7398849570007637 39.70854166666666
      vertex 3.3611996294777655 -0.9006307263183561 39.60270833333333
    endloop
  endfacet
  facet normal -0.9238795325112866 0.3826834323650898 0
    outer loop
      vertex 3.013569144850114 -1.7398849570007637 39.70854166666666
      vertex 3.3611996294777655 -0.9006307263183561 39.76145833333333
      vertex 3.3611996294777655 -0.9006307263183561 39.60270833333333
    endloop
  endfacet
  facet normal -0.9914448613738104 0.13052619222005163 0
    outer loop
      vertex 2.6972148133858806 -0.722716531060008 39.20583333333333
      vertex 2.7923622497476295 0 39.12
      vertex 2.6972148133858806 -0.722716531060008 39.12
    endloop
  endfacet
  facet normal -0.9914448613738105 0.13052619222005163 0
    outer loop
      vertex 2.6972148133858806 -0.722716531060008 40.15833333333333
      vertex 2.6972148133858806 -0.722716531060008 40.47583333333333
      vertex 2.7923622497476295 0 40.21125
    endloop
  endfacet
  facet normal -0.5121523659550745 0.004539510922898137 0.8588826153131756
    outer loop
      vertex 2.6972148133858806 -0.722716531060008 39.20583333333333
      vertex 3.3611996294777655 -0.9006307263183561 39.60270833333333
      vertex 2.7923622497476295 0 39.25875
    endloop
  endfacet
  facet normal -0.9914448613738104 0.13052619222005163 0
    outer loop
      vertex 2.6972148133858806 -0.722716531060008 39.20583333333333
      vertex 2.7923622497476295 0 39.25875
      vertex 2.7923622497476295 0 39.12
    endloop
  endfacet
  facet normal -0.9914448613738105 0.13052619222005163 0
    outer loop
      vertex 2.6972148133858806 -0.722716531060008 40.47583333333333
      vertex 2.7923622497476295 0 40.528749999999995
      vertex 2.7923622497476295 0 40.21125
    endloop
  endfacet
  facet normal -0.49587610915335356 0.12816995546434054 -0.8588826153131756
    outer loop
      vertex 2.6972148133858806 -0.722716531060008 40.15833333333333
      vertex 2.7923622497476295 0 40.21125
      vertex 3.4797699140015275 0 39.814375
    endloop
  endfacet
  facet normal -0.4867760574939599 0.11496303063680396 -0.8659287334633483
    outer loop
      vertex 2.6972148133858806 -0.722716531060008 40.15833333333333
      vertex 3.4797699140015275 0 39.814375
      vertex 3.3611996294777655 -0.9006307263183561 39.76145833333333
    endloop
  endfacet
  facet normal -0.9914448613738104 0.1305261922200516 0
    outer loop
      vertex 3.3611996294777655 -0.9006307263183561 39.60270833333333
      vertex 3.3611996294777655 -0.9006307263183561 39.76145833333333
      vertex 3.4797699140015275 0 39.655625
    endloop
  endfacet
  facet normal -0.49994418736409774 0.014941154018806118 0.8659287334633483
    outer loop
      vertex 3.3611996294777655 -0.9006307263183561 39.60270833333333
      vertex 3.4797699140015275 0 39.655625
      vertex 2.7923622497476295 0 39.25875
    endloop
  endfacet
  facet normal -0.9914448613738104 0.1305261922200516 0
    outer loop
      vertex 3.3611996294777655 -0.9006307263183561 39.76145833333333
      vertex 3.4797699140015275 0 39.814375
      vertex 3.4797699140015275 0 39.655625
    endloop
  endfacet
  facet normal -0.7933533402912352 0.6087614290087205 0
    outer loop
      vertex 1.9744982823258725 -1.9744982823258725 41.64
      vertex 2.418256644850114 -1.3961811248738147 41.69291666666666
      vertex 2.418256644850114 -1.3961811248738147 41.375416666666666
    endloop
  endfacet
  facet normal -0.3653563299244192 0.35893649201071576 -0.8588826153131756
    outer loop
      vertex 1.9744982823258725 -1.9744982823258725 41.3225
      vertex 2.418256644850114 -1.3961811248738147 41.375416666666666
      vertex 3.013569144850114 -1.7398849570007637 40.978541666666665
    endloop
  endfacet
  facet normal -0.7933533402912352 0.6087614290087205 0
    outer loop
      vertex 1.9744982823258725 -1.9744982823258725 42.91
      vertex 2.418256644850114 -1.3961811248738147 42.962916666666665
      vertex 2.418256644850114 -1.3961811248738147 42.64541666666666
    endloop
  endfacet
  facet normal -0.3653563299244183 0.358936492010705 -0.8588826153131804
    outer loop
      vertex 1.9744982823258725 -1.9744982823258725 42.5925
      vertex 2.418256644850114 -1.3961811248738147 42.64541666666666
      vertex 3.013569144850114 -1.7398849570007637 42.24854166666667
    endloop
  endfacet
  facet normal -0.9238795325112867 0.38268343236508995 0
    outer loop
      vertex 2.418256644850114 -1.3961811248738147 41.375416666666666
      vertex 2.418256644850114 -1.3961811248738147 41.69291666666666
      vertex 2.6972148133858806 -0.722716531060008 41.42833333333333
    endloop
  endfacet
  facet normal -0.9238795325112866 0.38268343236508995 0
    outer loop
      vertex 2.418256644850114 -1.3961811248738147 41.69291666666666
      vertex 2.6972148133858806 -0.722716531060008 41.74583333333333
      vertex 2.6972148133858806 -0.722716531060008 41.42833333333333
    endloop
  endfacet
  facet normal -0.9238795325112866 0.3826834323650899 0
    outer loop
      vertex 2.418256644850114 -1.3961811248738147 42.64541666666666
      vertex 2.418256644850114 -1.3961811248738147 42.962916666666665
      vertex 2.6972148133858806 -0.722716531060008 42.69833333333333
    endloop
  endfacet
  facet normal -0.9238795325112866 0.38268343236508995 0
    outer loop
      vertex 2.418256644850114 -1.3961811248738147 42.962916666666665
      vertex 2.6972148133858806 -0.722716531060008 43.01583333333333
      vertex 2.6972148133858806 -0.722716531060008 42.69833333333333
    endloop
  endfacet
  facet normal 0 0 -1
    outer loop
      vertex 2.4605689031594093 -2.4605689031594093 44.019999999999996
      vertex 0 0 44.019999999999996
      vertex 3.013569144850114 -1.7398849570007637 44.019999999999996
    endloop
  endfacet
  facet normal 0 0 -1
    outer loop
      vertex 3.013569144850114 -1.7398849570007637 44.019999999999996
      vertex 0 0 44.019999999999996
      vertex 3.3611996294777655 -0.9006307263183561 44.019999999999996
    endloop
  endfacet
  facet normal 0 0 -1
    outer loop
      vertex 3.3611996294777655 -0.9006307263183561 44.019999999999996
      vertex 0 0 44.019999999999996
      vertex 3.4797699140015275 0 44.019999999999996
    endloop
  endfacet
  facet normal -0.4404349437410788 0.23703267473990686 -0.8659287334633481
    outer loop
      vertex 2.418256644850114 -1.3961811248738147 41.375416666666666
      vertex 3.3611996294777655 -0.9006307263183561 41.03145833333333
      vertex 3.013569144850114 -1.7398849570007637 40.978541666666665
    endloop
  endfacet
  facet normal -0.4404349437410758 0.2370326747398985 -0.8659287334633521
    outer loop
      vertex 2.418256644850114 -1.3961811248738147 42.64541666666666
      vertex 3.3611996294777655 -0.9006307263183561 42.30145833333333
      vertex 3.013569144850114 -1.7398849570007637 42.24854166666667
    endloop
  endfacet
  facet normal -0.49352628538875 0.1369396171426425 0.8588826153131804
    outer loop
      vertex 2.418256644850114 -1.3961811248738147 40.422916666666666
      vertex 3.013569144850114 -1.7398849570007637 40.81979166666666
      vertex 2.6972148133858806 -0.722716531060008 40.47583333333333
    endloop
  endfacet
  facet normal -0.4935262853887597 0.13693961714263786 0.8588826153131757
    outer loop
      vertex 2.418256644850114 -1.3961811248738147 41.69291666666666
      vertex 3.013569144850114 -1.7398849570007637 42.08979166666666
      vertex 2.6972148133858806 -0.722716531060008 41.74583333333333
    endloop
  endfacet
  facet normal -0.4458067149868445 0.25214485119754043 -0.8588826153131804
    outer loop
      vertex 2.418256644850114 -1.3961811248738147 41.375416666666666
      vertex 2.6972148133858806 -0.722716531060008 41.42833333333333
      vertex 3.3611996294777655 -0.9006307263183561 41.03145833333333
    endloop
  endfacet
  facet normal -0.4790419470622138 0.1438271237194553 0.8659287334633444
    outer loop
      vertex 2.6972148133858806 -0.722716531060008 40.47583333333333
      vertex 3.013569144850114 -1.7398849570007637 40.81979166666666
      vertex 3.3611996294777655 -0.9006307263183561 40.872708333333335
    endloop
  endfacet
  facet normal -0.4935262853887597 0.13693961714263786 0.8588826153131757
    outer loop
      vertex 2.418256644850114 -1.3961811248738147 42.962916666666665
      vertex 3.013569144850114 -1.7398849570007637 43.359791666666666
      vertex 2.6972148133858806 -0.722716531060008 43.01583333333333
    endloop
  endfacet
  facet normal -0.44580671498684804 0.25214485119755065 -0.8588826153131757
    outer loop
      vertex 2.418256644850114 -1.3961811248738147 42.64541666666666
      vertex 2.6972148133858806 -0.722716531060008 42.69833333333333
      vertex 3.3611996294777655 -0.9006307263183561 42.30145833333333
    endloop
  endfacet
  facet normal -0.4790419470622057 0.14382712371945905 0.8659287334633481
    outer loop
      vertex 2.6972148133858806 -0.722716531060008 41.74583333333333
      vertex 3.013569144850114 -1.7398849570007637 42.08979166666666
      vertex 3.3611996294777655 -0.9006307263183561 42.14270833333333
    endloop
  endfacet
  facet normal -0.47904194706219777 0.14382712371946285 0.8659287334633521
    outer loop
      vertex 2.6972148133858806 -0.722716531060008 43.01583333333333
      vertex 3.013569144850114 -1.7398849570007637 43.359791666666666
      vertex 3.3611996294777655 -0.9006307263183561 43.41270833333333
    endloop
  endfacet
  facet normal -0.9238795325112867 0.3826834323650898 0
    outer loop
      vertex 3.013569144850114 -1.7398849570007637 40.81979166666666
      vertex 3.013569144850114 -1.7398849570007637 40.978541666666665
      vertex 3.3611996294777655 -0.9006307263183561 40.872708333333335
    endloop
  endfacet
  facet normal -0.9238795325112867 0.3826834323650898 0
    outer loop
      vertex 3.013569144850114 -1.7398849570007637 42.08979166666666
      vertex 3.013569144850114 -1.7398849570007637 42.24854166666667
      vertex 3.3611996294777655 -0.9006307263183561 42.14270833333333
    endloop
  endfacet
  facet normal -0.9238795325112866 0.3826834323650898 0
    outer loop
      vertex 3.013569144850114 -1.7398849570007637 40.978541666666665
      vertex 3.3611996294777655 -0.9006307263183561 41.03145833333333
      vertex 3.3611996294777655 -0.9006307263183561 40.872708333333335
    endloop
  endfacet
  facet normal -0.9238795325112866 0.3826834323650898 0
    outer loop
      vertex 3.013569144850114 -1.7398849570007637 42.24854166666667
      vertex 3.3611996294777655 -0.9006307263183561 42.30145833333333
      vertex 3.3611996294777655 -0.9006307263183561 42.14270833333333
    endloop
  endfacet
  facet normal -0.9238795325112867 0.38268343236508984 0
    outer loop
      vertex 3.013569144850114 -1.7398849570007637 43.359791666666666
      vertex 3.013569144850114 -1.7398849570007637 43.91442447916666
      vertex 3.3611996294777655 -0.9006307263183561 43.41270833333333
    endloop
  endfacet
  facet normal -0.9238795325112867 0.38268343236508984 0
    outer loop
      vertex 3.013569144850114 -1.7398849570007637 43.91442447916666
      vertex 3.013569144850114 -1.7398849570007637 44.019999999999996
      vertex 3.3611996294777655 -0.9006307263183561 43.96734114583333
    endloop
  endfacet
  facet normal -0.9238795325112866 0.38268343236508984 0
    outer loop
      vertex 3.013569144850114 -1.7398849570007637 43.91442447916666
      vertex 3.3611996294777655 -0.9006307263183561 43.96734114583333
      vertex 3.3611996294777655 -0.9006307263183561 43.41270833333333
    endloop
  endfacet
  facet normal -0.9238795325112867 0.38268343236508984 0
    outer loop
      vertex 3.013569144850114 -1.7398849570007637 44.019999999999996
      vertex 3.3611996294777655 -0.9006307263183561 44.019999999999996
      vertex 3.3611996294777655 -0.9006307263183561 43.96734114583333
    endloop
  endfacet
  facet normal -0.9914448613738104 0.13052619222005163 0
    outer loop
      vertex 2.6972148133858806 -0.722716531060008 41.42833333333333
      vertex 2.6972148133858806 -0.722716531060008 41.74583333333333
      vertex 2.7923622497476295 0 41.481249999999996
    endloop
  endfacet
  facet normal -0.5121523659550811 0.004539510922899292 0.8588826153131716
    outer loop
      vertex 2.6972148133858806 -0.722716531060008 40.47583333333333
      vertex 3.3611996294777655 -0.9006307263183561 40.872708333333335
      vertex 2.7923622497476295 0 40.528749999999995
    endloop
  endfacet
  facet normal -0.5121523659550745 0.004539510922898137 0.8588826153131756
    outer loop
      vertex 2.6972148133858806 -0.722716531060008 41.74583333333333
      vertex 3.3611996294777655 -0.9006307263183561 42.14270833333333
      vertex 2.7923622497476295 0 41.79875
    endloop
  endfacet
  facet normal -0.9914448613738104 0.13052619222005163 0
    outer loop
      vertex 2.6972148133858806 -0.722716531060008 42.69833333333333
      vertex 2.6972148133858806 -0.722716531060008 43.01583333333333
      vertex 2.7923622497476295 0 42.75125
    endloop
  endfacet
  facet normal -0.5121523659550664 0.004539510922905157 0.8588826153131804
    outer loop
      vertex 2.6972148133858806 -0.722716531060008 43.01583333333333
      vertex 3.3611996294777655 -0.9006307263183561 43.41270833333333
      vertex 2.7923622497476295 0 43.068749999999994
    endloop
  endfacet
  facet normal -0.9914448613738104 0.13052619222005163 0
    outer loop
      vertex 2.6972148133858806 -0.722716531060008 41.74583333333333
      vertex 2.7923622497476295 0 41.79875
      vertex 2.7923622497476295 0 41.481249999999996
    endloop
  endfacet
  facet normal -0.49587610915335356 0.12816995546434054 -0.8588826153131756
    outer loop
      vertex 2.6972148133858806 -0.722716531060008 41.42833333333333
      vertex 2.7923622497476295 0 41.481249999999996
      vertex 3.4797699140015275 0 41.084374999999994
    endloop
  endfacet
  facet normal -0.9914448613738105 0.13052619222005163 0
    outer loop
      vertex 2.6972148133858806 -0.722716531060008 43.01583333333333
      vertex 2.7923622497476295 0 43.068749999999994
      vertex 2.7923622497476295 0 42.75125
    endloop
  endfacet
  facet normal -0.49587610915335356 0.12816995546434054 -0.8588826153131756
    outer loop
      vertex 2.6972148133858806 -0.722716531060008 42.69833333333333
      vertex 2.7923622497476295 0 42.75125
      vertex 3.4797699140015275 0 42.354375
    endloop
  endfacet
  facet normal -0.4867760574939549 0.1149630306367967 -0.865928733463352
    outer loop
      vertex 2.6972148133858806 -0.722716531060008 41.42833333333333
      vertex 3.4797699140015275 0 41.084374999999994
      vertex 3.3611996294777655 -0.9006307263183561 41.03145833333333
    endloop
  endfacet
  facet normal -0.9914448613738104 0.1305261922200516 0
    outer loop
      vertex 3.3611996294777655 -0.9006307263183561 40.872708333333335
      vertex 3.3611996294777655 -0.9006307263183561 41.03145833333333
      vertex 3.4797699140015275 0 40.925625
    endloop
  endfacet
  facet normal -0.4867760574939599 0.11496303063680396 -0.8659287334633483
    outer loop
      vertex 2.6972148133858806 -0.722716531060008 42.69833333333333
      vertex 3.4797699140015275 0 42.354375
      vertex 3.3611996294777655 -0.9006307263183561 42.30145833333333
    endloop
  endfacet
  facet normal -0.9914448613738104 0.1305261922200516 0
    outer loop
      vertex 3.3611996294777655 -0.9006307263183561 42.14270833333333
      vertex 3.3611996294777655 -0.9006307263183561 42.30145833333333
      vertex 3.4797699140015275 0 42.195625
    endloop
  endfacet
  facet normal -0.4999441873640976 0.014941154018812953 0.8659287334633481
    outer loop
      vertex 3.3611996294777655 -0.9006307263183561 40.872708333333335
      vertex 3.4797699140015275 0 40.925625
      vertex 2.7923622497476295 0 40.528749999999995
    endloop
  endfacet
  facet normal -0.9914448613738104 0.1305261922200516 0
    outer loop
      vertex 3.3611996294777655 -0.9006307263183561 41.03145833333333
      vertex 3.4797699140015275 0 41.084374999999994
      vertex 3.4797699140015275 0 40.925625
    endloop
  endfacet
  facet normal -0.49994418736409774 0.014941154018806118 0.8659287334633483
    outer loop
      vertex 3.3611996294777655 -0.9006307263183561 42.14270833333333
      vertex 3.4797699140015275 0 42.195625
      vertex 2.7923622497476295 0 41.79875
    endloop
  endfacet
  facet normal -0.49994418736409774 0.014941154018806118 0.8659287334633483
    outer loop
      vertex 3.3611996294777655 -0.9006307263183561 43.41270833333333
      vertex 3.4797699140015275 0 43.465624999999996
      vertex 2.7923622497476295 0 43.068749999999994
    endloop
  endfacet
  facet normal -0.9914448613738104 0.1305261922200516 0
    outer loop
      vertex 3.3611996294777655 -0.9006307263183561 42.30145833333333
      vertex 3.4797699140015275 0 42.354375
      vertex 3.4797699140015275 0 42.195625
    endloop
  endfacet
  facet normal -0.9914448613738105 0.1305261922200516 0
    outer loop
      vertex 3.3611996294777655 -0.9006307263183561 43.41270833333333
      vertex 3.3611996294777655 -0.9006307263183561 43.96734114583333
      vertex 3.4797699140015275 0 43.465624999999996
    endloop
  endfacet
  facet normal -0.9914448613738105 0.13052619222005163 0
    outer loop
      vertex 3.3611996294777655 -0.9006307263183561 43.96734114583333
      vertex 3.3611996294777655 -0.9006307263183561 44.019999999999996
      vertex 3.4797699140015275 0 44.019999999999996
    endloop
  endfacet
  facet normal -0.9914448613738105 0.1305261922200516 0
    outer loop
      vertex 3.3611996294777655 -0.9006307263183561 43.96734114583333
      vertex 3.4797699140015275 0 44.019999999999996
      vertex 3.4797699140015275 0 43.465624999999996
    endloop
  endfacet
  facet normal -0.12816995546433937 -0.49587610915335684 -0.8588826153131738
    outer loop
      vertex 0 2.7923622497476295 39.25875
      vertex 0 3.032684299297811 39.12
      vertex 0.5423657068342516 2.8924980971252188 39.12
    endloop
  endfacet
  facet normal -0.13052619222005163 -0.9914448613738104 0
    outer loop
      vertex 0 2.7923622497476295 39.25875
      vertex 0.722716531060008 2.6972148133858806 39.52333333333333
      vertex 0 2.7923622497476295 39.57625
    endloop
  endfacet
  facet normal -0.1281699554643405 -0.49587610915335334 -0.8588826153131757
    outer loop
      vertex 0 2.7923622497476295 39.25875
      vertex 0.5423657068342516 2.8924980971252188 39.12
      vertex 0.722716531060008 2.6972148133858806 39.20583333333333
    endloop
  endfacet
  facet normal -0.12816995546434054 -0.49587610915335356 -0.8588826153131756
    outer loop
      vertex 0 2.7923622497476295 40.528749999999995
      vertex 0 3.4797699140015275 40.131874999999994
      vertex 0.722716531060008 2.6972148133858806 40.47583333333333
    endloop
  endfacet
  facet normal -0.014941154018811865 -0.49994418736409096 0.865928733463352
    outer loop
      vertex 0 2.7923622497476295 39.57625
      vertex 0.9006307263183561 3.3611996294777655 39.920208333333335
      vertex 0 3.4797699140015275 39.973124999999996
    endloop
  endfacet
  facet normal -0.1305261922200516 -0.9914448613738104 0
    outer loop
      vertex 0 3.4797699140015275 39.973124999999996
      vertex 0.9006307263183561 3.3611996294777655 40.07895833333333
      vertex 0 3.4797699140015275 40.131874999999994
    endloop
  endfacet
  facet normal -0.13052619222005163 -0.9914448613738104 0
    outer loop
      vertex 0 2.7923622497476295 39.25875
      vertex 0.722716531060008 2.6972148133858806 39.20583333333333
      vertex 0.722716531060008 2.6972148133858806 39.52333333333333
    endloop
  endfacet
  facet normal -0.004539510922898143 -0.5121523659550745 0.8588826153131756
    outer loop
      vertex 0 2.7923622497476295 39.57625
      vertex 0.722716531060008 2.6972148133858806 39.52333333333333
      vertex 0.9006307263183561 3.3611996294777655 39.920208333333335
    endloop
  endfacet
  facet normal -0.11496303063680276 -0.48677605749395886 -0.865928733463349
    outer loop
      vertex 0.722716531060008 2.6972148133858806 39.20583333333333
      vertex 0.5423657068342516 2.8924980971252188 39.12
      vertex 0.7611945617405537 2.840816778860871 39.12
    endloop
  endfacet
  facet normal -0.1149630306367967 -0.4867760574939549 -0.865928733463352
    outer loop
      vertex 0.722716531060008 2.6972148133858806 40.47583333333333
      vertex 0 3.4797699140015275 40.131874999999994
      vertex 0.9006307263183561 3.3611996294777655 40.07895833333333
    endloop
  endfacet
  facet normal -0.1305261922200516 -0.9914448613738104 0
    outer loop
      vertex 0 3.4797699140015275 39.973124999999996
      vertex 0.9006307263183561 3.3611996294777655 39.920208333333335
      vertex 0.9006307263183561 3.3611996294777655 40.07895833333333
    endloop
  endfacet
  facet normal -0.38268343236508995 -0.9238795325112866 0
    outer loop
      vertex 1.3961811248738147 2.418256644850114 39.470416666666665
      vertex 0.722716531060008 2.6972148133858806 39.52333333333333
      vertex 0.722716531060008 2.6972148133858806 39.20583333333333
    endloop
  endfacet
  facet normal -0.25214485119754454 -0.4458067149868313 -0.8588826153131861
    outer loop
      vertex 1.3961811248738147 2.418256644850114 39.15291666666666
      vertex 0.722716531060008 2.6972148133858806 39.20583333333333
      vertex 1.3487571618382224 2.508495888684863 39.12
    endloop
  endfacet
  facet normal -0.3826834323650899 -0.9238795325112866 0
    outer loop
      vertex 1.3961811248738147 2.418256644850114 39.15291666666666
      vertex 1.3961811248738147 2.418256644850114 39.470416666666665
      vertex 0.722716531060008 2.6972148133858806 39.20583333333333
    endloop
  endfacet
  facet normal -0.6087614290087202 -0.7933533402912354 -1.1567379030187146e-15
    outer loop
      vertex 1.3961811248738147 2.418256644850114 39.15291666666666
      vertex 1.7559217188794296 2.142217978398024 39.12
      vertex 1.9744982823258725 1.9744982823258725 39.4175
    endloop
  endfacet
  facet normal -0.35893649201069894 -0.36535632992440503 -0.8588826153131885
    outer loop
      vertex 1.3961811248738147 2.418256644850114 39.15291666666666
      vertex 1.4246877944150527 2.4676316448501145 39.12
      vertex 1.7559217188794296 2.142217978398024 39.12
    endloop
  endfacet
  facet normal -0.2370326747398961 -0.4404349437410602 -0.8659287334633606
    outer loop
      vertex 1.3961811248738147 2.418256644850114 39.15291666666666
      vertex 1.3487571618382224 2.508495888684863 39.12
      vertex 1.4246877944150527 2.4676316448501145 39.12
    endloop
  endfacet
  facet normal -0.6087614290087207 -0.7933533402912352 0
    outer loop
      vertex 1.3961811248738147 2.418256644850114 39.15291666666666
      vertex 1.9744982823258725 1.9744982823258725 39.4175
      vertex 1.3961811248738147 2.418256644850114 39.470416666666665
    endloop
  endfacet
  facet normal -0.35893649201071576 -0.3653563299244192 -0.8588826153131756
    outer loop
      vertex 1.3961811248738147 2.418256644850114 40.422916666666666
      vertex 1.7398849570007637 3.013569144850114 40.026041666666664
      vertex 1.9744982823258725 1.9744982823258725 40.37
    endloop
  endfacet
  facet normal -0.2521448511975481 -0.44580671498684743 -0.8588826153131766
    outer loop
      vertex 0.722716531060008 2.6972148133858806 39.20583333333333
      vertex 0.7611945617405537 2.840816778860871 39.12
      vertex 1.3487571618382224 2.508495888684863 39.12
    endloop
  endfacet
  facet normal -0.25214485119754043 -0.4458067149868445 -0.8588826153131804
    outer loop
      vertex 1.3961811248738147 2.418256644850114 40.422916666666666
      vertex 0.722716531060008 2.6972148133858806 40.47583333333333
      vertex 0.9006307263183561 3.3611996294777655 40.07895833333333
    endloop
  endfacet
  facet normal -0.13693961714263786 -0.4935262853887597 0.8588826153131757
    outer loop
      vertex 1.3961811248738147 2.418256644850114 39.470416666666665
      vertex 1.7398849570007637 3.013569144850114 39.86729166666667
      vertex 0.722716531060008 2.6972148133858806 39.52333333333333
    endloop
  endfacet
  facet normal -0.14382712371945905 -0.4790419470622057 0.8659287334633481
    outer loop
      vertex 0.722716531060008 2.6972148133858806 39.52333333333333
      vertex 1.7398849570007637 3.013569144850114 39.86729166666667
      vertex 0.9006307263183561 3.3611996294777655 39.920208333333335
    endloop
  endfacet
  facet normal -0.3826834323650897 -0.9238795325112866 0
    outer loop
      vertex 0.9006307263183561 3.3611996294777655 39.920208333333335
      vertex 1.7398849570007637 3.013569144850114 40.026041666666664
      vertex 0.9006307263183561 3.3611996294777655 40.07895833333333
    endloop
  endfacet
  facet normal -0.23703267473990686 -0.4404349437410788 -0.8659287334633481
    outer loop
      vertex 1.3961811248738147 2.418256644850114 40.422916666666666
      vertex 0.9006307263183561 3.3611996294777655 40.07895833333333
      vertex 1.7398849570007637 3.013569144850114 40.026041666666664
    endloop
  endfacet
  facet normal -0.3826834323650898 -0.9238795325112866 0
    outer loop
      vertex 0.9006307263183561 3.3611996294777655 39.920208333333335
      vertex 1.7398849570007637 3.013569144850114 39.86729166666667
      vertex 1.7398849570007637 3.013569144850114 40.026041666666664
    endloop
  endfacet
  facet normal 0 0 -1
    outer loop
      vertex 0 0 44.019999999999996
      vertex 0 3.4797699140015275 44.019999999999996
      vertex 0.9006307263183561 3.3611996294777655 44.019999999999996
    endloop
  endfacet
  facet normal 0 0 -1
    outer loop
      vertex 0 0 44.019999999999996
      vertex 0.9006307263183561 3.3611996294777655 44.019999999999996
      vertex 1.7398849570007637 3.013569144850114 44.019999999999996
    endloop
  endfacet
  facet normal -0.13052619222005163 -0.9914448613738104 0
    outer loop
      vertex 0 2.7923622497476295 40.528749999999995
      vertex 0.722716531060008 2.6972148133858806 40.79333333333333
      vertex 0 2.7923622497476295 40.84625
    endloop
  endfacet
  facet normal -0.12816995546434054 -0.49587610915335356 -0.8588826153131756
    outer loop
      vertex 0 2.7923622497476295 41.79875
      vertex 0 3.4797699140015275 41.401875
      vertex 0.722716531060008 2.6972148133858806 41.74583333333333
    endloop
  endfacet
  facet normal -0.13052619222005163 -0.9914448613738105 0
    outer loop
      vertex 0 2.7923622497476295 41.79875
      vertex 0.722716531060008 2.6972148133858806 42.06333333333333
      vertex 0 2.7923622497476295 42.116249999999994
    endloop
  endfacet
  facet normal -0.13052619222005163 -0.9914448613738104 0
    outer loop
      vertex 0 2.7923622497476295 43.068749999999994
      vertex 0.722716531060008 2.6972148133858806 43.33333333333333
      vertex 0 2.7923622497476295 43.38625
    endloop
  endfacet
  facet normal -0.12816995546433166 -0.4958761091533476 -0.8588826153131804
    outer loop
      vertex 0 2.7923622497476295 43.068749999999994
      vertex 0 3.4797699140015275 42.671875
      vertex 0.722716531060008 2.6972148133858806 43.01583333333333
    endloop
  endfacet
  facet normal -0.014941154018806132 -0.49994418736409774 0.8659287334633483
    outer loop
      vertex 0 2.7923622497476295 40.84625
      vertex 0.9006307263183561 3.3611996294777655 41.19020833333333
      vertex 0 3.4797699140015275 41.243125
    endloop
  endfacet
  facet normal -0.1305261922200516 -0.9914448613738104 0
    outer loop
      vertex 0 3.4797699140015275 41.243125
      vertex 0.9006307263183561 3.3611996294777655 41.34895833333333
      vertex 0 3.4797699140015275 41.401875
    endloop
  endfacet
  facet normal -0.014941154018800437 -0.4999441873641044 0.8659287334633443
    outer loop
      vertex 0 2.7923622497476295 42.116249999999994
      vertex 0.9006307263183561 3.3611996294777655 42.46020833333333
      vertex 0 3.4797699140015275 42.513125
    endloop
  endfacet
  facet normal -0.1305261922200516 -0.9914448613738104 0
    outer loop
      vertex 0 3.4797699140015275 42.513125
      vertex 0.9006307263183561 3.3611996294777655 42.61895833333333
      vertex 0 3.4797699140015275 42.671875
    endloop
  endfacet
  facet normal -0.13052619222005163 -0.9914448613738104 0
    outer loop
      vertex 0 2.7923622497476295 40.528749999999995
      vertex 0.722716531060008 2.6972148133858806 40.47583333333333
      vertex 0.722716531060008 2.6972148133858806 40.79333333333333
    endloop
  endfacet
  facet normal -0.13052619222005163 -0.9914448613738104 0
    outer loop
      vertex 0 2.7923622497476295 41.79875
      vertex 0.722716531060008 2.6972148133858806 41.74583333333333
      vertex 0.722716531060008 2.6972148133858806 42.06333333333333
    endloop
  endfacet
  facet normal -0.004539510922898143 -0.5121523659550745 0.8588826153131756
    outer loop
      vertex 0 2.7923622497476295 40.84625
      vertex 0.722716531060008 2.6972148133858806 40.79333333333333
      vertex 0.9006307263183561 3.3611996294777655 41.19020833333333
    endloop
  endfacet
  facet normal -0.13052619222005163 -0.9914448613738105 0
    outer loop
      vertex 0 2.7923622497476295 43.068749999999994
      vertex 0.722716531060008 2.6972148133858806 43.01583333333333
      vertex 0.722716531060008 2.6972148133858806 43.33333333333333
    endloop
  endfacet
  facet normal -0.004539510922905156 -0.5121523659550663 0.8588826153131804
    outer loop
      vertex 0 2.7923622497476295 42.116249999999994
      vertex 0.722716531060008 2.6972148133858806 42.06333333333333
      vertex 0.9006307263183561 3.3611996294777655 42.46020833333333
    endloop
  endfacet
  facet normal -0.11496303063680396 -0.4867760574939599 -0.8659287334633483
    outer loop
      vertex 0.722716531060008 2.6972148133858806 41.74583333333333
      vertex 0 3.4797699140015275 41.401875
      vertex 0.9006307263183561 3.3611996294777655 41.34895833333333
    endloop
  endfacet
  facet normal -0.1305261922200516 -0.9914448613738104 0
    outer loop
      vertex 0.9006307263183561 3.3611996294777655 41.19020833333333
      vertex 0.9006307263183561 3.3611996294777655 41.34895833333333
      vertex 0 3.4797699140015275 41.243125
    endloop
  endfacet
  facet normal -0.11496303063680396 -0.4867760574939599 -0.8659287334633483
    outer loop
      vertex 0.722716531060008 2.6972148133858806 43.01583333333333
      vertex 0 3.4797699140015275 42.671875
      vertex 0.9006307263183561 3.3611996294777655 42.61895833333333
    endloop
  endfacet
  facet normal -0.1305261922200516 -0.9914448613738104 0
    outer loop
      vertex 0 3.4797699140015275 42.513125
      vertex 0.9006307263183561 3.3611996294777655 42.46020833333333
      vertex 0.9006307263183561 3.3611996294777655 42.61895833333333
    endloop
  endfacet
  facet normal -0.014941154018806132 -0.49994418736409774 0.8659287334633483
    outer loop
      vertex 0 2.7923622497476295 43.38625
      vertex 0.9006307263183561 3.3611996294777655 43.73020833333333
      vertex 0 3.4797699140015275 43.783125
    endloop
  endfacet
  facet normal -0.13052619222005157 -0.9914448613738104 0
    outer loop
      vertex 0 3.4797699140015275 43.783125
      vertex 0.9006307263183561 3.3611996294777655 44.019999999999996
      vertex 0 3.4797699140015275 44.019999999999996
    endloop
  endfacet
  facet normal -0.004539510922898143 -0.5121523659550745 0.8588826153131756
    outer loop
      vertex 0 2.7923622497476295 43.38625
      vertex 0.722716531060008 2.6972148133858806 43.33333333333333
      vertex 0.9006307263183561 3.3611996294777655 43.73020833333333
    endloop
  endfacet
  facet normal -0.13052619222005157 -0.9914448613738104 0
    outer loop
      vertex 0 3.4797699140015275 43.783125
      vertex 0.9006307263183561 3.3611996294777655 43.73020833333333
      vertex 0.9006307263183561 3.3611996294777655 44.019999999999996
    endloop
  endfacet
  facet normal -0.38268343236508995 -0.9238795325112866 0
    outer loop
      vertex 1.3961811248738147 2.418256644850114 40.74041666666666
      vertex 0.722716531060008 2.6972148133858806 40.79333333333333
      vertex 0.722716531060008 2.6972148133858806 40.47583333333333
    endloop
  endfacet
  facet normal -0.38268343236508995 -0.9238795325112867 0
    outer loop
      vertex 1.3961811248738147 2.418256644850114 40.422916666666666
      vertex 1.3961811248738147 2.418256644850114 40.74041666666666
      vertex 0.722716531060008 2.6972148133858806 40.47583333333333
    endloop
  endfacet
  facet normal -0.3826834323650899 -0.9238795325112866 0
    outer loop
      vertex 1.3961811248738147 2.418256644850114 41.69291666666666
      vertex 1.3961811248738147 2.418256644850114 42.010416666666664
      vertex 0.722716531060008 2.6972148133858806 41.74583333333333
    endloop
  endfacet
  facet normal -0.38268343236508995 -0.9238795325112866 0
    outer loop
      vertex 1.3961811248738147 2.418256644850114 42.010416666666664
      vertex 0.722716531060008 2.6972148133858806 42.06333333333333
      vertex 0.722716531060008 2.6972148133858806 41.74583333333333
    endloop
  endfacet
  facet normal -0.38268343236508995 -0.9238795325112867 0
    outer loop
      vertex 1.3961811248738147 2.418256644850114 43.28041666666667
      vertex 0.722716531060008 2.6972148133858806 43.33333333333333
      vertex 0.722716531060008 2.6972148133858806 43.01583333333333
    endloop
  endfacet
  facet normal -0.3826834323650899 -0.9238795325112866 0
    outer loop
      vertex 1.3961811248738147 2.418256644850114 42.962916666666665
      vertex 1.3961811248738147 2.418256644850114 43.28041666666667
      vertex 0.722716531060008 2.6972148133858806 43.01583333333333
    endloop
  endfacet
  facet normal -0.6087614290087205 -0.7933533402912352 0
    outer loop
      vertex 1.3961811248738147 2.418256644850114 40.422916666666666
      vertex 1.9744982823258725 1.9744982823258725 40.6875
      vertex 1.3961811248738147 2.418256644850114 40.74041666666666
    endloop
  endfacet
  facet normal -0.6087614290087207 -0.7933533402912352 0
    outer loop
      vertex 1.3961811248738147 2.418256644850114 41.69291666666666
      vertex 1.9744982823258725 1.9744982823258725 41.957499999999996
      vertex 1.3961811248738147 2.418256644850114 42.010416666666664
    endloop
  endfacet
  facet normal -0.358936492010705 -0.3653563299244183 -0.8588826153131804
    outer loop
      vertex 1.3961811248738147 2.418256644850114 41.69291666666666
      vertex 1.7398849570007637 3.013569144850114 41.29604166666667
      vertex 1.9744982823258725 1.9744982823258725 41.64
    endloop
  endfacet
  facet normal -0.6087614290087207 -0.7933533402912352 0
    outer loop
      vertex 1.3961811248738147 2.418256644850114 42.962916666666665
      vertex 1.9744982823258725 1.9744982823258725 43.2275
      vertex 1.3961811248738147 2.418256644850114 43.28041666666667
    endloop
  endfacet
  facet normal -0.35893649201071576 -0.3653563299244192 -0.8588826153131756
    outer loop
      vertex 1.3961811248738147 2.418256644850114 42.962916666666665
      vertex 1.7398849570007637 3.013569144850114 42.56604166666666
      vertex 1.9744982823258725 1.9744982823258725 42.91
    endloop
  endfacet
  facet normal 0 0 -1
    outer loop
      vertex 0 0 44.019999999999996
      vertex 1.7398849570007637 3.013569144850114 44.019999999999996
      vertex 2.4605689031594093 2.4605689031594093 44.019999999999996
    endloop
  endfacet
  facet normal -0.25214485119755065 -0.44580671498684804 -0.8588826153131757
    outer loop
      vertex 1.3961811248738147 2.418256644850114 41.69291666666666
      vertex 0.722716531060008 2.6972148133858806 41.74583333333333
      vertex 0.9006307263183561 3.3611996294777655 41.34895833333333
    endloop
  endfacet
  facet normal -0.13693961714263786 -0.4935262853887597 0.8588826153131757
    outer loop
      vertex 1.3961811248738147 2.418256644850114 40.74041666666666
      vertex 1.7398849570007637 3.013569144850114 41.13729166666666
      vertex 0.722716531060008 2.6972148133858806 40.79333333333333
    endloop
  endfacet
  facet normal -0.14382712371945905 -0.4790419470622057 0.8659287334633481
    outer loop
      vertex 0.722716531060008 2.6972148133858806 40.79333333333333
      vertex 1.7398849570007637 3.013569144850114 41.13729166666666
      vertex 0.9006307263183561 3.3611996294777655 41.19020833333333
    endloop
  endfacet
  facet normal -0.25214485119755065 -0.44580671498684804 -0.8588826153131757
    outer loop
      vertex 1.3961811248738147 2.418256644850114 42.962916666666665
      vertex 0.722716531060008 2.6972148133858806 43.01583333333333
      vertex 0.9006307263183561 3.3611996294777655 42.61895833333333
    endloop
  endfacet
  facet normal -0.13693961714263786 -0.4935262853887597 0.8588826153131757
    outer loop
      vertex 1.3961811248738147 2.418256644850114 42.010416666666664
      vertex 1.7398849570007637 3.013569144850114 42.407291666666666
      vertex 0.722716531060008 2.6972148133858806 42.06333333333333
    endloop
  endfacet
  facet normal -0.14382712371946285 -0.47904194706219777 0.8659287334633521
    outer loop
      vertex 0.722716531060008 2.6972148133858806 42.06333333333333
      vertex 1.7398849570007637 3.013569144850114 42.407291666666666
      vertex 0.9006307263183561 3.3611996294777655 42.46020833333333
    endloop
  endfacet
  facet normal -0.3826834323650897 -0.9238795325112866 0
    outer loop
      vertex 0.9006307263183561 3.3611996294777655 41.19020833333333
      vertex 1.7398849570007637 3.013569144850114 41.29604166666667
      vertex 0.9006307263183561 3.3611996294777655 41.34895833333333
    endloop
  endfacet
  facet normal -0.3826834323650898 -0.9238795325112867 0
    outer loop
      vertex 0.9006307263183561 3.3611996294777655 42.46020833333333
      vertex 1.7398849570007637 3.013569144850114 42.56604166666666
      vertex 0.9006307263183561 3.3611996294777655 42.61895833333333
    endloop
  endfacet
  facet normal -0.2370326747398985 -0.4404349437410758 -0.8659287334633521
    outer loop
      vertex 1.3961811248738147 2.418256644850114 41.69291666666666
      vertex 0.9006307263183561 3.3611996294777655 41.34895833333333
      vertex 1.7398849570007637 3.013569144850114 41.29604166666667
    endloop
  endfacet
  facet normal -0.23703267473990686 -0.4404349437410788 -0.8659287334633481
    outer loop
      vertex 1.3961811248738147 2.418256644850114 42.962916666666665
      vertex 0.9006307263183561 3.3611996294777655 42.61895833333333
      vertex 1.7398849570007637 3.013569144850114 42.56604166666666
    endloop
  endfacet
  facet normal -0.38268343236508984 -0.9238795325112867 0
    outer loop
      vertex 0.9006307263183561 3.3611996294777655 41.19020833333333
      vertex 1.7398849570007637 3.013569144850114 41.13729166666666
      vertex 1.7398849570007637 3.013569144850114 41.29604166666667
    endloop
  endfacet
  facet normal -0.3826834323650898 -0.9238795325112866 0
    outer loop
      vertex 0.9006307263183561 3.3611996294777655 42.46020833333333
      vertex 1.7398849570007637 3.013569144850114 42.407291666666666
      vertex 1.7398849570007637 3.013569144850114 42.56604166666666
    endloop
  endfacet
  facet normal -0.1369396171426425 -0.49352628538875 0.8588826153131804
    outer loop
      vertex 1.3961811248738147 2.418256644850114 43.28041666666667
      vertex 1.7398849570007637 3.013569144850114 43.67729166666666
      vertex 0.722716531060008 2.6972148133858806 43.33333333333333
    endloop
  endfacet
  facet normal -0.14382712371945905 -0.4790419470622057 0.8659287334633481
    outer loop
      vertex 0.722716531060008 2.6972148133858806 43.33333333333333
      vertex 1.7398849570007637 3.013569144850114 43.67729166666666
      vertex 0.9006307263183561 3.3611996294777655 43.73020833333333
    endloop
  endfacet
  facet normal -0.38268343236508984 -0.9238795325112866 0
    outer loop
      vertex 0.9006307263183561 3.3611996294777655 43.73020833333333
      vertex 1.7398849570007637 3.013569144850114 44.019999999999996
      vertex 0.9006307263183561 3.3611996294777655 44.019999999999996
    endloop
  endfacet
  facet normal -0.38268343236508984 -0.9238795325112866 0
    outer loop
      vertex 0.9006307263183561 3.3611996294777655 43.73020833333333
      vertex 1.7398849570007637 3.013569144850114 43.67729166666666
      vertex 1.7398849570007637 3.013569144850114 44.019999999999996
    endloop
  endfacet
  facet normal -0.9238795325112866 -0.38268343236508995 0
    outer loop
      vertex 2.6972148133858806 0.722716531060008 39.31166666666667
      vertex 2.418256644850114 1.3961811248738147 39.12
      vertex 2.6972148133858806 0.722716531060008 39.12
    endloop
  endfacet
  facet normal -0.9238795325112867 -0.38268343236508995 0
    outer loop
      vertex 2.6972148133858806 0.722716531060008 40.26416666666667
      vertex 2.6972148133858806 0.722716531060008 40.58166666666666
      vertex 2.418256644850114 1.3961811248738147 40.31708333333333
    endloop
  endfacet
  facet normal -0.9238795325112866 -0.3826834323650899 0
    outer loop
      vertex 2.6972148133858806 0.722716531060008 39.31166666666667
      vertex 2.418256644850114 1.3961811248738147 39.36458333333333
      vertex 2.418256644850114 1.3961811248738147 39.12
    endloop
  endfacet
  facet normal -0.7933533402912352 -0.6087614290087205 0
    outer loop
      vertex 2.418256644850114 1.3961811248738147 39.36458333333333
      vertex 1.9744982823258725 1.9744982823258725 39.12
      vertex 2.418256644850114 1.3961811248738147 39.12
    endloop
  endfacet
  facet normal -0.7933533402912352 -0.6087614290087207 0
    outer loop
      vertex 2.418256644850114 1.3961811248738147 40.31708333333333
      vertex 2.418256644850114 1.3961811248738147 40.63458333333333
      vertex 1.9744982823258725 1.9744982823258725 40.37
    endloop
  endfacet
  facet normal -0.3653563299244192 -0.35893649201071576 0.8588826153131756
    outer loop
      vertex 2.418256644850114 1.3961811248738147 39.36458333333333
      vertex 3.013569144850114 1.7398849570007637 39.76145833333333
      vertex 1.9744982823258725 1.9744982823258725 39.4175
    endloop
  endfacet
  facet normal -0.9914448613738104 -0.13052619222005163 0
    outer loop
      vertex 2.7923622497476295 0 39.25875
      vertex 2.6972148133858806 0.722716531060008 39.12
      vertex 2.7923622497476295 0 39.12
    endloop
  endfacet
  facet normal -0.9914448613738105 -0.13052619222005163 0
    outer loop
      vertex 2.7923622497476295 0 40.21125
      vertex 2.7923622497476295 0 40.528749999999995
      vertex 2.6972148133858806 0.722716531060008 40.26416666666667
    endloop
  endfacet
  facet normal -0.49587610915335356 -0.12816995546434054 0.8588826153131756
    outer loop
      vertex 2.7923622497476295 0 39.25875
      vertex 3.4797699140015275 0 39.655625
      vertex 2.6972148133858806 0.722716531060008 39.31166666666667
    endloop
  endfacet
  facet normal -0.9914448613738104 -0.13052619222005163 0
    outer loop
      vertex 2.7923622497476295 0 39.25875
      vertex 2.6972148133858806 0.722716531060008 39.31166666666667
      vertex 2.6972148133858806 0.722716531060008 39.12
    endloop
  endfacet
  facet normal -0.9914448613738105 -0.13052619222005163 0
    outer loop
      vertex 2.7923622497476295 0 40.528749999999995
      vertex 2.6972148133858806 0.722716531060008 40.58166666666666
      vertex 2.6972148133858806 0.722716531060008 40.26416666666667
    endloop
  endfacet
  facet normal -0.5121523659550745 -0.004539510922898143 -0.8588826153131756
    outer loop
      vertex 2.7923622497476295 0 40.21125
      vertex 2.6972148133858806 0.722716531060008 40.26416666666667
      vertex 3.3611996294777655 0.9006307263183561 39.86729166666667
    endloop
  endfacet
  facet normal -0.49994418736409774 -0.014941154018806132 -0.8659287334633483
    outer loop
      vertex 2.7923622497476295 0 40.21125
      vertex 3.3611996294777655 0.9006307263183561 39.86729166666667
      vertex 3.4797699140015275 0 39.814375
    endloop
  endfacet
  facet normal -0.9914448613738104 -0.1305261922200516 0
    outer loop
      vertex 3.4797699140015275 0 39.655625
      vertex 3.4797699140015275 0 39.814375
      vertex 3.3611996294777655 0.9006307263183561 39.70854166666666
    endloop
  endfacet
  facet normal -0.4867760574939549 -0.1149630306367967 0.865928733463352
    outer loop
      vertex 2.6972148133858806 0.722716531060008 39.31166666666667
      vertex 3.4797699140015275 0 39.655625
      vertex 3.3611996294777655 0.9006307263183561 39.70854166666666
    endloop
  endfacet
  facet normal -0.9914448613738104 -0.13052619222005163 0
    outer loop
      vertex 3.4797699140015275 0 39.814375
      vertex 3.3611996294777655 0.9006307263183561 39.86729166666667
      vertex 3.3611996294777655 0.9006307263183561 39.70854166666666
    endloop
  endfacet
  facet normal -0.4458067149868445 -0.25214485119754043 0.8588826153131803
    outer loop
      vertex 2.6972148133858806 0.722716531060008 39.31166666666667
      vertex 3.3611996294777655 0.9006307263183561 39.70854166666666
      vertex 2.418256644850114 1.3961811248738147 39.36458333333333
    endloop
  endfacet
  facet normal -0.4935262853887499 -0.1369396171426425 -0.8588826153131803
    outer loop
      vertex 2.6972148133858806 0.722716531060008 40.26416666666667
      vertex 2.418256644850114 1.3961811248738147 40.31708333333333
      vertex 3.013569144850114 1.7398849570007637 39.920208333333335
    endloop
  endfacet
  facet normal -0.4790419470622057 -0.14382712371945905 -0.8659287334633481
    outer loop
      vertex 2.6972148133858806 0.722716531060008 40.26416666666667
      vertex 3.013569144850114 1.7398849570007637 39.920208333333335
      vertex 3.3611996294777655 0.9006307263183561 39.86729166666667
    endloop
  endfacet
  facet normal -0.4404349437410788 -0.23703267473990686 0.8659287334633481
    outer loop
      vertex 2.418256644850114 1.3961811248738147 39.36458333333333
      vertex 3.3611996294777655 0.9006307263183561 39.70854166666666
      vertex 3.013569144850114 1.7398849570007637 39.76145833333333
    endloop
  endfacet
  facet normal -0.9238795325112867 -0.3826834323650898 0
    outer loop
      vertex 3.3611996294777655 0.9006307263183561 39.70854166666666
      vertex 3.3611996294777655 0.9006307263183561 39.86729166666667
      vertex 3.013569144850114 1.7398849570007637 39.76145833333333
    endloop
  endfacet
  facet normal -0.9238795325112867 -0.38268343236508984 0
    outer loop
      vertex 3.3611996294777655 0.9006307263183561 39.86729166666667
      vertex 3.013569144850114 1.7398849570007637 39.920208333333335
      vertex 3.013569144850114 1.7398849570007637 39.76145833333333
    endloop
  endfacet
  facet normal 0 0 -1
    outer loop
      vertex 0 0 44.019999999999996
      vertex 3.013569144850114 1.7398849570007637 44.019999999999996
      vertex 3.3611996294777655 0.9006307263183561 44.019999999999996
    endloop
  endfacet
  facet normal 0 0 -1
    outer loop
      vertex 0 0 44.019999999999996
      vertex 3.3611996294777655 0.9006307263183561 44.019999999999996
      vertex 3.4797699140015275 0 44.019999999999996
    endloop
  endfacet
  facet normal -0.9238795325112866 -0.3826834323650899 0
    outer loop
      vertex 2.6972148133858806 0.722716531060008 41.534166666666664
      vertex 2.6972148133858806 0.722716531060008 41.85166666666667
      vertex 2.418256644850114 1.3961811248738147 41.58708333333333
    endloop
  endfacet
  facet normal -0.9238795325112866 -0.38268343236508995 0
    outer loop
      vertex 2.6972148133858806 0.722716531060008 40.58166666666666
      vertex 2.418256644850114 1.3961811248738147 40.63458333333333
      vertex 2.418256644850114 1.3961811248738147 40.31708333333333
    endloop
  endfacet
  facet normal -0.9238795325112866 -0.38268343236508995 0
    outer loop
      vertex 2.6972148133858806 0.722716531060008 41.85166666666667
      vertex 2.418256644850114 1.3961811248738147 41.904583333333335
      vertex 2.418256644850114 1.3961811248738147 41.58708333333333
    endloop
  endfacet
  facet normal -0.9238795325112866 -0.3826834323650899 0
    outer loop
      vertex 2.6972148133858806 0.722716531060008 42.80416666666666
      vertex 2.6972148133858806 0.722716531060008 43.12166666666666
      vertex 2.418256644850114 1.3961811248738147 42.857083333333335
    endloop
  endfacet
  facet normal -0.9238795325112867 -0.38268343236508995 0
    outer loop
      vertex 2.6972148133858806 0.722716531060008 43.12166666666666
      vertex 2.418256644850114 1.3961811248738147 43.17458333333333
      vertex 2.418256644850114 1.3961811248738147 42.857083333333335
    endloop
  endfacet
  facet normal -0.7933533402912352 -0.6087614290087207 0
    outer loop
      vertex 2.418256644850114 1.3961811248738147 41.58708333333333
      vertex 2.418256644850114 1.3961811248738147 41.904583333333335
      vertex 1.9744982823258725 1.9744982823258725 41.64
    endloop
  endfacet
  facet normal -0.3653563299244192 -0.35893649201071576 0.8588826153131756
    outer loop
      vertex 2.418256644850114 1.3961811248738147 40.63458333333333
      vertex 3.013569144850114 1.7398849570007637 41.03145833333333
      vertex 1.9744982823258725 1.9744982823258725 40.6875
    endloop
  endfacet
  facet normal -0.7933533402912352 -0.6087614290087205 0
    outer loop
      vertex 2.418256644850114 1.3961811248738147 42.857083333333335
      vertex 2.418256644850114 1.3961811248738147 43.17458333333333
      vertex 1.9744982823258725 1.9744982823258725 42.91
    endloop
  endfacet
  facet normal -0.3653563299244183 -0.358936492010705 0.8588826153131804
    outer loop
      vertex 2.418256644850114 1.3961811248738147 41.904583333333335
      vertex 3.013569144850114 1.7398849570007637 42.30145833333333
      vertex 1.9744982823258725 1.9744982823258725 41.957499999999996
    endloop
  endfacet
  facet normal -0.3653563299244192 -0.35893649201071576 0.8588826153131756
    outer loop
      vertex 2.418256644850114 1.3961811248738147 43.17458333333333
      vertex 3.013569144850114 1.7398849570007637 43.57145833333333
      vertex 1.9744982823258725 1.9744982823258725 43.2275
    endloop
  endfacet
  facet normal 0 0 -1
    outer loop
      vertex 0 0 44.019999999999996
      vertex 2.4605689031594093 2.4605689031594093 44.019999999999996
      vertex 3.013569144850114 1.7398849570007637 44.019999999999996
    endloop
  endfacet
  facet normal -0.9914448613738104 -0.13052619222005163 0
    outer loop
      vertex 2.7923622497476295 0 41.481249999999996
      vertex 2.7923622497476295 0 41.79875
      vertex 2.6972148133858806 0.722716531060008 41.534166666666664
    endloop
  endfacet
  facet normal -0.49587610915335356 -0.12816995546434054 0.8588826153131756
    outer loop
      vertex 2.7923622497476295 0 40.528749999999995
      vertex 3.4797699140015275 0 40.925625
      vertex 2.6972148133858806 0.722716531060008 40.58166666666666
    endloop
  endfacet
  facet normal -0.9914448613738105 -0.13052619222005163 0
    outer loop
      vertex 2.7923622497476295 0 42.75125
      vertex 2.7923622497476295 0 43.068749999999994
      vertex 2.6972148133858806 0.722716531060008 42.80416666666666
    endloop
  endfacet
  facet normal -0.49587610915335356 -0.12816995546434054 0.8588826153131756
    outer loop
      vertex 2.7923622497476295 0 41.79875
      vertex 3.4797699140015275 0 42.195625
      vertex 2.6972148133858806 0.722716531060008 41.85166666666667
    endloop
  endfacet
  facet normal -0.49587610915335356 -0.12816995546434054 0.8588826153131756
    outer loop
      vertex 2.7923622497476295 0 43.068749999999994
      vertex 3.4797699140015275 0 43.465624999999996
      vertex 2.6972148133858806 0.722716531060008 43.12166666666666
    endloop
  endfacet
  facet normal -0.9914448613738104 -0.13052619222005163 0
    outer loop
      vertex 2.7923622497476295 0 41.79875
      vertex 2.6972148133858806 0.722716531060008 41.85166666666667
      vertex 2.6972148133858806 0.722716531060008 41.534166666666664
    endloop
  endfacet
  facet normal -0.5121523659550745 -0.004539510922898143 -0.8588826153131756
    outer loop
      vertex 2.7923622497476295 0 41.481249999999996
      vertex 2.6972148133858806 0.722716531060008 41.534166666666664
      vertex 3.3611996294777655 0.9006307263183561 41.13729166666666
    endloop
  endfacet
  facet normal -0.9914448613738104 -0.13052619222005163 0
    outer loop
      vertex 2.7923622497476295 0 43.068749999999994
      vertex 2.6972148133858806 0.722716531060008 43.12166666666666
      vertex 2.6972148133858806 0.722716531060008 42.80416666666666
    endloop
  endfacet
  facet normal -0.5121523659550663 -0.004539510922905156 -0.8588826153131804
    outer loop
      vertex 2.7923622497476295 0 42.75125
      vertex 2.6972148133858806 0.722716531060008 42.80416666666666
      vertex 3.3611996294777655 0.9006307263183561 42.407291666666666
    endloop
  endfacet
  facet normal -0.49994418736409774 -0.014941154018806132 -0.8659287334633483
    outer loop
      vertex 2.7923622497476295 0 41.481249999999996
      vertex 3.3611996294777655 0.9006307263183561 41.13729166666666
      vertex 3.4797699140015275 0 41.084374999999994
    endloop
  endfacet
  facet normal -0.9914448613738104 -0.1305261922200516 0
    outer loop
      vertex 3.4797699140015275 0 40.925625
      vertex 3.4797699140015275 0 41.084374999999994
      vertex 3.3611996294777655 0.9006307263183561 40.978541666666665
    endloop
  endfacet
  facet normal -0.49994418736409774 -0.014941154018806132 -0.8659287334633483
    outer loop
      vertex 2.7923622497476295 0 42.75125
      vertex 3.3611996294777655 0.9006307263183561 42.407291666666666
      vertex 3.4797699140015275 0 42.354375
    endloop
  endfacet
  facet normal -0.9914448613738104 -0.1305261922200516 0
    outer loop
      vertex 3.4797699140015275 0 42.195625
      vertex 3.4797699140015275 0 42.354375
      vertex 3.3611996294777655 0.9006307263183561 42.24854166666667
    endloop
  endfacet
  facet normal -0.4867760574939599 -0.11496303063680396 0.8659287334633483
    outer loop
      vertex 2.6972148133858806 0.722716531060008 40.58166666666666
      vertex 3.4797699140015275 0 40.925625
      vertex 3.3611996294777655 0.9006307263183561 40.978541666666665
    endloop
  endfacet
  facet normal -0.9914448613738104 -0.1305261922200516 0
    outer loop
      vertex 3.4797699140015275 0 41.084374999999994
      vertex 3.3611996294777655 0.9006307263183561 41.13729166666666
      vertex 3.3611996294777655 0.9006307263183561 40.978541666666665
    endloop
  endfacet
  facet normal -0.4867760574939599 -0.11496303063680396 0.8659287334633483
    outer loop
      vertex 2.6972148133858806 0.722716531060008 41.85166666666667
      vertex 3.4797699140015275 0 42.195625
      vertex 3.3611996294777655 0.9006307263183561 42.24854166666667
    endloop
  endfacet
  facet normal -0.9914448613738104 -0.1305261922200516 0
    outer loop
      vertex 3.4797699140015275 0 42.354375
      vertex 3.3611996294777655 0.9006307263183561 42.407291666666666
      vertex 3.3611996294777655 0.9006307263183561 42.24854166666667
    endloop
  endfacet
  facet normal -0.9914448613738105 -0.1305261922200516 0
    outer loop
      vertex 3.4797699140015275 0 43.465624999999996
      vertex 3.4797699140015275 0 44.019999999999996
      vertex 3.3611996294777655 0.9006307263183561 43.518541666666664
    endloop
  endfacet
  facet normal -0.4867760574939599 -0.11496303063680396 0.8659287334633483
    outer loop
      vertex 2.6972148133858806 0.722716531060008 43.12166666666666
      vertex 3.4797699140015275 0 43.465624999999996
      vertex 3.3611996294777655 0.9006307263183561 43.518541666666664
    endloop
  endfacet
  facet normal -0.9914448613738104 -0.1305261922200516 0
    outer loop
      vertex 3.4797699140015275 0 44.019999999999996
      vertex 3.3611996294777655 0.9006307263183561 44.019999999999996
      vertex 3.3611996294777655 0.9006307263183561 43.518541666666664
    endloop
  endfacet
  facet normal -0.44580671498684804 -0.2521448511975506 0.8588826153131756
    outer loop
      vertex 2.6972148133858806 0.722716531060008 40.58166666666666
      vertex 3.3611996294777655 0.9006307263183561 40.978541666666665
      vertex 2.418256644850114 1.3961811248738147 40.63458333333333
    endloop
  endfacet
  facet normal -0.4935262853887596 -0.13693961714263786 -0.8588826153131756
    outer loop
      vertex 2.6972148133858806 0.722716531060008 41.534166666666664
      vertex 2.418256644850114 1.3961811248738147 41.58708333333333
      vertex 3.013569144850114 1.7398849570007637 41.19020833333333
    endloop
  endfacet
  facet normal -0.4790419470622057 -0.14382712371945905 -0.8659287334633481
    outer loop
      vertex 2.6972148133858806 0.722716531060008 41.534166666666664
      vertex 3.013569144850114 1.7398849570007637 41.19020833333333
      vertex 3.3611996294777655 0.9006307263183561 41.13729166666666
    endloop
  endfacet
  facet normal -0.44580671498684804 -0.2521448511975506 0.8588826153131756
    outer loop
      vertex 2.6972148133858806 0.722716531060008 41.85166666666667
      vertex 3.3611996294777655 0.9006307263183561 42.24854166666667
      vertex 2.418256644850114 1.3961811248738147 41.904583333333335
    endloop
  endfacet
  facet normal -0.44580671498684804 -0.2521448511975506 0.8588826153131756
    outer loop
      vertex 2.6972148133858806 0.722716531060008 43.12166666666666
      vertex 3.3611996294777655 0.9006307263183561 43.518541666666664
      vertex 2.418256644850114 1.3961811248738147 43.17458333333333
    endloop
  endfacet
  facet normal -0.49352628538876936 -0.1369396171426332 -0.8588826153131708
    outer loop
      vertex 2.6972148133858806 0.722716531060008 42.80416666666666
      vertex 2.418256644850114 1.3961811248738147 42.857083333333335
      vertex 3.013569144850114 1.7398849570007637 42.46020833333333
    endloop
  endfacet
  facet normal -0.47904194706219777 -0.14382712371946285 -0.8659287334633521
    outer loop
      vertex 2.6972148133858806 0.722716531060008 42.80416666666666
      vertex 3.013569144850114 1.7398849570007637 42.46020833333333
      vertex 3.3611996294777655 0.9006307263183561 42.407291666666666
    endloop
  endfacet
  facet normal -0.4404349437410788 -0.23703267473990686 0.8659287334633481
    outer loop
      vertex 2.418256644850114 1.3961811248738147 40.63458333333333
      vertex 3.3611996294777655 0.9006307263183561 40.978541666666665
      vertex 3.013569144850114 1.7398849570007637 41.03145833333333
    endloop
  endfacet
  facet normal -0.4404349437410758 -0.2370326747398985 0.8659287334633521
    outer loop
      vertex 2.418256644850114 1.3961811248738147 41.904583333333335
      vertex 3.3611996294777655 0.9006307263183561 42.24854166666667
      vertex 3.013569144850114 1.7398849570007637 42.30145833333333
    endloop
  endfacet
  facet normal -0.9238795325112866 -0.3826834323650897 0
    outer loop
      vertex 3.3611996294777655 0.9006307263183561 40.978541666666665
      vertex 3.3611996294777655 0.9006307263183561 41.13729166666666
      vertex 3.013569144850114 1.7398849570007637 41.03145833333333
    endloop
  endfacet
  facet normal -0.9238795325112866 -0.3826834323650897 0
    outer loop
      vertex 3.3611996294777655 0.9006307263183561 42.24854166666667
      vertex 3.3611996294777655 0.9006307263183561 42.407291666666666
      vertex 3.013569144850114 1.7398849570007637 42.30145833333333
    endloop
  endfacet
  facet normal -0.9238795325112866 -0.3826834323650898 0
    outer loop
      vertex 3.3611996294777655 0.9006307263183561 41.13729166666666
      vertex 3.013569144850114 1.7398849570007637 41.19020833333333
      vertex 3.013569144850114 1.7398849570007637 41.03145833333333
    endloop
  endfacet
  facet normal -0.9238795325112866 -0.3826834323650898 0
    outer loop
      vertex 3.3611996294777655 0.9006307263183561 42.407291666666666
      vertex 3.013569144850114 1.7398849570007637 42.46020833333333
      vertex 3.013569144850114 1.7398849570007637 42.30145833333333
    endloop
  endfacet
  facet normal -0.4404349437410788 -0.23703267473990686 0.8659287334633481
    outer loop
      vertex 2.418256644850114 1.3961811248738147 43.17458333333333
      vertex 3.3611996294777655 0.9006307263183561 43.518541666666664
      vertex 3.013569144850114 1.7398849570007637 43.57145833333333
    endloop
  endfacet
  facet normal -0.9238795325112868 -0.3826834323650899 0
    outer loop
      vertex 3.3611996294777655 0.9006307263183561 43.518541666666664
      vertex 3.3611996294777655 0.9006307263183561 44.019999999999996
      vertex 3.013569144850114 1.7398849570007637 43.57145833333333
    endloop
  endfacet
  facet normal -0.9238795325112868 -0.38268343236508984 0
    outer loop
      vertex 3.3611996294777655 0.9006307263183561 44.019999999999996
      vertex 3.013569144850114 1.7398849570007637 44.019999999999996
      vertex 3.013569144850114 1.7398849570007637 43.57145833333333
    endloop
  endfacet
  facet normal -0.6087614290087212 -0.7933533402912347 0
    outer loop
      vertex 1.9744982823258725 1.9744982823258725 39.4175
      vertex 1.7559217188794296 2.142217978398024 39.12
      vertex 1.9744982823258725 1.9744982823258725 39.12
    endloop
  endfacet
  facet normal -0.7933533402912353 -0.6087614290087207 0
    outer loop
      vertex 2.418256644850114 1.3961811248738147 39.36458333333333
      vertex 1.9744982823258725 1.9744982823258725 39.4175
      vertex 1.9744982823258725 1.9744982823258725 39.12
    endloop
  endfacet
  facet normal -0.2600075147575239 -0.44126720406395 0.8588826153131756
    outer loop
      vertex 1.3961811248738147 2.418256644850114 39.470416666666665
      vertex 1.9744982823258725 1.9744982823258725 39.4175
      vertex 2.4605689031594093 2.4605689031594093 39.814375
    endloop
  endfacet
  facet normal -0.2629115126241908 -0.4254937897222727 0.8659287334633481
    outer loop
      vertex 1.3961811248738147 2.418256644850114 39.470416666666665
      vertex 2.4605689031594093 2.4605689031594093 39.814375
      vertex 1.7398849570007637 3.013569144850114 39.86729166666667
    endloop
  endfacet
  facet normal -0.34294893377450086 -0.3640789164254018 -0.8659287334633481
    outer loop
      vertex 1.9744982823258725 1.9744982823258725 40.37
      vertex 1.7398849570007637 3.013569144850114 40.026041666666664
      vertex 2.4605689031594093 2.4605689031594093 39.973124999999996
    endloop
  endfacet
  facet normal -0.6087614290087205 -0.7933533402912352 0
    outer loop
      vertex 2.4605689031594093 2.4605689031594093 39.814375
      vertex 2.4605689031594093 2.4605689031594093 39.973124999999996
      vertex 1.7398849570007637 3.013569144850114 39.86729166666667
    endloop
  endfacet
  facet normal -0.44126720406395 -0.2600075147575239 -0.8588826153131756
    outer loop
      vertex 2.418256644850114 1.3961811248738147 40.31708333333333
      vertex 1.9744982823258725 1.9744982823258725 40.37
      vertex 2.4605689031594093 2.4605689031594093 39.973124999999996
    endloop
  endfacet
  facet normal -0.425493789722264 -0.26291151262419243 -0.865928733463352
    outer loop
      vertex 2.418256644850114 1.3961811248738147 40.31708333333333
      vertex 2.4605689031594093 2.4605689031594093 39.973124999999996
      vertex 3.013569144850114 1.7398849570007637 39.920208333333335
    endloop
  endfacet
  facet normal -0.3640789164254018 -0.34294893377450086 0.8659287334633481
    outer loop
      vertex 1.9744982823258725 1.9744982823258725 39.4175
      vertex 3.013569144850114 1.7398849570007637 39.76145833333333
      vertex 2.4605689031594093 2.4605689031594093 39.814375
    endloop
  endfacet
  facet normal -0.7933533402912352 -0.6087614290087205 0
    outer loop
      vertex 2.4605689031594093 2.4605689031594093 39.814375
      vertex 3.013569144850114 1.7398849570007637 39.920208333333335
      vertex 2.4605689031594093 2.4605689031594093 39.973124999999996
    endloop
  endfacet
  facet normal -0.6087614290087207 -0.7933533402912352 0
    outer loop
      vertex 2.4605689031594093 2.4605689031594093 39.973124999999996
      vertex 1.7398849570007637 3.013569144850114 40.026041666666664
      vertex 1.7398849570007637 3.013569144850114 39.86729166666667
    endloop
  endfacet
  facet normal -0.793353340291235 -0.6087614290087205 0
    outer loop
      vertex 2.4605689031594093 2.4605689031594093 39.814375
      vertex 3.013569144850114 1.7398849570007637 39.76145833333333
      vertex 3.013569144850114 1.7398849570007637 39.920208333333335
    endloop
  endfacet
  facet normal -0.6087614290087205 -0.7933533402912352 0
    outer loop
      vertex 1.3961811248738147 2.418256644850114 40.422916666666666
      vertex 1.9744982823258725 1.9744982823258725 40.37
      vertex 1.9744982823258725 1.9744982823258725 40.6875
    endloop
  endfacet
  facet normal -0.6087614290087205 -0.7933533402912352 0
    outer loop
      vertex 1.3961811248738147 2.418256644850114 41.69291666666666
      vertex 1.9744982823258725 1.9744982823258725 41.64
      vertex 1.9744982823258725 1.9744982823258725 41.957499999999996
    endloop
  endfacet
  facet normal -0.7933533402912352 -0.6087614290087205 0
    outer loop
      vertex 2.418256644850114 1.3961811248738147 40.63458333333333
      vertex 1.9744982823258725 1.9744982823258725 40.6875
      vertex 1.9744982823258725 1.9744982823258725 40.37
    endloop
  endfacet
  facet normal -0.7933533402912352 -0.6087614290087205 0
    outer loop
      vertex 2.418256644850114 1.3961811248738147 41.904583333333335
      vertex 1.9744982823258725 1.9744982823258725 41.957499999999996
      vertex 1.9744982823258725 1.9744982823258725 41.64
    endloop
  endfacet
  facet normal -0.6087614290087205 -0.7933533402912352 0
    outer loop
      vertex 1.3961811248738147 2.418256644850114 42.962916666666665
      vertex 1.9744982823258725 1.9744982823258725 42.91
      vertex 1.9744982823258725 1.9744982823258725 43.2275
    endloop
  endfacet
  facet normal -0.7933533402912352 -0.6087614290087205 0
    outer loop
      vertex 2.418256644850114 1.3961811248738147 43.17458333333333
      vertex 1.9744982823258725 1.9744982823258725 43.2275
      vertex 1.9744982823258725 1.9744982823258725 42.91
    endloop
  endfacet
  facet normal -0.2600075147575259 -0.44126720406393943 0.8588826153131804
    outer loop
      vertex 1.3961811248738147 2.418256644850114 40.74041666666666
      vertex 1.9744982823258725 1.9744982823258725 40.6875
      vertex 2.4605689031594093 2.4605689031594093 41.084374999999994
    endloop
  endfacet
  facet normal -0.2629115126241908 -0.4254937897222727 0.8659287334633481
    outer loop
      vertex 1.3961811248738147 2.418256644850114 40.74041666666666
      vertex 2.4605689031594093 2.4605689031594093 41.084374999999994
      vertex 1.7398849570007637 3.013569144850114 41.13729166666666
    endloop
  endfacet
  facet normal -0.6087614290087205 -0.793353340291235 0
    outer loop
      vertex 2.4605689031594093 2.4605689031594093 41.084374999999994
      vertex 2.4605689031594093 2.4605689031594093 41.243125
      vertex 1.7398849570007637 3.013569144850114 41.13729166666666
    endloop
  endfacet
  facet normal -0.34294893377450086 -0.3640789164254018 -0.8659287334633481
    outer loop
      vertex 1.9744982823258725 1.9744982823258725 41.64
      vertex 1.7398849570007637 3.013569144850114 41.29604166666667
      vertex 2.4605689031594093 2.4605689031594093 41.243125
    endloop
  endfacet
  facet normal -0.2600075147575239 -0.44126720406395 0.8588826153131756
    outer loop
      vertex 1.3961811248738147 2.418256644850114 42.010416666666664
      vertex 1.9744982823258725 1.9744982823258725 41.957499999999996
      vertex 2.4605689031594093 2.4605689031594093 42.354375
    endloop
  endfacet
  facet normal -0.2629115126241908 -0.4254937897222727 0.8659287334633481
    outer loop
      vertex 1.3961811248738147 2.418256644850114 42.010416666666664
      vertex 2.4605689031594093 2.4605689031594093 42.354375
      vertex 1.7398849570007637 3.013569144850114 42.407291666666666
    endloop
  endfacet
  facet normal -0.6087614290087205 -0.793353340291235 0
    outer loop
      vertex 2.4605689031594093 2.4605689031594093 42.354375
      vertex 2.4605689031594093 2.4605689031594093 42.513125
      vertex 1.7398849570007637 3.013569144850114 42.407291666666666
    endloop
  endfacet
  facet normal -0.3429489337744921 -0.3640789164254011 -0.865928733463352
    outer loop
      vertex 1.9744982823258725 1.9744982823258725 42.91
      vertex 1.7398849570007637 3.013569144850114 42.56604166666666
      vertex 2.4605689031594093 2.4605689031594093 42.513125
    endloop
  endfacet
  facet normal -0.44126720406395 -0.2600075147575239 -0.8588826153131756
    outer loop
      vertex 2.418256644850114 1.3961811248738147 41.58708333333333
      vertex 1.9744982823258725 1.9744982823258725 41.64
      vertex 2.4605689031594093 2.4605689031594093 41.243125
    endloop
  endfacet
  facet normal -0.4254937897222727 -0.2629115126241908 -0.8659287334633481
    outer loop
      vertex 2.418256644850114 1.3961811248738147 41.58708333333333
      vertex 2.4605689031594093 2.4605689031594093 41.243125
      vertex 3.013569144850114 1.7398849570007637 41.19020833333333
    endloop
  endfacet
  facet normal -0.3640789164254011 -0.3429489337744921 0.865928733463352
    outer loop
      vertex 1.9744982823258725 1.9744982823258725 40.6875
      vertex 3.013569144850114 1.7398849570007637 41.03145833333333
      vertex 2.4605689031594093 2.4605689031594093 41.084374999999994
    endloop
  endfacet
  facet normal -0.44126720406393943 -0.2600075147575259 -0.8588826153131804
    outer loop
      vertex 2.418256644850114 1.3961811248738147 42.857083333333335
      vertex 1.9744982823258725 1.9744982823258725 42.91
      vertex 2.4605689031594093 2.4605689031594093 42.513125
    endloop
  endfacet
  facet normal -0.4254937897222814 -0.2629115126241893 -0.8659287334633443
    outer loop
      vertex 2.418256644850114 1.3961811248738147 42.857083333333335
      vertex 2.4605689031594093 2.4605689031594093 42.513125
      vertex 3.013569144850114 1.7398849570007637 42.46020833333333
    endloop
  endfacet
  facet normal -0.3640789164254018 -0.34294893377450086 0.8659287334633481
    outer loop
      vertex 1.9744982823258725 1.9744982823258725 41.957499999999996
      vertex 3.013569144850114 1.7398849570007637 42.30145833333333
      vertex 2.4605689031594093 2.4605689031594093 42.354375
    endloop
  endfacet
  facet normal -0.793353340291235 -0.6087614290087205 0
    outer loop
      vertex 2.4605689031594093 2.4605689031594093 41.084374999999994
      vertex 3.013569144850114 1.7398849570007637 41.19020833333333
      vertex 2.4605689031594093 2.4605689031594093 41.243125
    endloop
  endfacet
  facet normal -0.793353340291235 -0.6087614290087205 0
    outer loop
      vertex 2.4605689031594093 2.4605689031594093 42.354375
      vertex 3.013569144850114 1.7398849570007637 42.46020833333333
      vertex 2.4605689031594093 2.4605689031594093 42.513125
    endloop
  endfacet
  facet normal -0.2600075147575239 -0.44126720406395 0.8588826153131756
    outer loop
      vertex 1.3961811248738147 2.418256644850114 43.28041666666667
      vertex 1.9744982823258725 1.9744982823258725 43.2275
      vertex 2.4605689031594093 2.4605689031594093 43.624375
    endloop
  endfacet
  facet normal -0.26291151262419243 -0.425493789722264 0.865928733463352
    outer loop
      vertex 1.3961811248738147 2.418256644850114 43.28041666666667
      vertex 2.4605689031594093 2.4605689031594093 43.624375
      vertex 1.7398849570007637 3.013569144850114 43.67729166666666
    endloop
  endfacet
  facet normal -0.6087614290087207 -0.7933533402912352 0
    outer loop
      vertex 2.4605689031594093 2.4605689031594093 43.624375
      vertex 2.4605689031594093 2.4605689031594093 44.019999999999996
      vertex 1.7398849570007637 3.013569144850114 43.67729166666666
    endloop
  endfacet
  facet normal -0.3640789164254018 -0.34294893377450086 0.8659287334633481
    outer loop
      vertex 1.9744982823258725 1.9744982823258725 43.2275
      vertex 3.013569144850114 1.7398849570007637 43.57145833333333
      vertex 2.4605689031594093 2.4605689031594093 43.624375
    endloop
  endfacet
  facet normal -0.7933533402912352 -0.6087614290087207 0
    outer loop
      vertex 2.4605689031594093 2.4605689031594093 43.624375
      vertex 3.013569144850114 1.7398849570007637 44.019999999999996
      vertex 2.4605689031594093 2.4605689031594093 44.019999999999996
    endloop
  endfacet
  facet normal -0.6087614290087205 -0.793353340291235 0
    outer loop
      vertex 2.4605689031594093 2.4605689031594093 41.243125
      vertex 1.7398849570007637 3.013569144850114 41.29604166666667
      vertex 1.7398849570007637 3.013569144850114 41.13729166666666
    endloop
  endfacet
  facet normal -0.6087614290087207 -0.7933533402912352 0
    outer loop
      vertex 2.4605689031594093 2.4605689031594093 42.513125
      vertex 1.7398849570007637 3.013569144850114 42.56604166666666
      vertex 1.7398849570007637 3.013569144850114 42.407291666666666
    endloop
  endfacet
  facet normal -0.6087614290087207 -0.7933533402912353 0
    outer loop
      vertex 2.4605689031594093 2.4605689031594093 44.019999999999996
      vertex 1.7398849570007637 3.013569144850114 44.019999999999996
      vertex 1.7398849570007637 3.013569144850114 43.67729166666666
    endloop
  endfacet
  facet normal -0.7933533402912352 -0.6087614290087207 0
    outer loop
      vertex 2.4605689031594093 2.4605689031594093 41.084374999999994
      vertex 3.013569144850114 1.7398849570007637 41.03145833333333
      vertex 3.013569144850114 1.7398849570007637 41.19020833333333
    endloop
  endfacet
  facet normal -0.7933533402912352 -0.6087614290087207 0
    outer loop
      vertex 2.4605689031594093 2.4605689031594093 42.354375
      vertex 3.013569144850114 1.7398849570007637 42.30145833333333
      vertex 3.013569144850114 1.7398849570007637 42.46020833333333
    endloop
  endfacet
  facet normal -0.7933533402912352 -0.6087614290087207 0
    outer loop
      vertex 2.4605689031594093 2.4605689031594093 43.624375
      vertex 3.013569144850114 1.7398849570007637 43.57145833333333
      vertex 3.013569144850114 1.7398849570007637 44.019999999999996
    endloop
  endfacet
  facet normal -0.7933533402912352 -0.6087614290087205 0
    outer loop
      vertex -10.023238623319312 -10.023238623319312 0
      vertex -10.023238623319312 -10.023238623319312 3
      vertex -12.275910098644419 -7.0875 3
    endloop
  endfacet
  facet normal -0.7933533402912352 -0.6087614290087205 0
    outer loop
      vertex -10.023238623319312 -10.023238623319312 0
      vertex -12.275910098644419 -7.0875 3
      vertex -12.275910098644419 -7.0875 0
    endloop
  endfacet
  facet normal -0.6087614290087205 -0.7933533402912352 0
    outer loop
      vertex -10.023238623319312 -10.023238623319312 0
      vertex -7.0875 -12.275910098644419 3
      vertex -10.023238623319312 -10.023238623319312 3
    endloop
  endfacet
  facet normal -0.6087614290087205 -0.7933533402912352 0
    outer loop
      vertex -10.023238623319312 -10.023238623319312 0
      vertex -7.0875 -12.275910098644419 0
      vertex -7.0875 -12.275910098644419 3
    endloop
  endfacet
  facet normal 0 0 1
    outer loop
      vertex -10.023238623319312 -10.023238623319312 3
      vertex -7.0875 -12.275910098644419 3
      vertex -9.85 -1.12583302491977 3
    endloop
  endfacet
  facet normal -0.9238795325112866 -0.38268343236508995 0
    outer loop
      vertex -13.691998587647545 -3.6687599643282316 3
      vertex -12.275910098644419 -7.0875 0
      vertex -12.275910098644419 -7.0875 3
    endloop
  endfacet
  facet normal -0.9238795325112866 -0.38268343236508995 0
    outer loop
      vertex -13.691998587647545 -3.6687599643282316 0
      vertex -12.275910098644419 -7.0875 0
      vertex -13.691998587647545 -3.6687599643282316 3
    endloop
  endfacet
  facet normal 0 0 -1
    outer loop
      vertex -10.023238623319312 -10.023238623319312 0
      vertex -12.275910098644419 -7.0875 0
      vertex -9.85 -1.12583302491977 0
    endloop
  endfacet
  facet normal 0 0 1
    outer loop
      vertex -10.023238623319312 -10.023238623319312 3
      vertex -11.419238815542512 -0.9192388155425119 3
      vertex -12.275910098644419 -7.0875 3
    endloop
  endfacet
  facet normal 0 0 1
    outer loop
      vertex -10.023238623319312 -10.023238623319312 3
      vertex -11.15 -1.12583302491977 3
      vertex -11.419238815542512 -0.9192388155425119 3
    endloop
  endfacet
  facet normal 0 0 1
    outer loop
      vertex -10.023238623319312 -10.023238623319312 3
      vertex -10.836464758633277 -1.255703574175789 3
      vertex -11.15 -1.12583302491977 3
    endloop
  endfacet
  facet normal -0.9914448613738106 -0.13052619222005132 0
    outer loop
      vertex -13.691998587647545 -3.6687599643282316 0
      vertex -13.691998587647545 -3.6687599643282316 3
      vertex -14.175 0 3
    endloop
  endfacet
  facet normal 0 0 1
    outer loop
      vertex -13.691998587647545 -3.6687599643282316 3
      vertex -12.275910098644419 -7.0875 3
      vertex -13.691998587647545 3.6687599643282316 3
    endloop
  endfacet
  facet normal -0.9914448613738106 -0.13052619222005132 0
    outer loop
      vertex -13.691998587647545 -3.6687599643282316 0
      vertex -14.175 0 3
      vertex -14.175 0 0
    endloop
  endfacet
  facet normal 0 0 -1
    outer loop
      vertex -13.691998587647545 -3.6687599643282316 0
      vertex -12.275910098644419 7.0875 0
      vertex -12.275910098644419 -7.0875 0
    endloop
  endfacet
  facet normal 0 0 -1
    outer loop
      vertex -12.275910098644419 -7.0875 0
      vertex -11.755703574175788 -0.33646475863327696 0
      vertex -11.62583302491977 -0.65 0
    endloop
  endfacet
  facet normal 0 0 -1
    outer loop
      vertex -12.275910098644419 -7.0875 0
      vertex -11.62583302491977 -0.65 0
      vertex -11.419238815542512 -0.9192388155425119 0
    endloop
  endfacet
  facet normal 0 0 -1
    outer loop
      vertex -12.275910098644419 -7.0875 0
      vertex -11.419238815542512 -0.9192388155425119 0
      vertex -11.15 -1.12583302491977 0
    endloop
  endfacet
  facet normal 0 0 1
    outer loop
      vertex -12.275910098644419 -7.0875 3
      vertex -11.62583302491977 -0.65 3
      vertex -11.755703574175788 -0.33646475863327696 3
    endloop
  endfacet
  facet normal 0 0 1
    outer loop
      vertex -12.275910098644419 -7.0875 3
      vertex -11.419238815542512 -0.9192388155425119 3
      vertex -11.62583302491977 -0.65 3
    endloop
  endfacet
  facet normal 0 0 -1
    outer loop
      vertex -12.275910098644419 -7.0875 0
      vertex -11.8 0 0
      vertex -11.755703574175788 -0.33646475863327696 0
    endloop
  endfacet
  facet normal 0 0 1
    outer loop
      vertex -12.275910098644419 -7.0875 3
      vertex -11.755703574175788 -0.33646475863327696 3
      vertex -11.8 0 3
    endloop
  endfacet
  facet normal 0 0 -1
    outer loop
      vertex -12.275910098644419 -7.0875 0
      vertex -11.15 -1.12583302491977 0
      vertex -10.836464758633277 -1.255703574175789 0
    endloop
  endfacet
  facet normal 0 0 -1
    outer loop
      vertex -12.275910098644419 -7.0875 0
      vertex -10.836464758633277 -1.255703574175789 0
      vertex -10.5 -1.3 0
    endloop
  endfacet
  facet normal 0 0 -1
    outer loop
      vertex -12.275910098644419 -7.0875 0
      vertex -10.5 -1.3 0
      vertex -10.163535241366723 -1.255703574175789 0
    endloop
  endfacet
  facet normal 0 0 -1
    outer loop
      vertex -12.275910098644419 -7.0875 0
      vertex -10.163535241366723 -1.255703574175789 0
      vertex -9.85 -1.12583302491977 0
    endloop
  endfacet
  facet normal 0 0 -1
    outer loop
      vertex -10.023238623319312 -10.023238623319312 0
      vertex -9.85 -1.12583302491977 0
      vertex -9.580761184457488 -0.9192388155425119 0
    endloop
  endfacet
  facet normal 0 0 1
    outer loop
      vertex -10.023238623319312 -10.023238623319312 3
      vertex -10.5 -1.3 3
      vertex -10.836464758633277 -1.255703574175789 3
    endloop
  endfacet
  facet normal 0 0 1
    outer loop
      vertex -10.023238623319312 -10.023238623319312 3
      vertex -10.163535241366723 -1.255703574175789 3
      vertex -10.5 -1.3 3
    endloop
  endfacet
  facet normal 0 0 1
    outer loop
      vertex -10.023238623319312 -10.023238623319312 3
      vertex -9.85 -1.12583302491977 3
      vertex -10.163535241366723 -1.255703574175789 3
    endloop
  endfacet
  facet normal 0 0 -1
    outer loop
      vertex -10.023238623319312 -10.023238623319312 0
      vertex -9.580761184457488 -0.9192388155425119 0
      vertex -9.37416697508023 -0.65 0
    endloop
  endfacet
  facet normal 0 0 -1
    outer loop
      vertex -10.023238623319312 -10.023238623319312 0
      vertex -9.37416697508023 -0.65 0
      vertex -9.244296425824212 -0.33646475863327696 0
    endloop
  endfacet
  facet normal 0 0 1
    outer loop
      vertex -7.0875 -12.275910098644419 3
      vertex -9.580761184457488 -0.9192388155425119 3
      vertex -9.85 -1.12583302491977 3
    endloop
  endfacet
  facet normal 0 0 1
    outer loop
      vertex -7.0875 -12.275910098644419 3
      vertex -9.37416697508023 -0.65 3
      vertex -9.580761184457488 -0.9192388155425119 3
    endloop
  endfacet
  facet normal 0 0 1
    outer loop
      vertex -7.0875 -12.275910098644419 3
      vertex -9.244296425824212 -0.33646475863327696 3
      vertex -9.37416697508023 -0.65 3
    endloop
  endfacet
  facet normal 0 0 1
    outer loop
      vertex -7.0875 -12.275910098644419 3
      vertex -9.2 0 3
      vertex -9.244296425824212 -0.33646475863327696 3
    endloop
  endfacet
  facet normal 0 0 1
    outer loop
      vertex -7.0875 -12.275910098644419 3
      vertex -9.244296425824212 0.33646475863327696 3
      vertex -9.2 0 3
    endloop
  endfacet
  facet normal 0 0 -1
    outer loop
      vertex -10.023238623319312 -10.023238623319312 0
      vertex -7.0875 12.275910098644419 0
      vertex -7.0875 -12.275910098644419 0
    endloop
  endfacet
  facet normal 0 0 1
    outer loop
      vertex -7.0875 -12.275910098644419 3
      vertex -10.023238623319312 10.023238623319312 3
      vertex -9.244296425824212 0.33646475863327696 3
    endloop
  endfacet
  facet normal -0.38268343236508995 -0.9238795325112866 0
    outer loop
      vertex -7.0875 -12.275910098644419 0
      vertex -3.6687599643282316 -13.691998587647545 3
      vertex -7.0875 -12.275910098644419 3
    endloop
  endfacet
  facet normal 0 0 -1
    outer loop
      vertex -7.0875 -12.275910098644419 0
      vertex -6.375833024919769 -9.743266739736605 0
      vertex -6.169238815542512 -10.012505555279116 0
    endloop
  endfacet
  facet normal 0 0 -1
    outer loop
      vertex -7.0875 -12.275910098644419 0
      vertex -6.169238815542512 -10.012505555279116 0
      vertex -5.9 -10.219099764656375 0
    endloop
  endfacet
  facet normal 0 0 1
    outer loop
      vertex -7.0875 -12.275910098644419 3
      vertex -6.169238815542512 -10.012505555279116 3
      vertex -6.375833024919769 -9.743266739736605 3
    endloop
  endfacet
  facet normal 0 0 1
    outer loop
      vertex -7.0875 -12.275910098644419 3
      vertex -5.9 -10.219099764656375 3
      vertex -6.169238815542512 -10.012505555279116 3
    endloop
  endfacet
  facet normal 0 0 -1
    outer loop
      vertex -7.0875 -12.275910098644419 0
      vertex -5.5864647586332765 -10.348970313912393 0
      vertex -3.6687599643282316 -13.691998587647545 0
    endloop
  endfacet
  facet normal 0 0 1
    outer loop
      vertex -7.0875 -12.275910098644419 3
      vertex -3.6687599643282316 -13.691998587647545 3
      vertex -5.5864647586332765 -10.348970313912393 3
    endloop
  endfacet
  facet normal 0 0 -1
    outer loop
      vertex -7.0875 -12.275910098644419 0
      vertex -5.9 -10.219099764656375 0
      vertex -5.5864647586332765 -10.348970313912393 0
    endloop
  endfacet
  facet normal 0 0 1
    outer loop
      vertex -7.0875 -12.275910098644419 3
      vertex -5.5864647586332765 -10.348970313912393 3
      vertex -5.9 -10.219099764656375 3
    endloop
  endfacet
  facet normal -0.38268343236508995 -0.9238795325112866 0
    outer loop
      vertex -7.0875 -12.275910098644419 0
      vertex -3.6687599643282316 -13.691998587647545 0
      vertex -3.6687599643282316 -13.691998587647545 3
    endloop
  endfacet
  facet normal 0 0 -1
    outer loop
      vertex -3.6687599643282316 -13.691998587647545 0
      vertex -5.5864647586332765 -10.348970313912393 0
      vertex -5.25 -10.393266739736603 0
    endloop
  endfacet
  facet normal 0 0 -1
    outer loop
      vertex -3.6687599643282316 -13.691998587647545 0
      vertex -5.25 -10.393266739736603 0
      vertex -4.913535241366723 -10.348970313912394 0
    endloop
  endfacet
  facet normal 0 0 1
    outer loop
      vertex -3.6687599643282316 -13.691998587647545 3
      vertex -5.25 -10.393266739736603 3
      vertex -5.5864647586332765 -10.348970313912393 3
    endloop
  endfacet
  facet normal 0 0 1
    outer loop
      vertex -3.6687599643282316 -13.691998587647545 3
      vertex -4.913535241366723 -10.348970313912394 3
      vertex -5.25 -10.393266739736603 3
    endloop
  endfacet
  facet normal 0 0 -1
    outer loop
      vertex -3.6687599643282316 -13.691998587647545 0
      vertex -4.913535241366723 -10.348970313912394 0
      vertex -4.6000000000000005 -10.219099764656375 0
    endloop
  endfacet
  facet normal 0 0 -1
    outer loop
      vertex -3.6687599643282316 -13.691998587647545 0
      vertex -4.6000000000000005 -10.219099764656375 0
      vertex -4.330761184457488 -10.012505555279118 0
    endloop
  endfacet
  facet normal 0 0 -1
    outer loop
      vertex -3.6687599643282316 -13.691998587647545 0
      vertex -4.330761184457488 -10.012505555279118 0
      vertex -4.12416697508023 -9.743266739736606 0
    endloop
  endfacet
  facet normal 0 0 -1
    outer loop
      vertex -3.6687599643282316 -13.691998587647545 0
      vertex -4.12416697508023 -9.743266739736606 0
      vertex -3.9942964258242113 -9.429731498369883 0
    endloop
  endfacet
  facet normal 0 0 -1
    outer loop
      vertex -3.6687599643282316 -13.691998587647545 0
      vertex -3.9942964258242113 -9.429731498369883 0
      vertex -3.95 -9.093266739736606 0
    endloop
  endfacet
  facet normal 0 0 1
    outer loop
      vertex -3.6687599643282316 -13.691998587647545 3
      vertex -4.6000000000000005 -10.219099764656375 3
      vertex -4.913535241366723 -10.348970313912394 3
    endloop
  endfacet
  facet normal 0 0 1
    outer loop
      vertex -3.6687599643282316 -13.691998587647545 3
      vertex -4.330761184457488 -10.012505555279118 3
      vertex -4.6000000000000005 -10.219099764656375 3
    endloop
  endfacet
  facet normal 0 0 1
    outer loop
      vertex -3.6687599643282316 -13.691998587647545 3
      vertex -4.12416697508023 -9.743266739736606 3
      vertex -4.330761184457488 -10.012505555279118 3
    endloop
  endfacet
  facet normal 0 0 1
    outer loop
      vertex -3.6687599643282316 -13.691998587647545 3
      vertex -3.9942964258242113 -9.429731498369883 3
      vertex -4.12416697508023 -9.743266739736606 3
    endloop
  endfacet
  facet normal 0 0 -1
    outer loop
      vertex -7.0875 -12.275910098644419 0
      vertex -6.55 -9.093266739736604 0
      vertex -6.505703574175789 -9.42973149836988 0
    endloop
  endfacet
  facet normal 0 0 -1
    outer loop
      vertex -7.0875 -12.275910098644419 0
      vertex -6.505703574175789 -9.42973149836988 0
      vertex -6.375833024919769 -9.743266739736605 0
    endloop
  endfacet
  facet normal 0 0 1
    outer loop
      vertex -7.0875 -12.275910098644419 3
      vertex -6.505703574175789 -9.42973149836988 3
      vertex -6.55 -9.093266739736604 3
    endloop
  endfacet
  facet normal 0 0 1
    outer loop
      vertex -7.0875 -12.275910098644419 3
      vertex -6.55 -9.093266739736604 3
      vertex -6.505703574175788 -8.756801981103328 3
    endloop
  endfacet
  facet normal 0 0 1
    outer loop
      vertex -7.0875 -12.275910098644419 3
      vertex -6.375833024919769 -9.743266739736605 3
      vertex -6.505703574175789 -9.42973149836988 3
    endloop
  endfacet
  facet normal 0 0 1
    outer loop
      vertex -7.0875 -12.275910098644419 3
      vertex -6.505703574175788 -8.756801981103328 3
      vertex -6.06217782649107 -3.5 3
    endloop
  endfacet
  facet normal 0 0 1
    outer loop
      vertex -3.6687599643282316 -13.691998587647545 3
      vertex -3.5 -6.06217782649107 3
      vertex -3.9942964258242113 -9.429731498369883 3
    endloop
  endfacet
  facet normal 0 0 1
    outer loop
      vertex -3.5 -6.06217782649107 3
      vertex -3.95 -9.093266739736606 3
      vertex -3.9942964258242113 -9.429731498369883 3
    endloop
  endfacet
  facet normal 0 0 1
    outer loop
      vertex -3.5 -6.06217782649107 3
      vertex -3.9942964258242113 -8.75680198110333 3
      vertex -3.95 -9.093266739736606 3
    endloop
  endfacet
  facet normal 0 0 1
    outer loop
      vertex -3.5 -6.06217782649107 3
      vertex -4.124166975080231 -8.443266739736606 3
      vertex -3.9942964258242113 -8.75680198110333 3
    endloop
  endfacet
  facet normal 0 0 1
    outer loop
      vertex -3.5 -6.06217782649107 3
      vertex -4.330761184457488 -8.174027924194094 3
      vertex -4.124166975080231 -8.443266739736606 3
    endloop
  endfacet
  facet normal -0.13052619222005132 -0.9914448613738106 0
    outer loop
      vertex -3.6687599643282316 -13.691998587647545 0
      vertex 0 -14.175 3
      vertex -3.6687599643282316 -13.691998587647545 3
    endloop
  endfacet
  facet normal 0 0 1
    outer loop
      vertex -3.6687599643282316 -13.691998587647545 3
      vertex 0 -14.175 3
      vertex -1.8117333157176452 -6.761480784023478 3
    endloop
  endfacet
  facet normal -0.13052619222005132 -0.9914448613738106 0
    outer loop
      vertex -3.6687599643282316 -13.691998587647545 0
      vertex 0 -14.175 0
      vertex 0 -14.175 3
    endloop
  endfacet
  facet normal 0 0 1
    outer loop
      vertex -3.6687599643282316 -13.691998587647545 3
      vertex -1.8117333157176452 -6.761480784023478 3
      vertex -3.5 -6.06217782649107 3
    endloop
  endfacet
  facet normal 0 0 1
    outer loop
      vertex -1.8117333157176452 -6.761480784023478 3
      vertex 0 -14.175 3
      vertex 0 -7 3
    endloop
  endfacet
  facet normal 0 0 1
    outer loop
      vertex -6.06217782649107 -3.5 3
      vertex -6.505703574175788 -8.756801981103328 3
      vertex -6.37583302491977 -8.443266739736606 3
    endloop
  endfacet
  facet normal 0 0 1
    outer loop
      vertex -7.0875 -12.275910098644419 3
      vertex -6.06217782649107 -3.5 3
      vertex -6.761480784023478 -1.8117333157176452 3
    endloop
  endfacet
  facet normal 0 0 1
    outer loop
      vertex -6.06217782649107 -3.5 3
      vertex -6.37583302491977 -8.443266739736606 3
      vertex -6.169238815542512 -8.174027924194093 3
    endloop
  endfacet
  facet normal 0 0 1
    outer loop
      vertex -6.06217782649107 -3.5 3
      vertex -6.169238815542512 -8.174027924194093 3
      vertex -5.8999999999999995 -7.967433714816836 3
    endloop
  endfacet
  facet normal 0 0 1
    outer loop
      vertex -6.06217782649107 -3.5 3
      vertex -5.8999999999999995 -7.967433714816836 3
      vertex -5.586464758633277 -7.837563165560817 3
    endloop
  endfacet
  facet normal 0 0 1
    outer loop
      vertex -4.949747468305833 -4.949747468305833 3
      vertex -6.06217782649107 -3.5 3
      vertex -5.586464758633277 -7.837563165560817 3
    endloop
  endfacet
  facet normal 0 0 1
    outer loop
      vertex -7.0875 -12.275910098644419 3
      vertex -6.761480784023478 -1.8117333157176452 3
      vertex -7 0 3
    endloop
  endfacet
  facet normal 0 0 -1
    outer loop
      vertex -7.0875 -12.275910098644419 0
      vertex -4.330761184457488 8.174027924194094 0
      vertex -6.55 -9.093266739736604 0
    endloop
  endfacet
  facet normal 0 0 1
    outer loop
      vertex -4.949747468305833 -4.949747468305833 3
      vertex -5.586464758633277 -7.837563165560817 3
      vertex -5.25 -7.793266739736606 3
    endloop
  endfacet
  facet normal 0 0 1
    outer loop
      vertex -4.949747468305833 -4.949747468305833 3
      vertex -5.25 -7.793266739736606 3
      vertex -4.9135352413667235 -7.837563165560818 3
    endloop
  endfacet
  facet normal 0 0 1
    outer loop
      vertex -4.949747468305833 -4.949747468305833 3
      vertex -4.9135352413667235 -7.837563165560818 3
      vertex -4.6 -7.967433714816835 3
    endloop
  endfacet
  facet normal 0 0 1
    outer loop
      vertex -4.949747468305833 -4.949747468305833 3
      vertex -4.6 -7.967433714816835 3
      vertex -4.330761184457488 -8.174027924194094 3
    endloop
  endfacet
  facet normal 0 0 1
    outer loop
      vertex -4.949747468305833 -4.949747468305833 3
      vertex -4.330761184457488 -8.174027924194094 3
      vertex -3.5 -6.06217782649107 3
    endloop
  endfacet
  facet normal 0 0 -1
    outer loop
      vertex -3.6687599643282316 -13.691998587647545 0
      vertex -3.95 -9.093266739736606 0
      vertex -3.9942964258242113 8.75680198110333 0
    endloop
  endfacet
  facet normal 0 0 -1
    outer loop
      vertex -4.330761184457488 8.174027924194094 0
      vertex -6.505703574175788 -8.756801981103328 0
      vertex -6.55 -9.093266739736604 0
    endloop
  endfacet
  facet normal 0 0 -1
    outer loop
      vertex -4.330761184457488 8.174027924194094 0
      vertex -6.37583302491977 -8.443266739736606 0
      vertex -6.505703574175788 -8.756801981103328 0
    endloop
  endfacet
  facet normal 0 0 -1
    outer loop
      vertex -4.330761184457488 8.174027924194094 0
      vertex -6.169238815542512 -8.174027924194093 0
      vertex -6.37583302491977 -8.443266739736606 0
    endloop
  endfacet
  facet normal 0 0 -1
    outer loop
      vertex -4.330761184457488 8.174027924194094 0
      vertex -5.8999999999999995 -7.967433714816836 0
      vertex -6.169238815542512 -8.174027924194093 0
    endloop
  endfacet
  facet normal 0 0 -1
    outer loop
      vertex -4.330761184457488 8.174027924194094 0
      vertex -5.586464758633277 -7.837563165560817 0
      vertex -5.8999999999999995 -7.967433714816836 0
    endloop
  endfacet
  facet normal 0 0 -1
    outer loop
      vertex -4.330761184457488 8.174027924194094 0
      vertex -5.25 -7.793266739736606 0
      vertex -5.586464758633277 -7.837563165560817 0
    endloop
  endfacet
  facet normal 0 0 -1
    outer loop
      vertex -4.330761184457488 8.174027924194094 0
      vertex -4.9135352413667235 -7.837563165560818 0
      vertex -5.25 -7.793266739736606 0
    endloop
  endfacet
  facet normal 0 0 -1
    outer loop
      vertex -4.330761184457488 8.174027924194094 0
      vertex -4.6 -7.967433714816835 0
      vertex -4.9135352413667235 -7.837563165560818 0
    endloop
  endfacet
  facet normal 0 0 -1
    outer loop
      vertex -4.330761184457488 -8.174027924194094 0
      vertex -4.124166975080231 8.443266739736606 0
      vertex -4.124166975080231 -8.443266739736606 0
    endloop
  endfacet
  facet normal 0 0 -1
    outer loop
      vertex -4.124166975080231 -8.443266739736606 0
      vertex -3.9942964258242113 8.75680198110333 0
      vertex -3.9942964258242113 -8.75680198110333 0
    endloop
  endfacet
  facet normal 0 0 -1
    outer loop
      vertex -3.9942964258242113 -8.75680198110333 0
      vertex -3.9942964258242113 8.75680198110333 0
      vertex -3.95 -9.093266739736606 0
    endloop
  endfacet
  facet normal 0 0 -1
    outer loop
      vertex -4.330761184457488 -8.174027924194094 0
      vertex -4.6 -7.967433714816835 0
      vertex -4.330761184457488 8.174027924194094 0
    endloop
  endfacet
  facet normal 0 0 -1
    outer loop
      vertex -3.6687599643282316 -13.691998587647545 0
      vertex 0 14.175 0
      vertex 0 -14.175 0
    endloop
  endfacet
  facet normal 0 0 -1
    outer loop
      vertex -13.691998587647545 -3.6687599643282316 0
      vertex -14.175 0 0
      vertex -13.691998587647545 3.6687599643282316 0
    endloop
  endfacet
  facet normal 0 0 1
    outer loop
      vertex -13.691998587647545 -3.6687599643282316 3
      vertex -13.691998587647545 3.6687599643282316 3
      vertex -14.175 0 3
    endloop
  endfacet
  facet normal -0.9914448613738106 0.13052619222005132 0
    outer loop
      vertex -14.175 0 0
      vertex -14.175 0 3
      vertex -13.691998587647545 3.6687599643282316 3
    endloop
  endfacet
  facet normal 0 0 1
    outer loop
      vertex -12.275910098644419 -7.0875 3
      vertex -12.275910098644419 7.0875 3
      vertex -13.691998587647545 3.6687599643282316 3
    endloop
  endfacet
  facet normal -0.9914448613738106 0.13052619222005132 0
    outer loop
      vertex -14.175 0 0
      vertex -13.691998587647545 3.6687599643282316 3
      vertex -13.691998587647545 3.6687599643282316 0
    endloop
  endfacet
  facet normal 0 0 -1
    outer loop
      vertex -13.691998587647545 -3.6687599643282316 0
      vertex -13.691998587647545 3.6687599643282316 0
      vertex -12.275910098644419 7.0875 0
    endloop
  endfacet
  facet normal 0 0 -1
    outer loop
      vertex -12.275910098644419 -7.0875 0
      vertex -12.275910098644419 7.0875 0
      vertex -11.8 0 0
    endloop
  endfacet
  facet normal 0 0 1
    outer loop
      vertex -12.275910098644419 -7.0875 3
      vertex -11.8 0 3
      vertex -12.275910098644419 7.0875 3
    endloop
  endfacet
  facet normal 0 0 -1
    outer loop
      vertex -12.275910098644419 7.0875 0
      vertex -11.755703574175788 0.33646475863327696 0
      vertex -11.8 0 0
    endloop
  endfacet
  facet normal 0 0 1
    outer loop
      vertex -12.275910098644419 7.0875 3
      vertex -11.8 0 3
      vertex -11.755703574175788 0.33646475863327696 3
    endloop
  endfacet
  facet normal 0 0 -1
    outer loop
      vertex -12.275910098644419 7.0875 0
      vertex -11.62583302491977 0.65 0
      vertex -11.755703574175788 0.33646475863327696 0
    endloop
  endfacet
  facet normal 0 0 -1
    outer loop
      vertex -12.275910098644419 7.0875 0
      vertex -11.419238815542512 0.9192388155425119 0
      vertex -11.62583302491977 0.65 0
    endloop
  endfacet
  facet normal 0 0 1
    outer loop
      vertex -12.275910098644419 7.0875 3
      vertex -11.755703574175788 0.33646475863327696 3
      vertex -11.62583302491977 0.65 3
    endloop
  endfacet
  facet normal 0 0 1
    outer loop
      vertex -12.275910098644419 7.0875 3
      vertex -11.62583302491977 0.65 3
      vertex -11.419238815542512 0.9192388155425119 3
    endloop
  endfacet
  facet normal 0 0 1
    outer loop
      vertex -12.275910098644419 7.0875 3
      vertex -11.419238815542512 0.9192388155425119 3
      vertex -11.15 1.12583302491977 3
    endloop
  endfacet
  facet normal 0 0 1
    outer loop
      vertex -12.275910098644419 7.0875 3
      vertex -11.15 1.12583302491977 3
      vertex -10.836464758633277 1.255703574175789 3
    endloop
  endfacet
  facet normal 0 0 1
    outer loop
      vertex -12.275910098644419 7.0875 3
      vertex -10.836464758633277 1.255703574175789 3
      vertex -10.5 1.3 3
    endloop
  endfacet
  facet normal 0 0 1
    outer loop
      vertex -12.275910098644419 7.0875 3
      vertex -10.5 1.3 3
      vertex -10.163535241366723 1.255703574175789 3
    endloop
  endfacet
  facet normal 0 0 1
    outer loop
      vertex -12.275910098644419 7.0875 3
      vertex -10.163535241366723 1.255703574175789 3
      vertex -9.85 1.12583302491977 3
    endloop
  endfacet
  facet normal -0.9238795325112866 0.38268343236508995 0
    outer loop
      vertex -13.691998587647545 3.6687599643282316 0
      vertex -13.691998587647545 3.6687599643282316 3
      vertex -12.275910098644419 7.0875 3
    endloop
  endfacet
  facet normal -0.9238795325112866 0.38268343236508995 0
    outer loop
      vertex -13.691998587647545 3.6687599643282316 0
      vertex -12.275910098644419 7.0875 3
      vertex -12.275910098644419 7.0875 0
    endloop
  endfacet
  facet normal 0 0 -1
    outer loop
      vertex -10.023238623319312 10.023238623319312 0
      vertex -11.15 1.12583302491977 0
      vertex -11.419238815542512 0.9192388155425119 0
    endloop
  endfacet
  facet normal 0 0 -1
    outer loop
      vertex -10.023238623319312 10.023238623319312 0
      vertex -10.836464758633277 1.255703574175789 0
      vertex -11.15 1.12583302491977 0
    endloop
  endfacet
  facet normal 0 0 -1
    outer loop
      vertex -12.275910098644419 7.0875 0
      vertex -10.023238623319312 10.023238623319312 0
      vertex -11.419238815542512 0.9192388155425119 0
    endloop
  endfacet
  facet normal 0 0 1
    outer loop
      vertex -12.275910098644419 7.0875 3
      vertex -9.85 1.12583302491977 3
      vertex -10.023238623319312 10.023238623319312 3
    endloop
  endfacet
  facet normal 0 0 -1
    outer loop
      vertex -10.023238623319312 -10.023238623319312 0
      vertex -9.244296425824212 -0.33646475863327696 0
      vertex -7.0875 12.275910098644419 0
    endloop
  endfacet
  facet normal 0 0 1
    outer loop
      vertex -7.0875 -12.275910098644419 3
      vertex -7.0875 12.275910098644419 3
      vertex -10.023238623319312 10.023238623319312 3
    endloop
  endfacet
  facet normal 0 0 -1
    outer loop
      vertex -10.023238623319312 10.023238623319312 0
      vertex -10.5 1.3 0
      vertex -10.836464758633277 1.255703574175789 0
    endloop
  endfacet
  facet normal 0 0 -1
    outer loop
      vertex -10.023238623319312 10.023238623319312 0
      vertex -10.163535241366723 1.255703574175789 0
      vertex -10.5 1.3 0
    endloop
  endfacet
  facet normal 0 0 -1
    outer loop
      vertex -10.023238623319312 10.023238623319312 0
      vertex -9.85 1.12583302491977 0
      vertex -10.163535241366723 1.255703574175789 0
    endloop
  endfacet
  facet normal 0 0 1
    outer loop
      vertex -10.023238623319312 10.023238623319312 3
      vertex -9.85 1.12583302491977 3
      vertex -9.580761184457488 0.9192388155425119 3
    endloop
  endfacet
  facet normal 0 0 1
    outer loop
      vertex -10.023238623319312 10.023238623319312 3
      vertex -9.580761184457488 0.9192388155425119 3
      vertex -9.37416697508023 0.65 3
    endloop
  endfacet
  facet normal 0 0 1
    outer loop
      vertex -10.023238623319312 10.023238623319312 3
      vertex -9.37416697508023 0.65 3
      vertex -9.244296425824212 0.33646475863327696 3
    endloop
  endfacet
  facet normal 0 0 -1
    outer loop
      vertex -7.0875 12.275910098644419 0
      vertex -9.244296425824212 -0.33646475863327696 0
      vertex -9.2 0 0
    endloop
  endfacet
  facet normal 0 0 -1
    outer loop
      vertex -7.0875 12.275910098644419 0
      vertex -9.2 0 0
      vertex -9.244296425824212 0.33646475863327696 0
    endloop
  endfacet
  facet normal 0 0 -1
    outer loop
      vertex -7.0875 12.275910098644419 0
      vertex -9.244296425824212 0.33646475863327696 0
      vertex -9.37416697508023 0.65 0
    endloop
  endfacet
  facet normal 0 0 -1
    outer loop
      vertex -7.0875 12.275910098644419 0
      vertex -9.37416697508023 0.65 0
      vertex -9.580761184457488 0.9192388155425119 0
    endloop
  endfacet
  facet normal 0 0 -1
    outer loop
      vertex -7.0875 12.275910098644419 0
      vertex -9.580761184457488 0.9192388155425119 0
      vertex -9.85 1.12583302491977 0
    endloop
  endfacet
  facet normal -0.7933533402912352 0.6087614290087205 0
    outer loop
      vertex -12.275910098644419 7.0875 0
      vertex -12.275910098644419 7.0875 3
      vertex -10.023238623319312 10.023238623319312 3
    endloop
  endfacet
  facet normal -0.7933533402912352 0.6087614290087205 0
    outer loop
      vertex -12.275910098644419 7.0875 0
      vertex -10.023238623319312 10.023238623319312 3
      vertex -10.023238623319312 10.023238623319312 0
    endloop
  endfacet
  facet normal 0 0 -1
    outer loop
      vertex -10.023238623319312 10.023238623319312 0
      vertex -7.0875 12.275910098644419 0
      vertex -9.85 1.12583302491977 0
    endloop
  endfacet
  facet normal -0.6087614290087205 0.7933533402912352 0
    outer loop
      vertex -10.023238623319312 10.023238623319312 0
      vertex -10.023238623319312 10.023238623319312 3
      vertex -7.0875 12.275910098644419 0
    endloop
  endfacet
  facet normal -0.6087614290087205 0.7933533402912352 0
    outer loop
      vertex -10.023238623319312 10.023238623319312 3
      vertex -7.0875 12.275910098644419 3
      vertex -7.0875 12.275910098644419 0
    endloop
  endfacet
  facet normal 0 0 1
    outer loop
      vertex -7.0875 -12.275910098644419 3
      vertex -7 0 3
      vertex -7.0875 12.275910098644419 3
    endloop
  endfacet
  facet normal 0 0 -1
    outer loop
      vertex -7.0875 -12.275910098644419 0
      vertex -6.169238815542512 8.174027924194093 0
      vertex -5.8999999999999995 7.967433714816836 0
    endloop
  endfacet
  facet normal 0 0 -1
    outer loop
      vertex -7.0875 -12.275910098644419 0
      vertex -6.37583302491977 8.443266739736606 0
      vertex -6.169238815542512 8.174027924194093 0
    endloop
  endfacet
  facet normal 0 0 -1
    outer loop
      vertex -7.0875 -12.275910098644419 0
      vertex -6.505703574175788 8.756801981103328 0
      vertex -6.37583302491977 8.443266739736606 0
    endloop
  endfacet
  facet normal 0 0 -1
    outer loop
      vertex -7.0875 -12.275910098644419 0
      vertex -5.8999999999999995 7.967433714816836 0
      vertex -5.586464758633277 7.837563165560817 0
    endloop
  endfacet
  facet normal 0 0 -1
    outer loop
      vertex -7.0875 -12.275910098644419 0
      vertex -5.586464758633277 7.837563165560817 0
      vertex -5.25 7.793266739736606 0
    endloop
  endfacet
  facet normal 0 0 -1
    outer loop
      vertex -7.0875 -12.275910098644419 0
      vertex -5.25 7.793266739736606 0
      vertex -4.9135352413667235 7.837563165560818 0
    endloop
  endfacet
  facet normal 0 0 -1
    outer loop
      vertex -7.0875 -12.275910098644419 0
      vertex -4.9135352413667235 7.837563165560818 0
      vertex -4.6 7.967433714816835 0
    endloop
  endfacet
  facet normal 0 0 -1
    outer loop
      vertex -7.0875 -12.275910098644419 0
      vertex -4.6 7.967433714816835 0
      vertex -4.330761184457488 8.174027924194094 0
    endloop
  endfacet
  facet normal 0 0 -1
    outer loop
      vertex -7.0875 -12.275910098644419 0
      vertex -7.0875 12.275910098644419 0
      vertex -6.505703574175788 8.756801981103328 0
    endloop
  endfacet
  facet normal 0 0 -1
    outer loop
      vertex -3.6687599643282316 -13.691998587647545 0
      vertex -3.9942964258242113 8.75680198110333 0
      vertex -3.95 9.093266739736606 0
    endloop
  endfacet
  facet normal 0 0 -1
    outer loop
      vertex -4.330761184457488 -8.174027924194094 0
      vertex -4.330761184457488 8.174027924194094 0
      vertex -4.124166975080231 8.443266739736606 0
    endloop
  endfacet
  facet normal 0 0 -1
    outer loop
      vertex -4.124166975080231 -8.443266739736606 0
      vertex -4.124166975080231 8.443266739736606 0
      vertex -3.9942964258242113 8.75680198110333 0
    endloop
  endfacet
  facet normal 0 0 -1
    outer loop
      vertex -3.6687599643282316 -13.691998587647545 0
      vertex -3.95 9.093266739736606 0
      vertex -3.6687599643282316 13.691998587647545 0
    endloop
  endfacet
  facet normal 0 0 1
    outer loop
      vertex -7 0 3
      vertex -6.761480784023478 1.8117333157176452 3
      vertex -7.0875 12.275910098644419 3
    endloop
  endfacet
  facet normal 0 0 1
    outer loop
      vertex -6.761480784023478 1.8117333157176452 3
      vertex -6.06217782649107 3.5 3
      vertex -7.0875 12.275910098644419 3
    endloop
  endfacet
  facet normal 0 0 1
    outer loop
      vertex -6.06217782649107 3.5 3
      vertex -6.37583302491977 8.443266739736606 3
      vertex -6.505703574175788 8.756801981103328 3
    endloop
  endfacet
  facet normal 0 0 1
    outer loop
      vertex -6.06217782649107 3.5 3
      vertex -4.949747468305833 4.949747468305833 3
      vertex -5.8999999999999995 7.967433714816836 3
    endloop
  endfacet
  facet normal 0 0 1
    outer loop
      vertex -6.06217782649107 3.5 3
      vertex -5.8999999999999995 7.967433714816836 3
      vertex -6.169238815542512 8.174027924194093 3
    endloop
  endfacet
  facet normal 0 0 1
    outer loop
      vertex -6.06217782649107 3.5 3
      vertex -6.169238815542512 8.174027924194093 3
      vertex -6.37583302491977 8.443266739736606 3
    endloop
  endfacet
  facet normal 0 0 1
    outer loop
      vertex -4.949747468305833 4.949747468305833 3
      vertex -5.586464758633277 7.837563165560817 3
      vertex -5.8999999999999995 7.967433714816836 3
    endloop
  endfacet
  facet normal 0 0 1
    outer loop
      vertex -4.949747468305833 4.949747468305833 3
      vertex -5.25 7.793266739736606 3
      vertex -5.586464758633277 7.837563165560817 3
    endloop
  endfacet
  facet normal 0 0 1
    outer loop
      vertex -4.949747468305833 4.949747468305833 3
      vertex -4.9135352413667235 7.837563165560818 3
      vertex -5.25 7.793266739736606 3
    endloop
  endfacet
  facet normal 0 0 1
    outer loop
      vertex -4.949747468305833 4.949747468305833 3
      vertex -3.5 6.06217782649107 3
      vertex -4.9135352413667235 7.837563165560818 3
    endloop
  endfacet
  facet normal 0 0 -1
    outer loop
      vertex -3.6687599643282316 -13.691998587647545 0
      vertex -3.6687599643282316 13.691998587647545 0
      vertex 0 14.175 0
    endloop
  endfacet
  facet normal 0 0 1
    outer loop
      vertex -6.06217782649107 3.5 3
      vertex -6.505703574175788 8.756801981103328 3
      vertex -6.55 9.093266739736604 3
    endloop
  endfacet
  facet normal 0 0 1
    outer loop
      vertex -6.06217782649107 3.5 3
      vertex -6.55 9.093266739736604 3
      vertex -7.0875 12.275910098644419 3
    endloop
  endfacet
  facet normal 0 0 -1
    outer loop
      vertex -7.0875 12.275910098644419 0
      vertex -6.55 9.093266739736604 0
      vertex -6.505703574175788 8.756801981103328 0
    endloop
  endfacet
  facet normal 0 0 -1
    outer loop
      vertex -7.0875 12.275910098644419 0
      vertex -6.505703574175789 9.42973149836988 0
      vertex -6.55 9.093266739736604 0
    endloop
  endfacet
  facet normal 0 0 -1
    outer loop
      vertex -7.0875 12.275910098644419 0
      vertex -6.375833024919769 9.743266739736605 0
      vertex -6.505703574175789 9.42973149836988 0
    endloop
  endfacet
  facet normal 0 0 1
    outer loop
      vertex -7.0875 12.275910098644419 3
      vertex -6.55 9.093266739736604 3
      vertex -6.505703574175789 9.42973149836988 3
    endloop
  endfacet
  facet normal 0 0 1
    outer loop
      vertex -7.0875 12.275910098644419 3
      vertex -6.505703574175789 9.42973149836988 3
      vertex -6.375833024919769 9.743266739736605 3
    endloop
  endfacet
  facet normal 0 0 1
    outer loop
      vertex -3.5 6.06217782649107 3
      vertex -4.6 7.967433714816835 3
      vertex -4.9135352413667235 7.837563165560818 3
    endloop
  endfacet
  facet normal 0 0 1
    outer loop
      vertex -3.5 6.06217782649107 3
      vertex -4.330761184457488 8.174027924194094 3
      vertex -4.6 7.967433714816835 3
    endloop
  endfacet
  facet normal 0 0 1
    outer loop
      vertex -3.5 6.06217782649107 3
      vertex -4.124166975080231 8.443266739736606 3
      vertex -4.330761184457488 8.174027924194094 3
    endloop
  endfacet
  facet normal 0 0 1
    outer loop
      vertex -3.5 6.06217782649107 3
      vertex -3.9942964258242113 8.75680198110333 3
      vertex -4.124166975080231 8.443266739736606 3
    endloop
  endfacet
  facet normal 0 0 1
    outer loop
      vertex -3.5 6.06217782649107 3
      vertex -3.95 9.093266739736606 3
      vertex -3.9942964258242113 8.75680198110333 3
    endloop
  endfacet
  facet normal 0 0 1
    outer loop
      vertex -3.5 6.06217782649107 3
      vertex -3.9942964258242113 9.429731498369883 3
      vertex -3.95 9.093266739736606 3
    endloop
  endfacet
  facet normal 0 0 1
    outer loop
      vertex -3.5 6.06217782649107 3
      vertex -3.6687599643282316 13.691998587647545 3
      vertex -3.9942964258242113 9.429731498369883 3
    endloop
  endfacet
  facet normal 0 0 -1
    outer loop
      vertex -7.0875 12.275910098644419 0
      vertex -6.169238815542512 10.012505555279116 0
      vertex -6.375833024919769 9.743266739736605 0
    endloop
  endfacet
  facet normal 0 0 -1
    outer loop
      vertex -7.0875 12.275910098644419 0
      vertex -5.9 10.219099764656375 0
      vertex -6.169238815542512 10.012505555279116 0
    endloop
  endfacet
  facet normal 0 0 1
    outer loop
      vertex -7.0875 12.275910098644419 3
      vertex -6.375833024919769 9.743266739736605 3
      vertex -6.169238815542512 10.012505555279116 3
    endloop
  endfacet
  facet normal 0 0 1
    outer loop
      vertex -7.0875 12.275910098644419 3
      vertex -6.169238815542512 10.012505555279116 3
      vertex -5.8999999999999995 10.219099764656375 3
    endloop
  endfacet
  facet normal 0 0 -1
    outer loop
      vertex -7.0875 12.275910098644419 0
      vertex -5.5864647586332765 10.348970313912393 0
      vertex -5.9 10.219099764656375 0
    endloop
  endfacet
  facet normal 0 0 -1
    outer loop
      vertex -7.0875 12.275910098644419 0
      vertex -5.25 10.393266739736603 0
      vertex -5.5864647586332765 10.348970313912393 0
    endloop
  endfacet
  facet normal 0 0 1
    outer loop
      vertex -7.0875 12.275910098644419 3
      vertex -5.8999999999999995 10.219099764656375 3
      vertex -5.5864647586332765 10.348970313912393 3
    endloop
  endfacet
  facet normal 0 0 -1
    outer loop
      vertex -7.0875 12.275910098644419 0
      vertex -3.6687599643282316 13.691998587647545 0
      vertex -5.25 10.393266739736603 0
    endloop
  endfacet
  facet normal 0 0 1
    outer loop
      vertex -7.0875 12.275910098644419 3
      vertex -5.5864647586332765 10.348970313912393 3
      vertex -3.6687599643282316 13.691998587647545 3
    endloop
  endfacet
  facet normal -0.38268343236508995 0.9238795325112866 0
    outer loop
      vertex -7.0875 12.275910098644419 0
      vertex -7.0875 12.275910098644419 3
      vertex -3.6687599643282316 13.691998587647545 0
    endloop
  endfacet
  facet normal 0 0 -1
    outer loop
      vertex -3.6687599643282316 13.691998587647545 0
      vertex -4.913535241366723 10.348970313912394 0
      vertex -5.25 10.393266739736603 0
    endloop
  endfacet
  facet normal 0 0 1
    outer loop
      vertex -3.6687599643282316 13.691998587647545 3
      vertex -5.5864647586332765 10.348970313912393 3
      vertex -5.25 10.393266739736603 3
    endloop
  endfacet
  facet normal 0 0 1
    outer loop
      vertex -3.6687599643282316 13.691998587647545 3
      vertex -5.25 10.393266739736603 3
      vertex -4.913535241366723 10.348970313912394 3
    endloop
  endfacet
  facet normal 0 0 -1
    outer loop
      vertex -3.6687599643282316 13.691998587647545 0
      vertex -4.6000000000000005 10.219099764656375 0
      vertex -4.913535241366723 10.348970313912394 0
    endloop
  endfacet
  facet normal 0 0 -1
    outer loop
      vertex -3.6687599643282316 13.691998587647545 0
      vertex -4.12416697508023 9.743266739736606 0
      vertex -4.330761184457488 10.012505555279118 0
    endloop
  endfacet
  facet normal 0 0 -1
    outer loop
      vertex -3.6687599643282316 13.691998587647545 0
      vertex -4.330761184457488 10.012505555279118 0
      vertex -4.6000000000000005 10.219099764656375 0
    endloop
  endfacet
  facet normal 0 0 -1
    outer loop
      vertex -3.6687599643282316 13.691998587647545 0
      vertex -3.95 9.093266739736606 0
      vertex -3.9942964258242113 9.429731498369883 0
    endloop
  endfacet
  facet normal 0 0 -1
    outer loop
      vertex -3.6687599643282316 13.691998587647545 0
      vertex -3.9942964258242113 9.429731498369883 0
      vertex -4.12416697508023 9.743266739736606 0
    endloop
  endfacet
  facet normal 0 0 1
    outer loop
      vertex -3.6687599643282316 13.691998587647545 3
      vertex -4.913535241366723 10.348970313912394 3
      vertex -4.6000000000000005 10.219099764656375 3
    endloop
  endfacet
  facet normal 0 0 1
    outer loop
      vertex -3.6687599643282316 13.691998587647545 3
      vertex -4.330761184457488 10.012505555279118 3
      vertex -4.12416697508023 9.743266739736606 3
    endloop
  endfacet
  facet normal 0 0 1
    outer loop
      vertex -3.6687599643282316 13.691998587647545 3
      vertex -4.6000000000000005 10.219099764656375 3
      vertex -4.330761184457488 10.012505555279118 3
    endloop
  endfacet
  facet normal 0 0 1
    outer loop
      vertex -3.6687599643282316 13.691998587647545 3
      vertex -4.12416697508023 9.743266739736606 3
      vertex -3.9942964258242113 9.429731498369883 3
    endloop
  endfacet
  facet normal -0.38268343236508995 0.9238795325112866 0
    outer loop
      vertex -7.0875 12.275910098644419 3
      vertex -3.6687599643282316 13.691998587647545 3
      vertex -3.6687599643282316 13.691998587647545 0
    endloop
  endfacet
  facet normal 0 0 1
    outer loop
      vertex -3.5 6.06217782649107 3
      vertex -1.8117333157176452 6.761480784023478 3
      vertex -3.6687599643282316 13.691998587647545 3
    endloop
  endfacet
  facet normal 0 0 1
    outer loop
      vertex -1.8117333157176452 6.761480784023478 3
      vertex 0 7 3
      vertex -3.6687599643282316 13.691998587647545 3
    endloop
  endfacet
  facet normal -0.13052619222005132 0.9914448613738106 0
    outer loop
      vertex -3.6687599643282316 13.691998587647545 0
      vertex -3.6687599643282316 13.691998587647545 3
      vertex 0 14.175 0
    endloop
  endfacet
  facet normal 0 0 1
    outer loop
      vertex -3.6687599643282316 13.691998587647545 3
      vertex 0 7 3
      vertex 0 14.175 3
    endloop
  endfacet
  facet normal -0.13052619222005132 0.9914448613738106 0
    outer loop
      vertex -3.6687599643282316 13.691998587647545 3
      vertex 0 14.175 3
      vertex 0 14.175 0
    endloop
  endfacet
  facet normal 0.13052619222005132 -0.9914448613738106 0
    outer loop
      vertex 0 -14.175 0
      vertex 3.6687599643282316 -13.691998587647545 3
      vertex 0 -14.175 3
    endloop
  endfacet
  facet normal 0 0 1
    outer loop
      vertex 0 -14.175 3
      vertex 3.6687599643282316 -13.691998587647545 3
      vertex 0 -7 3
    endloop
  endfacet
  facet normal 0.13052619222005132 -0.9914448613738106 0
    outer loop
      vertex 0 -14.175 0
      vertex 3.6687599643282316 -13.691998587647545 0
      vertex 3.6687599643282316 -13.691998587647545 3
    endloop
  endfacet
  facet normal 0 0 1
    outer loop
      vertex 3.6687599643282316 -13.691998587647545 3
      vertex 1.8117333157176452 -6.761480784023478 3
      vertex 0 -7 3
    endloop
  endfacet
  facet normal 0 0 1
    outer loop
      vertex 3.6687599643282316 -13.691998587647545 3
      vertex 3.5 -6.06217782649107 3
      vertex 1.8117333157176452 -6.761480784023478 3
    endloop
  endfacet
  facet normal 0.38268343236508995 -0.9238795325112866 0
    outer loop
      vertex 3.6687599643282316 -13.691998587647545 0
      vertex 7.0875 -12.275910098644419 3
      vertex 3.6687599643282316 -13.691998587647545 3
    endloop
  endfacet
  facet normal 0 0 -1
    outer loop
      vertex 3.6687599643282316 -13.691998587647545 0
      vertex 3.9942964258242113 -9.429731498369883 0
      vertex 4.12416697508023 -9.743266739736606 0
    endloop
  endfacet
  facet normal 0 0 -1
    outer loop
      vertex 3.6687599643282316 -13.691998587647545 0
      vertex 3.95 -9.093266739736606 0
      vertex 3.9942964258242113 -9.429731498369883 0
    endloop
  endfacet
  facet normal 0 0 -1
    outer loop
      vertex 3.6687599643282316 -13.691998587647545 0
      vertex 4.330761184457488 -10.012505555279118 0
      vertex 4.6000000000000005 -10.219099764656375 0
    endloop
  endfacet
  facet normal 0 0 -1
    outer loop
      vertex 3.6687599643282316 -13.691998587647545 0
      vertex 4.12416697508023 -9.743266739736606 0
      vertex 4.330761184457488 -10.012505555279118 0
    endloop
  endfacet
  facet normal 0 0 -1
    outer loop
      vertex 3.6687599643282316 -13.691998587647545 0
      vertex 4.6000000000000005 -10.219099764656375 0
      vertex 4.913535241366723 -10.348970313912394 0
    endloop
  endfacet
  facet normal 0 0 1
    outer loop
      vertex 3.6687599643282316 -13.691998587647545 3
      vertex 4.12416697508023 -9.743266739736606 3
      vertex 3.9942964258242113 -9.429731498369883 3
    endloop
  endfacet
  facet normal 0 0 1
    outer loop
      vertex 3.6687599643282316 -13.691998587647545 3
      vertex 4.6000000000000005 -10.219099764656375 3
      vertex 4.330761184457488 -10.012505555279118 3
    endloop
  endfacet
  facet normal 0 0 1
    outer loop
      vertex 3.6687599643282316 -13.691998587647545 3
      vertex 4.330761184457488 -10.012505555279118 3
      vertex 4.12416697508023 -9.743266739736606 3
    endloop
  endfacet
  facet normal 0 0 1
    outer loop
      vertex 3.6687599643282316 -13.691998587647545 3
      vertex 4.913535241366723 -10.348970313912394 3
      vertex 4.6000000000000005 -10.219099764656375 3
    endloop
  endfacet
  facet normal 0 0 -1
    outer loop
      vertex 3.6687599643282316 -13.691998587647545 0
      vertex 4.913535241366723 -10.348970313912394 0
      vertex 5.25 -10.393266739736603 0
    endloop
  endfacet
  facet normal 0 0 1
    outer loop
      vertex 3.6687599643282316 -13.691998587647545 3
      vertex 5.25 -10.393266739736603 3
      vertex 4.913535241366723 -10.348970313912394 3
    endloop
  endfacet
  facet normal 0 0 1
    outer loop
      vertex 3.6687599643282316 -13.691998587647545 3
      vertex 5.5864647586332765 -10.348970313912393 3
      vertex 5.25 -10.393266739736603 3
    endloop
  endfacet
  facet normal 0.38268343236508995 -0.9238795325112866 0
    outer loop
      vertex 3.6687599643282316 -13.691998587647545 0
      vertex 7.0875 -12.275910098644419 0
      vertex 7.0875 -12.275910098644419 3
    endloop
  endfacet
  facet normal 0 0 -1
    outer loop
      vertex 3.6687599643282316 -13.691998587647545 0
      vertex 5.25 -10.393266739736603 0
      vertex 7.0875 -12.275910098644419 0
    endloop
  endfacet
  facet normal 0 0 1
    outer loop
      vertex 3.6687599643282316 -13.691998587647545 3
      vertex 7.0875 -12.275910098644419 3
      vertex 5.5864647586332765 -10.348970313912393 3
    endloop
  endfacet
  facet normal 0 0 -1
    outer loop
      vertex 7.0875 -12.275910098644419 0
      vertex 5.25 -10.393266739736603 0
      vertex 5.5864647586332765 -10.348970313912393 0
    endloop
  endfacet
  facet normal 0 0 -1
    outer loop
      vertex 7.0875 -12.275910098644419 0
      vertex 5.5864647586332765 -10.348970313912393 0
      vertex 5.9 -10.219099764656375 0
    endloop
  endfacet
  facet normal 0 0 1
    outer loop
      vertex 7.0875 -12.275910098644419 3
      vertex 5.8999999999999995 -10.219099764656375 3
      vertex 5.5864647586332765 -10.348970313912393 3
    endloop
  endfacet
  facet normal 0 0 -1
    outer loop
      vertex 7.0875 -12.275910098644419 0
      vertex 5.9 -10.219099764656375 0
      vertex 6.169238815542512 -10.012505555279116 0
    endloop
  endfacet
  facet normal 0 0 -1
    outer loop
      vertex 7.0875 -12.275910098644419 0
      vertex 6.169238815542512 -10.012505555279116 0
      vertex 6.375833024919769 -9.743266739736605 0
    endloop
  endfacet
  facet normal 0 0 1
    outer loop
      vertex 7.0875 -12.275910098644419 3
      vertex 6.169238815542512 -10.012505555279116 3
      vertex 5.8999999999999995 -10.219099764656375 3
    endloop
  endfacet
  facet normal 0 0 1
    outer loop
      vertex 7.0875 -12.275910098644419 3
      vertex 6.375833024919769 -9.743266739736605 3
      vertex 6.169238815542512 -10.012505555279116 3
    endloop
  endfacet
  facet normal 0 0 1
    outer loop
      vertex 3.6687599643282316 -13.691998587647545 3
      vertex 3.9942964258242113 -9.429731498369883 3
      vertex 3.5 -6.06217782649107 3
    endloop
  endfacet
  facet normal 0 0 1
    outer loop
      vertex 3.5 -6.06217782649107 3
      vertex 3.9942964258242113 -9.429731498369883 3
      vertex 3.95 -9.093266739736606 3
    endloop
  endfacet
  facet normal 0 0 1
    outer loop
      vertex 3.5 -6.06217782649107 3
      vertex 3.95 -9.093266739736606 3
      vertex 3.9942964258242113 -8.75680198110333 3
    endloop
  endfacet
  facet normal 0 0 1
    outer loop
      vertex 3.5 -6.06217782649107 3
      vertex 3.9942964258242113 -8.75680198110333 3
      vertex 4.124166975080231 -8.443266739736606 3
    endloop
  endfacet
  facet normal 0 0 1
    outer loop
      vertex 3.5 -6.06217782649107 3
      vertex 4.124166975080231 -8.443266739736606 3
      vertex 4.330761184457488 -8.174027924194094 3
    endloop
  endfacet
  facet normal 0 0 1
    outer loop
      vertex 3.5 -6.06217782649107 3
      vertex 4.330761184457488 -8.174027924194094 3
      vertex 4.6 -7.967433714816835 3
    endloop
  endfacet
  facet normal 0 0 1
    outer loop
      vertex 3.5 -6.06217782649107 3
      vertex 4.6 -7.967433714816835 3
      vertex 4.9135352413667235 -7.837563165560818 3
    endloop
  endfacet
  facet normal 0 0 -1
    outer loop
      vertex 7.0875 -12.275910098644419 0
      vertex 6.375833024919769 -9.743266739736605 0
      vertex 6.505703574175789 -9.42973149836988 0
    endloop
  endfacet
  facet normal 0 0 -1
    outer loop
      vertex 7.0875 -12.275910098644419 0
      vertex 6.505703574175789 -9.42973149836988 0
      vertex 6.55 -9.093266739736604 0
    endloop
  endfacet
  facet normal 0 0 -1
    outer loop
      vertex 7.0875 -12.275910098644419 0
      vertex 6.55 -9.093266739736604 0
      vertex 6.505703574175788 -8.756801981103328 0
    endloop
  endfacet
  facet normal 0 0 1
    outer loop
      vertex 7.0875 -12.275910098644419 3
      vertex 6.505703574175789 -9.42973149836988 3
      vertex 6.375833024919769 -9.743266739736605 3
    endloop
  endfacet
  facet normal 0 0 1
    outer loop
      vertex 7.0875 -12.275910098644419 3
      vertex 6.55 -9.093266739736604 3
      vertex 6.505703574175789 -9.42973149836988 3
    endloop
  endfacet
  facet normal 0 0 1
    outer loop
      vertex 6.06217782649107 -3.5 3
      vertex 6.55 -9.093266739736604 3
      vertex 7.0875 -12.275910098644419 3
    endloop
  endfacet
  facet normal 0 0 1
    outer loop
      vertex 6.06217782649107 -3.5 3
      vertex 6.505703574175788 -8.756801981103328 3
      vertex 6.55 -9.093266739736604 3
    endloop
  endfacet
  facet normal 0 0 -1
    outer loop
      vertex 0 -14.175 0
      vertex 3.6687599643282316 13.691998587647545 0
      vertex 3.6687599643282316 -13.691998587647545 0
    endloop
  endfacet
  facet normal 0 0 1
    outer loop
      vertex 3.5 -6.06217782649107 3
      vertex 4.9135352413667235 -7.837563165560818 3
      vertex 4.949747468305833 -4.949747468305833 3
    endloop
  endfacet
  facet normal 0 0 1
    outer loop
      vertex 4.949747468305833 -4.949747468305833 3
      vertex 4.9135352413667235 -7.837563165560818 3
      vertex 5.25 -7.793266739736606 3
    endloop
  endfacet
  facet normal 0 0 1
    outer loop
      vertex 4.949747468305833 -4.949747468305833 3
      vertex 5.25 -7.793266739736606 3
      vertex 5.586464758633277 -7.837563165560817 3
    endloop
  endfacet
  facet normal 0 0 -1
    outer loop
      vertex 3.6687599643282316 -13.691998587647545 0
      vertex 4.9135352413667235 7.837563165560818 0
      vertex 3.95 -9.093266739736606 0
    endloop
  endfacet
  facet normal 0 0 1
    outer loop
      vertex 4.949747468305833 -4.949747468305833 3
      vertex 5.586464758633277 -7.837563165560817 3
      vertex 5.8999999999999995 -7.967433714816836 3
    endloop
  endfacet
  facet normal 0 0 1
    outer loop
      vertex 6.06217782649107 -3.5 3
      vertex 6.169238815542512 -8.174027924194093 3
      vertex 6.37583302491977 -8.443266739736606 3
    endloop
  endfacet
  facet normal 0 0 1
    outer loop
      vertex 6.06217782649107 -3.5 3
      vertex 5.8999999999999995 -7.967433714816836 3
      vertex 6.169238815542512 -8.174027924194093 3
    endloop
  endfacet
  facet normal 0 0 1
    outer loop
      vertex 4.949747468305833 -4.949747468305833 3
      vertex 5.8999999999999995 -7.967433714816836 3
      vertex 6.06217782649107 -3.5 3
    endloop
  endfacet
  facet normal 0 0 1
    outer loop
      vertex 6.06217782649107 -3.5 3
      vertex 6.37583302491977 -8.443266739736606 3
      vertex 6.505703574175788 -8.756801981103328 3
    endloop
  endfacet
  facet normal 0 0 1
    outer loop
      vertex 6.06217782649107 -3.5 3
      vertex 7.0875 -12.275910098644419 3
      vertex 6.761480784023478 -1.8117333157176452 3
    endloop
  endfacet
  facet normal 0 0 1
    outer loop
      vertex 6.761480784023478 -1.8117333157176452 3
      vertex 7.0875 -12.275910098644419 3
      vertex 7 0 3
    endloop
  endfacet
  facet normal 0 0 -1
    outer loop
      vertex 3.95 -9.093266739736606 0
      vertex 4.9135352413667235 7.837563165560818 0
      vertex 3.9942964258242113 -8.75680198110333 0
    endloop
  endfacet
  facet normal 0 0 -1
    outer loop
      vertex 7.0875 12.275910098644419 0
      vertex 4.124166975080231 -8.443266739736606 0
      vertex 3.9942964258242113 -8.75680198110333 0
    endloop
  endfacet
  facet normal 0 0 -1
    outer loop
      vertex 7.0875 12.275910098644419 0
      vertex 4.330761184457488 -8.174027924194094 0
      vertex 4.124166975080231 -8.443266739736606 0
    endloop
  endfacet
  facet normal 0 0 -1
    outer loop
      vertex 7.0875 -12.275910098644419 0
      vertex 6.505703574175788 -8.756801981103328 0
      vertex 7.0875 12.275910098644419 0
    endloop
  endfacet
  facet normal 0 0 -1
    outer loop
      vertex 7.0875 12.275910098644419 0
      vertex 4.6 -7.967433714816835 0
      vertex 4.330761184457488 -8.174027924194094 0
    endloop
  endfacet
  facet normal 0 0 -1
    outer loop
      vertex 7.0875 12.275910098644419 0
      vertex 4.9135352413667235 -7.837563165560818 0
      vertex 4.6 -7.967433714816835 0
    endloop
  endfacet
  facet normal 0 0 -1
    outer loop
      vertex 7.0875 12.275910098644419 0
      vertex 5.25 -7.793266739736606 0
      vertex 4.9135352413667235 -7.837563165560818 0
    endloop
  endfacet
  facet normal 0 0 -1
    outer loop
      vertex 7.0875 12.275910098644419 0
      vertex 5.586464758633277 -7.837563165560817 0
      vertex 5.25 -7.793266739736606 0
    endloop
  endfacet
  facet normal 0 0 -1
    outer loop
      vertex 7.0875 12.275910098644419 0
      vertex 5.8999999999999995 -7.967433714816836 0
      vertex 5.586464758633277 -7.837563165560817 0
    endloop
  endfacet
  facet normal 0 0 -1
    outer loop
      vertex 7.0875 12.275910098644419 0
      vertex 6.505703574175788 -8.756801981103328 0
      vertex 6.37583302491977 -8.443266739736606 0
    endloop
  endfacet
  facet normal 0 0 -1
    outer loop
      vertex 7.0875 12.275910098644419 0
      vertex 6.37583302491977 -8.443266739736606 0
      vertex 6.169238815542512 -8.174027924194093 0
    endloop
  endfacet
  facet normal 0 0 -1
    outer loop
      vertex 7.0875 12.275910098644419 0
      vertex 6.169238815542512 -8.174027924194093 0
      vertex 5.8999999999999995 -7.967433714816836 0
    endloop
  endfacet
  facet normal 0.6087614290087205 -0.7933533402912352 0
    outer loop
      vertex 7.0875 -12.275910098644419 0
      vertex 10.023238623319312 -10.023238623319312 3
      vertex 7.0875 -12.275910098644419 3
    endloop
  endfacet
  facet normal 0.6087614290087205 -0.7933533402912352 0
    outer loop
      vertex 7.0875 -12.275910098644419 0
      vertex 10.023238623319312 -10.023238623319312 0
      vertex 10.023238623319312 -10.023238623319312 3
    endloop
  endfacet
  facet normal 0 0 -1
    outer loop
      vertex 7.0875 -12.275910098644419 0
      vertex 9.85 -1.12583302491977 0
      vertex 10.023238623319312 -10.023238623319312 0
    endloop
  endfacet
  facet normal 0.7933533402912352 -0.6087614290087205 0
    outer loop
      vertex 10.023238623319312 -10.023238623319312 0
      vertex 12.275910098644419 -7.0875 0
      vertex 10.023238623319312 -10.023238623319312 3
    endloop
  endfacet
  facet normal 0.7933533402912352 -0.6087614290087205 0
    outer loop
      vertex 10.023238623319312 -10.023238623319312 3
      vertex 12.275910098644419 -7.0875 0
      vertex 12.275910098644419 -7.0875 3
    endloop
  endfacet
  facet normal 0 0 -1
    outer loop
      vertex 7.0875 -12.275910098644419 0
      vertex 9.580761184457488 -0.9192388155425119 0
      vertex 9.85 -1.12583302491977 0
    endloop
  endfacet
  facet normal 0 0 -1
    outer loop
      vertex 7.0875 -12.275910098644419 0
      vertex 9.37416697508023 -0.65 0
      vertex 9.580761184457488 -0.9192388155425119 0
    endloop
  endfacet
  facet normal 0 0 -1
    outer loop
      vertex 7.0875 -12.275910098644419 0
      vertex 9.244296425824212 -0.33646475863327696 0
      vertex 9.37416697508023 -0.65 0
    endloop
  endfacet
  facet normal 0 0 -1
    outer loop
      vertex 7.0875 -12.275910098644419 0
      vertex 9.2 0 0
      vertex 9.244296425824212 -0.33646475863327696 0
    endloop
  endfacet
  facet normal 0 0 -1
    outer loop
      vertex 7.0875 -12.275910098644419 0
      vertex 9.244296425824212 0.33646475863327696 0
      vertex 9.2 0 0
    endloop
  endfacet
  facet normal 0 0 1
    outer loop
      vertex 10.023238623319312 -10.023238623319312 3
      vertex 9.37416697508023 -0.65 3
      vertex 9.244296425824212 -0.33646475863327696 3
    endloop
  endfacet
  facet normal 0 0 1
    outer loop
      vertex 10.023238623319312 -10.023238623319312 3
      vertex 9.580761184457488 -0.9192388155425119 3
      vertex 9.37416697508023 -0.65 3
    endloop
  endfacet
  facet normal 0 0 -1
    outer loop
      vertex 10.023238623319312 -10.023238623319312 0
      vertex 9.85 -1.12583302491977 0
      vertex 10.163535241366723 -1.255703574175789 0
    endloop
  endfacet
  facet normal 0 0 -1
    outer loop
      vertex 10.023238623319312 -10.023238623319312 0
      vertex 10.163535241366723 -1.255703574175789 0
      vertex 10.5 -1.3 0
    endloop
  endfacet
  facet normal 0 0 -1
    outer loop
      vertex 10.023238623319312 -10.023238623319312 0
      vertex 10.5 -1.3 0
      vertex 10.836464758633277 -1.255703574175789 0
    endloop
  endfacet
  facet normal 0 0 1
    outer loop
      vertex 10.023238623319312 -10.023238623319312 3
      vertex 9.85 -1.12583302491977 3
      vertex 9.580761184457488 -0.9192388155425119 3
    endloop
  endfacet
  facet normal 0 0 1
    outer loop
      vertex 7.0875 -12.275910098644419 3
      vertex 10.023238623319312 -10.023238623319312 3
      vertex 7.0875 12.275910098644419 3
    endloop
  endfacet
  facet normal 0 0 -1
    outer loop
      vertex 7.0875 -12.275910098644419 0
      vertex 10.023238623319312 10.023238623319312 0
      vertex 9.244296425824212 0.33646475863327696 0
    endloop
  endfacet
  facet normal 0 0 -1
    outer loop
      vertex 10.023238623319312 -10.023238623319312 0
      vertex 11.419238815542512 -0.9192388155425119 0
      vertex 12.275910098644419 -7.0875 0
    endloop
  endfacet
  facet normal 0 0 1
    outer loop
      vertex 10.023238623319312 -10.023238623319312 3
      vertex 12.275910098644419 -7.0875 3
      vertex 9.85 -1.12583302491977 3
    endloop
  endfacet
  facet normal 0 0 -1
    outer loop
      vertex 10.023238623319312 -10.023238623319312 0
      vertex 10.836464758633277 -1.255703574175789 0
      vertex 11.15 -1.12583302491977 0
    endloop
  endfacet
  facet normal 0 0 -1
    outer loop
      vertex 10.023238623319312 -10.023238623319312 0
      vertex 11.15 -1.12583302491977 0
      vertex 11.419238815542512 -0.9192388155425119 0
    endloop
  endfacet
  facet normal 0.9238795325112866 -0.38268343236508995 0
    outer loop
      vertex 12.275910098644419 -7.0875 0
      vertex 13.691998587647545 -3.6687599643282316 0
      vertex 12.275910098644419 -7.0875 3
    endloop
  endfacet
  facet normal 0.9238795325112866 -0.38268343236508995 0
    outer loop
      vertex 12.275910098644419 -7.0875 3
      vertex 13.691998587647545 -3.6687599643282316 0
      vertex 13.691998587647545 -3.6687599643282316 3
    endloop
  endfacet
  facet normal 0 0 1
    outer loop
      vertex 12.275910098644419 -7.0875 3
      vertex 10.163535241366723 -1.255703574175789 3
      vertex 9.85 -1.12583302491977 3
    endloop
  endfacet
  facet normal 0 0 1
    outer loop
      vertex 12.275910098644419 -7.0875 3
      vertex 10.5 -1.3 3
      vertex 10.163535241366723 -1.255703574175789 3
    endloop
  endfacet
  facet normal 0 0 1
    outer loop
      vertex 12.275910098644419 -7.0875 3
      vertex 10.836464758633277 -1.255703574175789 3
      vertex 10.5 -1.3 3
    endloop
  endfacet
  facet normal 0 0 1
    outer loop
      vertex 12.275910098644419 -7.0875 3
      vertex 11.15 -1.12583302491977 3
      vertex 10.836464758633277 -1.255703574175789 3
    endloop
  endfacet
  facet normal 0 0 -1
    outer loop
      vertex 12.275910098644419 -7.0875 0
      vertex 11.419238815542512 -0.9192388155425119 0
      vertex 11.62583302491977 -0.65 0
    endloop
  endfacet
  facet normal 0 0 -1
    outer loop
      vertex 12.275910098644419 -7.0875 0
      vertex 11.62583302491977 -0.65 0
      vertex 11.755703574175788 -0.33646475863327696 0
    endloop
  endfacet
  facet normal 0 0 1
    outer loop
      vertex 12.275910098644419 -7.0875 3
      vertex 11.419238815542512 -0.9192388155425119 3
      vertex 11.15 -1.12583302491977 3
    endloop
  endfacet
  facet normal 0 0 1
    outer loop
      vertex 12.275910098644419 -7.0875 3
      vertex 11.62583302491977 -0.65 3
      vertex 11.419238815542512 -0.9192388155425119 3
    endloop
  endfacet
  facet normal 0 0 1
    outer loop
      vertex 12.275910098644419 -7.0875 3
      vertex 11.755703574175788 -0.33646475863327696 3
      vertex 11.62583302491977 -0.65 3
    endloop
  endfacet
  facet normal 0 0 -1
    outer loop
      vertex 12.275910098644419 -7.0875 0
      vertex 11.755703574175788 -0.33646475863327696 0
      vertex 11.8 0 0
    endloop
  endfacet
  facet normal 0 0 1
    outer loop
      vertex 12.275910098644419 -7.0875 3
      vertex 11.8 0 3
      vertex 11.755703574175788 -0.33646475863327696 3
    endloop
  endfacet
  facet normal 0 0 -1
    outer loop
      vertex 12.275910098644419 -7.0875 0
      vertex 13.691998587647545 3.6687599643282316 0
      vertex 13.691998587647545 -3.6687599643282316 0
    endloop
  endfacet
  facet normal 0.9914448613738106 -0.13052619222005132 0
    outer loop
      vertex 13.691998587647545 -3.6687599643282316 0
      vertex 14.175 0 0
      vertex 13.691998587647545 -3.6687599643282316 3
    endloop
  endfacet
  facet normal 0 0 1
    outer loop
      vertex 12.275910098644419 -7.0875 3
      vertex 13.691998587647545 -3.6687599643282316 3
      vertex 12.275910098644419 7.0875 3
    endloop
  endfacet
  facet normal 0.9914448613738106 -0.13052619222005132 0
    outer loop
      vertex 13.691998587647545 -3.6687599643282316 3
      vertex 14.175 0 0
      vertex 14.175 0 3
    endloop
  endfacet
  facet normal 0 0 -1
    outer loop
      vertex 0 -14.175 0
      vertex 0 14.175 0
      vertex 3.6687599643282316 13.691998587647545 0
    endloop
  endfacet
  facet normal 0 0 -1
    outer loop
      vertex 3.6687599643282316 -13.691998587647545 0
      vertex 4.330761184457488 8.174027924194094 0
      vertex 4.6 7.967433714816835 0
    endloop
  endfacet
  facet normal 0 0 -1
    outer loop
      vertex 3.6687599643282316 -13.691998587647545 0
      vertex 4.6 7.967433714816835 0
      vertex 4.9135352413667235 7.837563165560818 0
    endloop
  endfacet
  facet normal 0 0 -1
    outer loop
      vertex 3.6687599643282316 -13.691998587647545 0
      vertex 3.9942964258242113 8.75680198110333 0
      vertex 4.124166975080231 8.443266739736606 0
    endloop
  endfacet
  facet normal 0 0 -1
    outer loop
      vertex 3.6687599643282316 -13.691998587647545 0
      vertex 3.95 9.093266739736606 0
      vertex 3.9942964258242113 8.75680198110333 0
    endloop
  endfacet
  facet normal 0 0 -1
    outer loop
      vertex 3.6687599643282316 -13.691998587647545 0
      vertex 4.124166975080231 8.443266739736606 0
      vertex 4.330761184457488 8.174027924194094 0
    endloop
  endfacet
  facet normal 0 0 -1
    outer loop
      vertex 3.6687599643282316 -13.691998587647545 0
      vertex 3.6687599643282316 13.691998587647545 0
      vertex 3.95 9.093266739736606 0
    endloop
  endfacet
  facet normal 0 0 -1
    outer loop
      vertex 3.9942964258242113 -8.75680198110333 0
      vertex 4.9135352413667235 7.837563165560818 0
      vertex 5.25 7.793266739736606 0
    endloop
  endfacet
  facet normal 0 0 -1
    outer loop
      vertex 3.9942964258242113 -8.75680198110333 0
      vertex 5.25 7.793266739736606 0
      vertex 5.586464758633277 7.837563165560817 0
    endloop
  endfacet
  facet normal 0 0 -1
    outer loop
      vertex 3.9942964258242113 -8.75680198110333 0
      vertex 5.586464758633277 7.837563165560817 0
      vertex 5.8999999999999995 7.967433714816836 0
    endloop
  endfacet
  facet normal 0 0 1
    outer loop
      vertex 7.0875 -12.275910098644419 3
      vertex 7.0875 12.275910098644419 3
      vertex 7 0 3
    endloop
  endfacet
  facet normal 0 0 -1
    outer loop
      vertex 3.9942964258242113 -8.75680198110333 0
      vertex 5.8999999999999995 7.967433714816836 0
      vertex 6.169238815542512 8.174027924194093 0
    endloop
  endfacet
  facet normal 0 0 -1
    outer loop
      vertex 3.9942964258242113 -8.75680198110333 0
      vertex 6.169238815542512 8.174027924194093 0
      vertex 6.37583302491977 8.443266739736606 0
    endloop
  endfacet
  facet normal 0 0 -1
    outer loop
      vertex 3.9942964258242113 -8.75680198110333 0
      vertex 6.37583302491977 8.443266739736606 0
      vertex 6.505703574175788 8.756801981103328 0
    endloop
  endfacet
  facet normal 0 0 1
    outer loop
      vertex 3.5 6.06217782649107 3
      vertex 4.949747468305833 4.949747468305833 3
      vertex 4.330761184457488 8.174027924194094 3
    endloop
  endfacet
  facet normal 0 0 1
    outer loop
      vertex 4.949747468305833 4.949747468305833 3
      vertex 4.6 7.967433714816835 3
      vertex 4.330761184457488 8.174027924194094 3
    endloop
  endfacet
  facet normal 0 0 1
    outer loop
      vertex 4.949747468305833 4.949747468305833 3
      vertex 4.9135352413667235 7.837563165560818 3
      vertex 4.6 7.967433714816835 3
    endloop
  endfacet
  facet normal 0 0 1
    outer loop
      vertex 4.949747468305833 4.949747468305833 3
      vertex 5.25 7.793266739736606 3
      vertex 4.9135352413667235 7.837563165560818 3
    endloop
  endfacet
  facet normal 0 0 1
    outer loop
      vertex 4.949747468305833 4.949747468305833 3
      vertex 5.586464758633277 7.837563165560817 3
      vertex 5.25 7.793266739736606 3
    endloop
  endfacet
  facet normal 0 0 -1
    outer loop
      vertex 7.0875 12.275910098644419 0
      vertex 3.9942964258242113 -8.75680198110333 0
      vertex 6.505703574175788 8.756801981103328 0
    endloop
  endfacet
  facet normal 0 0 1
    outer loop
      vertex 7 0 3
      vertex 7.0875 12.275910098644419 3
      vertex 6.761480784023478 1.8117333157176452 3
    endloop
  endfacet
  facet normal 0 0 1
    outer loop
      vertex 6.06217782649107 3.5 3
      vertex 5.586464758633277 7.837563165560817 3
      vertex 4.949747468305833 4.949747468305833 3
    endloop
  endfacet
  facet normal 0 0 1
    outer loop
      vertex 6.06217782649107 3.5 3
      vertex 5.8999999999999995 7.967433714816836 3
      vertex 5.586464758633277 7.837563165560817 3
    endloop
  endfacet
  facet normal 0 0 1
    outer loop
      vertex 6.06217782649107 3.5 3
      vertex 6.169238815542512 8.174027924194093 3
      vertex 5.8999999999999995 7.967433714816836 3
    endloop
  endfacet
  facet normal 0 0 1
    outer loop
      vertex 6.06217782649107 3.5 3
      vertex 6.37583302491977 8.443266739736606 3
      vertex 6.169238815542512 8.174027924194093 3
    endloop
  endfacet
  facet normal 0 0 1
    outer loop
      vertex 6.06217782649107 3.5 3
      vertex 6.761480784023478 1.8117333157176452 3
      vertex 7.0875 12.275910098644419 3
    endloop
  endfacet
  facet normal 0 0 1
    outer loop
      vertex 6.06217782649107 3.5 3
      vertex 6.505703574175788 8.756801981103328 3
      vertex 6.37583302491977 8.443266739736606 3
    endloop
  endfacet
  facet normal 0 0 1
    outer loop
      vertex 0 7 3
      vertex 1.8117333157176452 6.761480784023478 3
      vertex 0 14.175 3
    endloop
  endfacet
  facet normal 0 0 1
    outer loop
      vertex 1.8117333157176452 6.761480784023478 3
      vertex 3.5 6.06217782649107 3
      vertex 3.6687599643282316 13.691998587647545 3
    endloop
  endfacet
  facet normal 0.13052619222005132 0.9914448613738106 0
    outer loop
      vertex 0 14.175 0
      vertex 0 14.175 3
      vertex 3.6687599643282316 13.691998587647545 0
    endloop
  endfacet
  facet normal 0 0 1
    outer loop
      vertex 1.8117333157176452 6.761480784023478 3
      vertex 3.6687599643282316 13.691998587647545 3
      vertex 0 14.175 3
    endloop
  endfacet
  facet normal 0.13052619222005132 0.9914448613738106 0
    outer loop
      vertex 0 14.175 3
      vertex 3.6687599643282316 13.691998587647545 3
      vertex 3.6687599643282316 13.691998587647545 0
    endloop
  endfacet
  facet normal 0 0 1
    outer loop
      vertex 3.5 6.06217782649107 3
      vertex 4.330761184457488 8.174027924194094 3
      vertex 4.124166975080231 8.443266739736606 3
    endloop
  endfacet
  facet normal 0 0 1
    outer loop
      vertex 3.5 6.06217782649107 3
      vertex 4.124166975080231 8.443266739736606 3
      vertex 3.9942964258242113 8.75680198110333 3
    endloop
  endfacet
  facet normal 0 0 1
    outer loop
      vertex 3.5 6.06217782649107 3
      vertex 3.9942964258242113 8.75680198110333 3
      vertex 3.95 9.093266739736606 3
    endloop
  endfacet
  facet normal 0 0 1
    outer loop
      vertex 3.5 6.06217782649107 3
      vertex 3.95 9.093266739736606 3
      vertex 3.9942964258242113 9.429731498369883 3
    endloop
  endfacet
  facet normal 0 0 1
    outer loop
      vertex 3.5 6.06217782649107 3
      vertex 3.9942964258242113 9.429731498369883 3
      vertex 3.6687599643282316 13.691998587647545 3
    endloop
  endfacet
  facet normal 0 0 1
    outer loop
      vertex 6.06217782649107 3.5 3
      vertex 7.0875 12.275910098644419 3
      vertex 6.505703574175788 8.756801981103328 3
    endloop
  endfacet
  facet normal 0 0 -1
    outer loop
      vertex 7.0875 12.275910098644419 0
      vertex 6.505703574175789 9.42973149836988 0
      vertex 6.375833024919769 9.743266739736605 0
    endloop
  endfacet
  facet normal 0 0 -1
    outer loop
      vertex 7.0875 12.275910098644419 0
      vertex 6.505703574175788 8.756801981103328 0
      vertex 6.55 9.093266739736604 0
    endloop
  endfacet
  facet normal 0 0 -1
    outer loop
      vertex 7.0875 12.275910098644419 0
      vertex 6.55 9.093266739736604 0
      vertex 6.505703574175789 9.42973149836988 0
    endloop
  endfacet
  facet normal 0 0 1
    outer loop
      vertex 7.0875 12.275910098644419 3
      vertex 6.375833024919769 9.743266739736605 3
      vertex 6.505703574175789 9.42973149836988 3
    endloop
  endfacet
  facet normal 0 0 1
    outer loop
      vertex 7.0875 12.275910098644419 3
      vertex 6.55 9.093266739736604 3
      vertex 6.505703574175788 8.756801981103328 3
    endloop
  endfacet
  facet normal 0 0 1
    outer loop
      vertex 7.0875 12.275910098644419 3
      vertex 6.505703574175789 9.42973149836988 3
      vertex 6.55 9.093266739736604 3
    endloop
  endfacet
  facet normal 0 0 -1
    outer loop
      vertex 3.6687599643282316 13.691998587647545 0
      vertex 3.9942964258242113 9.429731498369883 0
      vertex 3.95 9.093266739736606 0
    endloop
  endfacet
  facet normal 0 0 -1
    outer loop
      vertex 3.6687599643282316 13.691998587647545 0
      vertex 4.12416697508023 9.743266739736606 0
      vertex 3.9942964258242113 9.429731498369883 0
    endloop
  endfacet
  facet normal 0 0 -1
    outer loop
      vertex 3.6687599643282316 13.691998587647545 0
      vertex 4.330761184457488 10.012505555279118 0
      vertex 4.12416697508023 9.743266739736606 0
    endloop
  endfacet
  facet normal 0 0 -1
    outer loop
      vertex 3.6687599643282316 13.691998587647545 0
      vertex 4.6000000000000005 10.219099764656375 0
      vertex 4.330761184457488 10.012505555279118 0
    endloop
  endfacet
  facet normal 0 0 -1
    outer loop
      vertex 3.6687599643282316 13.691998587647545 0
      vertex 4.913535241366723 10.348970313912394 0
      vertex 4.6000000000000005 10.219099764656375 0
    endloop
  endfacet
  facet normal 0 0 1
    outer loop
      vertex 3.6687599643282316 13.691998587647545 3
      vertex 3.9942964258242113 9.429731498369883 3
      vertex 4.12416697508023 9.743266739736606 3
    endloop
  endfacet
  facet normal 0 0 1
    outer loop
      vertex 3.6687599643282316 13.691998587647545 3
      vertex 4.12416697508023 9.743266739736606 3
      vertex 4.330761184457488 10.012505555279118 3
    endloop
  endfacet
  facet normal 0 0 1
    outer loop
      vertex 3.6687599643282316 13.691998587647545 3
      vertex 4.330761184457488 10.012505555279118 3
      vertex 4.6000000000000005 10.219099764656375 3
    endloop
  endfacet
  facet normal 0 0 1
    outer loop
      vertex 3.6687599643282316 13.691998587647545 3
      vertex 4.6000000000000005 10.219099764656375 3
      vertex 4.913535241366723 10.348970313912394 3
    endloop
  endfacet
  facet normal 0 0 -1
    outer loop
      vertex 3.6687599643282316 13.691998587647545 0
      vertex 5.25 10.393266739736603 0
      vertex 4.913535241366723 10.348970313912394 0
    endloop
  endfacet
  facet normal 0 0 1
    outer loop
      vertex 3.6687599643282316 13.691998587647545 3
      vertex 4.913535241366723 10.348970313912394 3
      vertex 5.25 10.393266739736603 3
    endloop
  endfacet
  facet normal 0 0 1
    outer loop
      vertex 3.6687599643282316 13.691998587647545 3
      vertex 5.25 10.393266739736603 3
      vertex 5.5864647586332765 10.348970313912393 3
    endloop
  endfacet
  facet normal 0.38268343236508995 0.9238795325112866 0
    outer loop
      vertex 3.6687599643282316 13.691998587647545 0
      vertex 3.6687599643282316 13.691998587647545 3
      vertex 7.0875 12.275910098644419 0
    endloop
  endfacet
  facet normal 0 0 -1
    outer loop
      vertex 7.0875 12.275910098644419 0
      vertex 5.5864647586332765 10.348970313912393 0
      vertex 5.25 10.393266739736603 0
    endloop
  endfacet
  facet normal 0 0 -1
    outer loop
      vertex 7.0875 12.275910098644419 0
      vertex 5.9 10.219099764656375 0
      vertex 5.5864647586332765 10.348970313912393 0
    endloop
  endfacet
  facet normal 0 0 1
    outer loop
      vertex 7.0875 12.275910098644419 3
      vertex 5.5864647586332765 10.348970313912393 3
      vertex 5.9 10.219099764656375 3
    endloop
  endfacet
  facet normal 0 0 -1
    outer loop
      vertex 3.6687599643282316 13.691998587647545 0
      vertex 7.0875 12.275910098644419 0
      vertex 5.25 10.393266739736603 0
    endloop
  endfacet
  facet normal 0 0 1
    outer loop
      vertex 3.6687599643282316 13.691998587647545 3
      vertex 5.5864647586332765 10.348970313912393 3
      vertex 7.0875 12.275910098644419 3
    endloop
  endfacet
  facet normal 0 0 -1
    outer loop
      vertex 7.0875 12.275910098644419 0
      vertex 6.169238815542512 10.012505555279116 0
      vertex 5.9 10.219099764656375 0
    endloop
  endfacet
  facet normal 0 0 -1
    outer loop
      vertex 7.0875 12.275910098644419 0
      vertex 6.375833024919769 9.743266739736605 0
      vertex 6.169238815542512 10.012505555279116 0
    endloop
  endfacet
  facet normal 0 0 1
    outer loop
      vertex 7.0875 12.275910098644419 3
      vertex 5.9 10.219099764656375 3
      vertex 6.169238815542512 10.012505555279116 3
    endloop
  endfacet
  facet normal 0 0 1
    outer loop
      vertex 7.0875 12.275910098644419 3
      vertex 6.169238815542512 10.012505555279116 3
      vertex 6.375833024919769 9.743266739736605 3
    endloop
  endfacet
  facet normal 0.38268343236508995 0.9238795325112866 0
    outer loop
      vertex 3.6687599643282316 13.691998587647545 3
      vertex 7.0875 12.275910098644419 3
      vertex 7.0875 12.275910098644419 0
    endloop
  endfacet
  facet normal 0 0 1
    outer loop
      vertex 10.023238623319312 -10.023238623319312 3
      vertex 9.244296425824212 -0.33646475863327696 3
      vertex 7.0875 12.275910098644419 3
    endloop
  endfacet
  facet normal 0 0 -1
    outer loop
      vertex 7.0875 -12.275910098644419 0
      vertex 7.0875 12.275910098644419 0
      vertex 10.023238623319312 10.023238623319312 0
    endloop
  endfacet
  facet normal 0 0 1
    outer loop
      vertex 7.0875 12.275910098644419 3
      vertex 9.244296425824212 -0.33646475863327696 3
      vertex 9.2 0 3
    endloop
  endfacet
  facet normal 0 0 1
    outer loop
      vertex 7.0875 12.275910098644419 3
      vertex 9.2 0 3
      vertex 9.244296425824212 0.33646475863327696 3
    endloop
  endfacet
  facet normal 0 0 1
    outer loop
      vertex 7.0875 12.275910098644419 3
      vertex 9.244296425824212 0.33646475863327696 3
      vertex 9.37416697508023 0.65 3
    endloop
  endfacet
  facet normal 0 0 1
    outer loop
      vertex 7.0875 12.275910098644419 3
      vertex 9.37416697508023 0.65 3
      vertex 9.580761184457488 0.9192388155425119 3
    endloop
  endfacet
  facet normal 0 0 1
    outer loop
      vertex 7.0875 12.275910098644419 3
      vertex 9.580761184457488 0.9192388155425119 3
      vertex 9.85 1.12583302491977 3
    endloop
  endfacet
  facet normal 0 0 -1
    outer loop
      vertex 10.023238623319312 10.023238623319312 0
      vertex 9.37416697508023 0.65 0
      vertex 9.244296425824212 0.33646475863327696 0
    endloop
  endfacet
  facet normal 0 0 -1
    outer loop
      vertex 10.023238623319312 10.023238623319312 0
      vertex 9.580761184457488 0.9192388155425119 0
      vertex 9.37416697508023 0.65 0
    endloop
  endfacet
  facet normal 0 0 -1
    outer loop
      vertex 10.023238623319312 10.023238623319312 0
      vertex 9.85 1.12583302491977 0
      vertex 9.580761184457488 0.9192388155425119 0
    endloop
  endfacet
  facet normal 0 0 1
    outer loop
      vertex 10.023238623319312 10.023238623319312 3
      vertex 9.85 1.12583302491977 3
      vertex 10.163535241366723 1.255703574175789 3
    endloop
  endfacet
  facet normal 0 0 1
    outer loop
      vertex 10.023238623319312 10.023238623319312 3
      vertex 10.163535241366723 1.255703574175789 3
      vertex 10.5 1.3 3
    endloop
  endfacet
  facet normal 0 0 1
    outer loop
      vertex 10.023238623319312 10.023238623319312 3
      vertex 10.5 1.3 3
      vertex 10.836464758633277 1.255703574175789 3
    endloop
  endfacet
  facet normal 0 0 -1
    outer loop
      vertex 12.275910098644419 -7.0875 0
      vertex 11.8 0 0
      vertex 12.275910098644419 7.0875 0
    endloop
  endfacet
  facet normal 0 0 1
    outer loop
      vertex 12.275910098644419 -7.0875 3
      vertex 12.275910098644419 7.0875 3
      vertex 11.8 0 3
    endloop
  endfacet
  facet normal 0 0 -1
    outer loop
      vertex 12.275910098644419 7.0875 0
      vertex 10.163535241366723 1.255703574175789 0
      vertex 9.85 1.12583302491977 0
    endloop
  endfacet
  facet normal 0 0 -1
    outer loop
      vertex 12.275910098644419 7.0875 0
      vertex 10.5 1.3 0
      vertex 10.163535241366723 1.255703574175789 0
    endloop
  endfacet
  facet normal 0 0 -1
    outer loop
      vertex 12.275910098644419 7.0875 0
      vertex 10.836464758633277 1.255703574175789 0
      vertex 10.5 1.3 0
    endloop
  endfacet
  facet normal 0 0 -1
    outer loop
      vertex 12.275910098644419 7.0875 0
      vertex 11.15 1.12583302491977 0
      vertex 10.836464758633277 1.255703574175789 0
    endloop
  endfacet
  facet normal 0 0 -1
    outer loop
      vertex 12.275910098644419 7.0875 0
      vertex 11.8 0 0
      vertex 11.755703574175788 0.33646475863327696 0
    endloop
  endfacet
  facet normal 0 0 1
    outer loop
      vertex 12.275910098644419 7.0875 3
      vertex 11.755703574175788 0.33646475863327696 3
      vertex 11.8 0 3
    endloop
  endfacet
  facet normal 0 0 -1
    outer loop
      vertex 12.275910098644419 7.0875 0
      vertex 11.419238815542512 0.9192388155425119 0
      vertex 11.15 1.12583302491977 0
    endloop
  endfacet
  facet normal 0 0 -1
    outer loop
      vertex 12.275910098644419 7.0875 0
      vertex 11.62583302491977 0.65 0
      vertex 11.419238815542512 0.9192388155425119 0
    endloop
  endfacet
  facet normal 0 0 -1
    outer loop
      vertex 12.275910098644419 7.0875 0
      vertex 11.755703574175788 0.33646475863327696 0
      vertex 11.62583302491977 0.65 0
    endloop
  endfacet
  facet normal 0 0 1
    outer loop
      vertex 12.275910098644419 7.0875 3
      vertex 11.419238815542512 0.9192388155425119 3
      vertex 11.62583302491977 0.65 3
    endloop
  endfacet
  facet normal 0 0 1
    outer loop
      vertex 12.275910098644419 7.0875 3
      vertex 11.62583302491977 0.65 3
      vertex 11.755703574175788 0.33646475863327696 3
    endloop
  endfacet
  facet normal 0 0 -1
    outer loop
      vertex 12.275910098644419 -7.0875 0
      vertex 12.275910098644419 7.0875 0
      vertex 13.691998587647545 3.6687599643282316 0
    endloop
  endfacet
  facet normal 0 0 -1
    outer loop
      vertex 13.691998587647545 -3.6687599643282316 0
      vertex 13.691998587647545 3.6687599643282316 0
      vertex 14.175 0 0
    endloop
  endfacet
  facet normal 0 0 1
    outer loop
      vertex 13.691998587647545 -3.6687599643282316 3
      vertex 14.175 0 3
      vertex 13.691998587647545 3.6687599643282316 3
    endloop
  endfacet
  facet normal 0.9914448613738106 0.13052619222005132 0
    outer loop
      vertex 14.175 0 0
      vertex 13.691998587647545 3.6687599643282316 0
      vertex 14.175 0 3
    endloop
  endfacet
  facet normal 0 0 1
    outer loop
      vertex 13.691998587647545 -3.6687599643282316 3
      vertex 13.691998587647545 3.6687599643282316 3
      vertex 12.275910098644419 7.0875 3
    endloop
  endfacet
  facet normal 0.9914448613738106 0.13052619222005132 0
    outer loop
      vertex 14.175 0 3
      vertex 13.691998587647545 3.6687599643282316 0
      vertex 13.691998587647545 3.6687599643282316 3
    endloop
  endfacet
  facet normal 0 0 1
    outer loop
      vertex 10.023238623319312 10.023238623319312 3
      vertex 10.836464758633277 1.255703574175789 3
      vertex 11.15 1.12583302491977 3
    endloop
  endfacet
  facet normal 0 0 1
    outer loop
      vertex 10.023238623319312 10.023238623319312 3
      vertex 11.15 1.12583302491977 3
      vertex 11.419238815542512 0.9192388155425119 3
    endloop
  endfacet
  facet normal 0 0 -1
    outer loop
      vertex 10.023238623319312 10.023238623319312 0
      vertex 12.275910098644419 7.0875 0
      vertex 9.85 1.12583302491977 0
    endloop
  endfacet
  facet normal 0 0 1
    outer loop
      vertex 10.023238623319312 10.023238623319312 3
      vertex 11.419238815542512 0.9192388155425119 3
      vertex 12.275910098644419 7.0875 3
    endloop
  endfacet
  facet normal 0.9238795325112866 0.38268343236508995 0
    outer loop
      vertex 13.691998587647545 3.6687599643282316 0
      vertex 12.275910098644419 7.0875 0
      vertex 13.691998587647545 3.6687599643282316 3
    endloop
  endfacet
  facet normal 0.9238795325112866 0.38268343236508995 0
    outer loop
      vertex 13.691998587647545 3.6687599643282316 3
      vertex 12.275910098644419 7.0875 0
      vertex 12.275910098644419 7.0875 3
    endloop
  endfacet
  facet normal 0 0 1
    outer loop
      vertex 10.023238623319312 10.023238623319312 3
      vertex 7.0875 12.275910098644419 3
      vertex 9.85 1.12583302491977 3
    endloop
  endfacet
  facet normal 0.6087614290087205 0.7933533402912352 0
    outer loop
      vertex 10.023238623319312 10.023238623319312 0
      vertex 7.0875 12.275910098644419 0
      vertex 7.0875 12.275910098644419 3
    endloop
  endfacet
  facet normal 0.6087614290087205 0.7933533402912352 0
    outer loop
      vertex 10.023238623319312 10.023238623319312 0
      vertex 7.0875 12.275910098644419 3
      vertex 10.023238623319312 10.023238623319312 3
    endloop
  endfacet
  facet normal 0.7933533402912352 0.6087614290087205 0
    outer loop
      vertex 10.023238623319312 10.023238623319312 0
      vertex 12.275910098644419 7.0875 3
      vertex 12.275910098644419 7.0875 0
    endloop
  endfacet
  facet normal 0.7933533402912352 0.6087614290087205 0
    outer loop
      vertex 10.023238623319312 10.023238623319312 0
      vertex 10.023238623319312 10.023238623319312 3
      vertex 12.275910098644419 7.0875 3
    endloop
  endfacet
  facet normal -0.7933533402912353 -0.6087614290087207 0
    outer loop
      vertex -4.949747468305833 -4.949747468305833 3
      vertex -6.06217782649107 -3.5 19.119999999999997
      vertex -6.06217782649107 -3.5 3
    endloop
  endfacet
  facet normal -0.6087614290087207 -0.7933533402912353 0
    outer loop
      vertex -4.949747468305833 -4.949747468305833 3
      vertex -3.5 -6.06217782649107 3
      vertex -3.5 -6.06217782649107 19.119999999999997
    endloop
  endfacet
  facet normal -0.6087614290087207 -0.7933533402912353 0
    outer loop
      vertex -4.949747468305833 -4.949747468305833 3
      vertex -3.5 -6.06217782649107 19.119999999999997
      vertex -4.949747468305833 -4.949747468305833 19.119999999999997
    endloop
  endfacet
  facet normal -0.7933533402912353 -0.6087614290087207 0
    outer loop
      vertex -4.949747468305833 -4.949747468305833 3
      vertex -4.949747468305833 -4.949747468305833 19.119999999999997
      vertex -6.06217782649107 -3.5 19.119999999999997
    endloop
  endfacet
  facet normal -0.9238795325112868 -0.3826834323650898 0
    outer loop
      vertex -6.761480784023478 -1.8117333157176452 3
      vertex -6.06217782649107 -3.5 3
      vertex -6.761480784023478 -1.8117333157176452 19.119999999999997
    endloop
  endfacet
  facet normal -0.9914448613738104 -0.13052619222005168 0
    outer loop
      vertex -6.761480784023478 -1.8117333157176452 3
      vertex -7 0 19.119999999999997
      vertex -7 0 3
    endloop
  endfacet
  facet normal -0.9238795325112868 -0.3826834323650898 0
    outer loop
      vertex -6.06217782649107 -3.5 3
      vertex -6.06217782649107 -3.5 19.119999999999997
      vertex -6.761480784023478 -1.8117333157176452 19.119999999999997
    endloop
  endfacet
  facet normal -0.9914448613738104 -0.13052619222005168 0
    outer loop
      vertex -6.761480784023478 -1.8117333157176452 3
      vertex -6.761480784023478 -1.8117333157176452 19.119999999999997
      vertex -7 0 19.119999999999997
    endloop
  endfacet
  facet normal -0.3826834323650898 -0.9238795325112868 7.537884586024309e-18
    outer loop
      vertex -3.5 -6.06217782649107 3
      vertex -1.8117333157176452 -6.761480784023478 3
      vertex -1.811733315717645 -6.761480784023478 19.119999999999997
    endloop
  endfacet
  facet normal -0.13052619222005168 -0.9914448613738104 0
    outer loop
      vertex -1.8117333157176452 -6.761480784023478 3
      vertex 0 -7 3
      vertex 0 -7 19.119999999999997
    endloop
  endfacet
  facet normal -0.3826834323650897 -0.9238795325112868 0
    outer loop
      vertex -3.5 -6.06217782649107 3
      vertex -1.811733315717645 -6.761480784023478 19.119999999999997
      vertex -3.5 -6.06217782649107 19.119999999999997
    endloop
  endfacet
  facet normal -0.1305261922200517 -0.9914448613738104 1.79793032158003e-18
    outer loop
      vertex -1.8117333157176452 -6.761480784023478 3
      vertex 0 -7 19.119999999999997
      vertex -1.811733315717645 -6.761480784023478 19.119999999999997
    endloop
  endfacet
  facet normal -0.9914448613738104 0.13052619222005168 0
    outer loop
      vertex -7 0 3
      vertex -6.761480784023478 1.8117333157176452 19.119999999999997
      vertex -6.761480784023478 1.8117333157176452 3
    endloop
  endfacet
  facet normal -0.9238795325112868 0.3826834323650898 0
    outer loop
      vertex -6.761480784023478 1.8117333157176452 3
      vertex -6.06217782649107 3.5 19.119999999999997
      vertex -6.06217782649107 3.5 3
    endloop
  endfacet
  facet normal -0.9914448613738104 0.13052619222005168 0
    outer loop
      vertex -7 0 3
      vertex -7 0 19.119999999999997
      vertex -6.761480784023478 1.8117333157176452 19.119999999999997
    endloop
  endfacet
  facet normal -0.9238795325112868 0.3826834323650898 0
    outer loop
      vertex -6.761480784023478 1.8117333157176452 3
      vertex -6.761480784023478 1.8117333157176452 19.119999999999997
      vertex -6.06217782649107 3.5 19.119999999999997
    endloop
  endfacet
  facet normal -0.7933533402912353 0.6087614290087207 0
    outer loop
      vertex -6.06217782649107 3.5 3
      vertex -4.949747468305833 4.949747468305833 19.119999999999997
      vertex -4.949747468305833 4.949747468305833 3
    endloop
  endfacet
  facet normal -0.6087614290087207 0.7933533402912353 0
    outer loop
      vertex -4.949747468305833 4.949747468305833 3
      vertex -4.949747468305833 4.949747468305833 19.119999999999997
      vertex -3.5 6.06217782649107 3
    endloop
  endfacet
  facet normal -0.7933533402912353 0.6087614290087207 0
    outer loop
      vertex -6.06217782649107 3.5 3
      vertex -6.06217782649107 3.5 19.119999999999997
      vertex -4.949747468305833 4.949747468305833 19.119999999999997
    endloop
  endfacet
  facet normal -0.6087614290087207 0.7933533402912353 0
    outer loop
      vertex -3.5 6.06217782649107 3
      vertex -4.949747468305833 4.949747468305833 19.119999999999997
      vertex -3.5 6.06217782649107 19.119999999999997
    endloop
  endfacet
  facet normal -0.3826834323650898 0.9238795325112868 0
    outer loop
      vertex -3.5 6.06217782649107 3
      vertex -3.5 6.06217782649107 19.119999999999997
      vertex -1.8117333157176452 6.761480784023478 3
    endloop
  endfacet
  facet normal -0.13052619222005168 0.9914448613738104 0
    outer loop
      vertex -1.8117333157176452 6.761480784023478 3
      vertex -1.8117333157176452 6.761480784023478 19.119999999999997
      vertex 0 7 3
    endloop
  endfacet
  facet normal -0.3826834323650898 0.9238795325112868 0
    outer loop
      vertex -1.8117333157176452 6.761480784023478 3
      vertex -3.5 6.06217782649107 19.119999999999997
      vertex -1.8117333157176452 6.761480784023478 19.119999999999997
    endloop
  endfacet
  facet normal -0.13052619222005168 0.9914448613738104 0
    outer loop
      vertex -1.8117333157176452 6.761480784023478 19.119999999999997
      vertex 0 7 19.119999999999997
      vertex 0 7 3
    endloop
  endfacet
  facet normal 0.13052619222005168 -0.9914448613738104 0
    outer loop
      vertex 0 -7 3
      vertex 1.8117333157176452 -6.761480784023478 3
      vertex 1.8117333157176452 -6.761480784023478 19.119999999999997
    endloop
  endfacet
  facet normal 0.3826834323650898 -0.9238795325112868 0
    outer loop
      vertex 1.8117333157176452 -6.761480784023478 3
      vertex 3.5 -6.06217782649107 3
      vertex 3.5 -6.06217782649107 19.119999999999997
    endloop
  endfacet
  facet normal 0.13052619222005168 -0.9914448613738104 0
    outer loop
      vertex 0 -7 3
      vertex 1.8117333157176452 -6.761480784023478 19.119999999999997
      vertex 0 -7 19.119999999999997
    endloop
  endfacet
  facet normal 0.3826834323650898 -0.9238795325112868 0
    outer loop
      vertex 1.8117333157176452 -6.761480784023478 3
      vertex 3.5 -6.06217782649107 19.119999999999997
      vertex 1.8117333157176452 -6.761480784023478 19.119999999999997
    endloop
  endfacet
  facet normal 0.6087614290087207 -0.7933533402912353 0
    outer loop
      vertex 3.5 -6.06217782649107 3
      vertex 4.949747468305833 -4.949747468305833 3
      vertex 4.949747468305833 -4.949747468305833 19.119999999999997
    endloop
  endfacet
  facet normal 0.7933533402912353 -0.6087614290087207 0
    outer loop
      vertex 4.949747468305833 -4.949747468305833 3
      vertex 6.06217782649107 -3.5 3
      vertex 4.949747468305833 -4.949747468305833 19.119999999999997
    endloop
  endfacet
  facet normal 0.6087614290087207 -0.7933533402912353 0
    outer loop
      vertex 3.5 -6.06217782649107 3
      vertex 4.949747468305833 -4.949747468305833 19.119999999999997
      vertex 3.5 -6.06217782649107 19.119999999999997
    endloop
  endfacet
  facet normal 0.7933533402912353 -0.6087614290087207 0
    outer loop
      vertex 6.06217782649107 -3.5 3
      vertex 6.06217782649107 -3.5 19.119999999999997
      vertex 4.949747468305833 -4.949747468305833 19.119999999999997
    endloop
  endfacet
  facet normal 0.9238795325112868 -0.3826834323650898 0
    outer loop
      vertex 6.06217782649107 -3.5 3
      vertex 6.761480784023478 -1.8117333157176452 3
      vertex 6.06217782649107 -3.5 19.119999999999997
    endloop
  endfacet
  facet normal 0.9914448613738104 -0.13052619222005168 0
    outer loop
      vertex 6.761480784023478 -1.8117333157176452 3
      vertex 7 0 3
      vertex 6.761480784023478 -1.8117333157176452 19.119999999999997
    endloop
  endfacet
  facet normal 0.9238795325112868 -0.3826834323650898 0
    outer loop
      vertex 6.761480784023478 -1.8117333157176452 3
      vertex 6.761480784023478 -1.8117333157176452 19.119999999999997
      vertex 6.06217782649107 -3.5 19.119999999999997
    endloop
  endfacet
  facet normal 0.9914448613738104 -0.13052619222005168 0
    outer loop
      vertex 6.761480784023478 -1.8117333157176452 19.119999999999997
      vertex 7 0 3
      vertex 7 0 19.119999999999997
    endloop
  endfacet
  facet normal 0.13052619222005168 0.9914448613738104 0
    outer loop
      vertex 0 7 3
      vertex 0 7 19.119999999999997
      vertex 1.8117333157176452 6.761480784023478 3
    endloop
  endfacet
  facet normal 0.3826834323650898 0.9238795325112868 5.271264984544746e-18
    outer loop
      vertex 1.8117333157176452 6.761480784023478 3
      vertex 1.811733315717645 6.761480784023478 19.119999999999997
      vertex 3.5 6.06217782649107 3
    endloop
  endfacet
  facet normal 0.1305261922200517 0.9914448613738104 1.79793032158003e-18
    outer loop
      vertex 1.8117333157176452 6.761480784023478 3
      vertex 0 7 19.119999999999997
      vertex 1.811733315717645 6.761480784023478 19.119999999999997
    endloop
  endfacet
  facet normal 0.3826834323650897 0.9238795325112868 0
    outer loop
      vertex 3.5 6.06217782649107 3
      vertex 1.811733315717645 6.761480784023478 19.119999999999997
      vertex 3.5 6.06217782649107 19.119999999999997
    endloop
  endfacet
  facet normal 0.9914448613738104 0.13052619222005168 0
    outer loop
      vertex 7 0 3
      vertex 6.761480784023478 1.8117333157176452 3
      vertex 7 0 19.119999999999997
    endloop
  endfacet
  facet normal 0.9238795325112868 0.3826834323650898 0
    outer loop
      vertex 6.06217782649107 3.5 3
      vertex 6.761480784023478 1.8117333157176452 19.119999999999997
      vertex 6.761480784023478 1.8117333157176452 3
    endloop
  endfacet
  facet normal 0.9914448613738104 0.13052619222005168 0
    outer loop
      vertex 6.761480784023478 1.8117333157176452 3
      vertex 6.761480784023478 1.8117333157176452 19.119999999999997
      vertex 7 0 19.119999999999997
    endloop
  endfacet
  facet normal 0.9238795325112868 0.3826834323650898 0
    outer loop
      vertex 6.06217782649107 3.5 3
      vertex 6.06217782649107 3.5 19.119999999999997
      vertex 6.761480784023478 1.8117333157176452 19.119999999999997
    endloop
  endfacet
  facet normal 0.6087614290087207 0.7933533402912353 0
    outer loop
      vertex 3.5 6.06217782649107 3
      vertex 3.5 6.06217782649107 19.119999999999997
      vertex 4.949747468305833 4.949747468305833 3
    endloop
  endfacet
  facet normal 0.7933533402912353 0.6087614290087207 0
    outer loop
      vertex 6.06217782649107 3.5 3
      vertex 4.949747468305833 4.949747468305833 3
      vertex 6.06217782649107 3.5 19.119999999999997
    endloop
  endfacet
  facet normal 0.7933533402912353 0.6087614290087207 0
    outer loop
      vertex 4.949747468305833 4.949747468305833 3
      vertex 4.949747468305833 4.949747468305833 19.119999999999997
      vertex 6.06217782649107 3.5 19.119999999999997
    endloop
  endfacet
  facet normal 0.6087614290087207 0.7933533402912353 0
    outer loop
      vertex 4.949747468305833 4.949747468305833 3
      vertex 3.5 6.06217782649107 19.119999999999997
      vertex 4.949747468305833 4.949747468305833 19.119999999999997
    endloop
  endfacet
  facet normal -0.7933533402912352 -0.6087614290087205 0
    outer loop
      vertex -10.023238623319312 -10.023238623319312 19.119999999999997
      vertex -10.023238623319312 -10.023238623319312 22.119999999999997
      vertex -12.275910098644419 -7.0875 22.119999999999997
    endloop
  endfacet
  facet normal -0.7933533402912352 -0.6087614290087205 0
    outer loop
      vertex -10.023238623319312 -10.023238623319312 19.119999999999997
      vertex -12.275910098644419 -7.0875 22.119999999999997
      vertex -12.275910098644419 -7.0875 19.119999999999997
    endloop
  endfacet
  facet normal -0.6087614290087205 -0.7933533402912352 0
    outer loop
      vertex -10.023238623319312 -10.023238623319312 19.119999999999997
      vertex -7.0875 -12.275910098644419 22.119999999999997
      vertex -10.023238623319312 -10.023238623319312 22.119999999999997
    endloop
  endfacet
  facet normal -0.6087614290087205 -0.7933533402912352 0
    outer loop
      vertex -10.023238623319312 -10.023238623319312 19.119999999999997
      vertex -7.0875 -12.275910098644419 19.119999999999997
      vertex -7.0875 -12.275910098644419 22.119999999999997
    endloop
  endfacet
  facet normal -0.9238795325112866 -0.38268343236508995 0
    outer loop
      vertex -12.275910098644419 -7.0875 19.119999999999997
      vertex -12.275910098644419 -7.0875 22.119999999999997
      vertex -13.691998587647545 -3.6687599643282316 22.119999999999997
    endloop
  endfacet
  facet normal -0.9238795325112866 -0.38268343236508995 0
    outer loop
      vertex -13.691998587647545 -3.6687599643282316 19.119999999999997
      vertex -12.275910098644419 -7.0875 19.119999999999997
      vertex -13.691998587647545 -3.6687599643282316 22.119999999999997
    endloop
  endfacet
  facet normal -0.9914448613738106 -0.13052619222005132 0
    outer loop
      vertex -13.691998587647545 -3.6687599643282316 19.119999999999997
      vertex -13.691998587647545 -3.6687599643282316 22.119999999999997
      vertex -14.175 0 22.119999999999997
    endloop
  endfacet
  facet normal 0 0 1
    outer loop
      vertex -13.691998587647545 -3.6687599643282316 22.119999999999997
      vertex -12.275910098644419 -7.0875 22.119999999999997
      vertex -13.691998587647545 3.6687599643282316 22.119999999999997
    endloop
  endfacet
  facet normal -0.9914448613738106 -0.13052619222005132 0
    outer loop
      vertex -13.691998587647545 -3.6687599643282316 19.119999999999997
      vertex -14.175 0 22.119999999999997
      vertex -14.175 0 19.119999999999997
    endloop
  endfacet
  facet normal 0 0 -1
    outer loop
      vertex -13.691998587647545 -3.6687599643282316 19.119999999999997
      vertex -12.275910098644419 7.0875 19.119999999999997
      vertex -12.275910098644419 -7.0875 19.119999999999997
    endloop
  endfacet
  facet normal 0 0 1
    outer loop
      vertex -10.023238623319312 -10.023238623319312 22.119999999999997
      vertex -12.275910098644419 7.0875 22.119999999999997
      vertex -12.275910098644419 -7.0875 22.119999999999997
    endloop
  endfacet
  facet normal 0 0 -1
    outer loop
      vertex -10.023238623319312 -10.023238623319312 19.119999999999997
      vertex -12.275910098644419 -7.0875 19.119999999999997
      vertex -10.023238623319312 10.023238623319312 19.119999999999997
    endloop
  endfacet
  facet normal 0 0 1
    outer loop
      vertex -10.023238623319312 -10.023238623319312 22.119999999999997
      vertex -7.0875 -12.275910098644419 22.119999999999997
      vertex -10.023238623319312 10.023238623319312 22.119999999999997
    endloop
  endfacet
  facet normal 0 0 -1
    outer loop
      vertex -10.023238623319312 -10.023238623319312 19.119999999999997
      vertex -7.0875 12.275910098644419 19.119999999999997
      vertex -7.0875 -12.275910098644419 19.119999999999997
    endloop
  endfacet
  facet normal -0.38268343236508995 -0.9238795325112866 0
    outer loop
      vertex -7.0875 -12.275910098644419 19.119999999999997
      vertex -3.6687599643282316 -13.691998587647545 22.119999999999997
      vertex -7.0875 -12.275910098644419 22.119999999999997
    endloop
  endfacet
  facet normal -0.38268343236508995 -0.9238795325112866 0
    outer loop
      vertex -7.0875 -12.275910098644419 19.119999999999997
      vertex -3.6687599643282316 -13.691998587647545 19.119999999999997
      vertex -3.6687599643282316 -13.691998587647545 22.119999999999997
    endloop
  endfacet
  facet normal 0 0 -1
    outer loop
      vertex -7.0875 -12.275910098644419 19.119999999999997
      vertex -3.5 -6.06217782649107 19.119999999999997
      vertex -3.6687599643282316 -13.691998587647545 19.119999999999997
    endloop
  endfacet
  facet normal 0 0 -1
    outer loop
      vertex -7.0875 -12.275910098644419 19.119999999999997
      vertex -4.949747468305833 -4.949747468305833 19.119999999999997
      vertex -3.5 -6.06217782649107 19.119999999999997
    endloop
  endfacet
  facet normal -0.13052619222005132 -0.9914448613738106 0
    outer loop
      vertex -3.6687599643282316 -13.691998587647545 19.119999999999997
      vertex 0 -14.175 22.119999999999997
      vertex -3.6687599643282316 -13.691998587647545 22.119999999999997
    endloop
  endfacet
  facet normal -0.13052619222005132 -0.9914448613738106 0
    outer loop
      vertex -3.6687599643282316 -13.691998587647545 19.119999999999997
      vertex 0 -14.175 19.119999999999997
      vertex 0 -14.175 22.119999999999997
    endloop
  endfacet
  facet normal 0 0 -1
    outer loop
      vertex -3.6687599643282316 -13.691998587647545 19.119999999999997
      vertex 0 -7 19.119999999999997
      vertex 0 -14.175 19.119999999999997
    endloop
  endfacet
  facet normal 0 0 -1
    outer loop
      vertex -3.6687599643282316 -13.691998587647545 19.119999999999997
      vertex -1.811733315717645 -6.761480784023478 19.119999999999997
      vertex 0 -7 19.119999999999997
    endloop
  endfacet
  facet normal 0 0 -1
    outer loop
      vertex -3.6687599643282316 -13.691998587647545 19.119999999999997
      vertex -3.5 -6.06217782649107 19.119999999999997
      vertex -1.811733315717645 -6.761480784023478 19.119999999999997
    endloop
  endfacet
  facet normal 0 0 1
    outer loop
      vertex -3.6687599643282316 -13.691998587647545 22.119999999999997
      vertex 0 -14.175 22.119999999999997
      vertex -1.4921657884539083 -2.679769522393911 22.119999999999997
    endloop
  endfacet
  facet normal 0 0 -1
    outer loop
      vertex -7.0875 -12.275910098644419 19.119999999999997
      vertex -6.761480784023478 -1.8117333157176452 19.119999999999997
      vertex -6.06217782649107 -3.5 19.119999999999997
    endloop
  endfacet
  facet normal 0 0 -1
    outer loop
      vertex -7.0875 -12.275910098644419 19.119999999999997
      vertex -6.06217782649107 -3.5 19.119999999999997
      vertex -4.949747468305833 -4.949747468305833 19.119999999999997
    endloop
  endfacet
  facet normal 0 0 -1
    outer loop
      vertex -7.0875 -12.275910098644419 19.119999999999997
      vertex -7 0 19.119999999999997
      vertex -6.761480784023478 -1.8117333157176452 19.119999999999997
    endloop
  endfacet
  facet normal 0 0 1
    outer loop
      vertex -7.0875 -12.275910098644419 22.119999999999997
      vertex -3.6687599643282316 -13.691998587647545 22.119999999999997
      vertex -7.0875 12.275910098644419 22.119999999999997
    endloop
  endfacet
  facet normal 0 0 1
    outer loop
      vertex -3.6687599643282316 -13.691998587647545 22.119999999999997
      vertex -2.103308980505817 -2.103308980505817 22.119999999999997
      vertex -2.400916754432086 -1.6125804285415652 22.119999999999997
    endloop
  endfacet
  facet normal 0 0 1
    outer loop
      vertex -3.6687599643282316 -13.691998587647545 22.119999999999997
      vertex -2.4966418868263704 -1.4414368654293002 22.119999999999997
      vertex -2.629709165327289 -0.9844638249000305 22.119999999999997
    endloop
  endfacet
  facet normal 0 0 1
    outer loop
      vertex -3.6687599643282316 -13.691998587647545 22.119999999999997
      vertex -2.400916754432086 -1.6125804285415652 22.119999999999997
      vertex -2.4966418868263704 -1.4414368654293002 22.119999999999997
    endloop
  endfacet
  facet normal 0 0 1
    outer loop
      vertex -3.6687599643282316 -13.691998587647545 22.119999999999997
      vertex -1.4921657884539083 -2.679769522393911 22.119999999999997
      vertex -1.5330912206631533 -2.6553918868263704 22.119999999999997
    endloop
  endfacet
  facet normal 0 0 1
    outer loop
      vertex -3.6687599643282316 -13.691998587647545 22.119999999999997
      vertex -2.018318917131697 -2.1906468651648288 22.119999999999997
      vertex -2.103308980505817 -2.103308980505817 22.119999999999997
    endloop
  endfacet
  facet normal 0 0 1
    outer loop
      vertex -3.6687599643282316 -13.691998587647545 22.119999999999997
      vertex -1.5330912206631533 -2.6553918868263704 22.119999999999997
      vertex -2.018318917131697 -2.1906468651648288 22.119999999999997
    endloop
  endfacet
  facet normal 0 0 1
    outer loop
      vertex -3.6687599643282316 -13.691998587647545 22.119999999999997
      vertex -2.629709165327289 -0.9844638249000305 22.119999999999997
      vertex -2.6961108817543917 -0.7224207334708515 22.119999999999997
    endloop
  endfacet
  facet normal 0 0 1
    outer loop
      vertex -1.0788324846421093 -2.906671031366906 22.119999999999997
      vertex 0 -14.175 22.119999999999997
      vertex -0.8088095159453773 -3.0185182071533383 22.119999999999997
    endloop
  endfacet
  facet normal 0 0 1
    outer loop
      vertex -1.4921657884539083 -2.679769522393911 22.119999999999997
      vertex 0 -14.175 22.119999999999997
      vertex -1.0788324846421093 -2.906671031366906 22.119999999999997
    endloop
  endfacet
  facet normal 0 0 1
    outer loop
      vertex -0.8088095159453773 -3.0185182071533383 22.119999999999997
      vertex 0 -14.175 22.119999999999997
      vertex 0 -3.125 22.119999999999997
    endloop
  endfacet
  facet normal 0 0 1
    outer loop
      vertex -3.6687599643282316 -13.691998587647545 22.119999999999997
      vertex -2.6961108817543917 -0.7224207334708515 22.119999999999997
      vertex -3.6687599643282316 13.691998587647545 22.119999999999997
    endloop
  endfacet
  facet normal 0 0 -1
    outer loop
      vertex -13.691998587647545 -3.6687599643282316 19.119999999999997
      vertex -14.175 0 19.119999999999997
      vertex -13.691998587647545 3.6687599643282316 19.119999999999997
    endloop
  endfacet
  facet normal 0 0 1
    outer loop
      vertex -13.691998587647545 -3.6687599643282316 22.119999999999997
      vertex -13.691998587647545 3.6687599643282316 22.119999999999997
      vertex -14.175 0 22.119999999999997
    endloop
  endfacet
  facet normal -0.9914448613738106 0.13052619222005132 0
    outer loop
      vertex -14.175 0 19.119999999999997
      vertex -14.175 0 22.119999999999997
      vertex -13.691998587647545 3.6687599643282316 22.119999999999997
    endloop
  endfacet
  facet normal 0 0 1
    outer loop
      vertex -12.275910098644419 -7.0875 22.119999999999997
      vertex -12.275910098644419 7.0875 22.119999999999997
      vertex -13.691998587647545 3.6687599643282316 22.119999999999997
    endloop
  endfacet
  facet normal -0.9914448613738106 0.13052619222005132 0
    outer loop
      vertex -14.175 0 19.119999999999997
      vertex -13.691998587647545 3.6687599643282316 22.119999999999997
      vertex -13.691998587647545 3.6687599643282316 19.119999999999997
    endloop
  endfacet
  facet normal 0 0 -1
    outer loop
      vertex -13.691998587647545 -3.6687599643282316 19.119999999999997
      vertex -13.691998587647545 3.6687599643282316 19.119999999999997
      vertex -12.275910098644419 7.0875 19.119999999999997
    endloop
  endfacet
  facet normal 0 0 1
    outer loop
      vertex -10.023238623319312 -10.023238623319312 22.119999999999997
      vertex -10.023238623319312 10.023238623319312 22.119999999999997
      vertex -12.275910098644419 7.0875 22.119999999999997
    endloop
  endfacet
  facet normal 0 0 -1
    outer loop
      vertex -12.275910098644419 -7.0875 19.119999999999997
      vertex -12.275910098644419 7.0875 19.119999999999997
      vertex -10.023238623319312 10.023238623319312 19.119999999999997
    endloop
  endfacet
  facet normal -0.9238795325112866 0.38268343236508995 0
    outer loop
      vertex -13.691998587647545 3.6687599643282316 19.119999999999997
      vertex -13.691998587647545 3.6687599643282316 22.119999999999997
      vertex -12.275910098644419 7.0875 22.119999999999997
    endloop
  endfacet
  facet normal -0.9238795325112866 0.38268343236508995 0
    outer loop
      vertex -13.691998587647545 3.6687599643282316 19.119999999999997
      vertex -12.275910098644419 7.0875 22.119999999999997
      vertex -12.275910098644419 7.0875 19.119999999999997
    endloop
  endfacet
  facet normal 0 0 1
    outer loop
      vertex -7.0875 -12.275910098644419 22.119999999999997
      vertex -7.0875 12.275910098644419 22.119999999999997
      vertex -10.023238623319312 10.023238623319312 22.119999999999997
    endloop
  endfacet
  facet normal 0 0 -1
    outer loop
      vertex -10.023238623319312 -10.023238623319312 19.119999999999997
      vertex -10.023238623319312 10.023238623319312 19.119999999999997
      vertex -7.0875 12.275910098644419 19.119999999999997
    endloop
  endfacet
  facet normal -0.7933533402912352 0.6087614290087205 0
    outer loop
      vertex -12.275910098644419 7.0875 19.119999999999997
      vertex -12.275910098644419 7.0875 22.119999999999997
      vertex -10.023238623319312 10.023238623319312 22.119999999999997
    endloop
  endfacet
  facet normal -0.7933533402912352 0.6087614290087205 0
    outer loop
      vertex -12.275910098644419 7.0875 19.119999999999997
      vertex -10.023238623319312 10.023238623319312 22.119999999999997
      vertex -10.023238623319312 10.023238623319312 19.119999999999997
    endloop
  endfacet
  facet normal -0.6087614290087205 0.7933533402912352 0
    outer loop
      vertex -10.023238623319312 10.023238623319312 19.119999999999997
      vertex -10.023238623319312 10.023238623319312 22.119999999999997
      vertex -7.0875 12.275910098644419 19.119999999999997
    endloop
  endfacet
  facet normal -0.6087614290087205 0.7933533402912352 0
    outer loop
      vertex -10.023238623319312 10.023238623319312 22.119999999999997
      vertex -7.0875 12.275910098644419 22.119999999999997
      vertex -7.0875 12.275910098644419 19.119999999999997
    endloop
  endfacet
  facet normal 0 0 -1
    outer loop
      vertex -7.0875 -12.275910098644419 19.119999999999997
      vertex -7.0875 12.275910098644419 19.119999999999997
      vertex -7 0 19.119999999999997
    endloop
  endfacet
  facet normal 0 0 -1
    outer loop
      vertex -7 0 19.119999999999997
      vertex -7.0875 12.275910098644419 19.119999999999997
      vertex -6.761480784023478 1.8117333157176452 19.119999999999997
    endloop
  endfacet
  facet normal 0 0 -1
    outer loop
      vertex -6.761480784023478 1.8117333157176452 19.119999999999997
      vertex -7.0875 12.275910098644419 19.119999999999997
      vertex -6.06217782649107 3.5 19.119999999999997
    endloop
  endfacet
  facet normal 0 0 -1
    outer loop
      vertex -6.06217782649107 3.5 19.119999999999997
      vertex -7.0875 12.275910098644419 19.119999999999997
      vertex -4.949747468305833 4.949747468305833 19.119999999999997
    endloop
  endfacet
  facet normal 0 0 1
    outer loop
      vertex -3.6687599643282316 -13.691998587647545 22.119999999999997
      vertex -3.6687599643282316 13.691998587647545 22.119999999999997
      vertex -7.0875 12.275910098644419 22.119999999999997
    endloop
  endfacet
  facet normal 0 0 1
    outer loop
      vertex -2.6961108817543917 -0.7224207334708515 22.119999999999997
      vertex -2.7042588550539373 -0.3445231973552615 22.119999999999997
      vertex -3.6687599643282316 13.691998587647545 22.119999999999997
    endloop
  endfacet
  facet normal 0 0 1
    outer loop
      vertex -2.7042588550539373 -0.3445231973552615 22.119999999999997
      vertex -2.6995650203908954 0 22.119999999999997
      vertex -3.6687599643282316 13.691998587647545 22.119999999999997
    endloop
  endfacet
  facet normal 0 0 1
    outer loop
      vertex -2.6995650203908954 0 22.119999999999997
      vertex -2.6329384138571057 0.2719757797945106 22.119999999999997
      vertex -3.6687599643282316 13.691998587647545 22.119999999999997
    endloop
  endfacet
  facet normal 0 0 1
    outer loop
      vertex -2.6329384138571057 0.2719757797945106 22.119999999999997
      vertex -2.519048264129889 0.6749769480686252 22.119999999999997
      vertex -3.6687599643282316 13.691998587647545 22.119999999999997
    endloop
  endfacet
  facet normal 0 0 1
    outer loop
      vertex -2.519048264129889 0.6749769480686252 22.119999999999997
      vertex -2.4314429371480863 0.8345624854094562 22.119999999999997
      vertex -3.6687599643282316 13.691998587647545 22.119999999999997
    endloop
  endfacet
  facet normal 0 0 1
    outer loop
      vertex -2.4314429371480863 0.8345624854094562 22.119999999999997
      vertex -2.1791418868263723 1.2581281549615952 22.119999999999997
      vertex -3.6687599643282316 13.691998587647545 22.119999999999997
    endloop
  endfacet
  facet normal 0 0 1
    outer loop
      vertex -2.1791418868263723 1.2581281549615952 22.119999999999997
      vertex -2.1209820620719415 1.318851253601173 22.119999999999997
      vertex -3.6687599643282316 13.691998587647545 22.119999999999997
    endloop
  endfacet
  facet normal 0 0 1
    outer loop
      vertex -2.1209820620719415 1.318851253601173 22.119999999999997
      vertex -1.7785421545959619 1.652085674744306 22.119999999999997
      vertex -3.6687599643282316 13.691998587647545 22.119999999999997
    endloop
  endfacet
  facet normal 0 0 1
    outer loop
      vertex -1.7785421545959619 1.652085674744306 22.119999999999997
      vertex -1.7236380703744243 1.7236380703744243 22.119999999999997
      vertex -3.6687599643282316 13.691998587647545 22.119999999999997
    endloop
  endfacet
  facet normal 0 0 1
    outer loop
      vertex -1.7236380703744243 1.7236380703744243 22.119999999999997
      vertex -1.218796167873051 2.111016886826371 22.119999999999997
      vertex -3.6687599643282316 13.691998587647545 22.119999999999997
    endloop
  endfacet
  facet normal 0 0 1
    outer loop
      vertex -1.218796167873051 2.111016886826371 22.119999999999997
      vertex -0.6308953206870292 2.3545333910614534 22.119999999999997
      vertex -3.6687599643282316 13.691998587647545 22.119999999999997
    endloop
  endfacet
  facet normal 0 0 1
    outer loop
      vertex -0.6308953206870292 2.3545333910614534 22.119999999999997
      vertex 0 2.437592335746102 22.119999999999997
      vertex -3.6687599643282316 13.691998587647545 22.119999999999997
    endloop
  endfacet
  facet normal 0 0 -1
    outer loop
      vertex -4.949747468305833 4.949747468305833 19.119999999999997
      vertex -3.6687599643282316 13.691998587647545 19.119999999999997
      vertex -3.5 6.06217782649107 19.119999999999997
    endloop
  endfacet
  facet normal 0 0 -1
    outer loop
      vertex -4.949747468305833 4.949747468305833 19.119999999999997
      vertex -7.0875 12.275910098644419 19.119999999999997
      vertex -3.6687599643282316 13.691998587647545 19.119999999999997
    endloop
  endfacet
  facet normal -0.38268343236508995 0.9238795325112866 0
    outer loop
      vertex -7.0875 12.275910098644419 19.119999999999997
      vertex -7.0875 12.275910098644419 22.119999999999997
      vertex -3.6687599643282316 13.691998587647545 19.119999999999997
    endloop
  endfacet
  facet normal -0.38268343236508995 0.9238795325112866 0
    outer loop
      vertex -3.6687599643282316 13.691998587647545 19.119999999999997
      vertex -7.0875 12.275910098644419 22.119999999999997
      vertex -3.6687599643282316 13.691998587647545 22.119999999999997
    endloop
  endfacet
  facet normal 0 0 -1
    outer loop
      vertex -3.5 6.06217782649107 19.119999999999997
      vertex -3.6687599643282316 13.691998587647545 19.119999999999997
      vertex -1.8117333157176452 6.761480784023478 19.119999999999997
    endloop
  endfacet
  facet normal 0 0 1
    outer loop
      vertex -3.6687599643282316 13.691998587647545 22.119999999999997
      vertex 0 2.437592335746102 22.119999999999997
      vertex 0 14.175 22.119999999999997
    endloop
  endfacet
  facet normal 0 0 -1
    outer loop
      vertex -1.8117333157176452 6.761480784023478 19.119999999999997
      vertex 0 14.175 19.119999999999997
      vertex 0 7 19.119999999999997
    endloop
  endfacet
  facet normal 0 0 -1
    outer loop
      vertex -1.8117333157176452 6.761480784023478 19.119999999999997
      vertex -3.6687599643282316 13.691998587647545 19.119999999999997
      vertex 0 14.175 19.119999999999997
    endloop
  endfacet
  facet normal -0.13052619222005132 0.9914448613738106 0
    outer loop
      vertex -3.6687599643282316 13.691998587647545 19.119999999999997
      vertex -3.6687599643282316 13.691998587647545 22.119999999999997
      vertex 0 14.175 19.119999999999997
    endloop
  endfacet
  facet normal -0.13052619222005132 0.9914448613738106 0
    outer loop
      vertex -3.6687599643282316 13.691998587647545 22.119999999999997
      vertex 0 14.175 22.119999999999997
      vertex 0 14.175 19.119999999999997
    endloop
  endfacet
  facet normal 0.13052619222005132 -0.9914448613738106 0
    outer loop
      vertex 0 -14.175 19.119999999999997
      vertex 3.6687599643282316 -13.691998587647545 22.119999999999997
      vertex 0 -14.175 22.119999999999997
    endloop
  endfacet
  facet normal 0.13052619222005132 -0.9914448613738106 0
    outer loop
      vertex 0 -14.175 19.119999999999997
      vertex 3.6687599643282316 -13.691998587647545 19.119999999999997
      vertex 3.6687599643282316 -13.691998587647545 22.119999999999997
    endloop
  endfacet
  facet normal 0 0 -1
    outer loop
      vertex 0 -14.175 19.119999999999997
      vertex 1.8117333157176452 -6.761480784023478 19.119999999999997
      vertex 3.6687599643282316 -13.691998587647545 19.119999999999997
    endloop
  endfacet
  facet normal 0 0 -1
    outer loop
      vertex 0 -14.175 19.119999999999997
      vertex 0 -7 19.119999999999997
      vertex 1.8117333157176452 -6.761480784023478 19.119999999999997
    endloop
  endfacet
  facet normal 0 0 1
    outer loop
      vertex 0 -14.175 22.119999999999997
      vertex 3.6687599643282316 -13.691998587647545 22.119999999999997
      vertex 0 -3.125 22.119999999999997
    endloop
  endfacet
  facet normal 0 0 -1
    outer loop
      vertex 3.6687599643282316 -13.691998587647545 19.119999999999997
      vertex 1.8117333157176452 -6.761480784023478 19.119999999999997
      vertex 3.5 -6.06217782649107 19.119999999999997
    endloop
  endfacet
  facet normal 0.38268343236508995 -0.9238795325112866 0
    outer loop
      vertex 3.6687599643282316 -13.691998587647545 19.119999999999997
      vertex 7.0875 -12.275910098644419 22.119999999999997
      vertex 3.6687599643282316 -13.691998587647545 22.119999999999997
    endloop
  endfacet
  facet normal 0.38268343236508995 -0.9238795325112866 0
    outer loop
      vertex 3.6687599643282316 -13.691998587647545 19.119999999999997
      vertex 7.0875 -12.275910098644419 19.119999999999997
      vertex 7.0875 -12.275910098644419 22.119999999999997
    endloop
  endfacet
  facet normal 0 0 -1
    outer loop
      vertex 3.6687599643282316 -13.691998587647545 19.119999999999997
      vertex 4.949747468305833 -4.949747468305833 19.119999999999997
      vertex 7.0875 -12.275910098644419 19.119999999999997
    endloop
  endfacet
  facet normal 0 0 -1
    outer loop
      vertex 3.6687599643282316 -13.691998587647545 19.119999999999997
      vertex 3.5 -6.06217782649107 19.119999999999997
      vertex 4.949747468305833 -4.949747468305833 19.119999999999997
    endloop
  endfacet
  facet normal 0 0 1
    outer loop
      vertex 3.6687599643282316 -13.691998587647545 22.119999999999997
      vertex 0.8088095159453773 -3.0185182071533383 22.119999999999997
      vertex 0 -3.125 22.119999999999997
    endloop
  endfacet
  facet normal 0 0 1
    outer loop
      vertex 3.6687599643282316 -13.691998587647545 22.119999999999997
      vertex 1.2924770313032659 -2.8181765626128037 22.119999999999997
      vertex 0.8088095159453773 -3.0185182071533383 22.119999999999997
    endloop
  endfacet
  facet normal 0 0 1
    outer loop
      vertex 3.6687599643282316 -13.691998587647545 22.119999999999997
      vertex 1.5232336610386832 -2.6915014870511933 22.119999999999997
      vertex 1.2924770313032659 -2.8181765626128037 22.119999999999997
    endloop
  endfacet
  facet normal 0 0 1
    outer loop
      vertex 3.6687599643282316 -13.691998587647545 22.119999999999997
      vertex 1.5460816017199197 -2.67789188682637 22.119999999999997
      vertex 1.5232336610386832 -2.6915014870511933 22.119999999999997
    endloop
  endfacet
  facet normal 0 0 1
    outer loop
      vertex 3.6687599643282316 -13.691998587647545 22.119999999999997
      vertex 2.05136463351897 -2.1939381157046505 22.119999999999997
      vertex 1.5460816017199197 -2.67789188682637 22.119999999999997
    endloop
  endfacet
  facet normal 0 0 1
    outer loop
      vertex 3.6687599643282316 -13.691998587647545 22.119999999999997
      vertex 2.1216801535766936 -2.1216801535766936 22.119999999999997
      vertex 2.05136463351897 -2.1939381157046505 22.119999999999997
    endloop
  endfacet
  facet normal 0 0 1
    outer loop
      vertex 3.6687599643282316 -13.691998587647545 22.119999999999997
      vertex 2.433688303660684 -1.6072066716786848 22.119999999999997
      vertex 2.1216801535766936 -2.1216801535766936 22.119999999999997
    endloop
  endfacet
  facet normal 0 0 1
    outer loop
      vertex 3.6687599643282316 -13.691998587647545 22.119999999999997
      vertex 2.5191418868263713 -1.4544272464860672 22.119999999999997
      vertex 2.433688303660684 -1.6072066716786848 22.119999999999997
    endloop
  endfacet
  facet normal 0 0 1
    outer loop
      vertex 3.6687599643282316 -13.691998587647545 22.119999999999997
      vertex 2.659973220474827 -0.9707912732841021 22.119999999999997
      vertex 2.5191418868263713 -1.4544272464860672 22.119999999999997
    endloop
  endfacet
  facet normal 0 0 1
    outer loop
      vertex 3.6687599643282316 -13.691998587647545 22.119999999999997
      vertex 2.7212063708665237 -0.7291450495121112 22.119999999999997
      vertex 2.659973220474827 -0.9707912732841021 22.119999999999997
    endloop
  endfacet
  facet normal 0 0 1
    outer loop
      vertex 3.6687599643282316 -13.691998587647545 22.119999999999997
      vertex 3.6687599643282316 13.691998587647545 22.119999999999997
      vertex 2.7212063708665237 -0.7291450495121112 22.119999999999997
    endloop
  endfacet
  facet normal 0 0 1
    outer loop
      vertex 3.6687599643282316 -13.691998587647545 22.119999999999997
      vertex 7.0875 -12.275910098644419 22.119999999999997
      vertex 3.6687599643282316 13.691998587647545 22.119999999999997
    endloop
  endfacet
  facet normal 0 0 -1
    outer loop
      vertex 4.949747468305833 -4.949747468305833 19.119999999999997
      vertex 6.06217782649107 -3.5 19.119999999999997
      vertex 7.0875 -12.275910098644419 19.119999999999997
    endloop
  endfacet
  facet normal 0 0 -1
    outer loop
      vertex 6.06217782649107 -3.5 19.119999999999997
      vertex 6.761480784023478 -1.8117333157176452 19.119999999999997
      vertex 7.0875 -12.275910098644419 19.119999999999997
    endloop
  endfacet
  facet normal 0 0 -1
    outer loop
      vertex 6.761480784023478 -1.8117333157176452 19.119999999999997
      vertex 7 0 19.119999999999997
      vertex 7.0875 -12.275910098644419 19.119999999999997
    endloop
  endfacet
  facet normal 0.6087614290087205 -0.7933533402912352 0
    outer loop
      vertex 7.0875 -12.275910098644419 19.119999999999997
      vertex 10.023238623319312 -10.023238623319312 22.119999999999997
      vertex 7.0875 -12.275910098644419 22.119999999999997
    endloop
  endfacet
  facet normal 0.6087614290087205 -0.7933533402912352 0
    outer loop
      vertex 7.0875 -12.275910098644419 19.119999999999997
      vertex 10.023238623319312 -10.023238623319312 19.119999999999997
      vertex 10.023238623319312 -10.023238623319312 22.119999999999997
    endloop
  endfacet
  facet normal 0.7933533402912352 -0.6087614290087205 0
    outer loop
      vertex 10.023238623319312 -10.023238623319312 19.119999999999997
      vertex 12.275910098644419 -7.0875 19.119999999999997
      vertex 10.023238623319312 -10.023238623319312 22.119999999999997
    endloop
  endfacet
  facet normal 0.7933533402912352 -0.6087614290087205 0
    outer loop
      vertex 10.023238623319312 -10.023238623319312 22.119999999999997
      vertex 12.275910098644419 -7.0875 19.119999999999997
      vertex 12.275910098644419 -7.0875 22.119999999999997
    endloop
  endfacet
  facet normal 0 0 -1
    outer loop
      vertex 7.0875 -12.275910098644419 19.119999999999997
      vertex 10.023238623319312 10.023238623319312 19.119999999999997
      vertex 10.023238623319312 -10.023238623319312 19.119999999999997
    endloop
  endfacet
  facet normal 0 0 1
    outer loop
      vertex 7.0875 -12.275910098644419 22.119999999999997
      vertex 10.023238623319312 -10.023238623319312 22.119999999999997
      vertex 7.0875 12.275910098644419 22.119999999999997
    endloop
  endfacet
  facet normal 0.9238795325112866 -0.38268343236508995 0
    outer loop
      vertex 12.275910098644419 -7.0875 19.119999999999997
      vertex 13.691998587647545 -3.6687599643282316 19.119999999999997
      vertex 12.275910098644419 -7.0875 22.119999999999997
    endloop
  endfacet
  facet normal 0.9238795325112866 -0.38268343236508995 0
    outer loop
      vertex 13.691998587647545 -3.6687599643282316 19.119999999999997
      vertex 13.691998587647545 -3.6687599643282316 22.119999999999997
      vertex 12.275910098644419 -7.0875 22.119999999999997
    endloop
  endfacet
  facet normal 0 0 -1
    outer loop
      vertex 10.023238623319312 -10.023238623319312 19.119999999999997
      vertex 12.275910098644419 7.0875 19.119999999999997
      vertex 12.275910098644419 -7.0875 19.119999999999997
    endloop
  endfacet
  facet normal 0 0 1
    outer loop
      vertex 10.023238623319312 -10.023238623319312 22.119999999999997
      vertex 12.275910098644419 -7.0875 22.119999999999997
      vertex 10.023238623319312 10.023238623319312 22.119999999999997
    endloop
  endfacet
  facet normal 0 0 -1
    outer loop
      vertex 12.275910098644419 -7.0875 19.119999999999997
      vertex 13.691998587647545 3.6687599643282316 19.119999999999997
      vertex 13.691998587647545 -3.6687599643282316 19.119999999999997
    endloop
  endfacet
  facet normal 0.9914448613738106 -0.13052619222005132 0
    outer loop
      vertex 13.691998587647545 -3.6687599643282316 19.119999999999997
      vertex 14.175 0 19.119999999999997
      vertex 13.691998587647545 -3.6687599643282316 22.119999999999997
    endloop
  endfacet
  facet normal 0 0 1
    outer loop
      vertex 12.275910098644419 -7.0875 22.119999999999997
      vertex 13.691998587647545 -3.6687599643282316 22.119999999999997
      vertex 12.275910098644419 7.0875 22.119999999999997
    endloop
  endfacet
  facet normal 0.9914448613738106 -0.13052619222005132 0
    outer loop
      vertex 13.691998587647545 -3.6687599643282316 22.119999999999997
      vertex 14.175 0 19.119999999999997
      vertex 14.175 0 22.119999999999997
    endloop
  endfacet
  facet normal 0 0 1
    outer loop
      vertex 0 2.437592335746102 22.119999999999997
      vertex 0.6308953206870292 2.3545333910614534 22.119999999999997
      vertex 0 14.175 22.119999999999997
    endloop
  endfacet
  facet normal 0 0 1
    outer loop
      vertex 0.6308953206870292 2.3545333910614534 22.119999999999997
      vertex 1.218796167873051 2.111016886826371 22.119999999999997
      vertex 0 14.175 22.119999999999997
    endloop
  endfacet
  facet normal 0 0 1
    outer loop
      vertex 2.7212063708665237 -0.7291450495121112 22.119999999999997
      vertex 3.6687599643282316 13.691998587647545 22.119999999999997
      vertex 2.729952970775835 -0.3234836127839471 22.119999999999997
    endloop
  endfacet
  facet normal 0 0 1
    outer loop
      vertex 2.729952970775835 -0.3234836127839471 22.119999999999997
      vertex 3.6687599643282316 13.691998587647545 22.119999999999997
      vertex 2.7255457825044296 0 22.119999999999997
    endloop
  endfacet
  facet normal 0 0 1
    outer loop
      vertex 2.652311578628444 0.29894858440222916 22.119999999999997
      vertex 2.7255457825044296 0 22.119999999999997
      vertex 3.6687599643282316 13.691998587647545 22.119999999999997
    endloop
  endfacet
  facet normal 0 0 1
    outer loop
      vertex 2.5441437532420226 0.6817012641098854 22.119999999999997
      vertex 3.6687599643282316 13.691998587647545 22.119999999999997
      vertex 2.4431749018053694 0.8656303579942346 22.119999999999997
    endloop
  endfacet
  facet normal 0 0 1
    outer loop
      vertex 2.4431749018053694 0.8656303579942346 22.119999999999997
      vertex 3.6687599643282316 13.691998587647545 22.119999999999997
      vertex 2.2016418868263687 1.2711185360183597 22.119999999999997
    endloop
  endfacet
  facet normal 0 0 1
    outer loop
      vertex 2.652311578628444 0.29894858440222916 22.119999999999997
      vertex 3.6687599643282316 13.691998587647545 22.119999999999997
      vertex 2.5441437532420226 0.6817012641098854 22.119999999999997
    endloop
  endfacet
  facet normal 0 0 1
    outer loop
      vertex 1.218796167873051 2.111016886826371 22.119999999999997
      vertex 1.6520856747443164 1.7785421545959539 22.119999999999997
      vertex 3.6687599643282316 13.691998587647545 22.119999999999997
    endloop
  endfacet
  facet normal 0 0 1
    outer loop
      vertex 1.720951191942984 1.7400238449887233 22.119999999999997
      vertex 3.6687599643282316 13.691998587647545 22.119999999999997
      vertex 1.6520856747443164 1.7785421545959539 22.119999999999997
    endloop
  endfacet
  facet normal 0 0 1
    outer loop
      vertex 1.7328236569098616 1.7328236569098616 22.119999999999997
      vertex 3.6687599643282316 13.691998587647545 22.119999999999997
      vertex 1.720951191942984 1.7400238449887233 22.119999999999997
    endloop
  endfacet
  facet normal 0 0 1
    outer loop
      vertex 2.2016418868263687 1.2711185360183597 22.119999999999997
      vertex 3.6687599643282316 13.691998587647545 22.119999999999997
      vertex 2.1242733126117623 1.351896969988436 22.119999999999997
    endloop
  endfacet
  facet normal 0 0 1
    outer loop
      vertex 1.7328236569098616 1.7328236569098616 22.119999999999997
      vertex 2.1242733126117623 1.351896969988436 22.119999999999997
      vertex 3.6687599643282316 13.691998587647545 22.119999999999997
    endloop
  endfacet
  facet normal 0 0 -1
    outer loop
      vertex 7.0875 -12.275910098644419 19.119999999999997
      vertex 7 0 19.119999999999997
      vertex 7.0875 12.275910098644419 19.119999999999997
    endloop
  endfacet
  facet normal 0 0 1
    outer loop
      vertex 7.0875 -12.275910098644419 22.119999999999997
      vertex 7.0875 12.275910098644419 22.119999999999997
      vertex 3.6687599643282316 13.691998587647545 22.119999999999997
    endloop
  endfacet
  facet normal 0 0 -1
    outer loop
      vertex 7 0 19.119999999999997
      vertex 6.761480784023478 1.8117333157176452 19.119999999999997
      vertex 7.0875 12.275910098644419 19.119999999999997
    endloop
  endfacet
  facet normal 0 0 -1
    outer loop
      vertex 6.06217782649107 3.5 19.119999999999997
      vertex 4.949747468305833 4.949747468305833 19.119999999999997
      vertex 7.0875 12.275910098644419 19.119999999999997
    endloop
  endfacet
  facet normal 0 0 -1
    outer loop
      vertex 6.06217782649107 3.5 19.119999999999997
      vertex 7.0875 12.275910098644419 19.119999999999997
      vertex 6.761480784023478 1.8117333157176452 19.119999999999997
    endloop
  endfacet
  facet normal 0 0 1
    outer loop
      vertex 1.218796167873051 2.111016886826371 22.119999999999997
      vertex 3.6687599643282316 13.691998587647545 22.119999999999997
      vertex 0 14.175 22.119999999999997
    endloop
  endfacet
  facet normal 0 0 -1
    outer loop
      vertex 1.811733315717645 6.761480784023478 19.119999999999997
      vertex 3.6687599643282316 13.691998587647545 19.119999999999997
      vertex 3.5 6.06217782649107 19.119999999999997
    endloop
  endfacet
  facet normal 0 0 -1
    outer loop
      vertex 0 7 19.119999999999997
      vertex 3.6687599643282316 13.691998587647545 19.119999999999997
      vertex 1.811733315717645 6.761480784023478 19.119999999999997
    endloop
  endfacet
  facet normal 0 0 -1
    outer loop
      vertex 0 7 19.119999999999997
      vertex 0 14.175 19.119999999999997
      vertex 3.6687599643282316 13.691998587647545 19.119999999999997
    endloop
  endfacet
  facet normal 0.13052619222005132 0.9914448613738106 0
    outer loop
      vertex 0 14.175 19.119999999999997
      vertex 0 14.175 22.119999999999997
      vertex 3.6687599643282316 13.691998587647545 19.119999999999997
    endloop
  endfacet
  facet normal 0.13052619222005132 0.9914448613738106 0
    outer loop
      vertex 3.6687599643282316 13.691998587647545 19.119999999999997
      vertex 0 14.175 22.119999999999997
      vertex 3.6687599643282316 13.691998587647545 22.119999999999997
    endloop
  endfacet
  facet normal 0 0 -1
    outer loop
      vertex 3.5 6.06217782649107 19.119999999999997
      vertex 7.0875 12.275910098644419 19.119999999999997
      vertex 4.949747468305833 4.949747468305833 19.119999999999997
    endloop
  endfacet
  facet normal 0 0 -1
    outer loop
      vertex 3.5 6.06217782649107 19.119999999999997
      vertex 3.6687599643282316 13.691998587647545 19.119999999999997
      vertex 7.0875 12.275910098644419 19.119999999999997
    endloop
  endfacet
  facet normal 0.38268343236508995 0.9238795325112866 0
    outer loop
      vertex 3.6687599643282316 13.691998587647545 19.119999999999997
      vertex 3.6687599643282316 13.691998587647545 22.119999999999997
      vertex 7.0875 12.275910098644419 19.119999999999997
    endloop
  endfacet
  facet normal 0.38268343236508995 0.9238795325112866 0
    outer loop
      vertex 3.6687599643282316 13.691998587647545 22.119999999999997
      vertex 7.0875 12.275910098644419 22.119999999999997
      vertex 7.0875 12.275910098644419 19.119999999999997
    endloop
  endfacet
  facet normal 0 0 -1
    outer loop
      vertex 7.0875 -12.275910098644419 19.119999999999997
      vertex 7.0875 12.275910098644419 19.119999999999997
      vertex 10.023238623319312 10.023238623319312 19.119999999999997
    endloop
  endfacet
  facet normal 0 0 1
    outer loop
      vertex 10.023238623319312 -10.023238623319312 22.119999999999997
      vertex 10.023238623319312 10.023238623319312 22.119999999999997
      vertex 7.0875 12.275910098644419 22.119999999999997
    endloop
  endfacet
  facet normal 0 0 -1
    outer loop
      vertex 10.023238623319312 -10.023238623319312 19.119999999999997
      vertex 10.023238623319312 10.023238623319312 19.119999999999997
      vertex 12.275910098644419 7.0875 19.119999999999997
    endloop
  endfacet
  facet normal 0 0 1
    outer loop
      vertex 12.275910098644419 -7.0875 22.119999999999997
      vertex 12.275910098644419 7.0875 22.119999999999997
      vertex 10.023238623319312 10.023238623319312 22.119999999999997
    endloop
  endfacet
  facet normal 0 0 -1
    outer loop
      vertex 12.275910098644419 -7.0875 19.119999999999997
      vertex 12.275910098644419 7.0875 19.119999999999997
      vertex 13.691998587647545 3.6687599643282316 19.119999999999997
    endloop
  endfacet
  facet normal 0 0 -1
    outer loop
      vertex 13.691998587647545 -3.6687599643282316 19.119999999999997
      vertex 13.691998587647545 3.6687599643282316 19.119999999999997
      vertex 14.175 0 19.119999999999997
    endloop
  endfacet
  facet normal 0 0 1
    outer loop
      vertex 13.691998587647545 -3.6687599643282316 22.119999999999997
      vertex 14.175 0 22.119999999999997
      vertex 13.691998587647545 3.6687599643282316 22.119999999999997
    endloop
  endfacet
  facet normal 0.9914448613738106 0.13052619222005132 0
    outer loop
      vertex 14.175 0 19.119999999999997
      vertex 13.691998587647545 3.6687599643282316 19.119999999999997
      vertex 14.175 0 22.119999999999997
    endloop
  endfacet
  facet normal 0 0 1
    outer loop
      vertex 13.691998587647545 -3.6687599643282316 22.119999999999997
      vertex 13.691998587647545 3.6687599643282316 22.119999999999997
      vertex 12.275910098644419 7.0875 22.119999999999997
    endloop
  endfacet
  facet normal 0.9914448613738106 0.13052619222005132 0
    outer loop
      vertex 13.691998587647545 3.6687599643282316 19.119999999999997
      vertex 13.691998587647545 3.6687599643282316 22.119999999999997
      vertex 14.175 0 22.119999999999997
    endloop
  endfacet
  facet normal 0.9238795325112866 0.38268343236508995 0
    outer loop
      vertex 13.691998587647545 3.6687599643282316 19.119999999999997
      vertex 12.275910098644419 7.0875 19.119999999999997
      vertex 13.691998587647545 3.6687599643282316 22.119999999999997
    endloop
  endfacet
  facet normal 0.9238795325112866 0.38268343236508995 0
    outer loop
      vertex 13.691998587647545 3.6687599643282316 22.119999999999997
      vertex 12.275910098644419 7.0875 19.119999999999997
      vertex 12.275910098644419 7.0875 22.119999999999997
    endloop
  endfacet
  facet normal 0.6087614290087205 0.7933533402912352 0
    outer loop
      vertex 10.023238623319312 10.023238623319312 19.119999999999997
      vertex 7.0875 12.275910098644419 19.119999999999997
      vertex 7.0875 12.275910098644419 22.119999999999997
    endloop
  endfacet
  facet normal 0.6087614290087205 0.7933533402912352 0
    outer loop
      vertex 10.023238623319312 10.023238623319312 19.119999999999997
      vertex 7.0875 12.275910098644419 22.119999999999997
      vertex 10.023238623319312 10.023238623319312 22.119999999999997
    endloop
  endfacet
  facet normal 0.7933533402912352 0.6087614290087205 0
    outer loop
      vertex 10.023238623319312 10.023238623319312 19.119999999999997
      vertex 12.275910098644419 7.0875 22.119999999999997
      vertex 12.275910098644419 7.0875 19.119999999999997
    endloop
  endfacet
  facet normal 0.7933533402912352 0.6087614290087205 0
    outer loop
      vertex 10.023238623319312 10.023238623319312 19.119999999999997
      vertex 10.023238623319312 10.023238623319312 22.119999999999997
      vertex 12.275910098644419 7.0875 22.119999999999997
    endloop
  endfacet
  facet normal -0.4368991008448144 -0.2649623061718358 0.8596011586713311
    outer loop
      vertex -2.103308980505817 -2.103308980505817 22.119999999999997
      vertex -1.7236380703744243 -1.7236380703744243 22.429999999999996
      vertex -2.400916754432086 -1.6125804285415652 22.119999999999997
    endloop
  endfacet
  facet normal -0.3583619392567787 -0.34872843608725523 0.8660053108129636
    outer loop
      vertex -2.018318917131697 -2.1906468651648288 22.119999999999997
      vertex -1.7236380703744243 -1.7236380703744243 22.429999999999996
      vertex -2.103308980505817 -2.103308980505817 22.119999999999997
    endloop
  endfacet
  facet normal -0.2649623061718355 -0.4368991008448144 -0.8596011586713312
    outer loop
      vertex -2.209708691207961 -2.209708691207961 23.144374999999997
      vertex -1.7236380703744243 -1.7236380703744243 22.7475
      vertex -1.5625 -2.7063293868263707 23.197291666666665
    endloop
  endfacet
  facet normal -0.44791363861252725 -0.24588456713627066 -0.8596011586713312
    outer loop
      vertex -2.7063293868263707 -1.5625 23.091458333333332
      vertex -3.0185182071533383 -0.8088095159453773 23.038541666666664
      vertex -2.3545333910614534 -0.6308953206870292 22.641666666666666
    endloop
  endfacet
  facet normal -0.9914448613738104 -0.13052619222005174 0
    outer loop
      vertex -3.0185182071533383 -0.8088095159453773 23.038541666666664
      vertex -3.0185182071533383 -0.8088095159453773 23.197291666666665
      vertex -3.125 0 22.985625
    endloop
  endfacet
  facet normal -0.9914448613738105 -0.1305261922200517 0
    outer loop
      vertex -3.0185182071533383 -0.8088095159453773 23.197291666666665
      vertex -3.125 0 23.144374999999997
      vertex -3.125 0 22.985625
    endloop
  endfacet
  facet normal -0.4962909603546083 -0.12157767344873897 -0.8596011586713296
    outer loop
      vertex -3.0185182071533383 -0.8088095159453773 23.038541666666664
      vertex -3.125 0 22.985625
      vertex -2.437592335746102 0 22.588749999999997
    endloop
  endfacet
  facet normal -0.3690117426112971 -0.3534348339169207 -0.8596011586713296
    outer loop
      vertex -2.209708691207961 -2.209708691207961 23.144374999999997
      vertex -2.7063293868263707 -1.5625 23.091458333333332
      vertex -2.111016886826371 -1.218796167873051 22.69458333333333
    endloop
  endfacet
  facet normal -0.43640861311535556 -0.2440949078585565 0.866005310812962
    outer loop
      vertex -2.4966418868263704 -1.4414368654293002 22.119999999999997
      vertex -2.400916754432086 -1.6125804285415652 22.119999999999997
      vertex -2.111016886826371 -1.218796167873051 22.37708333333333
    endloop
  endfacet
  facet normal -0.4905894160600359 -0.14285612643768722 0.8596011586713297
    outer loop
      vertex -2.4966418868263704 -1.4414368654293002 22.119999999999997
      vertex -2.111016886826371 -1.218796167873051 22.37708333333333
      vertex -2.629709165327289 -0.9844638249000305 22.119999999999997
    endloop
  endfacet
  facet normal -0.42959669769760955 -0.25589349145895446 -0.8660053108129618
    outer loop
      vertex -2.7063293868263707 -1.5625 23.091458333333332
      vertex -2.3545333910614534 -0.6308953206870292 22.641666666666666
      vertex -2.111016886826371 -1.218796167873051 22.69458333333333
    endloop
  endfacet
  facet normal -0.48471476118945384 -0.12282671504519228 0.8660053108129638
    outer loop
      vertex -2.629709165327289 -0.9844638249000305 22.119999999999997
      vertex -2.111016886826371 -1.218796167873051 22.37708333333333
      vertex -2.3545333910614534 -0.6308953206870292 22.324166666666663
    endloop
  endfacet
  facet normal -0.34872843608725573 -0.35836193925677806 -0.8660053108129637
    outer loop
      vertex -2.209708691207961 -2.209708691207961 23.144374999999997
      vertex -2.111016886826371 -1.218796167873051 22.69458333333333
      vertex -1.7236380703744243 -1.7236380703744243 22.7475
    endloop
  endfacet
  facet normal -0.43640861311535556 -0.2440949078585563 0.866005310812962
    outer loop
      vertex -2.400916754432086 -1.6125804285415652 22.119999999999997
      vertex -1.7236380703744243 -1.7236380703744243 22.429999999999996
      vertex -2.111016886826371 -1.218796167873051 22.37708333333333
    endloop
  endfacet
  facet normal -0.7933533402912354 -0.6087614290087204 0
    outer loop
      vertex -2.111016886826371 -1.218796167873051 22.37708333333333
      vertex -1.7236380703744243 -1.7236380703744243 22.429999999999996
      vertex -1.7236380703744243 -1.7236380703744243 22.7475
    endloop
  endfacet
  facet normal -0.7933533402912354 -0.6087614290087204 0
    outer loop
      vertex -2.111016886826371 -1.218796167873051 22.37708333333333
      vertex -1.7236380703744243 -1.7236380703744243 22.7475
      vertex -2.111016886826371 -1.218796167873051 22.69458333333333
    endloop
  endfacet
  facet normal -0.9238795325112868 -0.3826834323650898 0
    outer loop
      vertex -2.111016886826371 -1.218796167873051 22.37708333333333
      vertex -2.111016886826371 -1.218796167873051 22.69458333333333
      vertex -2.3545333910614534 -0.6308953206870292 22.324166666666663
    endloop
  endfacet
  facet normal -0.48471476118945384 -0.1228267150451922 0.8660053108129637
    outer loop
      vertex -2.6961108817543917 -0.7224207334708515 22.119999999999997
      vertex -2.629709165327289 -0.9844638249000305 22.119999999999997
      vertex -2.3545333910614534 -0.6308953206870292 22.324166666666663
    endloop
  endfacet
  facet normal -0.5108468733081064 -0.011014537767712778 0.8596011586713312
    outer loop
      vertex -2.6961108817543917 -0.7224207334708515 22.119999999999997
      vertex -2.3545333910614534 -0.6308953206870292 22.324166666666663
      vertex -2.7042588550539373 -0.3445231973552615 22.119999999999997
    endloop
  endfacet
  facet normal -0.48118865430197055 -0.13598632510219819 -0.8660053108129637
    outer loop
      vertex -3.0185182071533383 -0.8088095159453773 23.038541666666664
      vertex -2.437592335746102 0 22.588749999999997
      vertex -2.3545333910614534 -0.6308953206870292 22.641666666666666
    endloop
  endfacet
  facet normal -0.9238795325112867 -0.3826834323650898 0
    outer loop
      vertex -2.3545333910614534 -0.6308953206870292 22.324166666666663
      vertex -2.111016886826371 -1.218796167873051 22.69458333333333
      vertex -2.3545333910614534 -0.6308953206870292 22.641666666666666
    endloop
  endfacet
  facet normal -0.4999883993175112 0.006811915417745906 0.8660053108129618
    outer loop
      vertex -2.7042588550539373 -0.3445231973552615 22.119999999999997
      vertex -2.3545333910614534 -0.6308953206870292 22.324166666666663
      vertex -2.437592335746102 0 22.27125
    endloop
  endfacet
  facet normal -0.49998839931751105 0.006811915417745683 0.866005310812962
    outer loop
      vertex -2.7042588550539373 -0.3445231973552615 22.119999999999997
      vertex -2.437592335746102 0 22.27125
      vertex -2.6995650203908954 0 22.119999999999997
    endloop
  endfacet
  facet normal -0.9914448613738104 -0.1305261922200518 0
    outer loop
      vertex -2.3545333910614534 -0.6308953206870292 22.324166666666663
      vertex -2.3545333910614534 -0.6308953206870292 22.641666666666666
      vertex -2.437592335746102 0 22.27125
    endloop
  endfacet
  facet normal -0.9914448613738103 -0.1305261922200518 0
    outer loop
      vertex -2.3545333910614534 -0.6308953206870292 22.641666666666666
      vertex -2.437592335746102 0 22.588749999999997
      vertex -2.437592335746102 0 22.27125
    endloop
  endfacet
  facet normal -0.2458845671362804 -0.4479136386125522 0.8596011586713155
    outer loop
      vertex -1.4921657884539083 -2.679769522393911 22.119999999999997
      vertex -1.0788324846421093 -2.906671031366906 22.119999999999997
      vertex -0.8088095159453773 -3.0185182071533383 22.13895833333333
    endloop
  endfacet
  facet normal -0.3826834323650898 -0.9238795325112867 0
    outer loop
      vertex -1.0788324846421093 -2.906671031366906 22.119999999999997
      vertex -0.8088095159453773 -3.0185182071533383 22.119999999999997
      vertex -0.8088095159453773 -3.0185182071533383 22.13895833333333
    endloop
  endfacet
  facet normal -0.2458845671362688 -0.4479136386125278 0.8596011586713314
    outer loop
      vertex -1.4921657884539083 -2.679769522393911 22.119999999999997
      vertex -0.8088095159453773 -3.0185182071533383 22.13895833333333
      vertex -0.6308953206870292 -2.3545333910614534 22.53583333333333
    endloop
  endfacet
  facet normal -0.353434833916921 -0.3690117426112959 0.85960115867133
    outer loop
      vertex -2.018318917131697 -2.1906468651648288 22.119999999999997
      vertex -1.5330912206631533 -2.6553918868263704 22.119999999999997
      vertex -1.218796167873051 -2.111016886826371 22.482916666666664
    endloop
  endfacet
  facet normal -0.25589349145896917 -0.42959669769760006 0.8660053108129623
    outer loop
      vertex -1.4921657884539083 -2.679769522393911 22.119999999999997
      vertex -1.218796167873051 -2.111016886826371 22.482916666666664
      vertex -1.5330912206631533 -2.6553918868263704 22.119999999999997
    endloop
  endfacet
  facet normal -0.3583619392567782 -0.34872843608725573 0.8660053108129638
    outer loop
      vertex -2.018318917131697 -2.1906468651648288 22.119999999999997
      vertex -1.218796167873051 -2.111016886826371 22.482916666666664
      vertex -1.7236380703744243 -1.7236380703744243 22.429999999999996
    endloop
  endfacet
  facet normal -0.24409490785855636 -0.43640861311535567 -0.8660053108129618
    outer loop
      vertex -1.5625 -2.7063293868263707 23.197291666666665
      vertex -1.7236380703744243 -1.7236380703744243 22.7475
      vertex -1.218796167873051 -2.111016886826371 22.800416666666663
    endloop
  endfacet
  facet normal -0.6087614290087204 -0.7933533402912354 0
    outer loop
      vertex -1.218796167873051 -2.111016886826371 22.800416666666663
      vertex -1.7236380703744243 -1.7236380703744243 22.7475
      vertex -1.7236380703744243 -1.7236380703744243 22.429999999999996
    endloop
  endfacet
  facet normal -0.6087614290087204 -0.7933533402912354 0
    outer loop
      vertex -1.218796167873051 -2.111016886826371 22.482916666666664
      vertex -1.218796167873051 -2.111016886826371 22.800416666666663
      vertex -1.7236380703744243 -1.7236380703744243 22.429999999999996
    endloop
  endfacet
  facet normal -0.1428561264376874 -0.490589416060036 -0.8596011586713296
    outer loop
      vertex -1.5625 -2.7063293868263707 23.197291666666665
      vertex -1.218796167873051 -2.111016886826371 22.800416666666663
      vertex -0.8088095159453773 -3.0185182071533383 23.25020833333333
    endloop
  endfacet
  facet normal -0.2558934914589538 -0.4295966976976079 0.8660053108129628
    outer loop
      vertex -1.4921657884539083 -2.679769522393911 22.119999999999997
      vertex -0.6308953206870292 -2.3545333910614534 22.53583333333333
      vertex -1.218796167873051 -2.111016886826371 22.482916666666664
    endloop
  endfacet
  facet normal -0.3826834323650898 -0.9238795325112868 0
    outer loop
      vertex -1.218796167873051 -2.111016886826371 22.482916666666664
      vertex -0.6308953206870292 -2.3545333910614534 22.85333333333333
      vertex -1.218796167873051 -2.111016886826371 22.800416666666663
    endloop
  endfacet
  facet normal -0.13052619222005174 -0.9914448613738105 0
    outer loop
      vertex -0.8088095159453773 -3.0185182071533383 22.13895833333333
      vertex -0.8088095159453773 -3.0185182071533383 22.119999999999997
      vertex 0 -3.125 22.119999999999997
    endloop
  endfacet
  facet normal -0.13052619222005174 -0.9914448613738104 0
    outer loop
      vertex -0.8088095159453773 -3.0185182071533383 22.13895833333333
      vertex 0 -3.125 22.119999999999997
      vertex 0 -3.125 22.191874999999996
    endloop
  endfacet
  facet normal -0.12157767344873897 -0.4962909603546083 0.8596011586713296
    outer loop
      vertex -0.8088095159453773 -3.0185182071533383 22.13895833333333
      vertex 0 -3.125 22.191874999999996
      vertex 0 -2.437592335746102 22.588749999999997
    endloop
  endfacet
  facet normal -0.12282671504519228 -0.4847147611894538 -0.8660053108129638
    outer loop
      vertex -1.218796167873051 -2.111016886826371 22.800416666666663
      vertex -0.6308953206870292 -2.3545333910614534 22.85333333333333
      vertex -0.8088095159453773 -3.0185182071533383 23.25020833333333
    endloop
  endfacet
  facet normal -0.3826834323650898 -0.9238795325112868 0
    outer loop
      vertex -1.218796167873051 -2.111016886826371 22.482916666666664
      vertex -0.6308953206870292 -2.3545333910614534 22.53583333333333
      vertex -0.6308953206870292 -2.3545333910614534 22.85333333333333
    endloop
  endfacet
  facet normal -0.13598632510219819 -0.48118865430197055 0.8660053108129637
    outer loop
      vertex -0.8088095159453773 -3.0185182071533383 22.13895833333333
      vertex 0 -2.437592335746102 22.588749999999997
      vertex -0.6308953206870292 -2.3545333910614534 22.53583333333333
    endloop
  endfacet
  facet normal -0.1305261922200518 -0.9914448613738104 0
    outer loop
      vertex -0.6308953206870292 -2.3545333910614534 22.53583333333333
      vertex 0 -2.437592335746102 22.906249999999996
      vertex -0.6308953206870292 -2.3545333910614534 22.85333333333333
    endloop
  endfacet
  facet normal 0.0068119154177459515 -0.49998839931751093 -0.8660053108129618
    outer loop
      vertex -0.6308953206870292 -2.3545333910614534 22.85333333333333
      vertex 0 -2.437592335746102 22.906249999999996
      vertex 0 -3.125 23.303124999999998
    endloop
  endfacet
  facet normal -0.1305261922200518 -0.9914448613738103 0
    outer loop
      vertex -0.6308953206870292 -2.3545333910614534 22.53583333333333
      vertex 0 -2.437592335746102 22.588749999999997
      vertex 0 -2.437592335746102 22.906249999999996
    endloop
  endfacet
  facet normal -0.7933533402912354 -0.6087614290087205 0
    outer loop
      vertex -2.209708691207961 -2.209708691207961 23.303124999999998
      vertex -2.7063293868263707 -1.5625 23.25020833333333
      vertex -2.7063293868263707 -1.5625 23.091458333333332
    endloop
  endfacet
  facet normal -0.7933533402912354 -0.6087614290087205 0
    outer loop
      vertex -2.209708691207961 -2.209708691207961 24.573124999999997
      vertex -2.7063293868263707 -1.5625 24.52020833333333
      vertex -2.7063293868263707 -1.5625 24.36145833333333
    endloop
  endfacet
  facet normal -0.7933533402912353 -0.6087614290087205 0
    outer loop
      vertex -2.209708691207961 -2.209708691207961 23.144374999999997
      vertex -2.209708691207961 -2.209708691207961 23.303124999999998
      vertex -2.7063293868263707 -1.5625 23.091458333333332
    endloop
  endfacet
  facet normal -0.7933533402912353 -0.6087614290087205 0
    outer loop
      vertex -2.209708691207961 -2.209708691207961 24.414374999999996
      vertex -2.209708691207961 -2.209708691207961 24.573124999999997
      vertex -2.7063293868263707 -1.5625 24.36145833333333
    endloop
  endfacet
  facet normal -0.6087614290087205 -0.7933533402912354 0
    outer loop
      vertex -2.209708691207961 -2.209708691207961 23.144374999999997
      vertex -1.5625 -2.7063293868263707 23.197291666666665
      vertex -1.5625 -2.7063293868263707 23.356041666666663
    endloop
  endfacet
  facet normal -0.6087614290087205 -0.7933533402912353 0
    outer loop
      vertex -2.209708691207961 -2.209708691207961 24.414374999999996
      vertex -1.5625 -2.7063293868263707 24.467291666666664
      vertex -1.5625 -2.7063293868263707 24.626041666666666
    endloop
  endfacet
  facet normal -0.6087614290087205 -0.7933533402912353 0
    outer loop
      vertex -2.209708691207961 -2.209708691207961 23.144374999999997
      vertex -1.5625 -2.7063293868263707 23.356041666666663
      vertex -2.209708691207961 -2.209708691207961 23.303124999999998
    endloop
  endfacet
  facet normal -0.6087614290087205 -0.7933533402912353 0
    outer loop
      vertex -2.209708691207961 -2.209708691207961 24.414374999999996
      vertex -1.5625 -2.7063293868263707 24.626041666666666
      vertex -2.209708691207961 -2.209708691207961 24.573124999999997
    endloop
  endfacet
  facet normal -0.4368991008448144 -0.2649623061718355 0.8596011586713312
    outer loop
      vertex -2.209708691207961 -2.209708691207961 23.303124999999998
      vertex -1.7236380703744243 -1.7236380703744243 23.699999999999996
      vertex -2.7063293868263707 -1.5625 23.25020833333333
    endloop
  endfacet
  facet normal -0.2649623061718355 -0.4368991008448144 -0.8596011586713312
    outer loop
      vertex -2.209708691207961 -2.209708691207961 24.414374999999996
      vertex -1.7236380703744243 -1.7236380703744243 24.0175
      vertex -1.5625 -2.7063293868263707 24.467291666666664
    endloop
  endfacet
  facet normal -0.436899100844817 -0.26496230617183764 0.8596011586713291
    outer loop
      vertex -2.209708691207961 -2.209708691207961 24.573124999999997
      vertex -1.7236380703744243 -1.7236380703744243 24.97
      vertex -2.7063293868263707 -1.5625 24.52020833333333
    endloop
  endfacet
  facet normal -0.9238795325112868 -0.3826834323650898 0
    outer loop
      vertex -2.7063293868263707 -1.5625 23.25020833333333
      vertex -3.0185182071533383 -0.8088095159453773 23.197291666666665
      vertex -3.0185182071533383 -0.8088095159453773 23.038541666666664
    endloop
  endfacet
  facet normal -0.9238795325112868 -0.3826834323650898 0
    outer loop
      vertex -2.7063293868263707 -1.5625 24.52020833333333
      vertex -3.0185182071533383 -0.8088095159453773 24.467291666666664
      vertex -3.0185182071533383 -0.8088095159453773 24.308541666666663
    endloop
  endfacet
  facet normal -0.9238795325112867 -0.38268343236508967 0
    outer loop
      vertex -2.7063293868263707 -1.5625 23.091458333333332
      vertex -2.7063293868263707 -1.5625 23.25020833333333
      vertex -3.0185182071533383 -0.8088095159453773 23.038541666666664
    endloop
  endfacet
  facet normal -0.9238795325112867 -0.38268343236508967 0
    outer loop
      vertex -2.7063293868263707 -1.5625 24.36145833333333
      vertex -2.7063293868263707 -1.5625 24.52020833333333
      vertex -3.0185182071533383 -0.8088095159453773 24.308541666666663
    endloop
  endfacet
  facet normal -0.44791363861252725 -0.24588456713627072 -0.8596011586713312
    outer loop
      vertex -2.3545333910614534 -0.6308953206870292 23.911666666666665
      vertex -2.7063293868263707 -1.5625 24.36145833333333
      vertex -3.0185182071533383 -0.8088095159453773 24.308541666666663
    endloop
  endfacet
  facet normal -0.9914448613738104 -0.13052619222005174 0
    outer loop
      vertex -3.0185182071533383 -0.8088095159453773 24.308541666666663
      vertex -3.0185182071533383 -0.8088095159453773 24.467291666666664
      vertex -3.125 0 24.255625
    endloop
  endfacet
  facet normal -0.5108468733081064 -0.011014537767712917 0.8596011586713312
    outer loop
      vertex -3.0185182071533383 -0.8088095159453773 23.197291666666665
      vertex -2.3545333910614534 -0.6308953206870292 23.594166666666663
      vertex -3.125 0 23.144374999999997
    endloop
  endfacet
  facet normal -0.5108468733081064 -0.011014537767712917 0.8596011586713312
    outer loop
      vertex -3.0185182071533383 -0.8088095159453773 24.467291666666664
      vertex -2.3545333910614534 -0.6308953206870292 24.864166666666662
      vertex -3.125 0 24.414374999999996
    endloop
  endfacet
  facet normal -0.9914448613738105 -0.1305261922200517 0
    outer loop
      vertex -3.0185182071533383 -0.8088095159453773 24.467291666666664
      vertex -3.125 0 24.414374999999996
      vertex -3.125 0 24.255625
    endloop
  endfacet
  facet normal -0.4962909603546083 -0.12157767344873897 -0.8596011586713296
    outer loop
      vertex -3.0185182071533383 -0.8088095159453773 24.308541666666663
      vertex -3.125 0 24.255625
      vertex -2.437592335746102 0 23.858749999999997
    endloop
  endfacet
  facet normal -0.3690117426112971 -0.3534348339169207 -0.8596011586713296
    outer loop
      vertex -2.209708691207961 -2.209708691207961 24.414374999999996
      vertex -2.7063293868263707 -1.5625 24.36145833333333
      vertex -2.111016886826371 -1.218796167873051 23.96458333333333
    endloop
  endfacet
  facet normal -0.490589416060036 -0.1428561264376874 0.8596011586713296
    outer loop
      vertex -2.7063293868263707 -1.5625 23.25020833333333
      vertex -2.111016886826371 -1.218796167873051 23.64708333333333
      vertex -3.0185182071533383 -0.8088095159453773 23.197291666666665
    endloop
  endfacet
  facet normal -0.4847147611894538 -0.12282671504519223 0.8660053108129638
    outer loop
      vertex -3.0185182071533383 -0.8088095159453773 23.197291666666665
      vertex -2.111016886826371 -1.218796167873051 23.64708333333333
      vertex -2.3545333910614534 -0.6308953206870292 23.594166666666663
    endloop
  endfacet
  facet normal -0.4295966976976095 -0.2558934914589544 -0.8660053108129618
    outer loop
      vertex -2.111016886826371 -1.218796167873051 23.96458333333333
      vertex -2.7063293868263707 -1.5625 24.36145833333333
      vertex -2.3545333910614534 -0.6308953206870292 23.911666666666665
    endloop
  endfacet
  facet normal -0.490589416060036 -0.1428561264376874 0.8596011586713296
    outer loop
      vertex -2.7063293868263707 -1.5625 24.52020833333333
      vertex -2.111016886826371 -1.218796167873051 24.91708333333333
      vertex -3.0185182071533383 -0.8088095159453773 24.467291666666664
    endloop
  endfacet
  facet normal -0.4847147611894538 -0.12282671504519223 0.8660053108129638
    outer loop
      vertex -3.0185182071533383 -0.8088095159453773 24.467291666666664
      vertex -2.111016886826371 -1.218796167873051 24.91708333333333
      vertex -2.3545333910614534 -0.6308953206870292 24.864166666666662
    endloop
  endfacet
  facet normal -0.34872843608725573 -0.35836193925677806 -0.8660053108129637
    outer loop
      vertex -2.209708691207961 -2.209708691207961 24.414374999999996
      vertex -2.111016886826371 -1.218796167873051 23.96458333333333
      vertex -1.7236380703744243 -1.7236380703744243 24.0175
    endloop
  endfacet
  facet normal -0.43640861311535567 -0.24409490785855636 0.8660053108129618
    outer loop
      vertex -2.7063293868263707 -1.5625 23.25020833333333
      vertex -1.7236380703744243 -1.7236380703744243 23.699999999999996
      vertex -2.111016886826371 -1.218796167873051 23.64708333333333
    endloop
  endfacet
  facet normal -0.7933533402912354 -0.6087614290087204 0
    outer loop
      vertex -2.111016886826371 -1.218796167873051 23.64708333333333
      vertex -1.7236380703744243 -1.7236380703744243 23.699999999999996
      vertex -1.7236380703744243 -1.7236380703744243 24.0175
    endloop
  endfacet
  facet normal -0.7933533402912354 -0.6087614290087204 0
    outer loop
      vertex -2.111016886826371 -1.218796167873051 23.64708333333333
      vertex -1.7236380703744243 -1.7236380703744243 24.0175
      vertex -2.111016886826371 -1.218796167873051 23.96458333333333
    endloop
  endfacet
  facet normal -0.4364086131153581 -0.24409490785855215 0.8660053108129618
    outer loop
      vertex -2.7063293868263707 -1.5625 24.52020833333333
      vertex -1.7236380703744243 -1.7236380703744243 24.97
      vertex -2.111016886826371 -1.218796167873051 24.91708333333333
    endloop
  endfacet
  facet normal -0.7933533402912353 -0.6087614290087204 0
    outer loop
      vertex -2.111016886826371 -1.218796167873051 24.91708333333333
      vertex -1.7236380703744243 -1.7236380703744243 24.97
      vertex -1.7236380703744243 -1.7236380703744243 25.619999999999997
    endloop
  endfacet
  facet normal -0.7933533402912354 -0.6087614290087204 0
    outer loop
      vertex -2.111016886826371 -1.218796167873051 24.91708333333333
      vertex -1.7236380703744243 -1.7236380703744243 25.619999999999997
      vertex -2.111016886826371 -1.218796167873051 25.57391145833333
    endloop
  endfacet
  facet normal -0.7933533402912353 -0.6087614290087204 0
    outer loop
      vertex -2.111016886826371 -1.218796167873051 25.57391145833333
      vertex -1.7236380703744243 -1.7236380703744243 25.619999999999997
      vertex -2.111016886826371 -1.218796167873051 25.619999999999997
    endloop
  endfacet
  facet normal -0.9238795325112868 -0.3826834323650898 0
    outer loop
      vertex -2.111016886826371 -1.218796167873051 23.64708333333333
      vertex -2.111016886826371 -1.218796167873051 23.96458333333333
      vertex -2.3545333910614534 -0.6308953206870292 23.594166666666663
    endloop
  endfacet
  facet normal -0.9238795325112868 -0.3826834323650898 0
    outer loop
      vertex -2.111016886826371 -1.218796167873051 24.91708333333333
      vertex -2.111016886826371 -1.218796167873051 25.57391145833333
      vertex -2.3545333910614534 -0.6308953206870292 24.864166666666662
    endloop
  endfacet
  facet normal -0.9238795325112868 -0.3826834323650898 0
    outer loop
      vertex -2.111016886826371 -1.218796167873051 25.57391145833333
      vertex -2.111016886826371 -1.218796167873051 25.619999999999997
      vertex -2.3545333910614534 -0.6308953206870292 25.520994791666663
    endloop
  endfacet
  facet normal -0.4811886543019705 -0.13598632510219813 -0.8660053108129637
    outer loop
      vertex -2.3545333910614534 -0.6308953206870292 23.911666666666665
      vertex -3.0185182071533383 -0.8088095159453773 24.308541666666663
      vertex -2.437592335746102 0 23.858749999999997
    endloop
  endfacet
  facet normal -0.9238795325112868 -0.3826834323650898 0
    outer loop
      vertex -2.111016886826371 -1.218796167873051 23.96458333333333
      vertex -2.3545333910614534 -0.6308953206870292 23.911666666666665
      vertex -2.3545333910614534 -0.6308953206870292 23.594166666666663
    endloop
  endfacet
  facet normal -0.9238795325112868 -0.3826834323650898 0
    outer loop
      vertex -2.111016886826371 -1.218796167873051 25.57391145833333
      vertex -2.3545333910614534 -0.6308953206870292 25.520994791666663
      vertex -2.3545333910614534 -0.6308953206870292 24.864166666666662
    endloop
  endfacet
  facet normal -0.9238795325112867 -0.3826834323650898 0
    outer loop
      vertex -2.111016886826371 -1.218796167873051 25.619999999999997
      vertex -2.3545333910614534 -0.6308953206870292 25.619999999999997
      vertex -2.3545333910614534 -0.6308953206870292 25.520994791666663
    endloop
  endfacet
  facet normal -0.49998839931751093 0.0068119154177459515 0.8660053108129618
    outer loop
      vertex -2.3545333910614534 -0.6308953206870292 23.594166666666663
      vertex -2.437592335746102 0 23.541249999999998
      vertex -3.125 0 23.144374999999997
    endloop
  endfacet
  facet normal -0.9914448613738104 -0.1305261922200518 0
    outer loop
      vertex -2.3545333910614534 -0.6308953206870292 23.594166666666663
      vertex -2.3545333910614534 -0.6308953206870292 23.911666666666665
      vertex -2.437592335746102 0 23.541249999999998
    endloop
  endfacet
  facet normal -0.9914448613738103 -0.1305261922200518 0
    outer loop
      vertex -2.3545333910614534 -0.6308953206870292 23.911666666666665
      vertex -2.437592335746102 0 23.858749999999997
      vertex -2.437592335746102 0 23.541249999999998
    endloop
  endfacet
  facet normal -0.49998839931751093 0.0068119154177459515 0.8660053108129618
    outer loop
      vertex -2.3545333910614534 -0.6308953206870292 24.864166666666662
      vertex -2.437592335746102 0 24.811249999999998
      vertex -3.125 0 24.414374999999996
    endloop
  endfacet
  facet normal -0.9914448613738103 -0.1305261922200518 0
    outer loop
      vertex -2.3545333910614534 -0.6308953206870292 24.864166666666662
      vertex -2.3545333910614534 -0.6308953206870292 25.520994791666663
      vertex -2.437592335746102 0 24.811249999999998
    endloop
  endfacet
  facet normal -0.9914448613738104 -0.1305261922200518 0
    outer loop
      vertex -2.3545333910614534 -0.6308953206870292 25.520994791666663
      vertex -2.3545333910614534 -0.6308953206870292 25.619999999999997
      vertex -2.437592335746102 0 25.468078124999998
    endloop
  endfacet
  facet normal -0.9914448613738103 -0.13052619222005177 0
    outer loop
      vertex -2.3545333910614534 -0.6308953206870292 25.520994791666663
      vertex -2.437592335746102 0 25.468078124999998
      vertex -2.437592335746102 0 24.811249999999998
    endloop
  endfacet
  facet normal -0.9914448613738104 -0.1305261922200518 0
    outer loop
      vertex -2.3545333910614534 -0.6308953206870292 25.619999999999997
      vertex -2.437592335746102 0 25.5821796875
      vertex -2.437592335746102 0 25.468078124999998
    endloop
  endfacet
  facet normal -0.9914448613738105 -0.1305261922200518 0
    outer loop
      vertex -2.3545333910614534 -0.6308953206870292 25.619999999999997
      vertex -2.437592335746102 0 25.619999999999997
      vertex -2.437592335746102 0 25.5821796875
    endloop
  endfacet
  facet normal -0.38268343236508967 -0.9238795325112867 0
    outer loop
      vertex -1.5625 -2.7063293868263707 23.197291666666665
      vertex -0.8088095159453773 -3.0185182071533383 23.40895833333333
      vertex -1.5625 -2.7063293868263707 23.356041666666663
    endloop
  endfacet
  facet normal -0.3826834323650898 -0.9238795325112868 0
    outer loop
      vertex -1.5625 -2.7063293868263707 23.197291666666665
      vertex -0.8088095159453773 -3.0185182071533383 23.25020833333333
      vertex -0.8088095159453773 -3.0185182071533383 23.40895833333333
    endloop
  endfacet
  facet normal -0.3826834323650898 -0.9238795325112868 0
    outer loop
      vertex -1.5625 -2.7063293868263707 24.467291666666664
      vertex -0.8088095159453773 -3.0185182071533383 24.52020833333333
      vertex -0.8088095159453773 -3.0185182071533383 24.67895833333333
    endloop
  endfacet
  facet normal -0.2458845671362718 -0.44791363861253025 0.8596011586713292
    outer loop
      vertex -1.5625 -2.7063293868263707 23.356041666666663
      vertex -0.8088095159453773 -3.0185182071533383 23.40895833333333
      vertex -0.6308953206870292 -2.3545333910614534 23.805833333333332
    endloop
  endfacet
  facet normal -0.3826834323650897 -0.9238795325112868 0
    outer loop
      vertex -1.5625 -2.7063293868263707 24.467291666666664
      vertex -0.8088095159453773 -3.0185182071533383 24.67895833333333
      vertex -1.5625 -2.7063293868263707 24.626041666666666
    endloop
  endfacet
  facet normal -0.24588456713626827 -0.44791363861253153 0.8596011586713297
    outer loop
      vertex -1.5625 -2.7063293868263707 24.626041666666666
      vertex -0.8088095159453773 -3.0185182071533383 24.67895833333333
      vertex -0.6308953206870292 -2.3545333910614534 25.075833333333332
    endloop
  endfacet
  facet normal -0.3534348339169207 -0.3690117426112971 0.8596011586713296
    outer loop
      vertex -2.209708691207961 -2.209708691207961 23.303124999999998
      vertex -1.5625 -2.7063293868263707 23.356041666666663
      vertex -1.218796167873051 -2.111016886826371 23.752916666666664
    endloop
  endfacet
  facet normal -0.35343483391692193 -0.3690117426112923 0.8596011586713312
    outer loop
      vertex -2.209708691207961 -2.209708691207961 24.573124999999997
      vertex -1.5625 -2.7063293868263707 24.626041666666666
      vertex -1.218796167873051 -2.111016886826371 25.022916666666664
    endloop
  endfacet
  facet normal -0.35836193925677806 -0.34872843608725573 0.8660053108129637
    outer loop
      vertex -2.209708691207961 -2.209708691207961 23.303124999999998
      vertex -1.218796167873051 -2.111016886826371 23.752916666666664
      vertex -1.7236380703744243 -1.7236380703744243 23.699999999999996
    endloop
  endfacet
  facet normal -0.24409490785855636 -0.43640861311535567 -0.8660053108129618
    outer loop
      vertex -1.5625 -2.7063293868263707 24.467291666666664
      vertex -1.7236380703744243 -1.7236380703744243 24.0175
      vertex -1.218796167873051 -2.111016886826371 24.070416666666663
    endloop
  endfacet
  facet normal -0.6087614290087204 -0.7933533402912354 0
    outer loop
      vertex -1.218796167873051 -2.111016886826371 23.752916666666664
      vertex -1.218796167873051 -2.111016886826371 24.070416666666663
      vertex -1.7236380703744243 -1.7236380703744243 23.699999999999996
    endloop
  endfacet
  facet normal -0.6087614290087204 -0.7933533402912354 0
    outer loop
      vertex -1.218796167873051 -2.111016886826371 24.070416666666663
      vertex -1.7236380703744243 -1.7236380703744243 24.0175
      vertex -1.7236380703744243 -1.7236380703744243 23.699999999999996
    endloop
  endfacet
  facet normal -0.3583619392567766 -0.34872843608726206 0.8660053108129617
    outer loop
      vertex -2.209708691207961 -2.209708691207961 24.573124999999997
      vertex -1.218796167873051 -2.111016886826371 25.022916666666664
      vertex -1.7236380703744243 -1.7236380703744243 24.97
    endloop
  endfacet
  facet normal -0.6087614290087204 -0.7933533402912354 0
    outer loop
      vertex -1.218796167873051 -2.111016886826371 25.022916666666664
      vertex -1.218796167873051 -2.111016886826371 25.619999999999997
      vertex -1.7236380703744243 -1.7236380703744243 24.97
    endloop
  endfacet
  facet normal -0.6087614290087204 -0.7933533402912353 0
    outer loop
      vertex -1.218796167873051 -2.111016886826371 25.619999999999997
      vertex -1.7236380703744243 -1.7236380703744243 25.619999999999997
      vertex -1.7236380703744243 -1.7236380703744243 24.97
    endloop
  endfacet
  facet normal -0.1428561264376874 -0.490589416060036 -0.8596011586713296
    outer loop
      vertex -1.5625 -2.7063293868263707 24.467291666666664
      vertex -1.218796167873051 -2.111016886826371 24.070416666666663
      vertex -0.8088095159453773 -3.0185182071533383 24.52020833333333
    endloop
  endfacet
  facet normal -0.2558934914589587 -0.4295966976976071 0.8660053108129618
    outer loop
      vertex -1.5625 -2.7063293868263707 23.356041666666663
      vertex -0.6308953206870292 -2.3545333910614534 23.805833333333332
      vertex -1.218796167873051 -2.111016886826371 23.752916666666664
    endloop
  endfacet
  facet normal -0.2558934914589575 -0.42959669769760395 0.8660053108129638
    outer loop
      vertex -1.5625 -2.7063293868263707 24.626041666666666
      vertex -0.6308953206870292 -2.3545333910614534 25.075833333333332
      vertex -1.218796167873051 -2.111016886826371 25.022916666666664
    endloop
  endfacet
  facet normal -0.3826834323650898 -0.9238795325112868 0
    outer loop
      vertex -1.218796167873051 -2.111016886826371 23.752916666666664
      vertex -0.6308953206870292 -2.3545333910614534 24.12333333333333
      vertex -1.218796167873051 -2.111016886826371 24.070416666666663
    endloop
  endfacet
  facet normal -0.3826834323650898 -0.9238795325112868 0
    outer loop
      vertex -1.218796167873051 -2.111016886826371 25.022916666666664
      vertex -0.6308953206870292 -2.3545333910614534 25.619999999999997
      vertex -1.218796167873051 -2.111016886826371 25.619999999999997
    endloop
  endfacet
  facet normal -0.13052619222005174 -0.9914448613738104 0
    outer loop
      vertex -0.8088095159453773 -3.0185182071533383 23.25020833333333
      vertex 0 -3.125 23.461875
      vertex -0.8088095159453773 -3.0185182071533383 23.40895833333333
    endloop
  endfacet
  facet normal -0.011014537767712917 -0.5108468733081064 -0.8596011586713312
    outer loop
      vertex -0.8088095159453773 -3.0185182071533383 23.25020833333333
      vertex -0.6308953206870292 -2.3545333910614534 22.85333333333333
      vertex 0 -3.125 23.303124999999998
    endloop
  endfacet
  facet normal -0.011014537767712917 -0.5108468733081064 -0.8596011586713312
    outer loop
      vertex -0.8088095159453773 -3.0185182071533383 24.52020833333333
      vertex -0.6308953206870292 -2.3545333910614534 24.12333333333333
      vertex 0 -3.125 24.573124999999997
    endloop
  endfacet
  facet normal -0.13052619222005174 -0.9914448613738104 0
    outer loop
      vertex -0.8088095159453773 -3.0185182071533383 24.52020833333333
      vertex 0 -3.125 24.731875
      vertex -0.8088095159453773 -3.0185182071533383 24.67895833333333
    endloop
  endfacet
  facet normal -0.13052619222005174 -0.9914448613738104 0
    outer loop
      vertex -0.8088095159453773 -3.0185182071533383 23.25020833333333
      vertex 0 -3.125 23.303124999999998
      vertex 0 -3.125 23.461875
    endloop
  endfacet
  facet normal -0.1215776734487424 -0.49629096035460474 0.8596011586713312
    outer loop
      vertex -0.8088095159453773 -3.0185182071533383 23.40895833333333
      vertex 0 -3.125 23.461875
      vertex 0 -2.437592335746102 23.858749999999997
    endloop
  endfacet
  facet normal -0.13052619222005174 -0.9914448613738104 0
    outer loop
      vertex -0.8088095159453773 -3.0185182071533383 24.52020833333333
      vertex 0 -3.125 24.573124999999997
      vertex 0 -3.125 24.731875
    endloop
  endfacet
  facet normal -0.1215776734487424 -0.49629096035460474 0.8596011586713312
    outer loop
      vertex -0.8088095159453773 -3.0185182071533383 24.67895833333333
      vertex 0 -3.125 24.731875
      vertex 0 -2.437592335746102 25.128749999999997
    endloop
  endfacet
  facet normal -0.12282671504519228 -0.4847147611894538 -0.8660053108129638
    outer loop
      vertex -1.218796167873051 -2.111016886826371 24.070416666666663
      vertex -0.6308953206870292 -2.3545333910614534 24.12333333333333
      vertex -0.8088095159453773 -3.0185182071533383 24.52020833333333
    endloop
  endfacet
  facet normal -0.3826834323650898 -0.9238795325112868 0
    outer loop
      vertex -1.218796167873051 -2.111016886826371 23.752916666666664
      vertex -0.6308953206870292 -2.3545333910614534 23.805833333333332
      vertex -0.6308953206870292 -2.3545333910614534 24.12333333333333
    endloop
  endfacet
  facet normal -0.13598632510219377 -0.4811886543019751 0.8660053108129617
    outer loop
      vertex -0.8088095159453773 -3.0185182071533383 23.40895833333333
      vertex 0 -2.437592335746102 23.858749999999997
      vertex -0.6308953206870292 -2.3545333910614534 23.805833333333332
    endloop
  endfacet
  facet normal -0.3826834323650897 -0.9238795325112867 0
    outer loop
      vertex -1.218796167873051 -2.111016886826371 25.022916666666664
      vertex -0.6308953206870292 -2.3545333910614534 25.075833333333332
      vertex -0.6308953206870292 -2.3545333910614534 25.619999999999997
    endloop
  endfacet
  facet normal -0.13598632510219377 -0.4811886543019751 0.8660053108129617
    outer loop
      vertex -0.8088095159453773 -3.0185182071533383 24.67895833333333
      vertex 0 -2.437592335746102 25.128749999999997
      vertex -0.6308953206870292 -2.3545333910614534 25.075833333333332
    endloop
  endfacet
  facet normal -0.1305261922200518 -0.9914448613738103 0
    outer loop
      vertex -0.6308953206870292 -2.3545333910614534 23.805833333333332
      vertex 0 -2.437592335746102 24.176249999999996
      vertex -0.6308953206870292 -2.3545333910614534 24.12333333333333
    endloop
  endfacet
  facet normal 0.0068119154177459515 -0.49998839931751093 -0.8660053108129618
    outer loop
      vertex -0.6308953206870292 -2.3545333910614534 24.12333333333333
      vertex 0 -2.437592335746102 24.176249999999996
      vertex 0 -3.125 24.573124999999997
    endloop
  endfacet
  facet normal -0.1305261922200518 -0.9914448613738105 0
    outer loop
      vertex -0.6308953206870292 -2.3545333910614534 23.805833333333332
      vertex 0 -2.437592335746102 23.858749999999997
      vertex 0 -2.437592335746102 24.176249999999996
    endloop
  endfacet
  facet normal -0.1305261922200518 -0.9914448613738103 0
    outer loop
      vertex -0.6308953206870292 -2.3545333910614534 25.075833333333332
      vertex 0 -2.437592335746102 25.619999999999997
      vertex -0.6308953206870292 -2.3545333910614534 25.619999999999997
    endloop
  endfacet
  facet normal -0.1305261922200518 -0.9914448613738104 0
    outer loop
      vertex -0.6308953206870292 -2.3545333910614534 25.075833333333332
      vertex 0 -2.437592335746102 25.128749999999997
      vertex 0 -2.437592335746102 25.619999999999997
    endloop
  endfacet
  facet normal 0 0 1
    outer loop
      vertex -2.111016886826371 -1.218796167873051 25.619999999999997
      vertex -1.7236380703744243 -1.7236380703744243 25.619999999999997
      vertex 0 0 25.619999999999997
    endloop
  endfacet
  facet normal 0 0 1
    outer loop
      vertex -1.218796167873051 -2.111016886826371 25.619999999999997
      vertex 0 0 25.619999999999997
      vertex -1.7236380703744243 -1.7236380703744243 25.619999999999997
    endloop
  endfacet
  facet normal 0 0 1
    outer loop
      vertex -2.111016886826371 -1.218796167873051 25.619999999999997
      vertex 0 0 25.619999999999997
      vertex -2.3545333910614534 -0.6308953206870292 25.619999999999997
    endloop
  endfacet
  facet normal 0 0 1
    outer loop
      vertex -2.3545333910614534 -0.6308953206870292 25.619999999999997
      vertex 0 0 25.619999999999997
      vertex -2.437592335746102 0 25.619999999999997
    endloop
  endfacet
  facet normal 0 0 1
    outer loop
      vertex -1.218796167873051 -2.111016886826371 25.619999999999997
      vertex -0.6308953206870292 -2.3545333910614534 25.619999999999997
      vertex 0 0 25.619999999999997
    endloop
  endfacet
  facet normal 0 0 1
    outer loop
      vertex -0.6308953206870292 -2.3545333910614534 25.619999999999997
      vertex 0 -2.437592335746102 25.619999999999997
      vertex 0 0 25.619999999999997
    endloop
  endfacet
  facet normal -0.9914448613738105 0.1305261922200517 0
    outer loop
      vertex -3.125 0 22.985625
      vertex -3.125 0 23.144374999999997
      vertex -3.0185182071533383 0.8088095159453773 22.93270833333333
    endloop
  endfacet
  facet normal -0.9914448613738104 0.13052619222005174 0
    outer loop
      vertex -3.125 0 23.144374999999997
      vertex -3.0185182071533383 0.8088095159453773 23.091458333333332
      vertex -3.0185182071533383 0.8088095159453773 22.93270833333333
    endloop
  endfacet
  facet normal -0.5108468733081096 0.011014537767713472 -0.8596011586713294
    outer loop
      vertex -3.125 0 22.985625
      vertex -3.0185182071533383 0.8088095159453773 22.93270833333333
      vertex -2.3545333910614534 0.6308953206870292 22.53583333333333
    endloop
  endfacet
  facet normal -0.9238795325112868 0.3826834323650897 0
    outer loop
      vertex -3.0185182071533383 0.8088095159453773 22.93270833333333
      vertex -3.0185182071533383 0.8088095159453773 23.091458333333332
      vertex -2.7063293868263707 1.5625 22.879791666666666
    endloop
  endfacet
  facet normal -0.9238795325112868 0.3826834323650898 0
    outer loop
      vertex -3.0185182071533383 0.8088095159453773 23.091458333333332
      vertex -2.7063293868263707 1.5625 23.038541666666664
      vertex -2.7063293868263707 1.5625 22.879791666666666
    endloop
  endfacet
  facet normal -0.4962909603546083 0.12157767344873885 0.8596011586713296
    outer loop
      vertex -2.6995650203908954 0 22.119999999999997
      vertex -2.437592335746102 0 22.27125
      vertex -2.6329384138571057 0.2719757797945106 22.119999999999997
    endloop
  endfacet
  facet normal -0.49998839931751105 -0.00681191541775087 -0.8660053108129618
    outer loop
      vertex -3.125 0 22.985625
      vertex -2.3545333910614534 0.6308953206870292 22.53583333333333
      vertex -2.437592335746102 0 22.588749999999997
    endloop
  endfacet
  facet normal -0.4811886543019705 0.13598632510219816 0.8660053108129638
    outer loop
      vertex -2.437592335746102 0 22.27125
      vertex -2.3545333910614534 0.6308953206870292 22.21833333333333
      vertex -2.6329384138571057 0.2719757797945106 22.119999999999997
    endloop
  endfacet
  facet normal -0.9914448613738103 0.1305261922200518 0
    outer loop
      vertex -2.437592335746102 0 22.27125
      vertex -2.437592335746102 0 22.588749999999997
      vertex -2.3545333910614534 0.6308953206870292 22.21833333333333
    endloop
  endfacet
  facet normal -0.9914448613738103 0.1305261922200518 0
    outer loop
      vertex -2.3545333910614534 0.6308953206870292 22.21833333333333
      vertex -2.437592335746102 0 22.588749999999997
      vertex -2.3545333910614534 0.6308953206870292 22.53583333333333
    endloop
  endfacet
  facet normal -0.4811886543019705 0.13598632510219819 0.8660053108129638
    outer loop
      vertex -2.6329384138571057 0.2719757797945106 22.119999999999997
      vertex -2.3545333910614534 0.6308953206870292 22.21833333333333
      vertex -2.519048264129889 0.6749769480686252 22.119999999999997
    endloop
  endfacet
  facet normal -0.4479136386125273 0.24588456713627038 0.8596011586713311
    outer loop
      vertex -2.519048264129889 0.6749769480686252 22.119999999999997
      vertex -2.3545333910614534 0.6308953206870292 22.21833333333333
      vertex -2.4314429371480863 0.8345624854094562 22.119999999999997
    endloop
  endfacet
  facet normal -0.9238795325112868 0.3826834323650898 0
    outer loop
      vertex -2.3545333910614534 0.6308953206870292 22.21833333333333
      vertex -2.3545333910614534 0.6308953206870292 22.53583333333333
      vertex -2.111016886826371 1.218796167873051 22.165416666666665
    endloop
  endfacet
  facet normal -0.4847147611894556 0.12282671504519839 -0.8660053108129618
    outer loop
      vertex -3.0185182071533383 0.8088095159453773 22.93270833333333
      vertex -2.111016886826371 1.218796167873051 22.482916666666664
      vertex -2.3545333910614534 0.6308953206870292 22.53583333333333
    endloop
  endfacet
  facet normal -0.49058941606003587 0.14285612643768736 -0.8596011586713297
    outer loop
      vertex -3.0185182071533383 0.8088095159453773 22.93270833333333
      vertex -2.7063293868263707 1.5625 22.879791666666666
      vertex -2.111016886826371 1.218796167873051 22.482916666666664
    endloop
  endfacet
  facet normal -0.4295966976976092 0.2558934914589543 0.8660053108129621
    outer loop
      vertex -2.3545333910614534 0.6308953206870292 22.21833333333333
      vertex -2.111016886826371 1.218796167873051 22.165416666666665
      vertex -2.4314429371480863 0.8345624854094562 22.119999999999997
    endloop
  endfacet
  facet normal -0.42959669769761005 0.25589349145895507 0.8660053108129615
    outer loop
      vertex -2.4314429371480863 0.8345624854094562 22.119999999999997
      vertex -2.111016886826371 1.218796167873051 22.165416666666665
      vertex -2.1791418868263723 1.2581281549615952 22.119999999999997
    endloop
  endfacet
  facet normal -0.9238795325112868 0.3826834323650898 0
    outer loop
      vertex -2.111016886826371 1.218796167873051 22.165416666666665
      vertex -2.3545333910614534 0.6308953206870292 22.53583333333333
      vertex -2.111016886826371 1.218796167873051 22.482916666666664
    endloop
  endfacet
  facet normal -0.36901174261129605 0.35343483391692354 0.8596011586713289
    outer loop
      vertex -2.1791418868263723 1.2581281549615952 22.119999999999997
      vertex -2.111016886826371 1.218796167873051 22.165416666666665
      vertex -2.1209820620719415 1.318851253601173 22.119999999999997
    endloop
  endfacet
  facet normal -0.3487284360872582 0.3583619392567802 0.866005310812962
    outer loop
      vertex -2.111016886826371 1.218796167873051 22.165416666666665
      vertex -1.7785421545959619 1.652085674744306 22.119999999999997
      vertex -2.1209820620719415 1.318851253601173 22.119999999999997
    endloop
  endfacet
  facet normal -0.4364086131153581 0.24409490785855215 -0.8660053108129618
    outer loop
      vertex -2.7063293868263707 1.5625 22.879791666666666
      vertex -1.7236380703744243 1.7236380703744243 22.429999999999996
      vertex -2.111016886826371 1.218796167873051 22.482916666666664
    endloop
  endfacet
  facet normal -0.7933533402912354 0.6087614290087203 0
    outer loop
      vertex -2.111016886826371 1.218796167873051 22.165416666666665
      vertex -2.111016886826371 1.218796167873051 22.482916666666664
      vertex -1.7785421545959619 1.652085674744306 22.119999999999997
    endloop
  endfacet
  facet normal -0.7933533402912354 0.6087614290087204 8.586136452631575e-17
    outer loop
      vertex -1.7785421545959619 1.652085674744306 22.119999999999997
      vertex -2.111016886826371 1.218796167873051 22.482916666666664
      vertex -1.7236380703744243 1.7236380703744243 22.429999999999996
    endloop
  endfacet
  facet normal -0.7933533402912353 0.6087614290087204 0
    outer loop
      vertex -2.7063293868263707 1.5625 22.879791666666666
      vertex -2.7063293868263707 1.5625 23.038541666666664
      vertex -2.209708691207961 2.209708691207961 22.826874999999998
    endloop
  endfacet
  facet normal -0.7933533402912353 0.6087614290087204 0
    outer loop
      vertex -2.7063293868263707 1.5625 23.038541666666664
      vertex -2.209708691207961 2.209708691207961 22.985625
      vertex -2.209708691207961 2.209708691207961 22.826874999999998
    endloop
  endfacet
  facet normal -0.436899100844817 0.2649623061718377 -0.8596011586713294
    outer loop
      vertex -2.7063293868263707 1.5625 22.879791666666666
      vertex -2.209708691207961 2.209708691207961 22.826874999999998
      vertex -1.7236380703744243 1.7236380703744243 22.429999999999996
    endloop
  endfacet
  facet normal -0.2649623061718355 0.4368991008448144 0.8596011586713312
    outer loop
      vertex -2.209708691207961 2.209708691207961 22.985625
      vertex -1.7236380703744243 1.7236380703744243 23.382499999999997
      vertex -1.5625 2.7063293868263707 22.93270833333333
    endloop
  endfacet
  facet normal -0.6087614290087205 0.7933533402912353 0
    outer loop
      vertex -2.209708691207961 2.209708691207961 22.826874999999998
      vertex -2.209708691207961 2.209708691207961 22.985625
      vertex -1.5625 2.7063293868263707 22.77395833333333
    endloop
  endfacet
  facet normal -0.6087614290087205 0.7933533402912353 0
    outer loop
      vertex -2.209708691207961 2.209708691207961 22.985625
      vertex -1.5625 2.7063293868263707 22.93270833333333
      vertex -1.5625 2.7063293868263707 22.77395833333333
    endloop
  endfacet
  facet normal -0.7933533402912352 0.6087614290087207 0
    outer loop
      vertex -1.7785421545959619 1.652085674744306 22.119999999999997
      vertex -1.7236380703744243 1.7236380703744243 22.429999999999996
      vertex -1.7236380703744243 1.7236380703744243 22.119999999999997
    endloop
  endfacet
  facet normal -0.35836193925677673 0.34872843608726206 -0.8660053108129618
    outer loop
      vertex -1.218796167873051 2.111016886826371 22.37708333333333
      vertex -1.7236380703744243 1.7236380703744243 22.429999999999996
      vertex -2.209708691207961 2.209708691207961 22.826874999999998
    endloop
  endfacet
  facet normal -0.6087614290087204 0.7933533402912353 0
    outer loop
      vertex -1.7236380703744243 1.7236380703744243 22.119999999999997
      vertex -1.7236380703744243 1.7236380703744243 22.429999999999996
      vertex -1.218796167873051 2.111016886826371 22.37708333333333
    endloop
  endfacet
  facet normal -0.6087614290087203 0.7933533402912354 0
    outer loop
      vertex -1.7236380703744243 1.7236380703744243 22.119999999999997
      vertex -1.218796167873051 2.111016886826371 22.37708333333333
      vertex -1.218796167873051 2.111016886826371 22.119999999999997
    endloop
  endfacet
  facet normal -0.353434833916922 0.3690117426112923 -0.8596011586713312
    outer loop
      vertex -1.218796167873051 2.111016886826371 22.37708333333333
      vertex -2.209708691207961 2.209708691207961 22.826874999999998
      vertex -1.5625 2.7063293868263707 22.77395833333333
    endloop
  endfacet
  facet normal -0.3826834323650898 0.9238795325112868 0
    outer loop
      vertex -1.218796167873051 2.111016886826371 22.119999999999997
      vertex -1.218796167873051 2.111016886826371 22.37708333333333
      vertex -0.6308953206870292 2.3545333910614534 22.324166666666663
    endloop
  endfacet
  facet normal -0.25589349145895746 0.42959669769760384 -0.8660053108129637
    outer loop
      vertex -1.218796167873051 2.111016886826371 22.37708333333333
      vertex -1.5625 2.7063293868263707 22.77395833333333
      vertex -0.6308953206870292 2.3545333910614534 22.324166666666663
    endloop
  endfacet
  facet normal -0.14285612643768736 0.4905894160600358 0.8596011586713297
    outer loop
      vertex -1.218796167873051 2.111016886826371 23.329583333333332
      vertex -0.8088095159453773 3.0185182071533383 22.879791666666666
      vertex -1.5625 2.7063293868263707 22.93270833333333
    endloop
  endfacet
  facet normal -0.3826834323650897 0.9238795325112868 0
    outer loop
      vertex -1.5625 2.7063293868263707 22.77395833333333
      vertex -1.5625 2.7063293868263707 22.93270833333333
      vertex -0.8088095159453773 3.0185182071533383 22.721041666666665
    endloop
  endfacet
  facet normal -0.24588456713626833 0.4479136386125315 -0.8596011586713297
    outer loop
      vertex -0.6308953206870292 2.3545333910614534 22.324166666666663
      vertex -1.5625 2.7063293868263707 22.77395833333333
      vertex -0.8088095159453773 3.0185182071533383 22.721041666666665
    endloop
  endfacet
  facet normal -0.3826834323650898 0.9238795325112868 0
    outer loop
      vertex -1.5625 2.7063293868263707 22.93270833333333
      vertex -0.8088095159453773 3.0185182071533383 22.879791666666666
      vertex -0.8088095159453773 3.0185182071533383 22.721041666666665
    endloop
  endfacet
  facet normal -0.3826834323650898 0.9238795325112867 0
    outer loop
      vertex -1.218796167873051 2.111016886826371 22.119999999999997
      vertex -0.6308953206870292 2.3545333910614534 22.324166666666663
      vertex -0.6308953206870292 2.3545333910614534 22.119999999999997
    endloop
  endfacet
  facet normal -0.13598632510219372 0.4811886543019752 -0.8660053108129617
    outer loop
      vertex -0.6308953206870292 2.3545333910614534 22.324166666666663
      vertex -0.8088095159453773 3.0185182071533383 22.721041666666665
      vertex 0 2.437592335746102 22.27125
    endloop
  endfacet
  facet normal -0.13052619222005182 0.9914448613738104 0
    outer loop
      vertex -0.6308953206870292 2.3545333910614534 22.119999999999997
      vertex -0.6308953206870292 2.3545333910614534 22.324166666666663
      vertex 0 2.437592335746102 22.27125
    endloop
  endfacet
  facet normal -0.1305261922200518 0.9914448613738104 0
    outer loop
      vertex -0.6308953206870292 2.3545333910614534 22.119999999999997
      vertex 0 2.437592335746102 22.27125
      vertex 0 2.437592335746102 22.119999999999997
    endloop
  endfacet
  facet normal 0.0068119154177459515 0.49998839931751093 0.8660053108129618
    outer loop
      vertex -0.6308953206870292 2.3545333910614534 23.276666666666664
      vertex 0 2.437592335746102 23.22375
      vertex 0 3.125 22.826874999999998
    endloop
  endfacet
  facet normal -0.011014537767712863 0.5108468733081063 0.8596011586713312
    outer loop
      vertex -0.6308953206870292 2.3545333910614534 23.276666666666664
      vertex 0 3.125 22.826874999999998
      vertex -0.8088095159453773 3.0185182071533383 22.879791666666666
    endloop
  endfacet
  facet normal -0.13052619222005174 0.9914448613738104 0
    outer loop
      vertex -0.8088095159453773 3.0185182071533383 22.721041666666665
      vertex -0.8088095159453773 3.0185182071533383 22.879791666666666
      vertex 0 3.125 22.668124999999996
    endloop
  endfacet
  facet normal -0.1215776734487424 0.49629096035460474 -0.8596011586713312
    outer loop
      vertex -0.8088095159453773 3.0185182071533383 22.721041666666665
      vertex 0 3.125 22.668124999999996
      vertex 0 2.437592335746102 22.27125
    endloop
  endfacet
  facet normal -0.13052619222005174 0.9914448613738104 0
    outer loop
      vertex -0.8088095159453773 3.0185182071533383 22.879791666666666
      vertex 0 3.125 22.826874999999998
      vertex 0 3.125 22.668124999999996
    endloop
  endfacet
  facet normal -0.9914448613738105 0.1305261922200517 0
    outer loop
      vertex -3.125 0 24.255625
      vertex -3.125 0 24.414374999999996
      vertex -3.0185182071533383 0.8088095159453773 24.20270833333333
    endloop
  endfacet
  facet normal -0.4962909603546083 0.12157767344873897 0.8596011586713296
    outer loop
      vertex -3.125 0 23.144374999999997
      vertex -2.437592335746102 0 23.541249999999998
      vertex -3.0185182071533383 0.8088095159453773 23.091458333333332
    endloop
  endfacet
  facet normal -0.4962909603546083 0.12157767344873897 0.8596011586713296
    outer loop
      vertex -3.125 0 24.414374999999996
      vertex -2.437592335746102 0 24.811249999999998
      vertex -3.0185182071533383 0.8088095159453773 24.36145833333333
    endloop
  endfacet
  facet normal -0.9914448613738104 0.13052619222005174 0
    outer loop
      vertex -3.125 0 24.414374999999996
      vertex -3.0185182071533383 0.8088095159453773 24.36145833333333
      vertex -3.0185182071533383 0.8088095159453773 24.20270833333333
    endloop
  endfacet
  facet normal -0.5108468733081063 0.011014537767712863 -0.8596011586713312
    outer loop
      vertex -2.3545333910614534 0.6308953206870292 23.805833333333332
      vertex -3.125 0 24.255625
      vertex -3.0185182071533383 0.8088095159453773 24.20270833333333
    endloop
  endfacet
  facet normal -0.9238795325112868 0.3826834323650897 0
    outer loop
      vertex -3.0185182071533383 0.8088095159453773 24.20270833333333
      vertex -3.0185182071533383 0.8088095159453773 24.36145833333333
      vertex -2.7063293868263707 1.5625 24.149791666666665
    endloop
  endfacet
  facet normal -0.4479136386125272 0.24588456713627072 0.8596011586713312
    outer loop
      vertex -3.0185182071533383 0.8088095159453773 23.091458333333332
      vertex -2.3545333910614534 0.6308953206870292 23.48833333333333
      vertex -2.7063293868263707 1.5625 23.038541666666664
    endloop
  endfacet
  facet normal -0.4479136386125304 0.24588456713627188 0.8596011586713294
    outer loop
      vertex -3.0185182071533383 0.8088095159453773 24.36145833333333
      vertex -2.3545333910614534 0.6308953206870292 24.758333333333333
      vertex -2.7063293868263707 1.5625 24.308541666666663
    endloop
  endfacet
  facet normal -0.9238795325112868 0.3826834323650898 0
    outer loop
      vertex -3.0185182071533383 0.8088095159453773 24.36145833333333
      vertex -2.7063293868263707 1.5625 24.308541666666663
      vertex -2.7063293868263707 1.5625 24.149791666666665
    endloop
  endfacet
  facet normal -0.49998839931751105 -0.0068119154177459515 -0.8660053108129618
    outer loop
      vertex -2.437592335746102 0 23.858749999999997
      vertex -3.125 0 24.255625
      vertex -2.3545333910614534 0.6308953206870292 23.805833333333332
    endloop
  endfacet
  facet normal -0.9914448613738103 0.1305261922200518 0
    outer loop
      vertex -2.437592335746102 0 23.541249999999998
      vertex -2.437592335746102 0 23.858749999999997
      vertex -2.3545333910614534 0.6308953206870292 23.48833333333333
    endloop
  endfacet
  facet normal -0.9914448613738104 0.1305261922200518 0
    outer loop
      vertex -2.437592335746102 0 23.858749999999997
      vertex -2.3545333910614534 0.6308953206870292 23.805833333333332
      vertex -2.3545333910614534 0.6308953206870292 23.48833333333333
    endloop
  endfacet
  facet normal -0.9914448613738103 0.1305261922200518 0
    outer loop
      vertex -2.437592335746102 0 24.811249999999998
      vertex -2.437592335746102 0 25.468078124999998
      vertex -2.3545333910614534 0.6308953206870292 24.758333333333333
    endloop
  endfacet
  facet normal -0.9914448613738104 0.13052619222005182 0
    outer loop
      vertex -2.437592335746102 0 25.468078124999998
      vertex -2.437592335746102 0 25.5821796875
      vertex -2.3545333910614534 0.6308953206870292 25.41516145833333
    endloop
  endfacet
  facet normal -0.9914448613738105 0.1305261922200518 0
    outer loop
      vertex -2.437592335746102 0 25.5821796875
      vertex -2.437592335746102 0 25.619999999999997
      vertex -2.3545333910614534 0.6308953206870292 25.52926302083333
    endloop
  endfacet
  facet normal -0.9914448613738104 0.1305261922200518 0
    outer loop
      vertex -2.3545333910614534 0.6308953206870292 24.758333333333333
      vertex -2.437592335746102 0 25.468078124999998
      vertex -2.3545333910614534 0.6308953206870292 25.41516145833333
    endloop
  endfacet
  facet normal -0.9914448613738104 0.1305261922200518 0
    outer loop
      vertex -2.437592335746102 0 25.5821796875
      vertex -2.3545333910614534 0.6308953206870292 25.52926302083333
      vertex -2.3545333910614534 0.6308953206870292 25.41516145833333
    endloop
  endfacet
  facet normal -0.9914448613738105 0.13052619222005182 0
    outer loop
      vertex -2.437592335746102 0 25.619999999999997
      vertex -2.3545333910614534 0.6308953206870292 25.57490364583333
      vertex -2.3545333910614534 0.6308953206870292 25.52926302083333
    endloop
  endfacet
  facet normal -0.9914448613738104 0.1305261922200518 0
    outer loop
      vertex -2.437592335746102 0 25.619999999999997
      vertex -2.3545333910614534 0.6308953206870292 25.619999999999997
      vertex -2.3545333910614534 0.6308953206870292 25.57490364583333
    endloop
  endfacet
  facet normal -0.48118865430197055 0.13598632510219819 0.8660053108129637
    outer loop
      vertex -3.0185182071533383 0.8088095159453773 23.091458333333332
      vertex -2.437592335746102 0 23.541249999999998
      vertex -2.3545333910614534 0.6308953206870292 23.48833333333333
    endloop
  endfacet
  facet normal -0.9238795325112867 0.3826834323650898 0
    outer loop
      vertex -2.3545333910614534 0.6308953206870292 23.48833333333333
      vertex -2.3545333910614534 0.6308953206870292 23.805833333333332
      vertex -2.111016886826371 1.218796167873051 23.435416666666665
    endloop
  endfacet
  facet normal -0.4811886543019751 0.13598632510219377 0.8660053108129617
    outer loop
      vertex -3.0185182071533383 0.8088095159453773 24.36145833333333
      vertex -2.437592335746102 0 24.811249999999998
      vertex -2.3545333910614534 0.6308953206870292 24.758333333333333
    endloop
  endfacet
  facet normal -0.9238795325112867 0.3826834323650898 0
    outer loop
      vertex -2.3545333910614534 0.6308953206870292 24.758333333333333
      vertex -2.3545333910614534 0.6308953206870292 25.41516145833333
      vertex -2.111016886826371 1.218796167873051 24.705416666666665
    endloop
  endfacet
  facet normal -0.9238795325112867 0.3826834323650898 0
    outer loop
      vertex -2.3545333910614534 0.6308953206870292 25.41516145833333
      vertex -2.3545333910614534 0.6308953206870292 25.52926302083333
      vertex -2.111016886826371 1.218796167873051 25.362244791666665
    endloop
  endfacet
  facet normal -0.9238795325112867 0.3826834323650898 0
    outer loop
      vertex -2.3545333910614534 0.6308953206870292 25.52926302083333
      vertex -2.3545333910614534 0.6308953206870292 25.57490364583333
      vertex -2.111016886826371 1.218796167873051 25.476346354166665
    endloop
  endfacet
  facet normal -0.9238795325112867 0.3826834323650897 0
    outer loop
      vertex -2.3545333910614534 0.6308953206870292 25.57490364583333
      vertex -2.3545333910614534 0.6308953206870292 25.619999999999997
      vertex -2.111016886826371 1.218796167873051 25.521986979166662
    endloop
  endfacet
  facet normal -0.4847147611894537 0.12282671504519228 -0.8660053108129638
    outer loop
      vertex -2.3545333910614534 0.6308953206870292 23.805833333333332
      vertex -3.0185182071533383 0.8088095159453773 24.20270833333333
      vertex -2.111016886826371 1.218796167873051 23.752916666666664
    endloop
  endfacet
  facet normal -0.4905894160600358 0.14285612643768736 -0.8596011586713297
    outer loop
      vertex -2.111016886826371 1.218796167873051 23.752916666666664
      vertex -3.0185182071533383 0.8088095159453773 24.20270833333333
      vertex -2.7063293868263707 1.5625 24.149791666666665
    endloop
  endfacet
  facet normal -0.42959669769760955 0.25589349145895446 0.8660053108129618
    outer loop
      vertex -2.7063293868263707 1.5625 23.038541666666664
      vertex -2.3545333910614534 0.6308953206870292 23.48833333333333
      vertex -2.111016886826371 1.218796167873051 23.435416666666665
    endloop
  endfacet
  facet normal -0.4295966976976071 0.2558934914589587 0.8660053108129618
    outer loop
      vertex -2.7063293868263707 1.5625 24.308541666666663
      vertex -2.3545333910614534 0.6308953206870292 24.758333333333333
      vertex -2.111016886826371 1.218796167873051 24.705416666666665
    endloop
  endfacet
  facet normal -0.3690117426112971 0.35343483391692077 0.8596011586713296
    outer loop
      vertex -2.7063293868263707 1.5625 23.038541666666664
      vertex -2.111016886826371 1.218796167873051 23.435416666666665
      vertex -2.209708691207961 2.209708691207961 22.985625
    endloop
  endfacet
  facet normal -0.3690117426112971 0.35343483391692077 0.8596011586713296
    outer loop
      vertex -2.7063293868263707 1.5625 24.308541666666663
      vertex -2.111016886826371 1.218796167873051 24.705416666666665
      vertex -2.209708691207961 2.209708691207961 24.255625
    endloop
  endfacet
  facet normal -0.9238795325112868 0.3826834323650898 0
    outer loop
      vertex -2.3545333910614534 0.6308953206870292 23.805833333333332
      vertex -2.111016886826371 1.218796167873051 23.752916666666664
      vertex -2.111016886826371 1.218796167873051 23.435416666666665
    endloop
  endfacet
  facet normal -0.9238795325112868 0.3826834323650898 0
    outer loop
      vertex -2.3545333910614534 0.6308953206870292 25.41516145833333
      vertex -2.111016886826371 1.218796167873051 25.362244791666665
      vertex -2.111016886826371 1.218796167873051 24.705416666666665
    endloop
  endfacet
  facet normal -0.9238795325112867 0.3826834323650898 0
    outer loop
      vertex -2.3545333910614534 0.6308953206870292 25.52926302083333
      vertex -2.111016886826371 1.218796167873051 25.476346354166665
      vertex -2.111016886826371 1.218796167873051 25.362244791666665
    endloop
  endfacet
  facet normal -0.9238795325112867 0.3826834323650898 0
    outer loop
      vertex -2.3545333910614534 0.6308953206870292 25.57490364583333
      vertex -2.111016886826371 1.218796167873051 25.521986979166662
      vertex -2.111016886826371 1.218796167873051 25.476346354166665
    endloop
  endfacet
  facet normal -0.9238795325112867 0.3826834323650898 0
    outer loop
      vertex -2.3545333910614534 0.6308953206870292 25.619999999999997
      vertex -2.111016886826371 1.218796167873051 25.619999999999997
      vertex -2.111016886826371 1.218796167873051 25.521986979166662
    endloop
  endfacet
  facet normal -0.43640861311535806 0.24409490785855215 -0.8660053108129618
    outer loop
      vertex -2.111016886826371 1.218796167873051 23.752916666666664
      vertex -2.7063293868263707 1.5625 24.149791666666665
      vertex -1.7236380703744243 1.7236380703744243 23.699999999999996
    endloop
  endfacet
  facet normal -0.3487284360872558 0.35836193925677823 0.8660053108129637
    outer loop
      vertex -2.111016886826371 1.218796167873051 23.435416666666665
      vertex -1.7236380703744243 1.7236380703744243 23.382499999999997
      vertex -2.209708691207961 2.209708691207961 22.985625
    endloop
  endfacet
  facet normal -0.3487284360872558 0.35836193925677823 0.8660053108129637
    outer loop
      vertex -2.111016886826371 1.218796167873051 24.705416666666665
      vertex -1.7236380703744243 1.7236380703744243 24.652499999999996
      vertex -2.209708691207961 2.209708691207961 24.255625
    endloop
  endfacet
  facet normal -0.7933533402912354 0.6087614290087204 0
    outer loop
      vertex -2.111016886826371 1.218796167873051 23.435416666666665
      vertex -2.111016886826371 1.218796167873051 23.752916666666664
      vertex -1.7236380703744243 1.7236380703744243 23.382499999999997
    endloop
  endfacet
  facet normal -0.7933533402912354 0.6087614290087203 0
    outer loop
      vertex -2.111016886826371 1.218796167873051 23.752916666666664
      vertex -1.7236380703744243 1.7236380703744243 23.699999999999996
      vertex -1.7236380703744243 1.7236380703744243 23.382499999999997
    endloop
  endfacet
  facet normal -0.7933533402912354 0.6087614290087204 0
    outer loop
      vertex -2.111016886826371 1.218796167873051 24.705416666666665
      vertex -2.111016886826371 1.218796167873051 25.362244791666665
      vertex -1.7236380703744243 1.7236380703744243 24.652499999999996
    endloop
  endfacet
  facet normal -0.7933533402912354 0.6087614290087204 0
    outer loop
      vertex -2.111016886826371 1.218796167873051 25.362244791666665
      vertex -2.111016886826371 1.218796167873051 25.476346354166665
      vertex -1.7236380703744243 1.7236380703744243 25.309328124999997
    endloop
  endfacet
  facet normal -0.7933533402912354 0.6087614290087204 0
    outer loop
      vertex -2.111016886826371 1.218796167873051 25.476346354166665
      vertex -2.111016886826371 1.218796167873051 25.521986979166662
      vertex -1.7236380703744243 1.7236380703744243 25.423429687499997
    endloop
  endfacet
  facet normal -0.7933533402912354 0.6087614290087204 0
    outer loop
      vertex -2.111016886826371 1.218796167873051 25.521986979166662
      vertex -2.111016886826371 1.218796167873051 25.619999999999997
      vertex -1.7236380703744243 1.7236380703744243 25.469070312499998
    endloop
  endfacet
  facet normal -0.7933533402912354 0.6087614290087204 0
    outer loop
      vertex -2.111016886826371 1.218796167873051 25.362244791666665
      vertex -1.7236380703744243 1.7236380703744243 25.309328124999997
      vertex -1.7236380703744243 1.7236380703744243 24.652499999999996
    endloop
  endfacet
  facet normal -0.7933533402912354 0.6087614290087204 0
    outer loop
      vertex -2.111016886826371 1.218796167873051 25.476346354166665
      vertex -1.7236380703744243 1.7236380703744243 25.423429687499997
      vertex -1.7236380703744243 1.7236380703744243 25.309328124999997
    endloop
  endfacet
  facet normal -0.7933533402912354 0.6087614290087203 0
    outer loop
      vertex -2.111016886826371 1.218796167873051 25.521986979166662
      vertex -1.7236380703744243 1.7236380703744243 25.469070312499998
      vertex -1.7236380703744243 1.7236380703744243 25.423429687499997
    endloop
  endfacet
  facet normal -0.7933533402912354 0.6087614290087204 0
    outer loop
      vertex -2.111016886826371 1.218796167873051 25.619999999999997
      vertex -1.7236380703744243 1.7236380703744243 25.583171874999998
      vertex -1.7236380703744243 1.7236380703744243 25.469070312499998
    endloop
  endfacet
  facet normal -0.7933533402912353 0.6087614290087203 0
    outer loop
      vertex -2.111016886826371 1.218796167873051 25.619999999999997
      vertex -1.7236380703744243 1.7236380703744243 25.619999999999997
      vertex -1.7236380703744243 1.7236380703744243 25.583171874999998
    endloop
  endfacet
  facet normal -0.7933533402912353 0.6087614290087204 0
    outer loop
      vertex -2.7063293868263707 1.5625 24.149791666666665
      vertex -2.7063293868263707 1.5625 24.308541666666663
      vertex -2.209708691207961 2.209708691207961 24.096874999999997
    endloop
  endfacet
  facet normal -0.7933533402912353 0.6087614290087204 0
    outer loop
      vertex -2.7063293868263707 1.5625 24.308541666666663
      vertex -2.209708691207961 2.209708691207961 24.255625
      vertex -2.209708691207961 2.209708691207961 24.096874999999997
    endloop
  endfacet
  facet normal -0.436899100844817 0.2649623061718377 -0.8596011586713294
    outer loop
      vertex -2.7063293868263707 1.5625 24.149791666666665
      vertex -2.209708691207961 2.209708691207961 24.096874999999997
      vertex -1.7236380703744243 1.7236380703744243 23.699999999999996
    endloop
  endfacet
  facet normal -0.2649623061718355 0.4368991008448144 0.8596011586713312
    outer loop
      vertex -2.209708691207961 2.209708691207961 24.255625
      vertex -1.7236380703744243 1.7236380703744243 24.652499999999996
      vertex -1.5625 2.7063293868263707 24.20270833333333
    endloop
  endfacet
  facet normal -0.6087614290087205 0.7933533402912353 0
    outer loop
      vertex -2.209708691207961 2.209708691207961 24.096874999999997
      vertex -2.209708691207961 2.209708691207961 24.255625
      vertex -1.5625 2.7063293868263707 24.04395833333333
    endloop
  endfacet
  facet normal -0.6087614290087205 0.7933533402912353 0
    outer loop
      vertex -2.209708691207961 2.209708691207961 24.255625
      vertex -1.5625 2.7063293868263707 24.20270833333333
      vertex -1.5625 2.7063293868263707 24.04395833333333
    endloop
  endfacet
  facet normal 0 0 1
    outer loop
      vertex -2.437592335746102 0 25.619999999999997
      vertex 0 0 25.619999999999997
      vertex -2.3545333910614534 0.6308953206870292 25.619999999999997
    endloop
  endfacet
  facet normal 0 0 1
    outer loop
      vertex -2.3545333910614534 0.6308953206870292 25.619999999999997
      vertex 0 0 25.619999999999997
      vertex -2.111016886826371 1.218796167873051 25.619999999999997
    endloop
  endfacet
  facet normal 0 0 1
    outer loop
      vertex -2.111016886826371 1.218796167873051 25.619999999999997
      vertex 0 0 25.619999999999997
      vertex -1.7236380703744243 1.7236380703744243 25.619999999999997
    endloop
  endfacet
  facet normal 0 0 1
    outer loop
      vertex -1.7236380703744243 1.7236380703744243 25.619999999999997
      vertex 0 0 25.619999999999997
      vertex -1.218796167873051 2.111016886826371 25.619999999999997
    endloop
  endfacet
  facet normal 0 0 1
    outer loop
      vertex -1.218796167873051 2.111016886826371 25.619999999999997
      vertex 0 0 25.619999999999997
      vertex -0.6308953206870292 2.3545333910614534 25.619999999999997
    endloop
  endfacet
  facet normal 0 0 1
    outer loop
      vertex -0.6308953206870292 2.3545333910614534 25.619999999999997
      vertex 0 0 25.619999999999997
      vertex 0 2.437592335746102 25.619999999999997
    endloop
  endfacet
  facet normal -0.3583619392567766 0.34872843608726206 -0.8660053108129617
    outer loop
      vertex -2.209708691207961 2.209708691207961 24.096874999999997
      vertex -1.218796167873051 2.111016886826371 23.64708333333333
      vertex -1.7236380703744243 1.7236380703744243 23.699999999999996
    endloop
  endfacet
  facet normal -0.6087614290087204 0.7933533402912354 0
    outer loop
      vertex -1.7236380703744243 1.7236380703744243 23.382499999999997
      vertex -1.7236380703744243 1.7236380703744243 23.699999999999996
      vertex -1.218796167873051 2.111016886826371 23.329583333333332
    endloop
  endfacet
  facet normal -0.6087614290087204 0.7933533402912353 0
    outer loop
      vertex -1.7236380703744243 1.7236380703744243 23.699999999999996
      vertex -1.218796167873051 2.111016886826371 23.64708333333333
      vertex -1.218796167873051 2.111016886826371 23.329583333333332
    endloop
  endfacet
  facet normal -0.24409490785855636 0.4364086131153556 0.8660053108129617
    outer loop
      vertex -1.7236380703744243 1.7236380703744243 23.382499999999997
      vertex -1.218796167873051 2.111016886826371 23.329583333333332
      vertex -1.5625 2.7063293868263707 22.93270833333333
    endloop
  endfacet
  facet normal -0.24409490785855636 0.4364086131153556 0.8660053108129617
    outer loop
      vertex -1.7236380703744243 1.7236380703744243 24.652499999999996
      vertex -1.218796167873051 2.111016886826371 24.59958333333333
      vertex -1.5625 2.7063293868263707 24.20270833333333
    endloop
  endfacet
  facet normal -0.6087614290087204 0.7933533402912354 0
    outer loop
      vertex -1.7236380703744243 1.7236380703744243 24.652499999999996
      vertex -1.7236380703744243 1.7236380703744243 25.309328124999997
      vertex -1.218796167873051 2.111016886826371 24.59958333333333
    endloop
  endfacet
  facet normal -0.6087614290087203 0.7933533402912354 0
    outer loop
      vertex -1.7236380703744243 1.7236380703744243 25.309328124999997
      vertex -1.218796167873051 2.111016886826371 25.256411458333332
      vertex -1.218796167873051 2.111016886826371 24.59958333333333
    endloop
  endfacet
  facet normal -0.6087614290087204 0.7933533402912354 0
    outer loop
      vertex -1.7236380703744243 1.7236380703744243 25.309328124999997
      vertex -1.7236380703744243 1.7236380703744243 25.423429687499997
      vertex -1.218796167873051 2.111016886826371 25.256411458333332
    endloop
  endfacet
  facet normal -0.6087614290087204 0.7933533402912354 0
    outer loop
      vertex -1.7236380703744243 1.7236380703744243 25.423429687499997
      vertex -1.7236380703744243 1.7236380703744243 25.469070312499998
      vertex -1.218796167873051 2.111016886826371 25.370513020833332
    endloop
  endfacet
  facet normal -0.6087614290087204 0.7933533402912354 0
    outer loop
      vertex -1.7236380703744243 1.7236380703744243 25.469070312499998
      vertex -1.7236380703744243 1.7236380703744243 25.583171874999998
      vertex -1.218796167873051 2.111016886826371 25.416153645833333
    endloop
  endfacet
  facet normal -0.6087614290087203 0.7933533402912353 0
    outer loop
      vertex -1.7236380703744243 1.7236380703744243 25.583171874999998
      vertex -1.7236380703744243 1.7236380703744243 25.619999999999997
      vertex -1.218796167873051 2.111016886826371 25.53025520833333
    endloop
  endfacet
  facet normal -0.6087614290087204 0.7933533402912353 0
    outer loop
      vertex -1.7236380703744243 1.7236380703744243 25.423429687499997
      vertex -1.218796167873051 2.111016886826371 25.370513020833332
      vertex -1.218796167873051 2.111016886826371 25.256411458333332
    endloop
  endfacet
  facet normal -0.6087614290087203 0.7933533402912354 0
    outer loop
      vertex -1.7236380703744243 1.7236380703744243 25.469070312499998
      vertex -1.218796167873051 2.111016886826371 25.416153645833333
      vertex -1.218796167873051 2.111016886826371 25.370513020833332
    endloop
  endfacet
  facet normal -0.6087614290087205 0.7933533402912354 0
    outer loop
      vertex -1.7236380703744243 1.7236380703744243 25.583171874999998
      vertex -1.218796167873051 2.111016886826371 25.53025520833333
      vertex -1.218796167873051 2.111016886826371 25.416153645833333
    endloop
  endfacet
  facet normal -0.6087614290087204 0.7933533402912354 0
    outer loop
      vertex -1.7236380703744243 1.7236380703744243 25.619999999999997
      vertex -1.218796167873051 2.111016886826371 25.619999999999997
      vertex -1.218796167873051 2.111016886826371 25.53025520833333
    endloop
  endfacet
  facet normal -0.35343483391692193 0.3690117426112923 -0.8596011586713312
    outer loop
      vertex -2.209708691207961 2.209708691207961 24.096874999999997
      vertex -1.5625 2.7063293868263707 24.04395833333333
      vertex -1.218796167873051 2.111016886826371 23.64708333333333
    endloop
  endfacet
  facet normal -0.3826834323650898 0.9238795325112868 0
    outer loop
      vertex -1.218796167873051 2.111016886826371 23.329583333333332
      vertex -1.218796167873051 2.111016886826371 23.64708333333333
      vertex -0.6308953206870292 2.3545333910614534 23.276666666666664
    endloop
  endfacet
  facet normal -0.3826834323650898 0.9238795325112868 0
    outer loop
      vertex -1.218796167873051 2.111016886826371 24.59958333333333
      vertex -1.218796167873051 2.111016886826371 25.256411458333332
      vertex -0.6308953206870292 2.3545333910614534 24.546666666666663
    endloop
  endfacet
  facet normal -0.3826834323650898 0.9238795325112867 0
    outer loop
      vertex -1.218796167873051 2.111016886826371 25.256411458333332
      vertex -1.218796167873051 2.111016886826371 25.370513020833332
      vertex -0.6308953206870292 2.3545333910614534 25.203494791666664
    endloop
  endfacet
  facet normal -0.3826834323650898 0.9238795325112867 0
    outer loop
      vertex -1.218796167873051 2.111016886826371 25.370513020833332
      vertex -1.218796167873051 2.111016886826371 25.416153645833333
      vertex -0.6308953206870292 2.3545333910614534 25.317596354166664
    endloop
  endfacet
  facet normal -0.3826834323650897 0.9238795325112867 0
    outer loop
      vertex -1.218796167873051 2.111016886826371 25.416153645833333
      vertex -1.218796167873051 2.111016886826371 25.53025520833333
      vertex -0.6308953206870292 2.3545333910614534 25.363236979166665
    endloop
  endfacet
  facet normal -0.3826834323650897 0.9238795325112867 0
    outer loop
      vertex -1.218796167873051 2.111016886826371 25.53025520833333
      vertex -1.218796167873051 2.111016886826371 25.619999999999997
      vertex -0.6308953206870292 2.3545333910614534 25.477338541666665
    endloop
  endfacet
  facet normal -0.25589349145895746 0.42959669769760384 -0.8660053108129637
    outer loop
      vertex -1.218796167873051 2.111016886826371 23.64708333333333
      vertex -1.5625 2.7063293868263707 24.04395833333333
      vertex -0.6308953206870292 2.3545333910614534 23.594166666666663
    endloop
  endfacet
  facet normal -0.14285612643768736 0.4905894160600358 0.8596011586713297
    outer loop
      vertex -1.218796167873051 2.111016886826371 24.59958333333333
      vertex -0.8088095159453773 3.0185182071533383 24.149791666666665
      vertex -1.5625 2.7063293868263707 24.20270833333333
    endloop
  endfacet
  facet normal -0.3826834323650898 0.9238795325112868 0
    outer loop
      vertex -0.8088095159453773 3.0185182071533383 23.991041666666664
      vertex -1.5625 2.7063293868263707 24.04395833333333
      vertex -1.5625 2.7063293868263707 24.20270833333333
    endloop
  endfacet
  facet normal -0.24588456713626833 0.4479136386125315 -0.8596011586713297
    outer loop
      vertex -0.6308953206870292 2.3545333910614534 23.594166666666663
      vertex -1.5625 2.7063293868263707 24.04395833333333
      vertex -0.8088095159453773 3.0185182071533383 23.991041666666664
    endloop
  endfacet
  facet normal -0.3826834323650897 0.9238795325112868 0
    outer loop
      vertex -0.8088095159453773 3.0185182071533383 23.991041666666664
      vertex -1.5625 2.7063293868263707 24.20270833333333
      vertex -0.8088095159453773 3.0185182071533383 24.149791666666665
    endloop
  endfacet
  facet normal -0.3826834323650898 0.9238795325112868 0
    outer loop
      vertex -1.218796167873051 2.111016886826371 23.64708333333333
      vertex -0.6308953206870292 2.3545333910614534 23.594166666666663
      vertex -0.6308953206870292 2.3545333910614534 23.276666666666664
    endloop
  endfacet
  facet normal -0.12282671504519228 0.4847147611894538 0.8660053108129638
    outer loop
      vertex -1.218796167873051 2.111016886826371 23.329583333333332
      vertex -0.6308953206870292 2.3545333910614534 23.276666666666664
      vertex -0.8088095159453773 3.0185182071533383 22.879791666666666
    endloop
  endfacet
  facet normal -0.12282671504519228 0.4847147611894538 0.8660053108129638
    outer loop
      vertex -1.218796167873051 2.111016886826371 24.59958333333333
      vertex -0.6308953206870292 2.3545333910614534 24.546666666666663
      vertex -0.8088095159453773 3.0185182071533383 24.149791666666665
    endloop
  endfacet
  facet normal -0.13598632510219372 0.4811886543019752 -0.8660053108129617
    outer loop
      vertex -0.6308953206870292 2.3545333910614534 23.594166666666663
      vertex -0.8088095159453773 3.0185182071533383 23.991041666666664
      vertex 0 2.437592335746102 23.541249999999998
    endloop
  endfacet
  facet normal -0.3826834323650898 0.9238795325112868 0
    outer loop
      vertex -1.218796167873051 2.111016886826371 25.256411458333332
      vertex -0.6308953206870292 2.3545333910614534 25.203494791666664
      vertex -0.6308953206870292 2.3545333910614534 24.546666666666663
    endloop
  endfacet
  facet normal -0.3826834323650898 0.9238795325112867 0
    outer loop
      vertex -1.218796167873051 2.111016886826371 25.370513020833332
      vertex -0.6308953206870292 2.3545333910614534 25.317596354166664
      vertex -0.6308953206870292 2.3545333910614534 25.203494791666664
    endloop
  endfacet
  facet normal -0.3826834323650897 0.9238795325112867 0
    outer loop
      vertex -1.218796167873051 2.111016886826371 25.416153645833333
      vertex -0.6308953206870292 2.3545333910614534 25.363236979166665
      vertex -0.6308953206870292 2.3545333910614534 25.317596354166664
    endloop
  endfacet
  facet normal -0.3826834323650898 0.9238795325112867 0
    outer loop
      vertex -1.218796167873051 2.111016886826371 25.53025520833333
      vertex -0.6308953206870292 2.3545333910614534 25.477338541666665
      vertex -0.6308953206870292 2.3545333910614534 25.363236979166665
    endloop
  endfacet
  facet normal -0.3826834323650897 0.9238795325112867 0
    outer loop
      vertex -1.218796167873051 2.111016886826371 25.619999999999997
      vertex -0.6308953206870292 2.3545333910614534 25.619999999999997
      vertex -0.6308953206870292 2.3545333910614534 25.477338541666665
    endloop
  endfacet
  facet normal -0.1305261922200518 0.9914448613738103 0
    outer loop
      vertex -0.6308953206870292 2.3545333910614534 23.276666666666664
      vertex -0.6308953206870292 2.3545333910614534 23.594166666666663
      vertex 0 2.437592335746102 23.22375
    endloop
  endfacet
  facet normal -0.1305261922200518 0.9914448613738105 0
    outer loop
      vertex -0.6308953206870292 2.3545333910614534 23.594166666666663
      vertex 0 2.437592335746102 23.541249999999998
      vertex 0 2.437592335746102 23.22375
    endloop
  endfacet
  facet normal 0.0068119154177459515 0.49998839931751093 0.8660053108129618
    outer loop
      vertex -0.6308953206870292 2.3545333910614534 24.546666666666663
      vertex 0 2.437592335746102 24.49375
      vertex 0 3.125 24.096874999999997
    endloop
  endfacet
  facet normal -0.1305261922200518 0.9914448613738103 0
    outer loop
      vertex -0.6308953206870292 2.3545333910614534 24.546666666666663
      vertex -0.6308953206870292 2.3545333910614534 25.203494791666664
      vertex 0 2.437592335746102 24.49375
    endloop
  endfacet
  facet normal -0.13052619222005182 0.9914448613738104 0
    outer loop
      vertex -0.6308953206870292 2.3545333910614534 25.203494791666664
      vertex -0.6308953206870292 2.3545333910614534 25.317596354166664
      vertex 0 2.437592335746102 25.150578124999996
    endloop
  endfacet
  facet normal -0.13052619222005182 0.9914448613738105 0
    outer loop
      vertex -0.6308953206870292 2.3545333910614534 25.317596354166664
      vertex -0.6308953206870292 2.3545333910614534 25.363236979166665
      vertex 0 2.437592335746102 25.2646796875
    endloop
  endfacet
  facet normal -0.13052619222005182 0.9914448613738104 0
    outer loop
      vertex -0.6308953206870292 2.3545333910614534 25.363236979166665
      vertex -0.6308953206870292 2.3545333910614534 25.477338541666665
      vertex 0 2.437592335746102 25.310320312499996
    endloop
  endfacet
  facet normal -0.1305261922200518 0.9914448613738104 0
    outer loop
      vertex -0.6308953206870292 2.3545333910614534 25.477338541666665
      vertex -0.6308953206870292 2.3545333910614534 25.619999999999997
      vertex 0 2.437592335746102 25.424421874999997
    endloop
  endfacet
  facet normal -0.1305261922200518 0.9914448613738104 0
    outer loop
      vertex -0.6308953206870292 2.3545333910614534 25.203494791666664
      vertex 0 2.437592335746102 25.150578124999996
      vertex 0 2.437592335746102 24.49375
    endloop
  endfacet
  facet normal -0.13052619222005177 0.9914448613738103 0
    outer loop
      vertex -0.6308953206870292 2.3545333910614534 25.317596354166664
      vertex 0 2.437592335746102 25.2646796875
      vertex 0 2.437592335746102 25.150578124999996
    endloop
  endfacet
  facet normal -0.13052619222005182 0.9914448613738104 0
    outer loop
      vertex -0.6308953206870292 2.3545333910614534 25.363236979166665
      vertex 0 2.437592335746102 25.310320312499996
      vertex 0 2.437592335746102 25.2646796875
    endloop
  endfacet
  facet normal -0.1305261922200518 0.9914448613738104 0
    outer loop
      vertex -0.6308953206870292 2.3545333910614534 25.477338541666665
      vertex 0 2.437592335746102 25.424421874999997
      vertex 0 2.437592335746102 25.310320312499996
    endloop
  endfacet
  facet normal -0.1305261922200518 0.9914448613738104 0
    outer loop
      vertex -0.6308953206870292 2.3545333910614534 25.619999999999997
      vertex 0 2.437592335746102 25.619999999999997
      vertex 0 2.437592335746102 25.424421874999997
    endloop
  endfacet
  facet normal -0.011014537767712863 0.5108468733081063 0.8596011586713312
    outer loop
      vertex -0.6308953206870292 2.3545333910614534 24.546666666666663
      vertex 0 3.125 24.096874999999997
      vertex -0.8088095159453773 3.0185182071533383 24.149791666666665
    endloop
  endfacet
  facet normal -0.13052619222005174 0.9914448613738104 0
    outer loop
      vertex -0.8088095159453773 3.0185182071533383 23.991041666666664
      vertex -0.8088095159453773 3.0185182071533383 24.149791666666665
      vertex 0 3.125 23.938124999999996
    endloop
  endfacet
  facet normal -0.1215776734487424 0.49629096035460474 -0.8596011586713312
    outer loop
      vertex -0.8088095159453773 3.0185182071533383 23.991041666666664
      vertex 0 3.125 23.938124999999996
      vertex 0 2.437592335746102 23.541249999999998
    endloop
  endfacet
  facet normal -0.13052619222005174 0.9914448613738104 0
    outer loop
      vertex -0.8088095159453773 3.0185182071533383 24.149791666666665
      vertex 0 3.125 24.096874999999997
      vertex 0 3.125 23.938124999999996
    endloop
  endfacet
  facet normal 0.13052619222005174 -0.9914448613738104 0
    outer loop
      vertex 0 -3.125 22.119999999999997
      vertex 0.8088095159453773 -3.0185182071533383 22.119999999999997
      vertex 0 -3.125 22.191874999999996
    endloop
  endfacet
  facet normal 0.13052619222005174 -0.9914448613738104 0
    outer loop
      vertex 0 -3.125 22.191874999999996
      vertex 0.8088095159453773 -3.0185182071533383 22.119999999999997
      vertex 0.8088095159453773 -3.0185182071533383 22.244791666666664
    endloop
  endfacet
  facet normal 0.011014537767713472 -0.5108468733081096 0.8596011586713294
    outer loop
      vertex 0 -3.125 22.191874999999996
      vertex 0.8088095159453773 -3.0185182071533383 22.244791666666664
      vertex 0.6308953206870292 -2.3545333910614534 22.641666666666666
    endloop
  endfacet
  facet normal -0.00681191541775087 -0.49998839931751105 0.8660053108129618
    outer loop
      vertex 0 -3.125 22.191874999999996
      vertex 0.6308953206870292 -2.3545333910614534 22.641666666666666
      vertex 0 -2.437592335746102 22.588749999999997
    endloop
  endfacet
  facet normal 0.1305261922200518 -0.9914448613738103 0
    outer loop
      vertex 0 -2.437592335746102 22.588749999999997
      vertex 0.6308953206870292 -2.3545333910614534 22.959166666666665
      vertex 0 -2.437592335746102 22.906249999999996
    endloop
  endfacet
  facet normal 0.1305261922200518 -0.9914448613738103 0
    outer loop
      vertex 0 -2.437592335746102 22.588749999999997
      vertex 0.6308953206870292 -2.3545333910614534 22.641666666666666
      vertex 0.6308953206870292 -2.3545333910614534 22.959166666666665
    endloop
  endfacet
  facet normal 0.13598632510219819 -0.48118865430197055 -0.8660053108129637
    outer loop
      vertex 0.8088095159453773 -3.0185182071533383 23.356041666666663
      vertex 0 -2.437592335746102 22.906249999999996
      vertex 0.6308953206870292 -2.3545333910614534 22.959166666666665
    endloop
  endfacet
  facet normal 0.12282671504519839 -0.4847147611894556 0.8660053108129618
    outer loop
      vertex 0.8088095159453773 -3.0185182071533383 22.244791666666664
      vertex 1.218796167873051 -2.111016886826371 22.69458333333333
      vertex 0.6308953206870292 -2.3545333910614534 22.641666666666666
    endloop
  endfacet
  facet normal 0.3826834323650898 -0.9238795325112868 0
    outer loop
      vertex 0.6308953206870292 -2.3545333910614534 22.641666666666666
      vertex 1.218796167873051 -2.111016886826371 23.01208333333333
      vertex 0.6308953206870292 -2.3545333910614534 22.959166666666665
    endloop
  endfacet
  facet normal 0.3826834323650896 -0.9238795325112867 0
    outer loop
      vertex 0.8088095159453773 -3.0185182071533383 22.119999999999997
      vertex 1.2924770313032659 -2.8181765626128037 22.119999999999997
      vertex 0.8088095159453773 -3.0185182071533383 22.244791666666664
    endloop
  endfacet
  facet normal 0.38268343236508967 -0.9238795325112868 0
    outer loop
      vertex 0.8088095159453773 -3.0185182071533383 22.244791666666664
      vertex 1.2924770313032659 -2.8181765626128037 22.119999999999997
      vertex 1.5625 -2.7063293868263707 22.297708333333333
    endloop
  endfacet
  facet normal 0.38268343236508984 -0.9238795325112867 0
    outer loop
      vertex 1.2924770313032659 -2.8181765626128037 22.119999999999997
      vertex 1.5625 -2.7063293868263707 22.13895833333333
      vertex 1.5625 -2.7063293868263707 22.297708333333333
    endloop
  endfacet
  facet normal 0.2458845671362712 -0.4479136386125285 -0.8596011586713305
    outer loop
      vertex 1.2924770313032659 -2.8181765626128037 22.119999999999997
      vertex 1.5232336610386832 -2.6915014870511933 22.119999999999997
      vertex 1.5625 -2.7063293868263707 22.13895833333333
    endloop
  endfacet
  facet normal 0.2558934914589565 -0.4295966976976076 -0.8660053108129622
    outer loop
      vertex 1.5232336610386832 -2.6915014870511933 22.119999999999997
      vertex 1.5460816017199197 -2.67789188682637 22.119999999999997
      vertex 1.5625 -2.7063293868263707 22.13895833333333
    endloop
  endfacet
  facet normal 0.14285612643768264 -0.4905894160600346 0.8596011586713312
    outer loop
      vertex 0.8088095159453773 -3.0185182071533383 22.244791666666664
      vertex 1.5625 -2.7063293868263707 22.297708333333333
      vertex 1.218796167873051 -2.111016886826371 22.69458333333333
    endloop
  endfacet
  facet normal 0.3826834323650898 -0.9238795325112868 0
    outer loop
      vertex 0.6308953206870292 -2.3545333910614534 22.641666666666666
      vertex 1.218796167873051 -2.111016886826371 22.69458333333333
      vertex 1.218796167873051 -2.111016886826371 23.01208333333333
    endloop
  endfacet
  facet normal 0.35343483391691927 -0.3690117426112977 -0.85960115867133
    outer loop
      vertex 1.5460816017199197 -2.67789188682637 22.119999999999997
      vertex 2.05136463351897 -2.1939381157046505 22.119999999999997
      vertex 1.5625 -2.7063293868263707 22.13895833333333
    endloop
  endfacet
  facet normal 0.24409490785854993 -0.43640861311535545 0.8660053108129638
    outer loop
      vertex 1.5625 -2.7063293868263707 22.297708333333333
      vertex 1.7236380703744243 -1.7236380703744243 22.7475
      vertex 1.218796167873051 -2.111016886826371 22.69458333333333
    endloop
  endfacet
  facet normal 0.6087614290087204 -0.7933533402912354 0
    outer loop
      vertex 1.218796167873051 -2.111016886826371 22.69458333333333
      vertex 1.7236380703744243 -1.7236380703744243 23.064999999999998
      vertex 1.218796167873051 -2.111016886826371 23.01208333333333
    endloop
  endfacet
  facet normal 0.6087614290087203 -0.7933533402912354 0
    outer loop
      vertex 1.218796167873051 -2.111016886826371 22.69458333333333
      vertex 1.7236380703744243 -1.7236380703744243 22.7475
      vertex 1.7236380703744243 -1.7236380703744243 23.064999999999998
    endloop
  endfacet
  facet normal 0.6087614290087205 -0.7933533402912353 0
    outer loop
      vertex 1.5625 -2.7063293868263707 22.13895833333333
      vertex 2.209708691207961 -2.209708691207961 22.350624999999997
      vertex 1.5625 -2.7063293868263707 22.297708333333333
    endloop
  endfacet
  facet normal 0.353434833916925 -0.36901174261130304 -0.8596011586713255
    outer loop
      vertex 1.5625 -2.7063293868263707 22.13895833333333
      vertex 2.05136463351897 -2.1939381157046505 22.119999999999997
      vertex 2.209708691207961 -2.209708691207961 22.191874999999996
    endloop
  endfacet
  facet normal 0.6087614290087204 -0.7933533402912353 0
    outer loop
      vertex 1.5625 -2.7063293868263707 22.13895833333333
      vertex 2.209708691207961 -2.209708691207961 22.191874999999996
      vertex 2.209708691207961 -2.209708691207961 22.350624999999997
    endloop
  endfacet
  facet normal 0.26496230617184047 -0.4368991008448146 0.8596011586713296
    outer loop
      vertex 1.5625 -2.7063293868263707 22.297708333333333
      vertex 2.209708691207961 -2.209708691207961 22.350624999999997
      vertex 1.7236380703744243 -1.7236380703744243 22.7475
    endloop
  endfacet
  facet normal 0.3583619392567826 -0.3487284360872615 -0.8660053108129597
    outer loop
      vertex 2.05136463351897 -2.1939381157046505 22.119999999999997
      vertex 2.1216801535766936 -2.1216801535766936 22.119999999999997
      vertex 2.209708691207961 -2.209708691207961 22.191874999999996
    endloop
  endfacet
  facet normal 0.7933533402912353 -0.6087614290087205 0
    outer loop
      vertex 2.209708691207961 -2.209708691207961 22.191874999999996
      vertex 2.7063293868263707 -1.5625 22.403541666666666
      vertex 2.209708691207961 -2.209708691207961 22.350624999999997
    endloop
  endfacet
  facet normal 0.43689910084482203 -0.2649623061718377 -0.8596011586713267
    outer loop
      vertex 2.1216801535766936 -2.1216801535766936 22.119999999999997
      vertex 2.433688303660684 -1.6072066716786848 22.119999999999997
      vertex 2.209708691207961 -2.209708691207961 22.191874999999996
    endloop
  endfacet
  facet normal 0.4368991008448141 -0.26496230617183525 -0.8596011586713315
    outer loop
      vertex 2.209708691207961 -2.209708691207961 22.191874999999996
      vertex 2.433688303660684 -1.6072066716786848 22.119999999999997
      vertex 2.7063293868263707 -1.5625 22.244791666666664
    endloop
  endfacet
  facet normal 0.7933533402912353 -0.6087614290087205 0
    outer loop
      vertex 2.209708691207961 -2.209708691207961 22.191874999999996
      vertex 2.7063293868263707 -1.5625 22.244791666666664
      vertex 2.7063293868263707 -1.5625 22.403541666666666
    endloop
  endfacet
  facet normal 0.7933533402912354 -0.6087614290087204 0
    outer loop
      vertex 1.7236380703744243 -1.7236380703744243 22.7475
      vertex 2.111016886826371 -1.218796167873051 23.117916666666662
      vertex 1.7236380703744243 -1.7236380703744243 23.064999999999998
    endloop
  endfacet
  facet normal 0.7933533402912353 -0.6087614290087204 0
    outer loop
      vertex 1.7236380703744243 -1.7236380703744243 22.7475
      vertex 2.111016886826371 -1.218796167873051 22.800416666666663
      vertex 2.111016886826371 -1.218796167873051 23.117916666666662
    endloop
  endfacet
  facet normal 0.34872843608726206 -0.3583619392567766 0.8660053108129617
    outer loop
      vertex 2.209708691207961 -2.209708691207961 22.350624999999997
      vertex 2.111016886826371 -1.218796167873051 22.800416666666663
      vertex 1.7236380703744243 -1.7236380703744243 22.7475
    endloop
  endfacet
  facet normal 0.9238795325112868 -0.3826834323650898 0
    outer loop
      vertex 2.111016886826371 -1.218796167873051 22.800416666666663
      vertex 2.3545333910614534 -0.6308953206870292 23.17083333333333
      vertex 2.111016886826371 -1.218796167873051 23.117916666666662
    endloop
  endfacet
  facet normal 0.3690117426112923 -0.35343483391692193 0.8596011586713312
    outer loop
      vertex 2.209708691207961 -2.209708691207961 22.350624999999997
      vertex 2.7063293868263707 -1.5625 22.403541666666666
      vertex 2.111016886826371 -1.218796167873051 22.800416666666663
    endloop
  endfacet
  facet normal 0.4364086131153554 -0.24409490785855759 -0.8660053108129617
    outer loop
      vertex 2.433688303660684 -1.6072066716786848 22.119999999999997
      vertex 2.5191418868263713 -1.4544272464860672 22.119999999999997
      vertex 2.7063293868263707 -1.5625 22.244791666666664
    endloop
  endfacet
  facet normal 0.49058941606003786 -0.1428561264376841 -0.859601158671329
    outer loop
      vertex 2.5191418868263713 -1.4544272464860672 22.119999999999997
      vertex 2.659973220474827 -0.9707912732841021 22.119999999999997
      vertex 2.7063293868263707 -1.5625 22.244791666666664
    endloop
  endfacet
  facet normal 0.42959669769760395 -0.2558934914589575 0.8660053108129638
    outer loop
      vertex 2.7063293868263707 -1.5625 22.403541666666666
      vertex 2.3545333910614534 -0.6308953206870292 22.85333333333333
      vertex 2.111016886826371 -1.218796167873051 22.800416666666663
    endloop
  endfacet
  facet normal 0.9238795325112868 -0.3826834323650898 0
    outer loop
      vertex 2.111016886826371 -1.218796167873051 22.800416666666663
      vertex 2.3545333910614534 -0.6308953206870292 22.85333333333333
      vertex 2.3545333910614534 -0.6308953206870292 23.17083333333333
    endloop
  endfacet
  facet normal 0.4811886543019752 -0.13598632510219372 0.8660053108129617
    outer loop
      vertex 2.3545333910614534 -0.6308953206870292 22.85333333333333
      vertex 3.0185182071533383 -0.8088095159453773 22.45645833333333
      vertex 2.437592335746102 0 22.906249999999996
    endloop
  endfacet
  facet normal 0.9914448613738103 -0.1305261922200518 0
    outer loop
      vertex 2.3545333910614534 -0.6308953206870292 22.85333333333333
      vertex 2.437592335746102 0 23.22375
      vertex 2.3545333910614534 -0.6308953206870292 23.17083333333333
    endloop
  endfacet
  facet normal 0.9914448613738104 -0.1305261922200518 0
    outer loop
      vertex 2.3545333910614534 -0.6308953206870292 22.85333333333333
      vertex 2.437592335746102 0 22.906249999999996
      vertex 2.437592335746102 0 23.22375
    endloop
  endfacet
  facet normal 0.9238795325112868 -0.3826834323650897 0
    outer loop
      vertex 2.7063293868263707 -1.5625 22.244791666666664
      vertex 3.0185182071533383 -0.8088095159453773 22.45645833333333
      vertex 2.7063293868263707 -1.5625 22.403541666666666
    endloop
  endfacet
  facet normal 0.49058941606003786 -0.14285612643768417 -0.8596011586713291
    outer loop
      vertex 2.7063293868263707 -1.5625 22.244791666666664
      vertex 2.659973220474827 -0.9707912732841021 22.119999999999997
      vertex 3.0185182071533383 -0.8088095159453773 22.297708333333333
    endloop
  endfacet
  facet normal 0.44791363861253153 -0.24588456713626827 0.8596011586713297
    outer loop
      vertex 2.7063293868263707 -1.5625 22.403541666666666
      vertex 3.0185182071533383 -0.8088095159453773 22.45645833333333
      vertex 2.3545333910614534 -0.6308953206870292 22.85333333333333
    endloop
  endfacet
  facet normal 0.9238795325112868 -0.3826834323650898 0
    outer loop
      vertex 2.7063293868263707 -1.5625 22.244791666666664
      vertex 3.0185182071533383 -0.8088095159453773 22.297708333333333
      vertex 3.0185182071533383 -0.8088095159453773 22.45645833333333
    endloop
  endfacet
  facet normal 0.48471476118945683 -0.12282671504519305 -0.866005310812962
    outer loop
      vertex 2.659973220474827 -0.9707912732841021 22.119999999999997
      vertex 2.7212063708665237 -0.7291450495121112 22.119999999999997
      vertex 3.0185182071533383 -0.8088095159453773 22.297708333333333
    endloop
  endfacet
  facet normal 0.5108468733081087 -0.011014537767717133 -0.8596011586713298
    outer loop
      vertex 2.7212063708665237 -0.7291450495121112 22.119999999999997
      vertex 2.729952970775835 -0.3234836127839471 22.119999999999997
      vertex 3.0185182071533383 -0.8088095159453773 22.297708333333333
    endloop
  endfacet
  facet normal 0.9914448613738105 -0.1305261922200517 0
    outer loop
      vertex 3.0185182071533383 -0.8088095159453773 22.297708333333333
      vertex 3.125 0 22.509375
      vertex 3.0185182071533383 -0.8088095159453773 22.45645833333333
    endloop
  endfacet
  facet normal 0.49629096035460474 -0.1215776734487424 0.8596011586713312
    outer loop
      vertex 3.0185182071533383 -0.8088095159453773 22.45645833333333
      vertex 3.125 0 22.509375
      vertex 2.437592335746102 0 22.906249999999996
    endloop
  endfacet
  facet normal 0.49998839931751105 0.0068119154177455725 -0.8660053108129618
    outer loop
      vertex 2.729952970775835 -0.3234836127839471 22.119999999999997
      vertex 2.7255457825044296 0 22.119999999999997
      vertex 3.125 0 22.350624999999997
    endloop
  endfacet
  facet normal 0.5108468733081089 -0.011014537767717106 -0.8596011586713297
    outer loop
      vertex 3.0185182071533383 -0.8088095159453773 22.297708333333333
      vertex 2.729952970775835 -0.3234836127839471 22.119999999999997
      vertex 3.125 0 22.350624999999997
    endloop
  endfacet
  facet normal 0.9914448613738104 -0.13052619222005174 0
    outer loop
      vertex 3.0185182071533383 -0.8088095159453773 22.297708333333333
      vertex 3.125 0 22.350624999999997
      vertex 3.125 0 22.509375
    endloop
  endfacet
  facet normal 0.13052619222005174 -0.9914448613738104 0
    outer loop
      vertex 0 -3.125 23.303124999999998
      vertex 0.8088095159453773 -3.0185182071533383 23.514791666666664
      vertex 0 -3.125 23.461875
    endloop
  endfacet
  facet normal 0.12157767344873897 -0.4962909603546083 -0.8596011586713296
    outer loop
      vertex 0 -3.125 23.303124999999998
      vertex 0 -2.437592335746102 22.906249999999996
      vertex 0.8088095159453773 -3.0185182071533383 23.356041666666663
    endloop
  endfacet
  facet normal 0.12157767344874269 -0.496290960354608 -0.8596011586713291
    outer loop
      vertex 0 -3.125 24.573124999999997
      vertex 0 -2.437592335746102 24.176249999999996
      vertex 0.8088095159453773 -3.0185182071533383 24.626041666666666
    endloop
  endfacet
  facet normal 0.13052619222005174 -0.9914448613738104 0
    outer loop
      vertex 0 -3.125 24.573124999999997
      vertex 0.8088095159453773 -3.0185182071533383 24.784791666666663
      vertex 0 -3.125 24.731875
    endloop
  endfacet
  facet normal 0.13052619222005174 -0.9914448613738104 0
    outer loop
      vertex 0 -3.125 23.303124999999998
      vertex 0.8088095159453773 -3.0185182071533383 23.356041666666663
      vertex 0.8088095159453773 -3.0185182071533383 23.514791666666664
    endloop
  endfacet
  facet normal 0.011014537767717124 -0.5108468733081089 0.8596011586713296
    outer loop
      vertex 0 -3.125 23.461875
      vertex 0.8088095159453773 -3.0185182071533383 23.514791666666664
      vertex 0.6308953206870292 -2.3545333910614534 23.911666666666665
    endloop
  endfacet
  facet normal 0.1305261922200517 -0.9914448613738105 0
    outer loop
      vertex 0 -3.125 24.573124999999997
      vertex 0.8088095159453773 -3.0185182071533383 24.626041666666666
      vertex 0.8088095159453773 -3.0185182071533383 24.784791666666663
    endloop
  endfacet
  facet normal 0.011014537767717124 -0.5108468733081089 0.8596011586713296
    outer loop
      vertex 0 -3.125 24.731875
      vertex 0.8088095159453773 -3.0185182071533383 24.784791666666663
      vertex 0.6308953206870292 -2.3545333910614534 25.181666666666665
    endloop
  endfacet
  facet normal -0.006811915417751439 -0.4999883993175076 0.8660053108129637
    outer loop
      vertex 0 -3.125 23.461875
      vertex 0.6308953206870292 -2.3545333910614534 23.911666666666665
      vertex 0 -2.437592335746102 23.858749999999997
    endloop
  endfacet
  facet normal 0.1305261922200518 -0.9914448613738103 0
    outer loop
      vertex 0 -2.437592335746102 23.858749999999997
      vertex 0.6308953206870292 -2.3545333910614534 24.229166666666664
      vertex 0 -2.437592335746102 24.176249999999996
    endloop
  endfacet
  facet normal 0.1305261922200518 -0.9914448613738103 0
    outer loop
      vertex 0 -2.437592335746102 23.858749999999997
      vertex 0.6308953206870292 -2.3545333910614534 23.911666666666665
      vertex 0.6308953206870292 -2.3545333910614534 24.229166666666664
    endloop
  endfacet
  facet normal -0.006811915417751439 -0.4999883993175076 0.8660053108129637
    outer loop
      vertex 0 -3.125 24.731875
      vertex 0.6308953206870292 -2.3545333910614534 25.181666666666665
      vertex 0 -2.437592335746102 25.128749999999997
    endloop
  endfacet
  facet normal 0.13052619222005182 -0.9914448613738104 0
    outer loop
      vertex 0 -2.437592335746102 25.128749999999997
      vertex 0.6308953206870292 -2.3545333910614534 25.619999999999997
      vertex 0 -2.437592335746102 25.619999999999997
    endloop
  endfacet
  facet normal 0.13052619222005182 -0.9914448613738105 0
    outer loop
      vertex 0 -2.437592335746102 25.128749999999997
      vertex 0.6308953206870292 -2.3545333910614534 25.181666666666665
      vertex 0.6308953206870292 -2.3545333910614534 25.619999999999997
    endloop
  endfacet
  facet normal 0.13598632510219844 -0.4811886543019739 -0.8660053108129617
    outer loop
      vertex 0.8088095159453773 -3.0185182071533383 24.626041666666666
      vertex 0 -2.437592335746102 24.176249999999996
      vertex 0.6308953206870292 -2.3545333910614534 24.229166666666664
    endloop
  endfacet
  facet normal 0.12282671504519839 -0.4847147611894556 0.8660053108129618
    outer loop
      vertex 0.8088095159453773 -3.0185182071533383 23.514791666666664
      vertex 1.218796167873051 -2.111016886826371 23.96458333333333
      vertex 0.6308953206870292 -2.3545333910614534 23.911666666666665
    endloop
  endfacet
  facet normal 0.3826834323650898 -0.9238795325112868 0
    outer loop
      vertex 0.6308953206870292 -2.3545333910614534 23.911666666666665
      vertex 1.218796167873051 -2.111016886826371 24.282083333333333
      vertex 0.6308953206870292 -2.3545333910614534 24.229166666666664
    endloop
  endfacet
  facet normal 0.12282671504519839 -0.4847147611894556 0.8660053108129618
    outer loop
      vertex 0.8088095159453773 -3.0185182071533383 24.784791666666663
      vertex 1.218796167873051 -2.111016886826371 25.23458333333333
      vertex 0.6308953206870292 -2.3545333910614534 25.181666666666665
    endloop
  endfacet
  facet normal 0.3826834323650897 -0.9238795325112866 0
    outer loop
      vertex 0.6308953206870292 -2.3545333910614534 25.181666666666665
      vertex 1.218796167873051 -2.111016886826371 25.619999999999997
      vertex 0.6308953206870292 -2.3545333910614534 25.619999999999997
    endloop
  endfacet
  facet normal 0.3826834323650897 -0.9238795325112868 0
    outer loop
      vertex 0.8088095159453773 -3.0185182071533383 23.356041666666663
      vertex 1.5625 -2.7063293868263707 23.567708333333332
      vertex 0.8088095159453773 -3.0185182071533383 23.514791666666664
    endloop
  endfacet
  facet normal 0.24588456713627072 -0.4479136386125272 -0.8596011586713312
    outer loop
      vertex 0.8088095159453773 -3.0185182071533383 23.356041666666663
      vertex 0.6308953206870292 -2.3545333910614534 22.959166666666665
      vertex 1.5625 -2.7063293868263707 23.40895833333333
    endloop
  endfacet
  facet normal 0.24588456713626833 -0.44791363861253164 -0.8596011586713296
    outer loop
      vertex 0.8088095159453773 -3.0185182071533383 24.626041666666666
      vertex 0.6308953206870292 -2.3545333910614534 24.229166666666664
      vertex 1.5625 -2.7063293868263707 24.67895833333333
    endloop
  endfacet
  facet normal 0.3826834323650898 -0.9238795325112868 0
    outer loop
      vertex 0.8088095159453773 -3.0185182071533383 23.356041666666663
      vertex 1.5625 -2.7063293868263707 23.40895833333333
      vertex 1.5625 -2.7063293868263707 23.567708333333332
    endloop
  endfacet
  facet normal 0.38268343236508967 -0.9238795325112867 0
    outer loop
      vertex 0.8088095159453773 -3.0185182071533383 24.626041666666666
      vertex 1.5625 -2.7063293868263707 24.83770833333333
      vertex 0.8088095159453773 -3.0185182071533383 24.784791666666663
    endloop
  endfacet
  facet normal 0.3826834323650898 -0.9238795325112868 0
    outer loop
      vertex 0.8088095159453773 -3.0185182071533383 24.626041666666666
      vertex 1.5625 -2.7063293868263707 24.67895833333333
      vertex 1.5625 -2.7063293868263707 24.83770833333333
    endloop
  endfacet
  facet normal 0.14285612643768264 -0.4905894160600346 0.8596011586713312
    outer loop
      vertex 0.8088095159453773 -3.0185182071533383 23.514791666666664
      vertex 1.5625 -2.7063293868263707 23.567708333333332
      vertex 1.218796167873051 -2.111016886826371 23.96458333333333
    endloop
  endfacet
  facet normal 0.2558934914589544 -0.4295966976976095 -0.8660053108129618
    outer loop
      vertex 0.6308953206870292 -2.3545333910614534 22.959166666666665
      vertex 1.218796167873051 -2.111016886826371 23.01208333333333
      vertex 1.5625 -2.7063293868263707 23.40895833333333
    endloop
  endfacet
  facet normal 0.25589349145895746 -0.4295966976976039 -0.8660053108129637
    outer loop
      vertex 0.6308953206870292 -2.3545333910614534 24.229166666666664
      vertex 1.218796167873051 -2.111016886826371 24.282083333333333
      vertex 1.5625 -2.7063293868263707 24.67895833333333
    endloop
  endfacet
  facet normal 0.14285612643768264 -0.4905894160600346 0.8596011586713312
    outer loop
      vertex 0.8088095159453773 -3.0185182071533383 24.784791666666663
      vertex 1.5625 -2.7063293868263707 24.83770833333333
      vertex 1.218796167873051 -2.111016886826371 25.23458333333333
    endloop
  endfacet
  facet normal 0.3826834323650898 -0.9238795325112868 0
    outer loop
      vertex 0.6308953206870292 -2.3545333910614534 23.911666666666665
      vertex 1.218796167873051 -2.111016886826371 23.96458333333333
      vertex 1.218796167873051 -2.111016886826371 24.282083333333333
    endloop
  endfacet
  facet normal 0.3826834323650898 -0.9238795325112867 0
    outer loop
      vertex 0.6308953206870292 -2.3545333910614534 25.181666666666665
      vertex 1.218796167873051 -2.111016886826371 25.23458333333333
      vertex 1.218796167873051 -2.111016886826371 25.619999999999997
    endloop
  endfacet
  facet normal 0.35343483391692393 -0.3690117426112951 -0.8596011586713294
    outer loop
      vertex 1.5625 -2.7063293868263707 23.40895833333333
      vertex 1.218796167873051 -2.111016886826371 23.01208333333333
      vertex 2.209708691207961 -2.209708691207961 23.461875
    endloop
  endfacet
  facet normal 0.35343483391692193 -0.3690117426112923 -0.8596011586713312
    outer loop
      vertex 1.5625 -2.7063293868263707 24.67895833333333
      vertex 1.218796167873051 -2.111016886826371 24.282083333333333
      vertex 2.209708691207961 -2.209708691207961 24.731875
    endloop
  endfacet
  facet normal 0.24409490785854993 -0.43640861311535545 0.8660053108129638
    outer loop
      vertex 1.5625 -2.7063293868263707 23.567708333333332
      vertex 1.7236380703744243 -1.7236380703744243 24.0175
      vertex 1.218796167873051 -2.111016886826371 23.96458333333333
    endloop
  endfacet
  facet normal 0.6087614290087204 -0.7933533402912354 0
    outer loop
      vertex 1.218796167873051 -2.111016886826371 23.96458333333333
      vertex 1.7236380703744243 -1.7236380703744243 24.334999999999997
      vertex 1.218796167873051 -2.111016886826371 24.282083333333333
    endloop
  endfacet
  facet normal 0.6087614290087203 -0.7933533402912354 0
    outer loop
      vertex 1.218796167873051 -2.111016886826371 23.96458333333333
      vertex 1.7236380703744243 -1.7236380703744243 24.0175
      vertex 1.7236380703744243 -1.7236380703744243 24.334999999999997
    endloop
  endfacet
  facet normal 0.3583619392567801 -0.3487284360872586 -0.8660053108129618
    outer loop
      vertex 1.218796167873051 -2.111016886826371 23.01208333333333
      vertex 1.7236380703744243 -1.7236380703744243 23.064999999999998
      vertex 2.209708691207961 -2.209708691207961 23.461875
    endloop
  endfacet
  facet normal 0.35836193925677673 -0.34872843608726206 -0.8660053108129618
    outer loop
      vertex 1.218796167873051 -2.111016886826371 24.282083333333333
      vertex 1.7236380703744243 -1.7236380703744243 24.334999999999997
      vertex 2.209708691207961 -2.209708691207961 24.731875
    endloop
  endfacet
  facet normal 0.24409490785854993 -0.43640861311535545 0.8660053108129638
    outer loop
      vertex 1.5625 -2.7063293868263707 24.83770833333333
      vertex 1.7236380703744243 -1.7236380703744243 25.287499999999998
      vertex 1.218796167873051 -2.111016886826371 25.23458333333333
    endloop
  endfacet
  facet normal 0.6087614290087203 -0.7933533402912353 0
    outer loop
      vertex 1.218796167873051 -2.111016886826371 25.23458333333333
      vertex 1.7236380703744243 -1.7236380703744243 25.619999999999997
      vertex 1.218796167873051 -2.111016886826371 25.619999999999997
    endloop
  endfacet
  facet normal 0.6087614290087203 -0.7933533402912355 0
    outer loop
      vertex 1.218796167873051 -2.111016886826371 25.23458333333333
      vertex 1.7236380703744243 -1.7236380703744243 25.287499999999998
      vertex 1.7236380703744243 -1.7236380703744243 25.619999999999997
    endloop
  endfacet
  facet normal 0 0 1
    outer loop
      vertex 0 -2.437592335746102 25.619999999999997
      vertex 0.6308953206870292 -2.3545333910614534 25.619999999999997
      vertex 0 0 25.619999999999997
    endloop
  endfacet
  facet normal 0 0 1
    outer loop
      vertex 0.6308953206870292 -2.3545333910614534 25.619999999999997
      vertex 1.218796167873051 -2.111016886826371 25.619999999999997
      vertex 0 0 25.619999999999997
    endloop
  endfacet
  facet normal 0 0 1
    outer loop
      vertex 1.218796167873051 -2.111016886826371 25.619999999999997
      vertex 1.7236380703744243 -1.7236380703744243 25.619999999999997
      vertex 0 0 25.619999999999997
    endloop
  endfacet
  facet normal 0 0 1
    outer loop
      vertex 1.7236380703744243 -1.7236380703744243 25.619999999999997
      vertex 2.111016886826371 -1.218796167873051 25.619999999999997
      vertex 0 0 25.619999999999997
    endloop
  endfacet
  facet normal 0 0 1
    outer loop
      vertex 2.111016886826371 -1.218796167873051 25.619999999999997
      vertex 2.3545333910614534 -0.6308953206870292 25.619999999999997
      vertex 0 0 25.619999999999997
    endloop
  endfacet
  facet normal 0 0 1
    outer loop
      vertex 2.3545333910614534 -0.6308953206870292 25.619999999999997
      vertex 2.437592335746102 0 25.619999999999997
      vertex 0 0 25.619999999999997
    endloop
  endfacet
  facet normal 0.6087614290087205 -0.7933533402912353 0
    outer loop
      vertex 1.5625 -2.7063293868263707 23.40895833333333
      vertex 2.209708691207961 -2.209708691207961 23.620624999999997
      vertex 1.5625 -2.7063293868263707 23.567708333333332
    endloop
  endfacet
  facet normal 0.6087614290087205 -0.7933533402912354 0
    outer loop
      vertex 1.5625 -2.7063293868263707 23.40895833333333
      vertex 2.209708691207961 -2.209708691207961 23.461875
      vertex 2.209708691207961 -2.209708691207961 23.620624999999997
    endloop
  endfacet
  facet normal 0.6087614290087205 -0.7933533402912353 0
    outer loop
      vertex 1.5625 -2.7063293868263707 24.67895833333333
      vertex 2.209708691207961 -2.209708691207961 24.890624999999996
      vertex 1.5625 -2.7063293868263707 24.83770833333333
    endloop
  endfacet
  facet normal 0.6087614290087205 -0.7933533402912354 0
    outer loop
      vertex 1.5625 -2.7063293868263707 24.67895833333333
      vertex 2.209708691207961 -2.209708691207961 24.731875
      vertex 2.209708691207961 -2.209708691207961 24.890624999999996
    endloop
  endfacet
  facet normal 0.26496230617184047 -0.4368991008448146 0.8596011586713296
    outer loop
      vertex 1.5625 -2.7063293868263707 23.567708333333332
      vertex 2.209708691207961 -2.209708691207961 23.620624999999997
      vertex 1.7236380703744243 -1.7236380703744243 24.0175
    endloop
  endfacet
  facet normal 0.4368991008448145 -0.2649623061718405 -0.8596011586713296
    outer loop
      vertex 1.7236380703744243 -1.7236380703744243 23.064999999999998
      vertex 2.7063293868263707 -1.5625 23.514791666666664
      vertex 2.209708691207961 -2.209708691207961 23.461875
    endloop
  endfacet
  facet normal 0.26496230617184047 -0.4368991008448146 0.8596011586713296
    outer loop
      vertex 1.5625 -2.7063293868263707 24.83770833333333
      vertex 2.209708691207961 -2.209708691207961 24.890624999999996
      vertex 1.7236380703744243 -1.7236380703744243 25.287499999999998
    endloop
  endfacet
  facet normal 0.4368991008448145 -0.2649623061718405 -0.8596011586713296
    outer loop
      vertex 1.7236380703744243 -1.7236380703744243 24.334999999999997
      vertex 2.7063293868263707 -1.5625 24.784791666666663
      vertex 2.209708691207961 -2.209708691207961 24.731875
    endloop
  endfacet
  facet normal 0.7933533402912353 -0.6087614290087204 0
    outer loop
      vertex 2.209708691207961 -2.209708691207961 23.461875
      vertex 2.7063293868263707 -1.5625 23.673541666666665
      vertex 2.209708691207961 -2.209708691207961 23.620624999999997
    endloop
  endfacet
  facet normal 0.7933533402912353 -0.6087614290087204 0
    outer loop
      vertex 2.209708691207961 -2.209708691207961 23.461875
      vertex 2.7063293868263707 -1.5625 23.514791666666664
      vertex 2.7063293868263707 -1.5625 23.673541666666665
    endloop
  endfacet
  facet normal 0.7933533402912353 -0.6087614290087204 0
    outer loop
      vertex 2.209708691207961 -2.209708691207961 24.731875
      vertex 2.7063293868263707 -1.5625 24.943541666666665
      vertex 2.209708691207961 -2.209708691207961 24.890624999999996
    endloop
  endfacet
  facet normal 0.7933533402912353 -0.6087614290087204 0
    outer loop
      vertex 2.209708691207961 -2.209708691207961 24.731875
      vertex 2.7063293868263707 -1.5625 24.784791666666663
      vertex 2.7063293868263707 -1.5625 24.943541666666665
    endloop
  endfacet
  facet normal 0.7933533402912354 -0.6087614290087204 0
    outer loop
      vertex 1.7236380703744243 -1.7236380703744243 24.0175
      vertex 2.111016886826371 -1.218796167873051 24.387916666666662
      vertex 1.7236380703744243 -1.7236380703744243 24.334999999999997
    endloop
  endfacet
  facet normal 0.7933533402912353 -0.6087614290087204 0
    outer loop
      vertex 1.7236380703744243 -1.7236380703744243 24.0175
      vertex 2.111016886826371 -1.218796167873051 24.070416666666663
      vertex 2.111016886826371 -1.218796167873051 24.387916666666662
    endloop
  endfacet
  facet normal 0.348728436087262 -0.3583619392567768 0.8660053108129618
    outer loop
      vertex 1.7236380703744243 -1.7236380703744243 24.0175
      vertex 2.209708691207961 -2.209708691207961 23.620624999999997
      vertex 2.111016886826371 -1.218796167873051 24.070416666666663
    endloop
  endfacet
  facet normal 0.4364086131153556 -0.24409490785855636 -0.8660053108129617
    outer loop
      vertex 1.7236380703744243 -1.7236380703744243 23.064999999999998
      vertex 2.111016886826371 -1.218796167873051 23.117916666666662
      vertex 2.7063293868263707 -1.5625 23.514791666666664
    endloop
  endfacet
  facet normal 0.4364086131153556 -0.24409490785855636 -0.8660053108129617
    outer loop
      vertex 1.7236380703744243 -1.7236380703744243 24.334999999999997
      vertex 2.111016886826371 -1.218796167873051 24.387916666666662
      vertex 2.7063293868263707 -1.5625 24.784791666666663
    endloop
  endfacet
  facet normal 0.7933533402912353 -0.6087614290087204 0
    outer loop
      vertex 1.7236380703744243 -1.7236380703744243 25.287499999999998
      vertex 2.111016886826371 -1.218796167873051 25.619999999999997
      vertex 1.7236380703744243 -1.7236380703744243 25.619999999999997
    endloop
  endfacet
  facet normal 0.7933533402912353 -0.6087614290087205 0
    outer loop
      vertex 1.7236380703744243 -1.7236380703744243 25.287499999999998
      vertex 2.111016886826371 -1.218796167873051 25.340416666666663
      vertex 2.111016886826371 -1.218796167873051 25.619999999999997
    endloop
  endfacet
  facet normal 0.348728436087262 -0.3583619392567768 0.8660053108129618
    outer loop
      vertex 1.7236380703744243 -1.7236380703744243 25.287499999999998
      vertex 2.209708691207961 -2.209708691207961 24.890624999999996
      vertex 2.111016886826371 -1.218796167873051 25.340416666666663
    endloop
  endfacet
  facet normal 0.9238795325112868 -0.3826834323650898 0
    outer loop
      vertex 2.111016886826371 -1.218796167873051 24.070416666666663
      vertex 2.3545333910614534 -0.6308953206870292 24.44083333333333
      vertex 2.111016886826371 -1.218796167873051 24.387916666666662
    endloop
  endfacet
  facet normal 0.9238795325112867 -0.3826834323650898 0
    outer loop
      vertex 2.111016886826371 -1.218796167873051 25.340416666666663
      vertex 2.3545333910614534 -0.6308953206870292 25.619999999999997
      vertex 2.111016886826371 -1.218796167873051 25.619999999999997
    endloop
  endfacet
  facet normal 0.3690117426112923 -0.35343483391692193 0.8596011586713312
    outer loop
      vertex 2.209708691207961 -2.209708691207961 23.620624999999997
      vertex 2.7063293868263707 -1.5625 23.673541666666665
      vertex 2.111016886826371 -1.218796167873051 24.070416666666663
    endloop
  endfacet
  facet normal 0.3690117426112923 -0.35343483391692193 0.8596011586713312
    outer loop
      vertex 2.209708691207961 -2.209708691207961 24.890624999999996
      vertex 2.7063293868263707 -1.5625 24.943541666666665
      vertex 2.111016886826371 -1.218796167873051 25.340416666666663
    endloop
  endfacet
  facet normal 0.42959669769760395 -0.2558934914589575 0.8660053108129638
    outer loop
      vertex 2.7063293868263707 -1.5625 23.673541666666665
      vertex 2.3545333910614534 -0.6308953206870292 24.12333333333333
      vertex 2.111016886826371 -1.218796167873051 24.070416666666663
    endloop
  endfacet
  facet normal 0.4905894160600374 -0.142856126437684 -0.8596011586713292
    outer loop
      vertex 2.111016886826371 -1.218796167873051 23.117916666666662
      vertex 3.0185182071533383 -0.8088095159453773 23.567708333333332
      vertex 2.7063293868263707 -1.5625 23.514791666666664
    endloop
  endfacet
  facet normal 0.48471476118945683 -0.12282671504519373 -0.8660053108129618
    outer loop
      vertex 2.111016886826371 -1.218796167873051 23.117916666666662
      vertex 2.3545333910614534 -0.6308953206870292 23.17083333333333
      vertex 3.0185182071533383 -0.8088095159453773 23.567708333333332
    endloop
  endfacet
  facet normal 0.48471476118945683 -0.12282671504519373 -0.8660053108129618
    outer loop
      vertex 2.111016886826371 -1.218796167873051 24.387916666666662
      vertex 2.3545333910614534 -0.6308953206870292 24.44083333333333
      vertex 3.0185182071533383 -0.8088095159453773 24.83770833333333
    endloop
  endfacet
  facet normal 0.42959669769760384 -0.25589349145895746 0.8660053108129637
    outer loop
      vertex 2.111016886826371 -1.218796167873051 25.340416666666663
      vertex 2.7063293868263707 -1.5625 24.943541666666665
      vertex 2.3545333910614534 -0.6308953206870292 25.39333333333333
    endloop
  endfacet
  facet normal 0.4905894160600374 -0.142856126437684 -0.8596011586713292
    outer loop
      vertex 2.111016886826371 -1.218796167873051 24.387916666666662
      vertex 3.0185182071533383 -0.8088095159453773 24.83770833333333
      vertex 2.7063293868263707 -1.5625 24.784791666666663
    endloop
  endfacet
  facet normal 0.9238795325112868 -0.3826834323650898 0
    outer loop
      vertex 2.111016886826371 -1.218796167873051 24.070416666666663
      vertex 2.3545333910614534 -0.6308953206870292 24.12333333333333
      vertex 2.3545333910614534 -0.6308953206870292 24.44083333333333
    endloop
  endfacet
  facet normal 0.4811886543019751 -0.13598632510219377 0.8660053108129617
    outer loop
      vertex 3.0185182071533383 -0.8088095159453773 23.72645833333333
      vertex 2.437592335746102 0 24.176249999999996
      vertex 2.3545333910614534 -0.6308953206870292 24.12333333333333
    endloop
  endfacet
  facet normal 0.9238795325112867 -0.38268343236508984 0
    outer loop
      vertex 2.111016886826371 -1.218796167873051 25.340416666666663
      vertex 2.3545333910614534 -0.6308953206870292 25.39333333333333
      vertex 2.3545333910614534 -0.6308953206870292 25.619999999999997
    endloop
  endfacet
  facet normal 0.48118865430197394 -0.13598632510219844 0.8660053108129617
    outer loop
      vertex 2.3545333910614534 -0.6308953206870292 25.39333333333333
      vertex 3.0185182071533383 -0.8088095159453773 24.99645833333333
      vertex 2.437592335746102 0 25.44625
    endloop
  endfacet
  facet normal 0.9914448613738103 -0.1305261922200518 0
    outer loop
      vertex 2.3545333910614534 -0.6308953206870292 24.12333333333333
      vertex 2.437592335746102 0 24.49375
      vertex 2.3545333910614534 -0.6308953206870292 24.44083333333333
    endloop
  endfacet
  facet normal 0.9914448613738104 -0.1305261922200518 0
    outer loop
      vertex 2.3545333910614534 -0.6308953206870292 24.12333333333333
      vertex 2.437592335746102 0 24.176249999999996
      vertex 2.437592335746102 0 24.49375
    endloop
  endfacet
  facet normal 0.4999883993175076 0.006811915417751426 -0.8660053108129637
    outer loop
      vertex 2.3545333910614534 -0.6308953206870292 23.17083333333333
      vertex 2.437592335746102 0 23.22375
      vertex 3.125 0 23.620624999999997
    endloop
  endfacet
  facet normal 0.9914448613738103 -0.13052619222005177 0
    outer loop
      vertex 2.3545333910614534 -0.6308953206870292 25.39333333333333
      vertex 2.437592335746102 0 25.619999999999997
      vertex 2.3545333910614534 -0.6308953206870292 25.619999999999997
    endloop
  endfacet
  facet normal 0.9914448613738105 -0.1305261922200518 0
    outer loop
      vertex 2.3545333910614534 -0.6308953206870292 25.39333333333333
      vertex 2.437592335746102 0 25.44625
      vertex 2.437592335746102 0 25.619999999999997
    endloop
  endfacet
  facet normal 0.4999883993175076 0.006811915417751426 -0.8660053108129637
    outer loop
      vertex 2.3545333910614534 -0.6308953206870292 24.44083333333333
      vertex 2.437592335746102 0 24.49375
      vertex 3.125 0 24.890624999999996
    endloop
  endfacet
  facet normal 0.9238795325112868 -0.3826834323650897 0
    outer loop
      vertex 2.7063293868263707 -1.5625 23.514791666666664
      vertex 3.0185182071533383 -0.8088095159453773 23.72645833333333
      vertex 2.7063293868263707 -1.5625 23.673541666666665
    endloop
  endfacet
  facet normal 0.44791363861253153 -0.24588456713626827 0.8596011586713297
    outer loop
      vertex 2.7063293868263707 -1.5625 23.673541666666665
      vertex 3.0185182071533383 -0.8088095159453773 23.72645833333333
      vertex 2.3545333910614534 -0.6308953206870292 24.12333333333333
    endloop
  endfacet
  facet normal 0.9238795325112868 -0.3826834323650898 0
    outer loop
      vertex 2.7063293868263707 -1.5625 23.514791666666664
      vertex 3.0185182071533383 -0.8088095159453773 23.567708333333332
      vertex 3.0185182071533383 -0.8088095159453773 23.72645833333333
    endloop
  endfacet
  facet normal 0.9238795325112868 -0.3826834323650897 0
    outer loop
      vertex 2.7063293868263707 -1.5625 24.784791666666663
      vertex 3.0185182071533383 -0.8088095159453773 24.99645833333333
      vertex 2.7063293868263707 -1.5625 24.943541666666665
    endloop
  endfacet
  facet normal 0.4479136386125315 -0.24588456713626833 0.8596011586713297
    outer loop
      vertex 2.3545333910614534 -0.6308953206870292 25.39333333333333
      vertex 2.7063293868263707 -1.5625 24.943541666666665
      vertex 3.0185182071533383 -0.8088095159453773 24.99645833333333
    endloop
  endfacet
  facet normal 0.9238795325112868 -0.3826834323650898 0
    outer loop
      vertex 2.7063293868263707 -1.5625 24.784791666666663
      vertex 3.0185182071533383 -0.8088095159453773 24.83770833333333
      vertex 3.0185182071533383 -0.8088095159453773 24.99645833333333
    endloop
  endfacet
  facet normal 0.5108468733081089 -0.011014537767717048 -0.8596011586713296
    outer loop
      vertex 2.3545333910614534 -0.6308953206870292 23.17083333333333
      vertex 3.125 0 23.620624999999997
      vertex 3.0185182071533383 -0.8088095159453773 23.567708333333332
    endloop
  endfacet
  facet normal 0.9914448613738105 -0.1305261922200517 0
    outer loop
      vertex 3.0185182071533383 -0.8088095159453773 23.567708333333332
      vertex 3.125 0 23.779374999999998
      vertex 3.0185182071533383 -0.8088095159453773 23.72645833333333
    endloop
  endfacet
  facet normal 0.5108468733081089 -0.011014537767717048 -0.8596011586713296
    outer loop
      vertex 2.3545333910614534 -0.6308953206870292 24.44083333333333
      vertex 3.125 0 24.890624999999996
      vertex 3.0185182071533383 -0.8088095159453773 24.83770833333333
    endloop
  endfacet
  facet normal 0.9914448613738105 -0.1305261922200517 0
    outer loop
      vertex 3.0185182071533383 -0.8088095159453773 24.83770833333333
      vertex 3.125 0 25.049374999999998
      vertex 3.0185182071533383 -0.8088095159453773 24.99645833333333
    endloop
  endfacet
  facet normal 0.49629096035460474 -0.1215776734487424 0.8596011586713312
    outer loop
      vertex 3.0185182071533383 -0.8088095159453773 23.72645833333333
      vertex 3.125 0 23.779374999999998
      vertex 2.437592335746102 0 24.176249999999996
    endloop
  endfacet
  facet normal 0.9914448613738104 -0.13052619222005174 0
    outer loop
      vertex 3.0185182071533383 -0.8088095159453773 23.567708333333332
      vertex 3.125 0 23.620624999999997
      vertex 3.125 0 23.779374999999998
    endloop
  endfacet
  facet normal 0.496290960354608 -0.12157767344874269 0.8596011586713291
    outer loop
      vertex 3.0185182071533383 -0.8088095159453773 24.99645833333333
      vertex 3.125 0 25.049374999999998
      vertex 2.437592335746102 0 25.44625
    endloop
  endfacet
  facet normal 0.9914448613738104 -0.13052619222005174 0
    outer loop
      vertex 3.0185182071533383 -0.8088095159453773 24.83770833333333
      vertex 3.125 0 24.890624999999996
      vertex 3.125 0 25.049374999999998
    endloop
  endfacet
  facet normal 0.1305261922200518 0.9914448613738104 0
    outer loop
      vertex 0 2.437592335746102 22.119999999999997
      vertex 0 2.437592335746102 22.27125
      vertex 0.6308953206870292 2.3545333910614534 22.21833333333333
    endloop
  endfacet
  facet normal -0.006811915417751439 0.4999883993175076 -0.8660053108129637
    outer loop
      vertex 0 2.437592335746102 22.27125
      vertex 0 3.125 22.668124999999996
      vertex 0.6308953206870292 2.3545333910614534 22.21833333333333
    endloop
  endfacet
  facet normal 0.1305261922200518 0.9914448613738104 0
    outer loop
      vertex 0 2.437592335746102 22.119999999999997
      vertex 0.6308953206870292 2.3545333910614534 22.21833333333333
      vertex 0.6308953206870292 2.3545333910614534 22.119999999999997
    endloop
  endfacet
  facet normal 0.13598632510219844 0.48118865430197394 0.8660053108129617
    outer loop
      vertex 0.6308953206870292 2.3545333910614534 23.17083333333333
      vertex 0.8088095159453773 3.0185182071533383 22.77395833333333
      vertex 0 2.437592335746102 23.22375
    endloop
  endfacet
  facet normal 0.3826834323650898 0.9238795325112866 0
    outer loop
      vertex 0.6308953206870292 2.3545333910614534 22.119999999999997
      vertex 0.6308953206870292 2.3545333910614534 22.21833333333333
      vertex 1.218796167873051 2.111016886826371 22.165416666666665
    endloop
  endfacet
  facet normal 0.12282671504519845 0.48471476118945567 -0.8660053108129618
    outer loop
      vertex 0.6308953206870292 2.3545333910614534 22.21833333333333
      vertex 0.8088095159453773 3.0185182071533383 22.61520833333333
      vertex 1.218796167873051 2.111016886826371 22.165416666666665
    endloop
  endfacet
  facet normal 0.12157767344874269 0.496290960354608 0.8596011586713291
    outer loop
      vertex 0 2.437592335746102 23.22375
      vertex 0.8088095159453773 3.0185182071533383 22.77395833333333
      vertex 0 3.125 22.826874999999998
    endloop
  endfacet
  facet normal 0.13052619222005174 0.9914448613738104 0
    outer loop
      vertex 0 3.125 22.668124999999996
      vertex 0 3.125 22.826874999999998
      vertex 0.8088095159453773 3.0185182071533383 22.61520833333333
    endloop
  endfacet
  facet normal 0.011014537767717048 0.5108468733081089 -0.8596011586713296
    outer loop
      vertex 0.6308953206870292 2.3545333910614534 22.21833333333333
      vertex 0 3.125 22.668124999999996
      vertex 0.8088095159453773 3.0185182071533383 22.61520833333333
    endloop
  endfacet
  facet normal 0.1305261922200517 0.9914448613738105 0
    outer loop
      vertex 0 3.125 22.826874999999998
      vertex 0.8088095159453773 3.0185182071533383 22.77395833333333
      vertex 0.8088095159453773 3.0185182071533383 22.61520833333333
    endloop
  endfacet
  facet normal 0.3826834323650898 0.9238795325112867 0
    outer loop
      vertex 0.6308953206870292 2.3545333910614534 22.119999999999997
      vertex 1.218796167873051 2.111016886826371 22.165416666666665
      vertex 1.218796167873051 2.111016886826371 22.119999999999997
    endloop
  endfacet
  facet normal 0.25589349145895746 0.4295966976976039 0.8660053108129637
    outer loop
      vertex 0.6308953206870292 2.3545333910614534 23.17083333333333
      vertex 1.218796167873051 2.111016886826371 23.117916666666662
      vertex 1.5625 2.7063293868263707 22.721041666666665
    endloop
  endfacet
  facet normal 0.14285612643768264 0.4905894160600345 -0.8596011586713312
    outer loop
      vertex 1.218796167873051 2.111016886826371 22.165416666666665
      vertex 0.8088095159453773 3.0185182071533383 22.61520833333333
      vertex 1.5625 2.7063293868263707 22.562291666666663
    endloop
  endfacet
  facet normal 0.24409490785851232 0.4364086131153088 -0.8660053108129979
    outer loop
      vertex 1.720951191942984 1.7400238449887233 22.119999999999997
      vertex 1.6520856747443164 1.7785421545959539 22.119999999999997
      vertex 1.218796167873051 2.111016886826371 22.165416666666665
    endloop
  endfacet
  facet normal 0.6087614290087204 0.7933533402912354 0
    outer loop
      vertex 1.218796167873051 2.111016886826371 22.119999999999997
      vertex 1.218796167873051 2.111016886826371 22.165416666666665
      vertex 1.6520856747443164 1.7785421545959539 22.119999999999997
    endloop
  endfacet
  facet normal 0.24409490785854987 0.4364086131153555 -0.8660053108129637
    outer loop
      vertex 1.720951191942984 1.7400238449887233 22.119999999999997
      vertex 1.218796167873051 2.111016886826371 22.165416666666665
      vertex 1.5625 2.7063293868263707 22.562291666666663
    endloop
  endfacet
  facet normal 0.3583619392567768 0.348728436087262 0.8660053108129618
    outer loop
      vertex 1.7236380703744243 1.7236380703744243 23.064999999999998
      vertex 2.209708691207961 2.209708691207961 22.668124999999996
      vertex 1.218796167873051 2.111016886826371 23.117916666666662
    endloop
  endfacet
  facet normal 0.353434833916922 0.3690117426112923 0.8596011586713312
    outer loop
      vertex 1.218796167873051 2.111016886826371 23.117916666666662
      vertex 2.209708691207961 2.209708691207961 22.668124999999996
      vertex 1.5625 2.7063293868263707 22.721041666666665
    endloop
  endfacet
  facet normal 0.24588456713626833 0.4479136386125315 0.8596011586713297
    outer loop
      vertex 0.6308953206870292 2.3545333910614534 23.17083333333333
      vertex 1.5625 2.7063293868263707 22.721041666666665
      vertex 0.8088095159453773 3.0185182071533383 22.77395833333333
    endloop
  endfacet
  facet normal 0.38268343236508967 0.9238795325112867 0
    outer loop
      vertex 0.8088095159453773 3.0185182071533383 22.61520833333333
      vertex 0.8088095159453773 3.0185182071533383 22.77395833333333
      vertex 1.5625 2.7063293868263707 22.562291666666663
    endloop
  endfacet
  facet normal 0.3826834323650898 0.9238795325112868 0
    outer loop
      vertex 0.8088095159453773 3.0185182071533383 22.77395833333333
      vertex 1.5625 2.7063293868263707 22.721041666666665
      vertex 1.5625 2.7063293868263707 22.562291666666663
    endloop
  endfacet
  facet normal 0.9914448613738103 0.1305261922200518 0
    outer loop
      vertex 2.437592335746102 0 22.906249999999996
      vertex 2.3545333910614534 0.6308953206870292 22.959166666666665
      vertex 2.3545333910614534 0.6308953206870292 23.276666666666664
    endloop
  endfacet
  facet normal 0.4999883993175076 -0.006811915417751439 0.8660053108129637
    outer loop
      vertex 2.437592335746102 0 22.906249999999996
      vertex 3.125 0 22.509375
      vertex 2.3545333910614534 0.6308953206870292 22.959166666666665
    endloop
  endfacet
  facet normal 0.9238795325112868 0.3826834323650898 0
    outer loop
      vertex 2.3545333910614534 0.6308953206870292 22.959166666666665
      vertex 2.111016886826371 1.218796167873051 23.01208333333333
      vertex 2.111016886826371 1.218796167873051 23.329583333333332
    endloop
  endfacet
  facet normal 0.43640861311535545 0.24409490785854993 0.8660053108129637
    outer loop
      vertex 1.7236380703744243 1.7236380703744243 23.064999999999998
      vertex 2.111016886826371 1.218796167873051 23.01208333333333
      vertex 2.7063293868263707 1.5625 22.61520833333333
    endloop
  endfacet
  facet normal 0.34872843608726223 0.35836193925677656 -0.8660053108129617
    outer loop
      vertex 1.7328236569098616 1.7328236569098616 22.119999999999997
      vertex 2.209708691207961 2.209708691207961 22.509375
      vertex 2.1242733126117623 1.351896969988436 22.119999999999997
    endloop
  endfacet
  facet normal 0.48471476118945567 0.12282671504519845 0.8660053108129618
    outer loop
      vertex 2.3545333910614534 0.6308953206870292 22.959166666666665
      vertex 3.0185182071533383 0.8088095159453773 22.562291666666663
      vertex 2.111016886826371 1.218796167873051 23.01208333333333
    endloop
  endfacet
  facet normal 0.429596697697604 0.25589349145895735 -0.8660053108129637
    outer loop
      vertex 2.4431749018053694 0.8656303579942346 22.119999999999997
      vertex 2.2016418868263687 1.2711185360183597 22.119999999999997
      vertex 2.7063293868263707 1.5625 22.45645833333333
    endloop
  endfacet
  facet normal 0.4905894160600345 0.14285612643768264 0.8596011586713312
    outer loop
      vertex 2.111016886826371 1.218796167873051 23.01208333333333
      vertex 3.0185182071533383 0.8088095159453773 22.562291666666663
      vertex 2.7063293868263707 1.5625 22.61520833333333
    endloop
  endfacet
  facet normal 0.36901174261129216 0.3534348339169222 -0.8596011586713312
    outer loop
      vertex 2.2016418868263687 1.2711185360183597 22.119999999999997
      vertex 2.1242733126117623 1.351896969988436 22.119999999999997
      vertex 2.7063293868263707 1.5625 22.45645833333333
    endloop
  endfacet
  facet normal 0.36901174261129227 0.353434833916922 -0.8596011586713314
    outer loop
      vertex 2.1242733126117623 1.351896969988436 22.119999999999997
      vertex 2.209708691207961 2.209708691207961 22.509375
      vertex 2.7063293868263707 1.5625 22.45645833333333
    endloop
  endfacet
  facet normal 0.49629096035460823 0.12157767344874267 -0.8596011586713291
    outer loop
      vertex 2.652311578628444 0.29894858440222916 22.119999999999997
      vertex 3.125 0 22.350624999999997
      vertex 2.7255457825044296 0 22.119999999999997
    endloop
  endfacet
  facet normal 0.4962909603546081 0.12157767344874272 -0.8596011586713291
    outer loop
      vertex 2.652311578628444 0.29894858440222916 22.119999999999997
      vertex 3.0185182071533383 0.8088095159453773 22.403541666666666
      vertex 3.125 0 22.350624999999997
    endloop
  endfacet
  facet normal 0.9914448613738104 0.13052619222005174 0
    outer loop
      vertex 3.125 0 22.350624999999997
      vertex 3.0185182071533383 0.8088095159453773 22.562291666666663
      vertex 3.125 0 22.509375
    endloop
  endfacet
  facet normal 0.48118865430197405 0.1359863251021985 -0.8660053108129617
    outer loop
      vertex 2.652311578628444 0.29894858440222916 22.119999999999997
      vertex 2.5441437532420226 0.6817012641098854 22.119999999999997
      vertex 3.0185182071533383 0.8088095159453773 22.403541666666666
    endloop
  endfacet
  facet normal 0.5108468733081089 0.011014537767717048 0.8596011586713296
    outer loop
      vertex 2.3545333910614534 0.6308953206870292 22.959166666666665
      vertex 3.125 0 22.509375
      vertex 3.0185182071533383 0.8088095159453773 22.562291666666663
    endloop
  endfacet
  facet normal 0.4479136386125313 0.2458845671362692 -0.8596011586713295
    outer loop
      vertex 2.5441437532420226 0.6817012641098854 22.119999999999997
      vertex 2.4431749018053694 0.8656303579942346 22.119999999999997
      vertex 3.0185182071533383 0.8088095159453773 22.403541666666666
    endloop
  endfacet
  facet normal 0.9914448613738105 0.1305261922200517 0
    outer loop
      vertex 3.0185182071533383 0.8088095159453773 22.403541666666666
      vertex 3.0185182071533383 0.8088095159453773 22.562291666666663
      vertex 3.125 0 22.350624999999997
    endloop
  endfacet
  facet normal 0.44791363861253136 0.24588456713626825 -0.8596011586713298
    outer loop
      vertex 2.4431749018053694 0.8656303579942346 22.119999999999997
      vertex 2.7063293868263707 1.5625 22.45645833333333
      vertex 3.0185182071533383 0.8088095159453773 22.403541666666666
    endloop
  endfacet
  facet normal 0.9238795325112868 0.3826834323650898 0
    outer loop
      vertex 3.0185182071533383 0.8088095159453773 22.403541666666666
      vertex 2.7063293868263707 1.5625 22.45645833333333
      vertex 2.7063293868263707 1.5625 22.61520833333333
    endloop
  endfacet
  facet normal 0.9238795325112867 0.38268343236508967 0
    outer loop
      vertex 3.0185182071533383 0.8088095159453773 22.403541666666666
      vertex 2.7063293868263707 1.5625 22.61520833333333
      vertex 3.0185182071533383 0.8088095159453773 22.562291666666663
    endloop
  endfacet
  facet normal 0.2649623061718387 0.4368991008448163 -0.8596011586713292
    outer loop
      vertex 1.7328236569098616 1.7328236569098616 22.119999999999997
      vertex 1.720951191942984 1.7400238449887233 22.119999999999997
      vertex 2.209708691207961 2.209708691207961 22.509375
    endloop
  endfacet
  facet normal 0.4368991008448145 0.2649623061718405 0.8596011586713296
    outer loop
      vertex 1.7236380703744243 1.7236380703744243 23.064999999999998
      vertex 2.7063293868263707 1.5625 22.61520833333333
      vertex 2.209708691207961 2.209708691207961 22.668124999999996
    endloop
  endfacet
  facet normal 0.2649623061718405 0.43689910084481454 -0.8596011586713296
    outer loop
      vertex 1.720951191942984 1.7400238449887233 22.119999999999997
      vertex 1.5625 2.7063293868263707 22.562291666666663
      vertex 2.209708691207961 2.209708691207961 22.509375
    endloop
  endfacet
  facet normal 0.6087614290087205 0.7933533402912354 0
    outer loop
      vertex 1.5625 2.7063293868263707 22.721041666666665
      vertex 2.209708691207961 2.209708691207961 22.668124999999996
      vertex 2.209708691207961 2.209708691207961 22.509375
    endloop
  endfacet
  facet normal 0.6087614290087205 0.7933533402912353 0
    outer loop
      vertex 1.5625 2.7063293868263707 22.562291666666663
      vertex 1.5625 2.7063293868263707 22.721041666666665
      vertex 2.209708691207961 2.209708691207961 22.509375
    endloop
  endfacet
  facet normal 0.7933533402912354 0.6087614290087205 0
    outer loop
      vertex 2.7063293868263707 1.5625 22.45645833333333
      vertex 2.209708691207961 2.209708691207961 22.509375
      vertex 2.209708691207961 2.209708691207961 22.668124999999996
    endloop
  endfacet
  facet normal 0.7933533402912353 0.6087614290087205 0
    outer loop
      vertex 2.7063293868263707 1.5625 22.45645833333333
      vertex 2.209708691207961 2.209708691207961 22.668124999999996
      vertex 2.7063293868263707 1.5625 22.61520833333333
    endloop
  endfacet
  facet normal 0 0 1
    outer loop
      vertex 0 0 25.619999999999997
      vertex 0.6308953206870292 2.3545333910614534 25.619999999999997
      vertex 0 2.437592335746102 25.619999999999997
    endloop
  endfacet
  facet normal 0 0 1
    outer loop
      vertex 0 0 25.619999999999997
      vertex 1.218796167873051 2.111016886826371 25.619999999999997
      vertex 0.6308953206870292 2.3545333910614534 25.619999999999997
    endloop
  endfacet
  facet normal 0 0 1
    outer loop
      vertex 0 0 25.619999999999997
      vertex 2.437592335746102 0 25.619999999999997
      vertex 2.3545333910614534 0.6308953206870292 25.619999999999997
    endloop
  endfacet
  facet normal 0 0 1
    outer loop
      vertex 0 0 25.619999999999997
      vertex 2.3545333910614534 0.6308953206870292 25.619999999999997
      vertex 2.111016886826371 1.218796167873051 25.619999999999997
    endloop
  endfacet
  facet normal 0 0 1
    outer loop
      vertex 0 0 25.619999999999997
      vertex 1.7236380703744243 1.7236380703744243 25.619999999999997
      vertex 1.218796167873051 2.111016886826371 25.619999999999997
    endloop
  endfacet
  facet normal 0 0 1
    outer loop
      vertex 0 0 25.619999999999997
      vertex 2.111016886826371 1.218796167873051 25.619999999999997
      vertex 1.7236380703744243 1.7236380703744243 25.619999999999997
    endloop
  endfacet
  facet normal 0.1305261922200518 0.9914448613738103 0
    outer loop
      vertex 0.6308953206870292 2.3545333910614534 23.17083333333333
      vertex 0 2.437592335746102 23.22375
      vertex 0 2.437592335746102 23.541249999999998
    endloop
  endfacet
  facet normal -0.006811915417751439 0.4999883993175076 -0.8660053108129637
    outer loop
      vertex 0 2.437592335746102 23.541249999999998
      vertex 0 3.125 23.938124999999996
      vertex 0.6308953206870292 2.3545333910614534 23.48833333333333
    endloop
  endfacet
  facet normal 0.1305261922200518 0.9914448613738103 0
    outer loop
      vertex 0.6308953206870292 2.3545333910614534 23.17083333333333
      vertex 0 2.437592335746102 23.541249999999998
      vertex 0.6308953206870292 2.3545333910614534 23.48833333333333
    endloop
  endfacet
  facet normal 0.1305261922200518 0.9914448613738104 0
    outer loop
      vertex 0 2.437592335746102 24.49375
      vertex 0 2.437592335746102 25.150578124999996
      vertex 0.6308953206870292 2.3545333910614534 24.44083333333333
    endloop
  endfacet
  facet normal 0.1305261922200518 0.9914448613738103 0
    outer loop
      vertex 0 2.437592335746102 25.150578124999996
      vertex 0 2.437592335746102 25.2646796875
      vertex 0.6308953206870292 2.3545333910614534 25.09766145833333
    endloop
  endfacet
  facet normal 0.1305261922200518 0.9914448613738104 0
    outer loop
      vertex 0 2.437592335746102 25.2646796875
      vertex 0 2.437592335746102 25.310320312499996
      vertex 0.6308953206870292 2.3545333910614534 25.21176302083333
    endloop
  endfacet
  facet normal 0.13052619222005182 0.9914448613738104 0
    outer loop
      vertex 0 2.437592335746102 25.310320312499996
      vertex 0 2.437592335746102 25.424421874999997
      vertex 0.6308953206870292 2.3545333910614534 25.25740364583333
    endloop
  endfacet
  facet normal 0.1305261922200518 0.9914448613738104 0
    outer loop
      vertex 0 2.437592335746102 25.424421874999997
      vertex 0 2.437592335746102 25.619999999999997
      vertex 0.6308953206870292 2.3545333910614534 25.371505208333332
    endloop
  endfacet
  facet normal 0.1305261922200518 0.9914448613738103 0
    outer loop
      vertex 0.6308953206870292 2.3545333910614534 24.44083333333333
      vertex 0 2.437592335746102 25.150578124999996
      vertex 0.6308953206870292 2.3545333910614534 25.09766145833333
    endloop
  endfacet
  facet normal 0.1305261922200518 0.9914448613738104 0
    outer loop
      vertex 0 2.437592335746102 25.2646796875
      vertex 0.6308953206870292 2.3545333910614534 25.21176302083333
      vertex 0.6308953206870292 2.3545333910614534 25.09766145833333
    endloop
  endfacet
  facet normal 0.13052619222005182 0.9914448613738105 0
    outer loop
      vertex 0 2.437592335746102 25.310320312499996
      vertex 0.6308953206870292 2.3545333910614534 25.25740364583333
      vertex 0.6308953206870292 2.3545333910614534 25.21176302083333
    endloop
  endfacet
  facet normal 0.1305261922200518 0.9914448613738104 0
    outer loop
      vertex 0 2.437592335746102 25.424421874999997
      vertex 0.6308953206870292 2.3545333910614534 25.371505208333332
      vertex 0.6308953206870292 2.3545333910614534 25.25740364583333
    endloop
  endfacet
  facet normal 0.1305261922200518 0.9914448613738104 0
    outer loop
      vertex 0 2.437592335746102 25.619999999999997
      vertex 0.6308953206870292 2.3545333910614534 25.619999999999997
      vertex 0.6308953206870292 2.3545333910614534 25.371505208333332
    endloop
  endfacet
  facet normal 0.13598632510219844 0.48118865430197394 0.8660053108129617
    outer loop
      vertex 0 2.437592335746102 24.49375
      vertex 0.6308953206870292 2.3545333910614534 24.44083333333333
      vertex 0.8088095159453773 3.0185182071533383 24.04395833333333
    endloop
  endfacet
  facet normal 0.3826834323650898 0.9238795325112868 0
    outer loop
      vertex 0.6308953206870292 2.3545333910614534 23.17083333333333
      vertex 0.6308953206870292 2.3545333910614534 23.48833333333333
      vertex 1.218796167873051 2.111016886826371 23.117916666666662
    endloop
  endfacet
  facet normal 0.12282671504519845 0.48471476118945567 -0.8660053108129618
    outer loop
      vertex 0.6308953206870292 2.3545333910614534 23.48833333333333
      vertex 0.8088095159453773 3.0185182071533383 23.88520833333333
      vertex 1.218796167873051 2.111016886826371 23.435416666666665
    endloop
  endfacet
  facet normal 0.3826834323650898 0.9238795325112868 0
    outer loop
      vertex 0.6308953206870292 2.3545333910614534 24.44083333333333
      vertex 0.6308953206870292 2.3545333910614534 25.09766145833333
      vertex 1.218796167873051 2.111016886826371 24.387916666666666
    endloop
  endfacet
  facet normal 0.3826834323650898 0.9238795325112867 0
    outer loop
      vertex 0.6308953206870292 2.3545333910614534 25.09766145833333
      vertex 0.6308953206870292 2.3545333910614534 25.21176302083333
      vertex 1.218796167873051 2.111016886826371 25.044744791666663
    endloop
  endfacet
  facet normal 0.3826834323650898 0.9238795325112867 0
    outer loop
      vertex 0.6308953206870292 2.3545333910614534 25.21176302083333
      vertex 0.6308953206870292 2.3545333910614534 25.25740364583333
      vertex 1.218796167873051 2.111016886826371 25.158846354166663
    endloop
  endfacet
  facet normal 0.3826834323650898 0.9238795325112867 0
    outer loop
      vertex 0.6308953206870292 2.3545333910614534 25.25740364583333
      vertex 0.6308953206870292 2.3545333910614534 25.371505208333332
      vertex 1.218796167873051 2.111016886826371 25.204486979166663
    endloop
  endfacet
  facet normal 0.3826834323650898 0.9238795325112868 0
    outer loop
      vertex 0.6308953206870292 2.3545333910614534 25.371505208333332
      vertex 0.6308953206870292 2.3545333910614534 25.619999999999997
      vertex 1.218796167873051 2.111016886826371 25.318588541666664
    endloop
  endfacet
  facet normal 0.12157767344874269 0.496290960354608 0.8596011586713291
    outer loop
      vertex 0 2.437592335746102 24.49375
      vertex 0.8088095159453773 3.0185182071533383 24.04395833333333
      vertex 0 3.125 24.096874999999997
    endloop
  endfacet
  facet normal 0.13052619222005174 0.9914448613738104 0
    outer loop
      vertex 0 3.125 23.938124999999996
      vertex 0 3.125 24.096874999999997
      vertex 0.8088095159453773 3.0185182071533383 23.88520833333333
    endloop
  endfacet
  facet normal 0.011014537767717048 0.5108468733081089 -0.8596011586713296
    outer loop
      vertex 0.6308953206870292 2.3545333910614534 23.48833333333333
      vertex 0 3.125 23.938124999999996
      vertex 0.8088095159453773 3.0185182071533383 23.88520833333333
    endloop
  endfacet
  facet normal 0.1305261922200517 0.9914448613738105 0
    outer loop
      vertex 0.8088095159453773 3.0185182071533383 23.88520833333333
      vertex 0 3.125 24.096874999999997
      vertex 0.8088095159453773 3.0185182071533383 24.04395833333333
    endloop
  endfacet
  facet normal 0.3826834323650898 0.9238795325112868 0
    outer loop
      vertex 0.6308953206870292 2.3545333910614534 23.48833333333333
      vertex 1.218796167873051 2.111016886826371 23.435416666666665
      vertex 1.218796167873051 2.111016886826371 23.117916666666662
    endloop
  endfacet
  facet normal 0.3826834323650898 0.9238795325112867 0
    outer loop
      vertex 0.6308953206870292 2.3545333910614534 25.09766145833333
      vertex 1.218796167873051 2.111016886826371 25.044744791666663
      vertex 1.218796167873051 2.111016886826371 24.387916666666666
    endloop
  endfacet
  facet normal 0.3826834323650898 0.9238795325112867 0
    outer loop
      vertex 0.6308953206870292 2.3545333910614534 25.21176302083333
      vertex 1.218796167873051 2.111016886826371 25.158846354166663
      vertex 1.218796167873051 2.111016886826371 25.044744791666663
    endloop
  endfacet
  facet normal 0.3826834323650897 0.9238795325112867 0
    outer loop
      vertex 0.6308953206870292 2.3545333910614534 25.25740364583333
      vertex 1.218796167873051 2.111016886826371 25.204486979166663
      vertex 1.218796167873051 2.111016886826371 25.158846354166663
    endloop
  endfacet
  facet normal 0.3826834323650898 0.9238795325112867 0
    outer loop
      vertex 0.6308953206870292 2.3545333910614534 25.371505208333332
      vertex 1.218796167873051 2.111016886826371 25.318588541666664
      vertex 1.218796167873051 2.111016886826371 25.204486979166663
    endloop
  endfacet
  facet normal 0.3826834323650898 0.9238795325112867 0
    outer loop
      vertex 0.6308953206870292 2.3545333910614534 25.619999999999997
      vertex 1.218796167873051 2.111016886826371 25.619999999999997
      vertex 1.218796167873051 2.111016886826371 25.318588541666664
    endloop
  endfacet
  facet normal 0.25589349145895446 0.42959669769760955 0.8660053108129618
    outer loop
      vertex 1.5625 2.7063293868263707 23.991041666666664
      vertex 0.6308953206870292 2.3545333910614534 24.44083333333333
      vertex 1.218796167873051 2.111016886826371 24.387916666666666
    endloop
  endfacet
  facet normal 0.14285612643768264 0.4905894160600346 -0.8596011586713312
    outer loop
      vertex 0.8088095159453773 3.0185182071533383 23.88520833333333
      vertex 1.5625 2.7063293868263707 23.832291666666663
      vertex 1.218796167873051 2.111016886826371 23.435416666666665
    endloop
  endfacet
  facet normal 0.6087614290087204 0.7933533402912354 0
    outer loop
      vertex 1.7236380703744243 1.7236380703744243 23.064999999999998
      vertex 1.218796167873051 2.111016886826371 23.117916666666662
      vertex 1.218796167873051 2.111016886826371 23.435416666666665
    endloop
  endfacet
  facet normal 0.6087614290087204 0.7933533402912354 0
    outer loop
      vertex 1.7236380703744243 1.7236380703744243 23.064999999999998
      vertex 1.218796167873051 2.111016886826371 23.435416666666665
      vertex 1.7236380703744243 1.7236380703744243 23.382499999999997
    endloop
  endfacet
  facet normal 0.24409490785854993 0.43640861311535545 -0.8660053108129637
    outer loop
      vertex 1.7236380703744243 1.7236380703744243 23.382499999999997
      vertex 1.218796167873051 2.111016886826371 23.435416666666665
      vertex 1.5625 2.7063293868263707 23.832291666666663
    endloop
  endfacet
  facet normal 0.35836193925678017 0.34872843608725856 0.8660053108129618
    outer loop
      vertex 1.7236380703744243 1.7236380703744243 24.334999999999997
      vertex 2.209708691207961 2.209708691207961 23.938124999999996
      vertex 1.218796167873051 2.111016886826371 24.387916666666666
    endloop
  endfacet
  facet normal 0.6087614290087204 0.7933533402912353 0
    outer loop
      vertex 1.7236380703744243 1.7236380703744243 24.334999999999997
      vertex 1.218796167873051 2.111016886826371 24.387916666666666
      vertex 1.218796167873051 2.111016886826371 25.044744791666663
    endloop
  endfacet
  facet normal 0.6087614290087204 0.7933533402912353 0
    outer loop
      vertex 1.7236380703744243 1.7236380703744243 24.991828124999998
      vertex 1.218796167873051 2.111016886826371 25.044744791666663
      vertex 1.218796167873051 2.111016886826371 25.158846354166663
    endloop
  endfacet
  facet normal 0.6087614290087203 0.7933533402912354 0
    outer loop
      vertex 1.7236380703744243 1.7236380703744243 25.105929687499998
      vertex 1.218796167873051 2.111016886826371 25.158846354166663
      vertex 1.218796167873051 2.111016886826371 25.204486979166663
    endloop
  endfacet
  facet normal 0.6087614290087204 0.7933533402912353 0
    outer loop
      vertex 1.7236380703744243 1.7236380703744243 25.1515703125
      vertex 1.218796167873051 2.111016886826371 25.204486979166663
      vertex 1.218796167873051 2.111016886826371 25.318588541666664
    endloop
  endfacet
  facet normal 0.6087614290087204 0.7933533402912354 0
    outer loop
      vertex 1.7236380703744243 1.7236380703744243 24.334999999999997
      vertex 1.218796167873051 2.111016886826371 25.044744791666663
      vertex 1.7236380703744243 1.7236380703744243 24.991828124999998
    endloop
  endfacet
  facet normal 0.6087614290087204 0.7933533402912354 0
    outer loop
      vertex 1.7236380703744243 1.7236380703744243 24.991828124999998
      vertex 1.218796167873051 2.111016886826371 25.158846354166663
      vertex 1.7236380703744243 1.7236380703744243 25.105929687499998
    endloop
  endfacet
  facet normal 0.6087614290087204 0.7933533402912354 0
    outer loop
      vertex 1.7236380703744243 1.7236380703744243 25.105929687499998
      vertex 1.218796167873051 2.111016886826371 25.204486979166663
      vertex 1.7236380703744243 1.7236380703744243 25.1515703125
    endloop
  endfacet
  facet normal 0.6087614290087204 0.7933533402912354 0
    outer loop
      vertex 1.7236380703744243 1.7236380703744243 25.1515703125
      vertex 1.218796167873051 2.111016886826371 25.318588541666664
      vertex 1.7236380703744243 1.7236380703744243 25.265671875
    endloop
  endfacet
  facet normal 0.6087614290087204 0.7933533402912353 0
    outer loop
      vertex 1.7236380703744243 1.7236380703744243 25.265671875
      vertex 1.218796167873051 2.111016886826371 25.318588541666664
      vertex 1.218796167873051 2.111016886826371 25.619999999999997
    endloop
  endfacet
  facet normal 0.6087614290087204 0.7933533402912353 0
    outer loop
      vertex 1.7236380703744243 1.7236380703744243 25.265671875
      vertex 1.218796167873051 2.111016886826371 25.619999999999997
      vertex 1.7236380703744243 1.7236380703744243 25.619999999999997
    endloop
  endfacet
  facet normal 0.35343483391692393 0.3690117426112951 0.8596011586713294
    outer loop
      vertex 1.5625 2.7063293868263707 23.991041666666664
      vertex 1.218796167873051 2.111016886826371 24.387916666666666
      vertex 2.209708691207961 2.209708691207961 23.938124999999996
    endloop
  endfacet
  facet normal 0.24588456713626827 0.44791363861253153 0.8596011586713297
    outer loop
      vertex 1.5625 2.7063293868263707 23.991041666666664
      vertex 0.8088095159453773 3.0185182071533383 24.04395833333333
      vertex 0.6308953206870292 2.3545333910614534 24.44083333333333
    endloop
  endfacet
  facet normal 0.38268343236508967 0.9238795325112867 0
    outer loop
      vertex 0.8088095159453773 3.0185182071533383 23.88520833333333
      vertex 0.8088095159453773 3.0185182071533383 24.04395833333333
      vertex 1.5625 2.7063293868263707 23.832291666666663
    endloop
  endfacet
  facet normal 0.3826834323650897 0.9238795325112868 0
    outer loop
      vertex 1.5625 2.7063293868263707 23.832291666666663
      vertex 0.8088095159453773 3.0185182071533383 24.04395833333333
      vertex 1.5625 2.7063293868263707 23.991041666666664
    endloop
  endfacet
  facet normal 0.9914448613738104 0.1305261922200518 0
    outer loop
      vertex 2.437592335746102 0 22.906249999999996
      vertex 2.3545333910614534 0.6308953206870292 23.276666666666664
      vertex 2.437592335746102 0 23.22375
    endloop
  endfacet
  facet normal 0.9914448613738104 0.1305261922200518 0
    outer loop
      vertex 2.437592335746102 0 24.176249999999996
      vertex 2.3545333910614534 0.6308953206870292 24.546666666666663
      vertex 2.437592335746102 0 24.49375
    endloop
  endfacet
  facet normal 0.9914448613738103 0.1305261922200518 0
    outer loop
      vertex 2.437592335746102 0 24.176249999999996
      vertex 2.3545333910614534 0.6308953206870292 24.229166666666664
      vertex 2.3545333910614534 0.6308953206870292 24.546666666666663
    endloop
  endfacet
  facet normal 0.4999883993175076 -0.006811915417751439 0.8660053108129637
    outer loop
      vertex 3.125 0 23.779374999999998
      vertex 2.3545333910614534 0.6308953206870292 24.229166666666664
      vertex 2.437592335746102 0 24.176249999999996
    endloop
  endfacet
  facet normal 0.9914448613738105 0.1305261922200518 0
    outer loop
      vertex 2.437592335746102 0 25.44625
      vertex 2.3545333910614534 0.6308953206870292 25.619999999999997
      vertex 2.437592335746102 0 25.619999999999997
    endloop
  endfacet
  facet normal 0.9914448613738104 0.1305261922200518 0
    outer loop
      vertex 2.437592335746102 0 25.44625
      vertex 2.3545333910614534 0.6308953206870292 25.499166666666664
      vertex 2.3545333910614534 0.6308953206870292 25.619999999999997
    endloop
  endfacet
  facet normal 0.49998839931751105 -0.0068119154177459515 0.8660053108129618
    outer loop
      vertex 2.437592335746102 0 25.44625
      vertex 3.125 0 25.049374999999998
      vertex 2.3545333910614534 0.6308953206870292 25.499166666666664
    endloop
  endfacet
  facet normal 0.9238795325112868 0.3826834323650898 0
    outer loop
      vertex 2.3545333910614534 0.6308953206870292 22.959166666666665
      vertex 2.111016886826371 1.218796167873051 23.329583333333332
      vertex 2.3545333910614534 0.6308953206870292 23.276666666666664
    endloop
  endfacet
  facet normal 0.9238795325112868 0.3826834323650898 0
    outer loop
      vertex 2.3545333910614534 0.6308953206870292 24.229166666666664
      vertex 2.111016886826371 1.218796167873051 24.59958333333333
      vertex 2.3545333910614534 0.6308953206870292 24.546666666666663
    endloop
  endfacet
  facet normal 0.4811886543019751 0.13598632510219372 -0.8660053108129617
    outer loop
      vertex 2.437592335746102 0 23.22375
      vertex 2.3545333910614534 0.6308953206870292 23.276666666666664
      vertex 3.0185182071533383 0.8088095159453773 23.673541666666665
    endloop
  endfacet
  facet normal 0.9238795325112866 0.3826834323650898 0
    outer loop
      vertex 2.3545333910614534 0.6308953206870292 25.499166666666664
      vertex 2.111016886826371 1.218796167873051 25.619999999999997
      vertex 2.3545333910614534 0.6308953206870292 25.619999999999997
    endloop
  endfacet
  facet normal 0.4811886543019751 0.13598632510219372 -0.8660053108129617
    outer loop
      vertex 2.437592335746102 0 24.49375
      vertex 2.3545333910614534 0.6308953206870292 24.546666666666663
      vertex 3.0185182071533383 0.8088095159453773 24.943541666666665
    endloop
  endfacet
  facet normal 0.9238795325112868 0.3826834323650898 0
    outer loop
      vertex 2.3545333910614534 0.6308953206870292 24.229166666666664
      vertex 2.111016886826371 1.218796167873051 24.282083333333333
      vertex 2.111016886826371 1.218796167873051 24.59958333333333
    endloop
  endfacet
  facet normal 0.9238795325112867 0.3826834323650899 0
    outer loop
      vertex 2.3545333910614534 0.6308953206870292 25.499166666666664
      vertex 2.111016886826371 1.218796167873051 25.552083333333332
      vertex 2.111016886826371 1.218796167873051 25.619999999999997
    endloop
  endfacet
  facet normal 0.7933533402912354 0.6087614290087204 0
    outer loop
      vertex 1.7236380703744243 1.7236380703744243 23.382499999999997
      vertex 2.111016886826371 1.218796167873051 23.329583333333332
      vertex 2.111016886826371 1.218796167873051 23.01208333333333
    endloop
  endfacet
  facet normal 0.7933533402912354 0.6087614290087204 0
    outer loop
      vertex 1.7236380703744243 1.7236380703744243 23.064999999999998
      vertex 1.7236380703744243 1.7236380703744243 23.382499999999997
      vertex 2.111016886826371 1.218796167873051 23.01208333333333
    endloop
  endfacet
  facet normal 0.7933533402912354 0.6087614290087204 0
    outer loop
      vertex 1.7236380703744243 1.7236380703744243 24.334999999999997
      vertex 1.7236380703744243 1.7236380703744243 24.991828124999998
      vertex 2.111016886826371 1.218796167873051 24.282083333333333
    endloop
  endfacet
  facet normal 0.4364086131153556 0.24409490785855636 0.8660053108129617
    outer loop
      vertex 1.7236380703744243 1.7236380703744243 24.334999999999997
      vertex 2.111016886826371 1.218796167873051 24.282083333333333
      vertex 2.7063293868263707 1.5625 23.88520833333333
    endloop
  endfacet
  facet normal 0.348728436087262 0.3583619392567768 -0.8660053108129618
    outer loop
      vertex 1.7236380703744243 1.7236380703744243 23.382499999999997
      vertex 2.209708691207961 2.209708691207961 23.779374999999998
      vertex 2.111016886826371 1.218796167873051 23.329583333333332
    endloop
  endfacet
  facet normal 0.7933533402912354 0.6087614290087204 0
    outer loop
      vertex 1.7236380703744243 1.7236380703744243 24.991828124999998
      vertex 2.111016886826371 1.218796167873051 24.59958333333333
      vertex 2.111016886826371 1.218796167873051 24.282083333333333
    endloop
  endfacet
  facet normal 0.7933533402912353 0.6087614290087203 0
    outer loop
      vertex 1.7236380703744243 1.7236380703744243 25.619999999999997
      vertex 2.111016886826371 1.218796167873051 25.619999999999997
      vertex 2.111016886826371 1.218796167873051 25.552083333333332
    endloop
  endfacet
  facet normal 0.7933533402912353 0.6087614290087204 0
    outer loop
      vertex 1.7236380703744243 1.7236380703744243 25.265671875
      vertex 1.7236380703744243 1.7236380703744243 25.619999999999997
      vertex 2.111016886826371 1.218796167873051 25.552083333333332
    endloop
  endfacet
  facet normal 0.1120209554759927 0.6618550258299969 -0.741214699205176
    outer loop
      vertex 1.7236380703744243 1.7236380703744243 24.991828124999998
      vertex 2.7063293868263707 1.5625 24.99645833333333
      vertex 2.111016886826371 1.218796167873051 24.59958333333333
    endloop
  endfacet
  facet normal 0.18496938415190675 0.5884653118675464 0.7870799855510846
    outer loop
      vertex 1.7236380703744243 1.7236380703744243 25.265671875
      vertex 2.111016886826371 1.218796167873051 25.552083333333332
      vertex 2.7063293868263707 1.5625 25.15520833333333
    endloop
  endfacet
  facet normal 0.16181525201656863 0.9868210700095609 0
    outer loop
      vertex 1.7236380703744243 1.7236380703744243 24.991828124999998
      vertex 1.7236380703744243 1.7236380703744243 25.105929687499998
      vertex 2.7063293868263707 1.5625 24.99645833333333
    endloop
  endfacet
  facet normal 0.1618152520165686 0.9868210700095608 0
    outer loop
      vertex 1.7236380703744243 1.7236380703744243 25.105929687499998
      vertex 1.7236380703744243 1.7236380703744243 25.1515703125
      vertex 2.7063293868263707 1.5625 24.99645833333333
    endloop
  endfacet
  facet normal 0.16181525201656863 0.9868210700095609 0
    outer loop
      vertex 1.7236380703744243 1.7236380703744243 25.1515703125
      vertex 1.7236380703744243 1.7236380703744243 25.265671875
      vertex 2.7063293868263707 1.5625 25.15520833333333
    endloop
  endfacet
  facet normal 0.4295966976976039 0.25589349145895746 -0.8660053108129637
    outer loop
      vertex 2.3545333910614534 0.6308953206870292 23.276666666666664
      vertex 2.111016886826371 1.218796167873051 23.329583333333332
      vertex 2.7063293868263707 1.5625 23.72645833333333
    endloop
  endfacet
  facet normal 0.4847147611894569 0.12282671504519373 0.8660053108129618
    outer loop
      vertex 3.0185182071533383 0.8088095159453773 23.832291666666663
      vertex 2.111016886826371 1.218796167873051 24.282083333333333
      vertex 2.3545333910614534 0.6308953206870292 24.229166666666664
    endloop
  endfacet
  facet normal 0.49058941606003753 0.142856126437684 0.8596011586713292
    outer loop
      vertex 3.0185182071533383 0.8088095159453773 23.832291666666663
      vertex 2.7063293868263707 1.5625 23.88520833333333
      vertex 2.111016886826371 1.218796167873051 24.282083333333333
    endloop
  endfacet
  facet normal 0.4295966976976039 0.25589349145895746 -0.8660053108129637
    outer loop
      vertex 2.3545333910614534 0.6308953206870292 24.546666666666663
      vertex 2.111016886826371 1.218796167873051 24.59958333333333
      vertex 2.7063293868263707 1.5625 24.99645833333333
    endloop
  endfacet
  facet normal 0.4847147611894569 0.12282671504519373 0.8660053108129618
    outer loop
      vertex 2.3545333910614534 0.6308953206870292 25.499166666666664
      vertex 3.0185182071533383 0.8088095159453773 25.102291666666662
      vertex 2.111016886826371 1.218796167873051 25.552083333333332
    endloop
  endfacet
  facet normal 0.4905894160600374 0.142856126437684 0.8596011586713292
    outer loop
      vertex 2.111016886826371 1.218796167873051 25.552083333333332
      vertex 3.0185182071533383 0.8088095159453773 25.102291666666662
      vertex 2.7063293868263707 1.5625 25.15520833333333
    endloop
  endfacet
  facet normal 0.3690117426112923 0.353434833916922 -0.8596011586713312
    outer loop
      vertex 2.111016886826371 1.218796167873051 23.329583333333332
      vertex 2.209708691207961 2.209708691207961 23.779374999999998
      vertex 2.7063293868263707 1.5625 23.72645833333333
    endloop
  endfacet
  facet normal 0.16181525201656857 0.9868210700095608 0
    outer loop
      vertex 1.7236380703744243 1.7236380703744243 25.1515703125
      vertex 2.7063293868263707 1.5625 25.15520833333333
      vertex 2.7063293868263707 1.5625 24.99645833333333
    endloop
  endfacet
  facet normal 0.49629096035460485 0.12157767344874237 -0.8596011586713312
    outer loop
      vertex 2.437592335746102 0 23.22375
      vertex 3.0185182071533383 0.8088095159453773 23.673541666666665
      vertex 3.125 0 23.620624999999997
    endloop
  endfacet
  facet normal 0.9914448613738104 0.13052619222005174 0
    outer loop
      vertex 3.0185182071533383 0.8088095159453773 23.832291666666663
      vertex 3.125 0 23.779374999999998
      vertex 3.125 0 23.620624999999997
    endloop
  endfacet
  facet normal 0.49629096035460485 0.12157767344874237 -0.8596011586713312
    outer loop
      vertex 2.437592335746102 0 24.49375
      vertex 3.0185182071533383 0.8088095159453773 24.943541666666665
      vertex 3.125 0 24.890624999999996
    endloop
  endfacet
  facet normal 0.9914448613738104 0.13052619222005174 0
    outer loop
      vertex 3.0185182071533383 0.8088095159453773 25.102291666666662
      vertex 3.125 0 25.049374999999998
      vertex 3.125 0 24.890624999999996
    endloop
  endfacet
  facet normal 0.5108468733081089 0.011014537767717124 0.8596011586713296
    outer loop
      vertex 3.0185182071533383 0.8088095159453773 23.832291666666663
      vertex 2.3545333910614534 0.6308953206870292 24.229166666666664
      vertex 3.125 0 23.779374999999998
    endloop
  endfacet
  facet normal 0.9914448613738105 0.1305261922200517 0
    outer loop
      vertex 3.0185182071533383 0.8088095159453773 23.673541666666665
      vertex 3.0185182071533383 0.8088095159453773 23.832291666666663
      vertex 3.125 0 23.620624999999997
    endloop
  endfacet
  facet normal 0.5108468733081089 0.011014537767717048 0.8596011586713296
    outer loop
      vertex 2.3545333910614534 0.6308953206870292 25.499166666666664
      vertex 3.125 0 25.049374999999998
      vertex 3.0185182071533383 0.8088095159453773 25.102291666666662
    endloop
  endfacet
  facet normal 0.9914448613738105 0.1305261922200517 0
    outer loop
      vertex 3.0185182071533383 0.8088095159453773 24.943541666666665
      vertex 3.0185182071533383 0.8088095159453773 25.102291666666662
      vertex 3.125 0 24.890624999999996
    endloop
  endfacet
  facet normal 0.4479136386125315 0.24588456713626833 -0.8596011586713297
    outer loop
      vertex 2.3545333910614534 0.6308953206870292 23.276666666666664
      vertex 2.7063293868263707 1.5625 23.72645833333333
      vertex 3.0185182071533383 0.8088095159453773 23.673541666666665
    endloop
  endfacet
  facet normal 0.9238795325112868 0.3826834323650898 0
    outer loop
      vertex 3.0185182071533383 0.8088095159453773 23.673541666666665
      vertex 2.7063293868263707 1.5625 23.72645833333333
      vertex 2.7063293868263707 1.5625 23.88520833333333
    endloop
  endfacet
  facet normal 0.9238795325112867 0.38268343236508967 0
    outer loop
      vertex 3.0185182071533383 0.8088095159453773 23.673541666666665
      vertex 2.7063293868263707 1.5625 23.88520833333333
      vertex 3.0185182071533383 0.8088095159453773 23.832291666666663
    endloop
  endfacet
  facet normal 0.4479136386125315 0.24588456713626833 -0.8596011586713297
    outer loop
      vertex 2.3545333910614534 0.6308953206870292 24.546666666666663
      vertex 2.7063293868263707 1.5625 24.99645833333333
      vertex 3.0185182071533383 0.8088095159453773 24.943541666666665
    endloop
  endfacet
  facet normal 0.9238795325112868 0.3826834323650898 0
    outer loop
      vertex 3.0185182071533383 0.8088095159453773 24.943541666666665
      vertex 2.7063293868263707 1.5625 24.99645833333333
      vertex 2.7063293868263707 1.5625 25.15520833333333
    endloop
  endfacet
  facet normal 0.9238795325112867 0.38268343236508967 0
    outer loop
      vertex 3.0185182071533383 0.8088095159453773 24.943541666666665
      vertex 2.7063293868263707 1.5625 25.15520833333333
      vertex 3.0185182071533383 0.8088095159453773 25.102291666666662
    endloop
  endfacet
  facet normal 0.2649623061718405 0.4368991008448145 -0.8596011586713296
    outer loop
      vertex 1.7236380703744243 1.7236380703744243 23.382499999999997
      vertex 1.5625 2.7063293868263707 23.832291666666663
      vertex 2.209708691207961 2.209708691207961 23.779374999999998
    endloop
  endfacet
  facet normal 0.4368991008448145 0.2649623061718405 0.8596011586713296
    outer loop
      vertex 1.7236380703744243 1.7236380703744243 24.334999999999997
      vertex 2.7063293868263707 1.5625 23.88520833333333
      vertex 2.209708691207961 2.209708691207961 23.938124999999996
    endloop
  endfacet
  facet normal 0.6087614290087205 0.7933533402912354 0
    outer loop
      vertex 1.5625 2.7063293868263707 23.991041666666664
      vertex 2.209708691207961 2.209708691207961 23.938124999999996
      vertex 2.209708691207961 2.209708691207961 23.779374999999998
    endloop
  endfacet
  facet normal 0.6087614290087205 0.7933533402912353 0
    outer loop
      vertex 1.5625 2.7063293868263707 23.832291666666663
      vertex 1.5625 2.7063293868263707 23.991041666666664
      vertex 2.209708691207961 2.209708691207961 23.779374999999998
    endloop
  endfacet
  facet normal 0.7933533402912354 0.6087614290087205 0
    outer loop
      vertex 2.7063293868263707 1.5625 23.72645833333333
      vertex 2.209708691207961 2.209708691207961 23.779374999999998
      vertex 2.209708691207961 2.209708691207961 23.938124999999996
    endloop
  endfacet
  facet normal 0.7933533402912353 0.6087614290087205 0
    outer loop
      vertex 2.7063293868263707 1.5625 23.72645833333333
      vertex 2.209708691207961 2.209708691207961 23.938124999999996
      vertex 2.7063293868263707 1.5625 23.88520833333333
    endloop
  endfacet
endsolid OpenSCAD_Model
