solid OpenSCAD_Model
  facet normal -0.8140848570646045 -0.40146222366275863 -0.41963547093859416
    outer loop
      vertex -4.619397662556434 -1.913417161825449 29.5
      vertex -4.330127018922193 -2.5 29.5
      vertex -14.225 -1.25 47.5
    endloop
  endfacet
  facet normal -0.7670129184487134 -0.5125016471155674 -0.3860482413334084
    outer loop
      vertex -3.9667667014561756 -3.043807145043603 29.5
      vertex -14.225 -1.25 47.5
      vertex -4.330127018922193 -2.5 29.5
    endloop
  endfacet
  facet normal -0.7067712002858041 -0.619821707371789 -0.34102129188261016
    outer loop
      vertex -3.9667667014561756 -3.043807145043603 29.5
      vertex -3.5355339059327378 -3.5355339059327378 29.5
      vertex -14.225 -1.25 47.5
    endloop
  endfacet
  facet normal -0.8732025458057857 -0.17369078558817305 -0.4553557126028595
    outer loop
      vertex -4.8296291314453415 -1.2940952255126037 29.5
      vertex -14.225 -1.25 47.5
      vertex -4.957224306869052 -0.6526309611002579 29.5
    endloop
  endfacet
  facet normal -0.8867847061298649 -0.05812294041134482 -0.45851347719789914
    outer loop
      vertex -4.957224306869052 -0.6526309611002579 29.5
      vertex -14.225 -1.25 47.5
      vertex -5 0 29.5
    endloop
  endfacet
  facet normal -0.8491641061197082 -0.2882523722962463 -0.4425278417721343
    outer loop
      vertex -4.619397662556434 -1.913417161825449 29.5
      vertex -14.225 -1.25 47.5
      vertex -4.8296291314453415 -1.2940952255126037 29.5
    endloop
  endfacet
  facet normal -0.3211481602257997 -0.9460719724098565 -0.04256386030552004
    outer loop
      vertex -1.913417161825449 -4.619397662556434 29.5
      vertex -1.2940952255126037 -4.8296291314453415 29.5
      vertex -14.225 -1.25 47.5
    endloop
  endfacet
  facet normal -0.1947970105844723 -0.979310704259373 0.05481486286002666
    outer loop
      vertex -1.913417161825449 -4.619397662556434 33.05505024776975
      vertex -14.225 -1.25 49.5
      vertex -1.2940952255126037 -4.8296291314453415 31.5
    endloop
  endfacet
  facet normal -0.2667934669887909 -0.963753726826569 0
    outer loop
      vertex -1.2940952255126037 -4.8296291314453415 29.5
      vertex -1.2940952255126037 -4.8296291314453415 31.5
      vertex -14.225 -1.25 49.5
    endloop
  endfacet
  facet normal -0.6322142781724165 -0.7209022189887881 -0.2839103681304573
    outer loop
      vertex -3.043807145043603 -3.9667667014561756 29.5
      vertex -14.225 -1.25 47.5
      vertex -3.5355339059327378 -3.5355339059327378 29.5
    endloop
  endfacet
  facet normal -0.5426386561703701 -0.8121161398696332 -0.21450096548235206
    outer loop
      vertex -3.043807145043603 -3.9667667014561756 29.5
      vertex -2.5 -4.330127018922193 29.5
      vertex -14.225 -1.25 47.5
    endloop
  endfacet
  facet normal -0.43833403322500847 -0.8888534904451951 -0.13342693820998222
    outer loop
      vertex -1.913417161825449 -4.619397662556434 29.5
      vertex -14.225 -1.25 47.5
      vertex -2.5 -4.330127018922193 29.5
    endloop
  endfacet
  facet normal -0.06461956518922868 -0.985904046165305 0.15432926990572862
    outer loop
      vertex -1.9431932913986174 -4.6047137004525105 33.211574587958125
      vertex -2.4528503970696414 -4.353378629946492 34.60378257625684
      vertex -14.225 -1.25 49.5
    endloop
  endfacet
  facet normal -0.19479701058447155 -0.9793107042593733 0.05481486286002731
    outer loop
      vertex -1.913417161825449 -4.619397662556434 33.05505024776975
      vertex -1.9431932913986174 -4.6047137004525105 33.211574587958125
      vertex -14.225 -1.25 49.5
    endloop
  endfacet
  facet normal -0.1950903220161282 -0.9807852804032304 0
    outer loop
      vertex -1.2940952255126037 -4.8296291314453415 29.5
      vertex -0.6526309611002579 -4.957224306869052 29.5
      vertex -1.2940952255126037 -4.8296291314453415 31.5
    endloop
  endfacet
  facet normal -0.06540312923014256 -0.9978589232386036 0
    outer loop
      vertex -0.6526309611002579 -4.957224306869052 29.5
      vertex -0.24994377233626897 -4.983617819651977 30.26595744680851
      vertex -0.6526309611002579 -4.957224306869052 31.5
    endloop
  endfacet
  facet normal -0.06540312923014359 -0.9978589232386035 5.309622710276332e-16
    outer loop
      vertex -0.6526309611002579 -4.957224306869052 29.5
      vertex -0.26105238444010315 -4.982889722747621 29.5
      vertex -0.24994377233626897 -4.983617819651977 30.26595744680851
    endloop
  endfacet
  facet normal -0.06540312923014403 -0.9978589232386034 0
    outer loop
      vertex -0.24994377233626897 -4.983617819651977 30.26595744680851
      vertex 0 -5 29.5
      vertex 0 -5 31.5
    endloop
  endfacet
  facet normal -0.06540312923014313 -0.9978589232386036 -1.8484173812985965e-16
    outer loop
      vertex -0.6526309611002579 -4.957224306869052 31.5
      vertex -0.24994377233626897 -4.983617819651977 30.26595744680851
      vertex 0 -5 31.5
    endloop
  endfacet
  facet normal -1 0 0
    outer loop
      vertex -14.225 -1.25 47.5
      vertex -14.225 -1.25 49.5
      vertex -14.225 1.25 49.5
    endloop
  endfacet
  facet normal -0.2667934669887905 -0.9637537268265691 0
    outer loop
      vertex -1.2940952255126037 -4.8296291314453415 29.5
      vertex -14.225 -1.25 49.5
      vertex -14.225 -1.25 47.5
    endloop
  endfacet
  facet normal 1.6966566993384698e-16 -0.978980419737605 0.2039542541120012
    outer loop
      vertex -3.5355339059327378 -3.5355339059327378 38.52943725152286
      vertex -3.9667667014561756 -3.043807145043603 40.8897257037907
      vertex -14.225 -1.25 49.5
    endloop
  endfacet
  facet normal 1.3313388461002767e-16 -0.9789804197376051 0.20395425411200122
    outer loop
      vertex -14.225 -1.25 49.5
      vertex -4.330127018922193 -2.5 43.5
      vertex -4.619397662556434 -1.913417161825449 46.31559762323784
    endloop
  endfacet
  facet normal -1.470742567073202e-16 -0.9789804197376051 0.20395425411200083
    outer loop
      vertex -14.225 -1.25 49.5
      vertex -3.9667667014561756 -3.043807145043603 40.8897257037907
      vertex -4.330127018922193 -2.5 43.5
    endloop
  endfacet
  facet normal 0 -0.9789804197376051 0.20395425411200083
    outer loop
      vertex -14.225 -1.25 49.5
      vertex -4.619397662556434 -1.913417161825449 46.31559762323784
      vertex -4.7031581690147295 -1.6666666666666663 47.5
    endloop
  endfacet
  facet normal 8.314798479227545e-16 -0.9789804197376049 0.20395425411200177
    outer loop
      vertex -3.043807145043603 -3.9667667014561756 36.45951983301036
      vertex -3.5355339059327378 -3.5355339059327378 38.52943725152286
      vertex -14.225 -1.25 49.5
    endloop
  endfacet
  facet normal -1.6115073734296766e-15 -0.9789804197376054 0.20395425411199974
    outer loop
      vertex -3.043807145043603 -3.9667667014561756 36.45951983301036
      vertex -14.225 -1.25 49.5
      vertex -2.5 -4.330127018922193 34.71539030917347
    endloop
  endfacet
  facet normal 1.4130132814154825e-14 -0.9789804197376029 0.2039542541120117
    outer loop
      vertex -2.5 -4.330127018922193 34.71539030917347
      vertex -14.225 -1.25 49.5
      vertex -2.4528503970696414 -4.353378629946492 34.60378257625684
    endloop
  endfacet
  facet normal 0 -0.9789804197376051 0.20395425411200085
    outer loop
      vertex -14.225 -1.25 49.5
      vertex -4.7031581690147295 -1.6666666666666663 47.5
      vertex 4.7031581690147295 -1.6666666666666663 47.5
    endloop
  endfacet
  facet normal -0.8867847061298649 0.05812294041134482 -0.4585134771978992
    outer loop
      vertex -5 0 29.5
      vertex -14.225 1.25 47.5
      vertex -4.957224306869052 0.6526309611002579 29.5
    endloop
  endfacet
  facet normal -0.8732025458057857 0.17369078558817305 -0.4553557126028595
    outer loop
      vertex -4.957224306869052 0.6526309611002579 29.5
      vertex -14.225 1.25 47.5
      vertex -4.8296291314453415 1.2940952255126037 29.5
    endloop
  endfacet
  facet normal -0.8491641061197082 0.2882523722962463 -0.4425278417721342
    outer loop
      vertex -4.8296291314453415 1.2940952255126037 29.5
      vertex -14.225 1.25 47.5
      vertex -4.619397662556434 1.913417161825449 29.5
    endloop
  endfacet
  facet normal -0.8140848570646045 0.40146222366275863 -0.41963547093859416
    outer loop
      vertex -4.619397662556434 1.913417161825449 29.5
      vertex -14.225 1.25 47.5
      vertex -4.330127018922193 2.5 29.5
    endloop
  endfacet
  facet normal -0.7670129184487136 0.5125016471155676 -0.3860482413334084
    outer loop
      vertex -4.330127018922193 2.5 29.5
      vertex -14.225 1.25 47.5
      vertex -3.9667667014561756 3.043807145043603 29.5
    endloop
  endfacet
  facet normal -0.7067712002858041 0.619821707371789 -0.34102129188261016
    outer loop
      vertex -3.9667667014561756 3.043807145043603 29.5
      vertex -14.225 1.25 47.5
      vertex -3.5355339059327378 3.5355339059327378 29.5
    endloop
  endfacet
  facet normal -0.6322142781724165 0.7209022189887881 -0.2839103681304573
    outer loop
      vertex -3.5355339059327378 3.5355339059327378 29.5
      vertex -14.225 1.25 47.5
      vertex -3.043807145043603 3.9667667014561756 29.5
    endloop
  endfacet
  facet normal -0.5426386561703701 0.8121161398696332 -0.21450096548235206
    outer loop
      vertex -3.043807145043603 3.9667667014561756 29.5
      vertex -14.225 1.25 47.5
      vertex -2.5 4.330127018922193 29.5
    endloop
  endfacet
  facet normal -0.43833403322500847 0.8888534904451951 -0.1334269382099822
    outer loop
      vertex -2.5 4.330127018922193 29.5
      vertex -14.225 1.25 47.5
      vertex -1.913417161825449 4.619397662556434 29.5
    endloop
  endfacet
  facet normal -0.06461956518922868 0.985904046165305 0.15432926990572862
    outer loop
      vertex -1.9431932913986174 4.6047137004525105 33.211574587958125
      vertex -14.225 1.25 49.5
      vertex -2.4528503970696414 4.353378629946492 34.60378257625684
    endloop
  endfacet
  facet normal -0.19479701058447155 0.9793107042593733 0.05481486286002731
    outer loop
      vertex -1.913417161825449 4.619397662556434 33.05505024776975
      vertex -14.225 1.25 49.5
      vertex -1.9431932913986174 4.6047137004525105 33.211574587958125
    endloop
  endfacet
  facet normal -0.3211481602257997 0.9460719724098565 -0.04256386030552004
    outer loop
      vertex -1.913417161825449 4.619397662556434 29.5
      vertex -14.225 1.25 47.5
      vertex -1.2940952255126037 4.8296291314453415 29.5
    endloop
  endfacet
  facet normal -0.1947970105844723 0.979310704259373 0.05481486286002666
    outer loop
      vertex -1.913417161825449 4.619397662556434 33.05505024776975
      vertex -1.2940952255126037 4.8296291314453415 31.5
      vertex -14.225 1.25 49.5
    endloop
  endfacet
  facet normal -0.2667934669887909 0.963753726826569 0
    outer loop
      vertex -1.2940952255126037 4.8296291314453415 29.5
      vertex -14.225 1.25 49.5
      vertex -1.2940952255126037 4.8296291314453415 31.5
    endloop
  endfacet
  facet normal -0.1950903220161282 0.9807852804032304 0
    outer loop
      vertex -1.2940952255126037 4.8296291314453415 29.5
      vertex -1.2940952255126037 4.8296291314453415 31.5
      vertex -0.6526309611002579 4.957224306869052 29.5
    endloop
  endfacet
  facet normal -0.06540312923014246 0.9978589232386036 8.18423574560402e-17
    outer loop
      vertex -0.6526309611002579 4.957224306869052 29.5
      vertex -0.4097915337141154 4.973140843848009 30.75581395348837
      vertex -0.3915785766601547 4.974334584121431 29.5
    endloop
  endfacet
  facet normal -0.06540312923014203 0.9978589232386036 0
    outer loop
      vertex -0.6526309611002579 4.957224306869052 29.5
      vertex -0.6526309611002579 4.957224306869052 31.5
      vertex -0.4097915337141154 4.973140843848009 30.75581395348837
    endloop
  endfacet
  facet normal -1 0 0
    outer loop
      vertex -14.225 -1.25 47.5
      vertex -14.225 1.25 49.5
      vertex -14.225 1.25 47.5
    endloop
  endfacet
  facet normal -0.8899332505568757 0 -0.4560907909103988
    outer loop
      vertex -14.225 -1.25 47.5
      vertex -14.225 1.25 47.5
      vertex -5 0 29.5
    endloop
  endfacet
  facet normal -0.2667934669887905 0.9637537268265691 0
    outer loop
      vertex -1.2940952255126037 4.8296291314453415 29.5
      vertex -14.225 1.25 47.5
      vertex -14.225 1.25 49.5
    endloop
  endfacet
  facet normal 0 0.9789804197376051 0.20395425411200083
    outer loop
      vertex -14.225 1.25 49.5
      vertex -4.7031581690147295 1.6666666666666663 47.5
      vertex -4.619397662556434 1.913417161825449 46.31559762323784
    endloop
  endfacet
  facet normal 1.6966566993384698e-16 0.978980419737605 0.2039542541120012
    outer loop
      vertex -3.5355339059327378 3.5355339059327378 38.52943725152286
      vertex -14.225 1.25 49.5
      vertex -3.9667667014561756 3.043807145043603 40.8897257037907
    endloop
  endfacet
  facet normal 1.3313388461002767e-16 0.9789804197376051 0.20395425411200122
    outer loop
      vertex -14.225 1.25 49.5
      vertex -4.619397662556434 1.913417161825449 46.31559762323784
      vertex -4.330127018922193 2.5 43.5
    endloop
  endfacet
  facet normal -1.470742567073202e-16 0.9789804197376051 0.20395425411200083
    outer loop
      vertex -14.225 1.25 49.5
      vertex -4.330127018922193 2.5 43.5
      vertex -3.9667667014561756 3.043807145043603 40.8897257037907
    endloop
  endfacet
  facet normal 7.795123574275822e-16 0.9789804197376049 0.20395425411200177
    outer loop
      vertex -3.5355339059327378 3.5355339059327378 38.52943725152286
      vertex -3.043807145043603 3.9667667014561756 36.45951983301036
      vertex -14.225 1.25 49.5
    endloop
  endfacet
  facet normal -1.6115073734296766e-15 0.9789804197376054 0.20395425411199974
    outer loop
      vertex -3.043807145043603 3.9667667014561756 36.45951983301036
      vertex -2.5 4.330127018922193 34.71539030917347
      vertex -14.225 1.25 49.5
    endloop
  endfacet
  facet normal 1.4130132814154825e-14 0.9789804197376029 0.2039542541120117
    outer loop
      vertex -2.5 4.330127018922193 34.71539030917347
      vertex -2.4528503970696414 4.353378629946492 34.60378257625684
      vertex -14.225 1.25 49.5
    endloop
  endfacet
  facet normal 0 0.9789804197376051 0.20395425411200085
    outer loop
      vertex -14.225 1.25 49.5
      vertex 14.225 1.25 49.5
      vertex -4.7031581690147295 1.6666666666666663 47.5
    endloop
  endfacet
  facet normal 0.06540312923014246 -0.9978589232386036 8.134734319723351e-17
    outer loop
      vertex 0.3915785766601547 -4.974334584121431 29.5
      vertex 0.6526309611002579 -4.957224306869052 29.5
      vertex 0.4097915337141154 -4.973140843848009 30.75581395348837
    endloop
  endfacet
  facet normal 0.06540312923014203 -0.9978589232386036 0
    outer loop
      vertex 0.4097915337141154 -4.973140843848009 30.75581395348837
      vertex 0.6526309611002579 -4.957224306869052 29.5
      vertex 0.6526309611002579 -4.957224306869052 31.5
    endloop
  endfacet
  facet normal 0.1950903220161282 -0.9807852804032304 0
    outer loop
      vertex 0.6526309611002579 -4.957224306869052 29.5
      vertex 1.2940952255126037 -4.8296291314453415 29.5
      vertex 1.2940952255126037 -4.8296291314453415 31.5
    endloop
  endfacet
  facet normal 0.3211481602257997 -0.9460719724098565 -0.04256386030552004
    outer loop
      vertex 1.2940952255126037 -4.8296291314453415 29.5
      vertex 1.913417161825449 -4.619397662556434 29.5
      vertex 14.225 -1.25 47.5
    endloop
  endfacet
  facet normal 0.2667934669887909 -0.963753726826569 0
    outer loop
      vertex 1.2940952255126037 -4.8296291314453415 29.5
      vertex 14.225 -1.25 49.5
      vertex 1.2940952255126037 -4.8296291314453415 31.5
    endloop
  endfacet
  facet normal 0.19479701058447232 -0.979310704259373 0.054814862860026674
    outer loop
      vertex 1.2940952255126037 -4.8296291314453415 31.5
      vertex 14.225 -1.25 49.5
      vertex 1.913417161825449 -4.619397662556434 33.05505024776975
    endloop
  endfacet
  facet normal 0.43833403322500847 -0.8888534904451951 -0.13342693820998222
    outer loop
      vertex 1.913417161825449 -4.619397662556434 29.5
      vertex 2.5 -4.330127018922193 29.5
      vertex 14.225 -1.25 47.5
    endloop
  endfacet
  facet normal 0.19479701058447155 -0.9793107042593733 0.05481486286002731
    outer loop
      vertex 1.913417161825449 -4.619397662556434 33.05505024776975
      vertex 14.225 -1.25 49.5
      vertex 1.9431932913986174 -4.6047137004525105 33.211574587958125
    endloop
  endfacet
  facet normal 0.06461956518922868 -0.985904046165305 0.15432926990572862
    outer loop
      vertex 1.9431932913986174 -4.6047137004525105 33.211574587958125
      vertex 14.225 -1.25 49.5
      vertex 2.4528503970696414 -4.353378629946492 34.60378257625684
    endloop
  endfacet
  facet normal 0.5426386561703701 -0.8121161398696332 -0.21450096548235215
    outer loop
      vertex 2.5 -4.330127018922193 29.5
      vertex 3.043807145043603 -3.9667667014561756 29.5
      vertex 14.225 -1.25 47.5
    endloop
  endfacet
  facet normal 0.6322142781724165 -0.7209022189887881 -0.2839103681304573
    outer loop
      vertex 3.043807145043603 -3.9667667014561756 29.5
      vertex 3.5355339059327378 -3.5355339059327378 29.5
      vertex 14.225 -1.25 47.5
    endloop
  endfacet
  facet normal 0.7067712002858041 -0.619821707371789 -0.3410212918826101
    outer loop
      vertex 3.5355339059327378 -3.5355339059327378 29.5
      vertex 3.9667667014561756 -3.043807145043603 29.5
      vertex 14.225 -1.25 47.5
    endloop
  endfacet
  facet normal 0.7670129184487134 -0.5125016471155674 -0.3860482413334084
    outer loop
      vertex 3.9667667014561756 -3.043807145043603 29.5
      vertex 4.330127018922193 -2.5 29.5
      vertex 14.225 -1.25 47.5
    endloop
  endfacet
  facet normal 0.8140848570646044 -0.4014622236627586 -0.41963547093859416
    outer loop
      vertex 4.330127018922193 -2.5 29.5
      vertex 4.619397662556434 -1.913417161825449 29.5
      vertex 14.225 -1.25 47.5
    endloop
  endfacet
  facet normal 0.8491641061197082 -0.2882523722962463 -0.4425278417721343
    outer loop
      vertex 4.619397662556434 -1.913417161825449 29.5
      vertex 4.8296291314453415 -1.2940952255126037 29.5
      vertex 14.225 -1.25 47.5
    endloop
  endfacet
  facet normal 0.8732025458057857 -0.17369078558817305 -0.4553557126028595
    outer loop
      vertex 4.8296291314453415 -1.2940952255126037 29.5
      vertex 4.957224306869052 -0.6526309611002579 29.5
      vertex 14.225 -1.25 47.5
    endloop
  endfacet
  facet normal 0.8867847061298649 -0.05812294041134482 -0.45851347719789914
    outer loop
      vertex 4.957224306869052 -0.6526309611002579 29.5
      vertex 5 0 29.5
      vertex 14.225 -1.25 47.5
    endloop
  endfacet
  facet normal 0 -0.9789804197376051 0.20395425411200085
    outer loop
      vertex -14.225 -1.25 49.5
      vertex 4.7031581690147295 -1.6666666666666663 47.5
      vertex 14.225 -1.25 49.5
    endloop
  endfacet
  facet normal -1.4130132814154826e-14 -0.9789804197376029 0.20395425411201176
    outer loop
      vertex 2.4528503970696414 -4.353378629946492 34.60378257625684
      vertex 14.225 -1.25 49.5
      vertex 2.5 -4.330127018922193 34.71539030917347
    endloop
  endfacet
  facet normal 1.68157291140488e-15 -0.9789804197376054 0.2039542541119998
    outer loop
      vertex 2.5 -4.330127018922193 34.71539030917347
      vertex 14.225 -1.25 49.5
      vertex 3.043807145043603 -3.9667667014561756 36.45951983301036
    endloop
  endfacet
  facet normal -8.314798479227545e-16 -0.9789804197376049 0.20395425411200177
    outer loop
      vertex 3.043807145043603 -3.9667667014561756 36.45951983301036
      vertex 14.225 -1.25 49.5
      vertex 3.5355339059327378 -3.5355339059327378 38.52943725152286
    endloop
  endfacet
  facet normal -1.6966566993384698e-16 -0.978980419737605 0.2039542541120012
    outer loop
      vertex 3.5355339059327378 -3.5355339059327378 38.52943725152286
      vertex 14.225 -1.25 49.5
      vertex 3.9667667014561756 -3.043807145043603 40.8897257037907
    endloop
  endfacet
  facet normal 1.470742567073201e-16 -0.9789804197376052 0.20395425411200083
    outer loop
      vertex 3.9667667014561756 -3.043807145043603 40.8897257037907
      vertex 14.225 -1.25 49.5
      vertex 4.330127018922193 -2.5 43.5
    endloop
  endfacet
  facet normal -1.3313388461002767e-16 -0.978980419737605 0.20395425411200127
    outer loop
      vertex 4.330127018922193 -2.5 43.5
      vertex 14.225 -1.25 49.5
      vertex 4.619397662556434 -1.913417161825449 46.31559762323784
    endloop
  endfacet
  facet normal 0 -0.9789804197376051 0.20395425411200088
    outer loop
      vertex 4.619397662556434 -1.913417161825449 46.31559762323784
      vertex 14.225 -1.25 49.5
      vertex 4.7031581690147295 -1.6666666666666663 47.5
    endloop
  endfacet
  facet normal 0.2667934669887905 -0.9637537268265691 0
    outer loop
      vertex 1.2940952255126037 -4.8296291314453415 29.5
      vertex 14.225 -1.25 47.5
      vertex 14.225 -1.25 49.5
    endloop
  endfacet
  facet normal 1 0 0
    outer loop
      vertex 14.225 -1.25 47.5
      vertex 14.225 1.25 49.5
      vertex 14.225 -1.25 49.5
    endloop
  endfacet
  facet normal 0.06540312923014403 0.9978589232386034 0
    outer loop
      vertex 0 5 29.5
      vertex 0 5 31.5
      vertex 0.24994377233626897 4.983617819651977 30.26595744680851
    endloop
  endfacet
  facet normal 0.06540312923014359 0.9978589232386035 5.338479355440877e-16
    outer loop
      vertex 0.26105238444010315 4.982889722747621 29.5
      vertex 0.24994377233626897 4.983617819651977 30.26595744680851
      vertex 0.6526309611002579 4.957224306869052 29.5
    endloop
  endfacet
  facet normal 0.06540312923014313 0.9978589232386036 -1.826924155934659e-16
    outer loop
      vertex 0.24994377233626897 4.983617819651977 30.26595744680851
      vertex 0 5 31.5
      vertex 0.6526309611002579 4.957224306869052 31.5
    endloop
  endfacet
  facet normal 0.06540312923014256 0.9978589232386036 0
    outer loop
      vertex 0.24994377233626897 4.983617819651977 30.26595744680851
      vertex 0.6526309611002579 4.957224306869052 31.5
      vertex 0.6526309611002579 4.957224306869052 29.5
    endloop
  endfacet
  facet normal 0.1950903220161282 0.9807852804032304 0
    outer loop
      vertex 0.6526309611002579 4.957224306869052 29.5
      vertex 1.2940952255126037 4.8296291314453415 31.5
      vertex 1.2940952255126037 4.8296291314453415 29.5
    endloop
  endfacet
  facet normal 0.43833403322500847 0.8888534904451951 -0.1334269382099822
    outer loop
      vertex 2.5 4.330127018922193 29.5
      vertex 1.913417161825449 4.619397662556434 29.5
      vertex 14.225 1.25 47.5
    endloop
  endfacet
  facet normal 0.19479701058447155 0.9793107042593733 0.05481486286002731
    outer loop
      vertex 1.913417161825449 4.619397662556434 33.05505024776975
      vertex 1.9431932913986174 4.6047137004525105 33.211574587958125
      vertex 14.225 1.25 49.5
    endloop
  endfacet
  facet normal 0.06461956518922868 0.985904046165305 0.15432926990572862
    outer loop
      vertex 1.9431932913986174 4.6047137004525105 33.211574587958125
      vertex 2.4528503970696414 4.353378629946492 34.60378257625684
      vertex 14.225 1.25 49.5
    endloop
  endfacet
  facet normal 0.5426386561703701 0.8121161398696332 -0.21450096548235215
    outer loop
      vertex 2.5 4.330127018922193 29.5
      vertex 14.225 1.25 47.5
      vertex 3.043807145043603 3.9667667014561756 29.5
    endloop
  endfacet
  facet normal 0.6322142781724165 0.7209022189887881 -0.2839103681304573
    outer loop
      vertex 3.5355339059327378 3.5355339059327378 29.5
      vertex 3.043807145043603 3.9667667014561756 29.5
      vertex 14.225 1.25 47.5
    endloop
  endfacet
  facet normal 0.3211481602257997 0.9460719724098565 -0.04256386030552004
    outer loop
      vertex 1.2940952255126037 4.8296291314453415 29.5
      vertex 14.225 1.25 47.5
      vertex 1.913417161825449 4.619397662556434 29.5
    endloop
  endfacet
  facet normal 0.2667934669887909 0.963753726826569 0
    outer loop
      vertex 1.2940952255126037 4.8296291314453415 29.5
      vertex 1.2940952255126037 4.8296291314453415 31.5
      vertex 14.225 1.25 49.5
    endloop
  endfacet
  facet normal 0.19479701058447232 0.979310704259373 0.054814862860026674
    outer loop
      vertex 1.2940952255126037 4.8296291314453415 31.5
      vertex 1.913417161825449 4.619397662556434 33.05505024776975
      vertex 14.225 1.25 49.5
    endloop
  endfacet
  facet normal 0.8491641061197082 0.2882523722962463 -0.4425278417721342
    outer loop
      vertex 4.8296291314453415 1.2940952255126037 29.5
      vertex 4.619397662556434 1.913417161825449 29.5
      vertex 14.225 1.25 47.5
    endloop
  endfacet
  facet normal 0.8867847061298649 0.05812294041134482 -0.4585134771978992
    outer loop
      vertex 5 0 29.5
      vertex 4.957224306869052 0.6526309611002579 29.5
      vertex 14.225 1.25 47.5
    endloop
  endfacet
  facet normal 0.8732025458057857 0.17369078558817305 -0.4553557126028595
    outer loop
      vertex 4.957224306869052 0.6526309611002579 29.5
      vertex 4.8296291314453415 1.2940952255126037 29.5
      vertex 14.225 1.25 47.5
    endloop
  endfacet
  facet normal 0.7067712002858041 0.619821707371789 -0.3410212918826101
    outer loop
      vertex 3.5355339059327378 3.5355339059327378 29.5
      vertex 14.225 1.25 47.5
      vertex 3.9667667014561756 3.043807145043603 29.5
    endloop
  endfacet
  facet normal 0.7670129184487136 0.5125016471155676 -0.3860482413334084
    outer loop
      vertex 4.330127018922193 2.5 29.5
      vertex 3.9667667014561756 3.043807145043603 29.5
      vertex 14.225 1.25 47.5
    endloop
  endfacet
  facet normal 0.8140848570646044 0.4014622236627586 -0.41963547093859416
    outer loop
      vertex 4.330127018922193 2.5 29.5
      vertex 14.225 1.25 47.5
      vertex 4.619397662556434 1.913417161825449 29.5
    endloop
  endfacet
  facet normal 0 0.9789804197376051 0.20395425411200088
    outer loop
      vertex -4.7031581690147295 1.6666666666666663 47.5
      vertex 14.225 1.25 49.5
      vertex 4.7031581690147295 1.6666666666666663 47.5
    endloop
  endfacet
  facet normal -1.4130132814154826e-14 0.9789804197376029 0.20395425411201176
    outer loop
      vertex 2.4528503970696414 4.353378629946492 34.60378257625684
      vertex 2.5 4.330127018922193 34.71539030917347
      vertex 14.225 1.25 49.5
    endloop
  endfacet
  facet normal 1.68157291140488e-15 0.9789804197376054 0.2039542541119998
    outer loop
      vertex 2.5 4.330127018922193 34.71539030917347
      vertex 3.043807145043603 3.9667667014561756 36.45951983301036
      vertex 14.225 1.25 49.5
    endloop
  endfacet
  facet normal -7.795123574275822e-16 0.9789804197376049 0.20395425411200177
    outer loop
      vertex 3.5355339059327378 3.5355339059327378 38.52943725152286
      vertex 14.225 1.25 49.5
      vertex 3.043807145043603 3.9667667014561756 36.45951983301036
    endloop
  endfacet
  facet normal 0 0.9789804197376051 0.20395425411200088
    outer loop
      vertex 4.7031581690147295 1.6666666666666663 47.5
      vertex 14.225 1.25 49.5
      vertex 4.619397662556434 1.913417161825449 46.31559762323784
    endloop
  endfacet
  facet normal -1.6966566993384698e-16 0.978980419737605 0.2039542541120012
    outer loop
      vertex 3.5355339059327378 3.5355339059327378 38.52943725152286
      vertex 3.9667667014561756 3.043807145043603 40.8897257037907
      vertex 14.225 1.25 49.5
    endloop
  endfacet
  facet normal 1.4707425670732016e-16 0.9789804197376051 0.20395425411200085
    outer loop
      vertex 4.330127018922193 2.5 43.5
      vertex 14.225 1.25 49.5
      vertex 3.9667667014561756 3.043807145043603 40.8897257037907
    endloop
  endfacet
  facet normal -1.3313388461002767e-16 0.978980419737605 0.20395425411200127
    outer loop
      vertex 4.330127018922193 2.5 43.5
      vertex 4.619397662556434 1.913417161825449 46.31559762323784
      vertex 14.225 1.25 49.5
    endloop
  endfacet
  facet normal 0.2667934669887905 0.9637537268265691 0
    outer loop
      vertex 1.2940952255126037 4.8296291314453415 29.5
      vertex 14.225 1.25 49.5
      vertex 14.225 1.25 47.5
    endloop
  endfacet
  facet normal 0.8899332505568757 0 -0.4560907909103988
    outer loop
      vertex 14.225 -1.25 47.5
      vertex 5 0 29.5
      vertex 14.225 1.25 47.5
    endloop
  endfacet
  facet normal 1 0 0
    outer loop
      vertex 14.225 -1.25 47.5
      vertex 14.225 1.25 47.5
      vertex 14.225 1.25 49.5
    endloop
  endfacet
  facet normal -0.7518398074789775 -0.6593458151000687 0
    outer loop
      vertex -11.24578359862826 -8.629193256198615 0
      vertex -10.023238623319312 -10.023238623319312 0
      vertex -11.24578359862826 -8.629193256198615 2.5
    endloop
  endfacet
  facet normal -0.8314696123025452 -0.5555702330196023 0
    outer loop
      vertex -11.24578359862826 -8.629193256198615 0
      vertex -11.24578359862826 -8.629193256198615 2.5
      vertex -12.275910098644419 -7.0875 2.5
    endloop
  endfacet
  facet normal -0.8314696123025452 -0.5555702330196023 0
    outer loop
      vertex -11.24578359862826 -8.629193256198615 0
      vertex -12.275910098644419 -7.0875 2.5
      vertex -12.275910098644419 -7.0875 0
    endloop
  endfacet
  facet normal -0.6593458151000687 -0.7518398074789775 0
    outer loop
      vertex -8.629193256198615 -11.24578359862826 0
      vertex -8.629193256198615 -11.24578359862826 2.5
      vertex -10.023238623319312 -10.023238623319312 0
    endloop
  endfacet
  facet normal -0.5555702330196023 -0.8314696123025452 0
    outer loop
      vertex -8.629193256198615 -11.24578359862826 0
      vertex -7.0875 -12.275910098644419 2.5
      vertex -8.629193256198615 -11.24578359862826 2.5
    endloop
  endfacet
  facet normal -0.5555702330196023 -0.8314696123025452 0
    outer loop
      vertex -8.629193256198615 -11.24578359862826 0
      vertex -7.0875 -12.275910098644419 0
      vertex -7.0875 -12.275910098644419 2.5
    endloop
  endfacet
  facet normal -0.7518398074789775 -0.6593458151000687 0
    outer loop
      vertex -11.24578359862826 -8.629193256198615 2.5
      vertex -10.023238623319312 -10.023238623319312 0
      vertex -10.023238623319312 -10.023238623319312 2.5
    endloop
  endfacet
  facet normal -0.6593458151000687 -0.7518398074789775 0
    outer loop
      vertex -8.629193256198615 -11.24578359862826 2.5
      vertex -10.023238623319312 -10.023238623319312 2.5
      vertex -10.023238623319312 -10.023238623319312 0
    endloop
  endfacet
  facet normal 0 0 -1
    outer loop
      vertex -8.629193256198615 -11.24578359862826 0
      vertex -10.023238623319312 -10.023238623319312 0
      vertex -9.37416697508023 -0.65 0
    endloop
  endfacet
  facet normal 0 0 1
    outer loop
      vertex -8.629193256198615 -11.24578359862826 2.5
      vertex -9.37416697508023 -0.65 2.5
      vertex -10.023238623319312 -10.023238623319312 2.5
    endloop
  endfacet
  facet normal -0.8968727415326884 -0.44228869021900136 0
    outer loop
      vertex -13.09599237334749 -5.424537653775148 2.5
      vertex -12.275910098644419 -7.0875 0
      vertex -12.275910098644419 -7.0875 2.5
    endloop
  endfacet
  facet normal -0.8968727415326884 -0.44228869021900136 0
    outer loop
      vertex -13.09599237334749 -5.424537653775148 0
      vertex -12.275910098644419 -7.0875 0
      vertex -13.09599237334749 -5.424537653775148 2.5
    endloop
  endfacet
  facet normal -0.9469301294951056 -0.32143946530316203 0
    outer loop
      vertex -13.09599237334749 -5.424537653775148 0
      vertex -13.691998587647545 -3.6687599643282316 2.5
      vertex -13.691998587647545 -3.6687599643282316 0
    endloop
  endfacet
  facet normal -0.9469301294951056 -0.32143946530316203 0
    outer loop
      vertex -13.09599237334749 -5.424537653775148 0
      vertex -13.09599237334749 -5.424537653775148 2.5
      vertex -13.691998587647545 -3.6687599643282316 2.5
    endloop
  endfacet
  facet normal 0 0 -1
    outer loop
      vertex -11.24578359862826 -8.629193256198615 0
      vertex -12.275910098644419 -7.0875 0
      vertex -11.15 -1.12583302491977 0
    endloop
  endfacet
  facet normal 0 0 -1
    outer loop
      vertex -11.24578359862826 -8.629193256198615 0
      vertex -11.15 -1.12583302491977 0
      vertex -10.997488462074617 -1.2010433922646728 0
    endloop
  endfacet
  facet normal 0 0 -1
    outer loop
      vertex -11.24578359862826 -8.629193256198615 0
      vertex -10.997488462074617 -1.2010433922646728 0
      vertex -10.836464758633277 -1.255703574175789 0
    endloop
  endfacet
  facet normal 0 0 -1
    outer loop
      vertex -11.24578359862826 -8.629193256198615 0
      vertex -10.836464758633277 -1.255703574175789 0
      vertex -10.669684049886067 -1.2888783197859535 0
    endloop
  endfacet
  facet normal 0 0 -1
    outer loop
      vertex -11.24578359862826 -8.629193256198615 0
      vertex -10.669684049886067 -1.2888783197859535 0
      vertex -10.5 -1.3 0
    endloop
  endfacet
  facet normal 0 0 -1
    outer loop
      vertex -11.24578359862826 -8.629193256198615 0
      vertex -10.5 -1.3 0
      vertex -10.330315950113933 -1.2888783197859535 0
    endloop
  endfacet
  facet normal 0 0 1
    outer loop
      vertex -11.24578359862826 -8.629193256198615 2.5
      vertex -11.15 -1.12583302491977 2.5
      vertex -11.291389857711337 -1.0313593423786058 2.5
    endloop
  endfacet
  facet normal 0 0 1
    outer loop
      vertex -11.24578359862826 -8.629193256198615 2.5
      vertex -10.997488462074617 -1.2010433922646728 2.5
      vertex -11.15 -1.12583302491977 2.5
    endloop
  endfacet
  facet normal 0 0 1
    outer loop
      vertex -11.24578359862826 -8.629193256198615 2.5
      vertex -10.836464758633277 -1.255703574175789 2.5
      vertex -10.997488462074617 -1.2010433922646728 2.5
    endloop
  endfacet
  facet normal 0 0 1
    outer loop
      vertex -11.24578359862826 -8.629193256198615 2.5
      vertex -10.669684049886067 -1.2888783197859535 2.5
      vertex -10.836464758633277 -1.255703574175789 2.5
    endloop
  endfacet
  facet normal -0.9807852804032305 -0.19509032201612794 0
    outer loop
      vertex -13.691998587647545 -3.6687599643282316 0
      vertex -13.691998587647545 -3.6687599643282316 2.5
      vertex -14.053730909973764 -1.850208774719231 2.5
    endloop
  endfacet
  facet normal -0.9807852804032305 -0.19509032201612794 0
    outer loop
      vertex -13.691998587647545 -3.6687599643282316 0
      vertex -14.053730909973764 -1.850208774719231 2.5
      vertex -14.053730909973764 -1.850208774719231 0
    endloop
  endfacet
  facet normal 0 0 1
    outer loop
      vertex -13.09599237334749 -5.424537653775148 2.5
      vertex -13.691998587647545 3.6687599643282316 2.5
      vertex -13.691998587647545 -3.6687599643282316 2.5
    endloop
  endfacet
  facet normal 0 0 -1
    outer loop
      vertex -13.09599237334749 -5.424537653775148 0
      vertex -12.275910098644419 7.0875 0
      vertex -12.275910098644419 -7.0875 0
    endloop
  endfacet
  facet normal 0 0 1
    outer loop
      vertex -13.09599237334749 -5.424537653775148 2.5
      vertex -12.275910098644419 -7.0875 2.5
      vertex -13.09599237334749 5.424537653775148 2.5
    endloop
  endfacet
  facet normal -0.9978589232386036 -0.06540312923014284 0
    outer loop
      vertex -14.053730909973764 -1.850208774719231 0
      vertex -14.053730909973764 -1.850208774719231 2.5
      vertex -14.175 0 2.5
    endloop
  endfacet
  facet normal 0 0 1
    outer loop
      vertex -13.691998587647545 -3.6687599643282316 2.5
      vertex -14.053730909973764 1.850208774719231 2.5
      vertex -14.053730909973764 -1.850208774719231 2.5
    endloop
  endfacet
  facet normal -0.9978589232386036 -0.06540312923014284 0
    outer loop
      vertex -14.053730909973764 -1.850208774719231 0
      vertex -14.175 0 2.5
      vertex -14.175 0 0
    endloop
  endfacet
  facet normal 0 0 -1
    outer loop
      vertex -13.691998587647545 -3.6687599643282316 0
      vertex -14.053730909973764 -1.850208774719231 0
      vertex -13.691998587647545 3.6687599643282316 0
    endloop
  endfacet
  facet normal 0 0 -1
    outer loop
      vertex -13.09599237334749 -5.424537653775148 0
      vertex -13.691998587647545 -3.6687599643282316 0
      vertex -13.09599237334749 5.424537653775148 0
    endloop
  endfacet
  facet normal 0 0 -1
    outer loop
      vertex -12.275910098644419 -7.0875 0
      vertex -11.62583302491977 -0.65 0
      vertex -11.531359342378606 -0.7913898577113369 0
    endloop
  endfacet
  facet normal 0 0 -1
    outer loop
      vertex -12.275910098644419 -7.0875 0
      vertex -11.701043392264673 -0.4974884620746167 0
      vertex -11.62583302491977 -0.65 0
    endloop
  endfacet
  facet normal 0 0 -1
    outer loop
      vertex -12.275910098644419 -7.0875 0
      vertex -11.531359342378606 -0.7913898577113369 0
      vertex -11.419238815542512 -0.9192388155425119 0
    endloop
  endfacet
  facet normal 0 0 -1
    outer loop
      vertex -12.275910098644419 -7.0875 0
      vertex -11.419238815542512 -0.9192388155425119 0
      vertex -11.291389857711337 -1.0313593423786058 0
    endloop
  endfacet
  facet normal 0 0 -1
    outer loop
      vertex -12.275910098644419 -7.0875 0
      vertex -11.291389857711337 -1.0313593423786058 0
      vertex -11.15 -1.12583302491977 0
    endloop
  endfacet
  facet normal 0 0 1
    outer loop
      vertex -11.24578359862826 -8.629193256198615 2.5
      vertex -11.701043392264673 -0.4974884620746167 2.5
      vertex -11.755703574175788 -0.33646475863327696 2.5
    endloop
  endfacet
  facet normal 0 0 1
    outer loop
      vertex -11.24578359862826 -8.629193256198615 2.5
      vertex -12.275910098644419 7.0875 2.5
      vertex -12.275910098644419 -7.0875 2.5
    endloop
  endfacet
  facet normal 0 0 1
    outer loop
      vertex -11.24578359862826 -8.629193256198615 2.5
      vertex -11.755703574175788 -0.33646475863327696 2.5
      vertex -11.788878319785953 -0.16968404988606706 2.5
    endloop
  endfacet
  facet normal 0 0 1
    outer loop
      vertex -11.24578359862826 -8.629193256198615 2.5
      vertex -11.788878319785953 -0.16968404988606706 2.5
      vertex -11.8 0 2.5
    endloop
  endfacet
  facet normal 0 0 -1
    outer loop
      vertex -12.275910098644419 -7.0875 0
      vertex -11.755703574175788 -0.33646475863327696 0
      vertex -11.701043392264673 -0.4974884620746167 0
    endloop
  endfacet
  facet normal 0 0 -1
    outer loop
      vertex -12.275910098644419 -7.0875 0
      vertex -11.788878319785953 -0.16968404988606706 0
      vertex -11.755703574175788 -0.33646475863327696 0
    endloop
  endfacet
  facet normal 0 0 -1
    outer loop
      vertex -12.275910098644419 -7.0875 0
      vertex -11.8 0 0
      vertex -11.788878319785953 -0.16968404988606706 0
    endloop
  endfacet
  facet normal 0 0 1
    outer loop
      vertex -11.24578359862826 -8.629193256198615 2.5
      vertex -11.531359342378606 -0.7913898577113369 2.5
      vertex -11.62583302491977 -0.65 2.5
    endloop
  endfacet
  facet normal 0 0 1
    outer loop
      vertex -11.24578359862826 -8.629193256198615 2.5
      vertex -11.419238815542512 -0.9192388155425119 2.5
      vertex -11.531359342378606 -0.7913898577113369 2.5
    endloop
  endfacet
  facet normal 0 0 1
    outer loop
      vertex -11.24578359862826 -8.629193256198615 2.5
      vertex -11.62583302491977 -0.65 2.5
      vertex -11.701043392264673 -0.4974884620746167 2.5
    endloop
  endfacet
  facet normal 0 0 1
    outer loop
      vertex -11.24578359862826 -8.629193256198615 2.5
      vertex -11.291389857711337 -1.0313593423786058 2.5
      vertex -11.419238815542512 -0.9192388155425119 2.5
    endloop
  endfacet
  facet normal 0 0 1
    outer loop
      vertex -11.24578359862826 -8.629193256198615 2.5
      vertex -11.8 0 2.5
      vertex -12.275910098644419 7.0875 2.5
    endloop
  endfacet
  facet normal 0 0 -1
    outer loop
      vertex -11.24578359862826 -8.629193256198615 0
      vertex -10.002511537925383 -1.2010433922646728 0
      vertex -10.023238623319312 -10.023238623319312 0
    endloop
  endfacet
  facet normal 0 0 1
    outer loop
      vertex -11.24578359862826 -8.629193256198615 2.5
      vertex -10.023238623319312 -10.023238623319312 2.5
      vertex -10.669684049886067 -1.2888783197859535 2.5
    endloop
  endfacet
  facet normal 0 0 -1
    outer loop
      vertex -11.24578359862826 -8.629193256198615 0
      vertex -10.330315950113933 -1.2888783197859535 0
      vertex -10.163535241366723 -1.255703574175789 0
    endloop
  endfacet
  facet normal 0 0 -1
    outer loop
      vertex -11.24578359862826 -8.629193256198615 0
      vertex -10.163535241366723 -1.255703574175789 0
      vertex -10.002511537925383 -1.2010433922646728 0
    endloop
  endfacet
  facet normal 0 0 -1
    outer loop
      vertex -10.023238623319312 -10.023238623319312 0
      vertex -10.002511537925383 -1.2010433922646728 0
      vertex -9.85 -1.12583302491977 0
    endloop
  endfacet
  facet normal 0 0 -1
    outer loop
      vertex -10.023238623319312 -10.023238623319312 0
      vertex -9.85 -1.12583302491977 0
      vertex -9.708610142288663 -1.0313593423786058 0
    endloop
  endfacet
  facet normal 0 0 1
    outer loop
      vertex -10.023238623319312 -10.023238623319312 2.5
      vertex -10.5 -1.3 2.5
      vertex -10.669684049886067 -1.2888783197859535 2.5
    endloop
  endfacet
  facet normal 0 0 1
    outer loop
      vertex -10.023238623319312 -10.023238623319312 2.5
      vertex -10.330315950113933 -1.2888783197859535 2.5
      vertex -10.5 -1.3 2.5
    endloop
  endfacet
  facet normal 0 0 1
    outer loop
      vertex -10.023238623319312 -10.023238623319312 2.5
      vertex -10.163535241366723 -1.255703574175789 2.5
      vertex -10.330315950113933 -1.2888783197859535 2.5
    endloop
  endfacet
  facet normal 0 0 1
    outer loop
      vertex -10.023238623319312 -10.023238623319312 2.5
      vertex -10.002511537925383 -1.2010433922646728 2.5
      vertex -10.163535241366723 -1.255703574175789 2.5
    endloop
  endfacet
  facet normal 0 0 1
    outer loop
      vertex -10.023238623319312 -10.023238623319312 2.5
      vertex -9.85 -1.12583302491977 2.5
      vertex -10.002511537925383 -1.2010433922646728 2.5
    endloop
  endfacet
  facet normal 0 0 1
    outer loop
      vertex -10.023238623319312 -10.023238623319312 2.5
      vertex -9.708610142288663 -1.0313593423786058 2.5
      vertex -9.85 -1.12583302491977 2.5
    endloop
  endfacet
  facet normal 0 0 -1
    outer loop
      vertex -10.023238623319312 -10.023238623319312 0
      vertex -9.708610142288663 -1.0313593423786058 0
      vertex -9.580761184457488 -0.9192388155425119 0
    endloop
  endfacet
  facet normal 0 0 -1
    outer loop
      vertex -10.023238623319312 -10.023238623319312 0
      vertex -9.580761184457488 -0.9192388155425119 0
      vertex -9.468640657621394 -0.7913898577113369 0
    endloop
  endfacet
  facet normal 0 0 -1
    outer loop
      vertex -10.023238623319312 -10.023238623319312 0
      vertex -9.468640657621394 -0.7913898577113369 0
      vertex -9.37416697508023 -0.65 0
    endloop
  endfacet
  facet normal 0 0 -1
    outer loop
      vertex -8.629193256198615 -11.24578359862826 0
      vertex -9.37416697508023 -0.65 0
      vertex -9.298956607735327 -0.4974884620746167 0
    endloop
  endfacet
  facet normal 0 0 -1
    outer loop
      vertex -8.629193256198615 -11.24578359862826 0
      vertex -9.298956607735327 -0.4974884620746167 0
      vertex -9.244296425824212 -0.33646475863327696 0
    endloop
  endfacet
  facet normal 0 0 -1
    outer loop
      vertex -8.629193256198615 -11.24578359862826 0
      vertex -9.244296425824212 -0.33646475863327696 0
      vertex -9.211121680214047 -0.16968404988606706 0
    endloop
  endfacet
  facet normal 0 0 -1
    outer loop
      vertex -8.629193256198615 -11.24578359862826 0
      vertex -9.211121680214047 -0.16968404988606706 0
      vertex -9.2 0 0
    endloop
  endfacet
  facet normal 0 0 1
    outer loop
      vertex -10.023238623319312 -10.023238623319312 2.5
      vertex -9.580761184457488 -0.9192388155425119 2.5
      vertex -9.708610142288663 -1.0313593423786058 2.5
    endloop
  endfacet
  facet normal 0 0 1
    outer loop
      vertex -10.023238623319312 -10.023238623319312 2.5
      vertex -9.468640657621394 -0.7913898577113369 2.5
      vertex -9.580761184457488 -0.9192388155425119 2.5
    endloop
  endfacet
  facet normal 0 0 1
    outer loop
      vertex -10.023238623319312 -10.023238623319312 2.5
      vertex -9.37416697508023 -0.65 2.5
      vertex -9.468640657621394 -0.7913898577113369 2.5
    endloop
  endfacet
  facet normal 0 0 1
    outer loop
      vertex -8.629193256198615 -11.24578359862826 2.5
      vertex -9.298956607735327 -0.4974884620746167 2.5
      vertex -9.37416697508023 -0.65 2.5
    endloop
  endfacet
  facet normal 0 0 1
    outer loop
      vertex -8.629193256198615 -11.24578359862826 2.5
      vertex -9.244296425824212 -0.33646475863327696 2.5
      vertex -9.298956607735327 -0.4974884620746167 2.5
    endloop
  endfacet
  facet normal 0 0 1
    outer loop
      vertex -8.629193256198615 -11.24578359862826 2.5
      vertex -9.211121680214047 -0.16968404988606706 2.5
      vertex -9.244296425824212 -0.33646475863327696 2.5
    endloop
  endfacet
  facet normal 0 0 1
    outer loop
      vertex -8.629193256198615 -11.24578359862826 2.5
      vertex -9.2 0 2.5
      vertex -9.211121680214047 -0.16968404988606706 2.5
    endloop
  endfacet
  facet normal 0 0 1
    outer loop
      vertex -8.629193256198615 -11.24578359862826 2.5
      vertex -7.0875 -12.275910098644419 2.5
      vertex -8.629193256198615 11.24578359862826 2.5
    endloop
  endfacet
  facet normal 0 0 -1
    outer loop
      vertex -8.629193256198615 -11.24578359862826 0
      vertex -7.0875 12.275910098644419 0
      vertex -7.0875 -12.275910098644419 0
    endloop
  endfacet
  facet normal -0.44228869021900136 -0.8968727415326884 0
    outer loop
      vertex -5.424537653775148 -13.09599237334749 2.5
      vertex -7.0875 -12.275910098644419 2.5
      vertex -7.0875 -12.275910098644419 0
    endloop
  endfacet
  facet normal -0.44228869021900136 -0.8968727415326884 0
    outer loop
      vertex -5.424537653775148 -13.09599237334749 0
      vertex -5.424537653775148 -13.09599237334749 2.5
      vertex -7.0875 -12.275910098644419 0
    endloop
  endfacet
  facet normal 0 0 -1
    outer loop
      vertex -7.0875 -12.275910098644419 0
      vertex -6.375833024919769 -9.743266739736605 0
      vertex -6.281359342378606 -9.884656597447941 0
    endloop
  endfacet
  facet normal 0 0 -1
    outer loop
      vertex -7.0875 -12.275910098644419 0
      vertex -6.281359342378606 -9.884656597447941 0
      vertex -6.169238815542512 -10.012505555279116 0
    endloop
  endfacet
  facet normal 0 0 -1
    outer loop
      vertex -7.0875 -12.275910098644419 0
      vertex -6.041389857711336 -10.12462608211521 0
      vertex -5.9 -10.219099764656375 0
    endloop
  endfacet
  facet normal 0 0 -1
    outer loop
      vertex -7.0875 -12.275910098644419 0
      vertex -5.9 -10.219099764656375 0
      vertex -5.7474884620746165 -10.294310132001279 0
    endloop
  endfacet
  facet normal 0 0 -1
    outer loop
      vertex -7.0875 -12.275910098644419 0
      vertex -6.169238815542512 -10.012505555279116 0
      vertex -6.041389857711336 -10.12462608211521 0
    endloop
  endfacet
  facet normal 0 0 1
    outer loop
      vertex -7.0875 -12.275910098644419 2.5
      vertex -6.281359342378606 -9.884656597447941 2.5
      vertex -6.375833024919769 -9.743266739736605 2.5
    endloop
  endfacet
  facet normal 0 0 1
    outer loop
      vertex -7.0875 -12.275910098644419 2.5
      vertex -6.169238815542512 -10.012505555279116 2.5
      vertex -6.281359342378606 -9.884656597447941 2.5
    endloop
  endfacet
  facet normal 0 0 1
    outer loop
      vertex -7.0875 -12.275910098644419 2.5
      vertex -5.9 -10.219099764656375 2.5
      vertex -6.041389857711336 -10.12462608211521 2.5
    endloop
  endfacet
  facet normal 0 0 1
    outer loop
      vertex -7.0875 -12.275910098644419 2.5
      vertex -5.7474884620746165 -10.294310132001279 2.5
      vertex -5.9 -10.219099764656375 2.5
    endloop
  endfacet
  facet normal 0 0 1
    outer loop
      vertex -7.0875 -12.275910098644419 2.5
      vertex -6.041389857711336 -10.12462608211521 2.5
      vertex -6.169238815542512 -10.012505555279116 2.5
    endloop
  endfacet
  facet normal 0 0 -1
    outer loop
      vertex -5.424537653775148 -13.09599237334749 0
      vertex -7.0875 -12.275910098644419 0
      vertex -5.419684049886067 -10.382145059522559 0
    endloop
  endfacet
  facet normal 0 0 1
    outer loop
      vertex -5.424537653775148 -13.09599237334749 2.5
      vertex -5.7474884620746165 -10.294310132001279 2.5
      vertex -7.0875 -12.275910098644419 2.5
    endloop
  endfacet
  facet normal 0 0 -1
    outer loop
      vertex -7.0875 -12.275910098644419 0
      vertex -5.7474884620746165 -10.294310132001279 0
      vertex -5.5864647586332765 -10.348970313912393 0
    endloop
  endfacet
  facet normal 0 0 -1
    outer loop
      vertex -7.0875 -12.275910098644419 0
      vertex -5.5864647586332765 -10.348970313912393 0
      vertex -5.419684049886067 -10.382145059522559 0
    endloop
  endfacet
  facet normal 0 0 -1
    outer loop
      vertex -5.424537653775148 -13.09599237334749 0
      vertex -5.419684049886067 -10.382145059522559 0
      vertex -5.25 -10.393266739736603 0
    endloop
  endfacet
  facet normal 0 0 1
    outer loop
      vertex -5.424537653775148 -13.09599237334749 2.5
      vertex -5.5864647586332765 -10.348970313912393 2.5
      vertex -5.7474884620746165 -10.294310132001279 2.5
    endloop
  endfacet
  facet normal 0 0 1
    outer loop
      vertex -5.424537653775148 -13.09599237334749 2.5
      vertex -5.419684049886067 -10.382145059522559 2.5
      vertex -5.5864647586332765 -10.348970313912393 2.5
    endloop
  endfacet
  facet normal 0 0 1
    outer loop
      vertex -5.424537653775148 -13.09599237334749 2.5
      vertex -5.25 -10.393266739736603 2.5
      vertex -5.419684049886067 -10.382145059522559 2.5
    endloop
  endfacet
  facet normal -0.32143946530316203 -0.9469301294951056 0
    outer loop
      vertex -5.424537653775148 -13.09599237334749 0
      vertex -3.6687599643282316 -13.691998587647545 2.5
      vertex -5.424537653775148 -13.09599237334749 2.5
    endloop
  endfacet
  facet normal -0.32143946530316203 -0.9469301294951056 0
    outer loop
      vertex -5.424537653775148 -13.09599237334749 0
      vertex -3.6687599643282316 -13.691998587647545 0
      vertex -3.6687599643282316 -13.691998587647545 2.5
    endloop
  endfacet
  facet normal 0 0 -1
    outer loop
      vertex -5.424537653775148 -13.09599237334749 0
      vertex -5.080315950113933 -10.382145059522559 0
      vertex -3.6687599643282316 -13.691998587647545 0
    endloop
  endfacet
  facet normal 0 0 1
    outer loop
      vertex -5.424537653775148 -13.09599237334749 2.5
      vertex -3.6687599643282316 -13.691998587647545 2.5
      vertex -5.080315950113933 -10.382145059522559 2.5
    endloop
  endfacet
  facet normal 0 0 -1
    outer loop
      vertex -5.424537653775148 -13.09599237334749 0
      vertex -5.25 -10.393266739736603 0
      vertex -5.080315950113933 -10.382145059522559 0
    endloop
  endfacet
  facet normal 0 0 -1
    outer loop
      vertex -3.6687599643282316 -13.691998587647545 0
      vertex -5.080315950113933 -10.382145059522559 0
      vertex -4.913535241366723 -10.348970313912394 0
    endloop
  endfacet
  facet normal 0 0 1
    outer loop
      vertex -5.424537653775148 -13.09599237334749 2.5
      vertex -5.080315950113933 -10.382145059522559 2.5
      vertex -5.25 -10.393266739736603 2.5
    endloop
  endfacet
  facet normal 0 0 1
    outer loop
      vertex -3.6687599643282316 -13.691998587647545 2.5
      vertex -4.913535241366723 -10.348970313912394 2.5
      vertex -5.080315950113933 -10.382145059522559 2.5
    endloop
  endfacet
  facet normal 0 0 -1
    outer loop
      vertex -3.6687599643282316 -13.691998587647545 0
      vertex -4.913535241366723 -10.348970313912394 0
      vertex -4.7525115379253835 -10.294310132001279 0
    endloop
  endfacet
  facet normal 0 0 -1
    outer loop
      vertex -3.6687599643282316 -13.691998587647545 0
      vertex -4.7525115379253835 -10.294310132001279 0
      vertex -4.6000000000000005 -10.219099764656375 0
    endloop
  endfacet
  facet normal 0 0 -1
    outer loop
      vertex -3.6687599643282316 -13.691998587647545 0
      vertex -4.6000000000000005 -10.219099764656375 0
      vertex -4.458610142288664 -10.124626082115212 0
    endloop
  endfacet
  facet normal 0 0 -1
    outer loop
      vertex -3.6687599643282316 -13.691998587647545 0
      vertex -4.458610142288664 -10.124626082115212 0
      vertex -4.330761184457488 -10.012505555279118 0
    endloop
  endfacet
  facet normal 0 0 -1
    outer loop
      vertex -3.6687599643282316 -13.691998587647545 0
      vertex -4.330761184457488 -10.012505555279118 0
      vertex -4.218640657621394 -9.884656597447943 0
    endloop
  endfacet
  facet normal 0 0 -1
    outer loop
      vertex -3.6687599643282316 -13.691998587647545 0
      vertex -4.218640657621394 -9.884656597447943 0
      vertex -4.12416697508023 -9.743266739736606 0
    endloop
  endfacet
  facet normal 0 0 -1
    outer loop
      vertex -3.6687599643282316 -13.691998587647545 0
      vertex -4.12416697508023 -9.743266739736606 0
      vertex -4.048956607735327 -9.590755201811223 0
    endloop
  endfacet
  facet normal 0 0 -1
    outer loop
      vertex -3.6687599643282316 -13.691998587647545 0
      vertex -4.048956607735327 -9.590755201811223 0
      vertex -3.9942964258242113 -9.429731498369883 0
    endloop
  endfacet
  facet normal 0 0 -1
    outer loop
      vertex -3.6687599643282316 -13.691998587647545 0
      vertex -3.9942964258242113 -9.429731498369883 0
      vertex -3.9611216802140463 -9.262950789622671 0
    endloop
  endfacet
  facet normal 0 0 -1
    outer loop
      vertex -3.6687599643282316 -13.691998587647545 0
      vertex -3.9611216802140463 -9.262950789622671 0
      vertex -3.95 -9.093266739736606 0
    endloop
  endfacet
  facet normal 0 0 1
    outer loop
      vertex -3.6687599643282316 -13.691998587647545 2.5
      vertex -4.7525115379253835 -10.294310132001279 2.5
      vertex -4.913535241366723 -10.348970313912394 2.5
    endloop
  endfacet
  facet normal 0 0 1
    outer loop
      vertex -3.6687599643282316 -13.691998587647545 2.5
      vertex -4.6000000000000005 -10.219099764656375 2.5
      vertex -4.7525115379253835 -10.294310132001279 2.5
    endloop
  endfacet
  facet normal 0 0 1
    outer loop
      vertex -3.6687599643282316 -13.691998587647545 2.5
      vertex -4.458610142288664 -10.124626082115212 2.5
      vertex -4.6000000000000005 -10.219099764656375 2.5
    endloop
  endfacet
  facet normal 0 0 1
    outer loop
      vertex -3.6687599643282316 -13.691998587647545 2.5
      vertex -4.330761184457488 -10.012505555279118 2.5
      vertex -4.458610142288664 -10.124626082115212 2.5
    endloop
  endfacet
  facet normal 0 0 1
    outer loop
      vertex -3.6687599643282316 -13.691998587647545 2.5
      vertex -4.218640657621394 -9.884656597447943 2.5
      vertex -4.330761184457488 -10.012505555279118 2.5
    endloop
  endfacet
  facet normal 0 0 1
    outer loop
      vertex -3.6687599643282316 -13.691998587647545 2.5
      vertex -4.12416697508023 -9.743266739736606 2.5
      vertex -4.218640657621394 -9.884656597447943 2.5
    endloop
  endfacet
  facet normal 0 0 1
    outer loop
      vertex -3.6687599643282316 -13.691998587647545 2.5
      vertex -4.048956607735327 -9.590755201811223 2.5
      vertex -4.12416697508023 -9.743266739736606 2.5
    endloop
  endfacet
  facet normal 0 0 1
    outer loop
      vertex -3.6687599643282316 -13.691998587647545 2.5
      vertex -3.9942964258242113 -9.429731498369883 2.5
      vertex -4.048956607735327 -9.590755201811223 2.5
    endloop
  endfacet
  facet normal 0 0 1
    outer loop
      vertex -3.6687599643282316 -13.691998587647545 2.5
      vertex -3.9611216802140463 -9.262950789622671 2.5
      vertex -3.9942964258242113 -9.429731498369883 2.5
    endloop
  endfacet
  facet normal 0 0 1
    outer loop
      vertex -3.6687599643282316 -13.691998587647545 2.5
      vertex -3.95 -9.093266739736606 2.5
      vertex -3.9611216802140463 -9.262950789622671 2.5
    endloop
  endfacet
  facet normal 0 0 -1
    outer loop
      vertex -7.0875 -12.275910098644419 0
      vertex -6.505703574175789 -9.42973149836988 0
      vertex -6.451043392264673 -9.590755201811222 0
    endloop
  endfacet
  facet normal 0 0 -1
    outer loop
      vertex -7.0875 -12.275910098644419 0
      vertex -6.538878319785954 -9.262950789622671 0
      vertex -6.505703574175789 -9.42973149836988 0
    endloop
  endfacet
  facet normal 0 0 -1
    outer loop
      vertex -7.0875 -12.275910098644419 0
      vertex -6.55 -9.093266739736604 0
      vertex -6.538878319785954 -9.262950789622671 0
    endloop
  endfacet
  facet normal 0 0 -1
    outer loop
      vertex -7.0875 -12.275910098644419 0
      vertex -6.451043392264673 -9.590755201811222 0
      vertex -6.375833024919769 -9.743266739736605 0
    endloop
  endfacet
  facet normal 0 0 1
    outer loop
      vertex -7.0875 -12.275910098644419 2.5
      vertex -6.451043392264673 -9.590755201811222 2.5
      vertex -6.505703574175789 -9.42973149836988 2.5
    endloop
  endfacet
  facet normal 0 0 1
    outer loop
      vertex -7.0875 -12.275910098644419 2.5
      vertex -6.505703574175789 -9.42973149836988 2.5
      vertex -6.538878319785954 -9.262950789622671 2.5
    endloop
  endfacet
  facet normal 0 0 1
    outer loop
      vertex -7.0875 -12.275910098644419 2.5
      vertex -6.538878319785954 -9.262950789622671 2.5
      vertex -6.55 -9.093266739736604 2.5
    endloop
  endfacet
  facet normal 0 0 1
    outer loop
      vertex -7.0875 -12.275910098644419 2.5
      vertex -6.375833024919769 -9.743266739736605 2.5
      vertex -6.451043392264673 -9.590755201811222 2.5
    endloop
  endfacet
  facet normal 0 0 1
    outer loop
      vertex -3.6687599643282316 -13.691998587647545 2.5
      vertex -4.330127018922193 -2.5 2.5
      vertex -3.95 -9.093266739736606 2.5
    endloop
  endfacet
  facet normal -0.19509032201612794 -0.9807852804032305 0
    outer loop
      vertex -3.6687599643282316 -13.691998587647545 0
      vertex -1.850208774719231 -14.053730909973764 2.5
      vertex -3.6687599643282316 -13.691998587647545 2.5
    endloop
  endfacet
  facet normal -0.19509032201612794 -0.9807852804032305 0
    outer loop
      vertex -3.6687599643282316 -13.691998587647545 0
      vertex -1.850208774719231 -14.053730909973764 0
      vertex -1.850208774719231 -14.053730909973764 2.5
    endloop
  endfacet
  facet normal 0 0 1
    outer loop
      vertex -3.6687599643282316 -13.691998587647545 2.5
      vertex -1.850208774719231 -14.053730909973764 2.5
      vertex -2.5 -4.330127018922193 2.5
    endloop
  endfacet
  facet normal -0.06540312923014284 -0.9978589232386036 0
    outer loop
      vertex -1.850208774719231 -14.053730909973764 0
      vertex 0 -14.175 2.5
      vertex -1.850208774719231 -14.053730909973764 2.5
    endloop
  endfacet
  facet normal -0.06540312923014284 -0.9978589232386036 0
    outer loop
      vertex -1.850208774719231 -14.053730909973764 0
      vertex 0 -14.175 0
      vertex 0 -14.175 2.5
    endloop
  endfacet
  facet normal 0 0 1
    outer loop
      vertex -1.850208774719231 -14.053730909973764 2.5
      vertex 0 -14.175 2.5
      vertex -0.6526309611002579 -4.957224306869052 2.5
    endloop
  endfacet
  facet normal 0 0 1
    outer loop
      vertex -3.6687599643282316 -13.691998587647545 2.5
      vertex -2.5 -4.330127018922193 2.5
      vertex -3.043807145043603 -3.9667667014561756 2.5
    endloop
  endfacet
  facet normal 0 0 1
    outer loop
      vertex -1.850208774719231 -14.053730909973764 2.5
      vertex -1.913417161825449 -4.619397662556434 2.5
      vertex -2.5 -4.330127018922193 2.5
    endloop
  endfacet
  facet normal 0 0 1
    outer loop
      vertex -1.850208774719231 -14.053730909973764 2.5
      vertex -1.2940952255126037 -4.8296291314453415 2.5
      vertex -1.913417161825449 -4.619397662556434 2.5
    endloop
  endfacet
  facet normal 0 0 1
    outer loop
      vertex -1.850208774719231 -14.053730909973764 2.5
      vertex -0.6526309611002579 -4.957224306869052 2.5
      vertex -1.2940952255126037 -4.8296291314453415 2.5
    endloop
  endfacet
  facet normal 0 0 1
    outer loop
      vertex -0.6526309611002579 -4.957224306869052 2.5
      vertex 0 -14.175 2.5
      vertex 0 -5 2.5
    endloop
  endfacet
  facet normal 0 0 -1
    outer loop
      vertex -7.0875 -12.275910098644419 0
      vertex -5.7474884620746165 7.8922233474719325 0
      vertex -6.55 -9.093266739736604 0
    endloop
  endfacet
  facet normal 0 0 1
    outer loop
      vertex -4.957224306869052 -0.6526309611002579 2.5
      vertex -5.25 -7.793266739736606 2.5
      vertex -5.080315950113933 -7.8043884199506515 2.5
    endloop
  endfacet
  facet normal 0 0 1
    outer loop
      vertex -4.619397662556434 -1.913417161825449 2.5
      vertex -5.080315950113933 -7.8043884199506515 2.5
      vertex -4.9135352413667235 -7.837563165560818 2.5
    endloop
  endfacet
  facet normal 0 0 1
    outer loop
      vertex -4.619397662556434 -1.913417161825449 2.5
      vertex -4.9135352413667235 -7.837563165560818 2.5
      vertex -4.7525115379253835 -7.892223347471933 2.5
    endloop
  endfacet
  facet normal 0 0 1
    outer loop
      vertex -4.619397662556434 -1.913417161825449 2.5
      vertex -4.6 -7.967433714816835 2.5
      vertex -4.458610142288664 -8.061907397358 2.5
    endloop
  endfacet
  facet normal 0 0 1
    outer loop
      vertex -4.619397662556434 -1.913417161825449 2.5
      vertex -4.458610142288664 -8.061907397358 2.5
      vertex -4.330761184457488 -8.174027924194094 2.5
    endloop
  endfacet
  facet normal 0 0 1
    outer loop
      vertex -4.619397662556434 -1.913417161825449 2.5
      vertex -4.7525115379253835 -7.892223347471933 2.5
      vertex -4.6 -7.967433714816835 2.5
    endloop
  endfacet
  facet normal 0 0 1
    outer loop
      vertex -4.330127018922193 -2.5 2.5
      vertex -3.9611216802140463 -8.923582689850539 2.5
      vertex -3.95 -9.093266739736606 2.5
    endloop
  endfacet
  facet normal 0 0 1
    outer loop
      vertex -4.330127018922193 -2.5 2.5
      vertex -3.9942964258242113 -8.75680198110333 2.5
      vertex -3.9611216802140463 -8.923582689850539 2.5
    endloop
  endfacet
  facet normal 0 0 1
    outer loop
      vertex -4.619397662556434 -1.913417161825449 2.5
      vertex -4.124166975080231 -8.443266739736606 2.5
      vertex -4.048956607735327 -8.595778277661989 2.5
    endloop
  endfacet
  facet normal 0 0 1
    outer loop
      vertex -4.619397662556434 -1.913417161825449 2.5
      vertex -4.218640657621394 -8.301876882025269 2.5
      vertex -4.124166975080231 -8.443266739736606 2.5
    endloop
  endfacet
  facet normal 0 0 1
    outer loop
      vertex -4.330127018922193 -2.5 2.5
      vertex -4.048956607735327 -8.595778277661989 2.5
      vertex -3.9942964258242113 -8.75680198110333 2.5
    endloop
  endfacet
  facet normal 0 0 1
    outer loop
      vertex -3.6687599643282316 -13.691998587647545 2.5
      vertex -3.5355339059327378 -3.5355339059327378 2.5
      vertex -3.9667667014561756 -3.043807145043603 2.5
    endloop
  endfacet
  facet normal 0 0 1
    outer loop
      vertex -3.6687599643282316 -13.691998587647545 2.5
      vertex -3.9667667014561756 -3.043807145043603 2.5
      vertex -4.330127018922193 -2.5 2.5
    endloop
  endfacet
  facet normal 0 0 1
    outer loop
      vertex -4.619397662556434 -1.913417161825449 2.5
      vertex -4.330761184457488 -8.174027924194094 2.5
      vertex -4.218640657621394 -8.301876882025269 2.5
    endloop
  endfacet
  facet normal 0 0 1
    outer loop
      vertex -5 0 2.5
      vertex -5.419684049886067 -7.8043884199506515 2.5
      vertex -5.25 -7.793266739736606 2.5
    endloop
  endfacet
  facet normal 0 0 1
    outer loop
      vertex -4.619397662556434 -1.913417161825449 2.5
      vertex -4.8296291314453415 -1.2940952255126037 2.5
      vertex -5.080315950113933 -7.8043884199506515 2.5
    endloop
  endfacet
  facet normal 0 0 -1
    outer loop
      vertex -3.6687599643282316 -13.691998587647545 0
      vertex -3.95 -9.093266739736606 0
      vertex -3.9611216802140463 8.923582689850539 0
    endloop
  endfacet
  facet normal 0 0 1
    outer loop
      vertex -4.619397662556434 -1.913417161825449 2.5
      vertex -4.048956607735327 -8.595778277661989 2.5
      vertex -4.330127018922193 -2.5 2.5
    endloop
  endfacet
  facet normal 0 0 -1
    outer loop
      vertex -5.7474884620746165 7.8922233474719325 0
      vertex -6.538878319785954 -8.923582689850539 0
      vertex -6.55 -9.093266739736604 0
    endloop
  endfacet
  facet normal 0 0 -1
    outer loop
      vertex -5.7474884620746165 7.8922233474719325 0
      vertex -6.505703574175788 -8.756801981103328 0
      vertex -6.538878319785954 -8.923582689850539 0
    endloop
  endfacet
  facet normal 0 0 -1
    outer loop
      vertex -5.7474884620746165 7.8922233474719325 0
      vertex -6.451043392264673 -8.595778277661989 0
      vertex -6.505703574175788 -8.756801981103328 0
    endloop
  endfacet
  facet normal 0 0 1
    outer loop
      vertex -7.0875 -12.275910098644419 2.5
      vertex -6.55 -9.093266739736604 2.5
      vertex -7.0875 12.275910098644419 2.5
    endloop
  endfacet
  facet normal 0 0 1
    outer loop
      vertex -7.0875 12.275910098644419 2.5
      vertex -6.55 -9.093266739736604 2.5
      vertex -6.538878319785954 -8.923582689850539 2.5
    endloop
  endfacet
  facet normal 0 0 1
    outer loop
      vertex -7.0875 12.275910098644419 2.5
      vertex -6.538878319785954 -8.923582689850539 2.5
      vertex -6.505703574175788 -8.756801981103328 2.5
    endloop
  endfacet
  facet normal 0 0 -1
    outer loop
      vertex -5.7474884620746165 7.8922233474719325 0
      vertex -6.37583302491977 -8.443266739736606 0
      vertex -6.451043392264673 -8.595778277661989 0
    endloop
  endfacet
  facet normal 0 0 -1
    outer loop
      vertex -5.7474884620746165 7.8922233474719325 0
      vertex -6.281359342378606 -8.301876882025269 0
      vertex -6.37583302491977 -8.443266739736606 0
    endloop
  endfacet
  facet normal 0 0 -1
    outer loop
      vertex -5.7474884620746165 7.8922233474719325 0
      vertex -6.169238815542512 -8.174027924194093 0
      vertex -6.281359342378606 -8.301876882025269 0
    endloop
  endfacet
  facet normal 0 0 -1
    outer loop
      vertex -5.7474884620746165 7.8922233474719325 0
      vertex -6.041389857711336 -8.061907397357999 0
      vertex -6.169238815542512 -8.174027924194093 0
    endloop
  endfacet
  facet normal 0 0 -1
    outer loop
      vertex -5.7474884620746165 7.8922233474719325 0
      vertex -5.8999999999999995 -7.967433714816836 0
      vertex -6.041389857711336 -8.061907397357999 0
    endloop
  endfacet
  facet normal 0 0 -1
    outer loop
      vertex -5.7474884620746165 7.8922233474719325 0
      vertex -5.7474884620746165 -7.8922233474719325 0
      vertex -5.8999999999999995 -7.967433714816836 0
    endloop
  endfacet
  facet normal 0 0 -1
    outer loop
      vertex -5.586464758633277 -7.837563165560817 0
      vertex -5.7474884620746165 -7.8922233474719325 0
      vertex -5.586464758633277 7.837563165560817 0
    endloop
  endfacet
  facet normal 0 0 -1
    outer loop
      vertex -5.586464758633277 -7.837563165560817 0
      vertex -5.419684049886067 7.8043884199506515 0
      vertex -5.419684049886067 -7.8043884199506515 0
    endloop
  endfacet
  facet normal 0 0 1
    outer loop
      vertex -5.7474884620746165 -7.8922233474719325 2.5
      vertex -5.586464758633277 -7.837563165560817 2.5
      vertex -5.7474884620746165 7.8922233474719325 2.5
    endloop
  endfacet
  facet normal 0 0 1
    outer loop
      vertex -5.586464758633277 -7.837563165560817 2.5
      vertex -5.419684049886067 -7.8043884199506515 2.5
      vertex -5.586464758633277 7.837563165560817 2.5
    endloop
  endfacet
  facet normal 0 0 1
    outer loop
      vertex -7.0875 12.275910098644419 2.5
      vertex -6.505703574175788 -8.756801981103328 2.5
      vertex -6.451043392264673 -8.595778277661989 2.5
    endloop
  endfacet
  facet normal 0 0 1
    outer loop
      vertex -7.0875 12.275910098644419 2.5
      vertex -6.451043392264673 -8.595778277661989 2.5
      vertex -6.37583302491977 -8.443266739736606 2.5
    endloop
  endfacet
  facet normal 0 0 1
    outer loop
      vertex -7.0875 12.275910098644419 2.5
      vertex -6.37583302491977 -8.443266739736606 2.5
      vertex -6.281359342378606 -8.301876882025269 2.5
    endloop
  endfacet
  facet normal 0 0 1
    outer loop
      vertex -7.0875 12.275910098644419 2.5
      vertex -6.281359342378606 -8.301876882025269 2.5
      vertex -6.169238815542512 -8.174027924194093 2.5
    endloop
  endfacet
  facet normal 0 0 1
    outer loop
      vertex -7.0875 12.275910098644419 2.5
      vertex -6.169238815542512 -8.174027924194093 2.5
      vertex -6.041389857711336 -8.061907397357999 2.5
    endloop
  endfacet
  facet normal 0 0 1
    outer loop
      vertex -7.0875 12.275910098644419 2.5
      vertex -6.041389857711336 -8.061907397357999 2.5
      vertex -5.8999999999999995 -7.967433714816836 2.5
    endloop
  endfacet
  facet normal 0 0 1
    outer loop
      vertex -7.0875 12.275910098644419 2.5
      vertex -5.8999999999999995 -7.967433714816836 2.5
      vertex -5.7474884620746165 -7.8922233474719325 2.5
    endloop
  endfacet
  facet normal 0 0 1
    outer loop
      vertex -4.8296291314453415 -1.2940952255126037 2.5
      vertex -4.957224306869052 -0.6526309611002579 2.5
      vertex -5.080315950113933 -7.8043884199506515 2.5
    endloop
  endfacet
  facet normal 0 0 1
    outer loop
      vertex -4.957224306869052 -0.6526309611002579 2.5
      vertex -5 0 2.5
      vertex -5.25 -7.793266739736606 2.5
    endloop
  endfacet
  facet normal 0 0 -1
    outer loop
      vertex -5.419684049886067 -7.8043884199506515 0
      vertex -5.25 7.793266739736606 0
      vertex -5.25 -7.793266739736606 0
    endloop
  endfacet
  facet normal 0 0 -1
    outer loop
      vertex -5.080315950113933 -7.8043884199506515 0
      vertex -5.25 -7.793266739736606 0
      vertex -5.080315950113933 7.8043884199506515 0
    endloop
  endfacet
  facet normal 0 0 -1
    outer loop
      vertex -3.9611216802140463 8.923582689850539 0
      vertex -4.9135352413667235 -7.837563165560818 0
      vertex -5.080315950113933 -7.8043884199506515 0
    endloop
  endfacet
  facet normal 0 0 -1
    outer loop
      vertex -3.9611216802140463 8.923582689850539 0
      vertex -4.7525115379253835 -7.892223347471933 0
      vertex -4.9135352413667235 -7.837563165560818 0
    endloop
  endfacet
  facet normal 0 0 -1
    outer loop
      vertex -3.9611216802140463 8.923582689850539 0
      vertex -3.9942964258242113 -8.75680198110333 0
      vertex -4.048956607735327 -8.595778277661989 0
    endloop
  endfacet
  facet normal 0 0 -1
    outer loop
      vertex -3.9611216802140463 8.923582689850539 0
      vertex -4.048956607735327 -8.595778277661989 0
      vertex -4.124166975080231 -8.443266739736606 0
    endloop
  endfacet
  facet normal 0 0 -1
    outer loop
      vertex -3.95 -9.093266739736606 0
      vertex -3.9611216802140463 -8.923582689850539 0
      vertex -3.9611216802140463 8.923582689850539 0
    endloop
  endfacet
  facet normal 0 0 -1
    outer loop
      vertex -3.9942964258242113 -8.75680198110333 0
      vertex -3.9611216802140463 8.923582689850539 0
      vertex -3.9611216802140463 -8.923582689850539 0
    endloop
  endfacet
  facet normal 0 0 -1
    outer loop
      vertex -3.9611216802140463 8.923582689850539 0
      vertex -4.330761184457488 -8.174027924194094 0
      vertex -4.458610142288664 -8.061907397358 0
    endloop
  endfacet
  facet normal 0 0 -1
    outer loop
      vertex -3.9611216802140463 8.923582689850539 0
      vertex -4.458610142288664 -8.061907397358 0
      vertex -4.6 -7.967433714816835 0
    endloop
  endfacet
  facet normal 0 0 -1
    outer loop
      vertex -3.9611216802140463 8.923582689850539 0
      vertex -4.6 -7.967433714816835 0
      vertex -4.7525115379253835 -7.892223347471933 0
    endloop
  endfacet
  facet normal 0 0 -1
    outer loop
      vertex -3.9611216802140463 8.923582689850539 0
      vertex -4.218640657621394 -8.301876882025269 0
      vertex -4.330761184457488 -8.174027924194094 0
    endloop
  endfacet
  facet normal 0 0 -1
    outer loop
      vertex -3.9611216802140463 8.923582689850539 0
      vertex -4.124166975080231 -8.443266739736606 0
      vertex -4.218640657621394 -8.301876882025269 0
    endloop
  endfacet
  facet normal 0 0 1
    outer loop
      vertex -3.6687599643282316 -13.691998587647545 2.5
      vertex -3.043807145043603 -3.9667667014561756 2.5
      vertex -3.5355339059327378 -3.5355339059327378 2.5
    endloop
  endfacet
  facet normal 0 0 -1
    outer loop
      vertex -3.6687599643282316 -13.691998587647545 0
      vertex -1.850208774719231 14.053730909973764 0
      vertex -1.850208774719231 -14.053730909973764 0
    endloop
  endfacet
  facet normal 0 0 -1
    outer loop
      vertex -1.850208774719231 -14.053730909973764 0
      vertex 0 14.175 0
      vertex 0 -14.175 0
    endloop
  endfacet
  facet normal 0 0 -1
    outer loop
      vertex -14.053730909973764 -1.850208774719231 0
      vertex -14.175 0 0
      vertex -14.053730909973764 1.850208774719231 0
    endloop
  endfacet
  facet normal -0.9978589232386036 0.06540312923014284 0
    outer loop
      vertex -14.175 0 0
      vertex -14.175 0 2.5
      vertex -14.053730909973764 1.850208774719231 2.5
    endloop
  endfacet
  facet normal 0 0 1
    outer loop
      vertex -14.053730909973764 -1.850208774719231 2.5
      vertex -14.053730909973764 1.850208774719231 2.5
      vertex -14.175 0 2.5
    endloop
  endfacet
  facet normal 0 0 1
    outer loop
      vertex -13.691998587647545 -3.6687599643282316 2.5
      vertex -13.691998587647545 3.6687599643282316 2.5
      vertex -14.053730909973764 1.850208774719231 2.5
    endloop
  endfacet
  facet normal -0.9978589232386036 0.06540312923014284 0
    outer loop
      vertex -14.175 0 0
      vertex -14.053730909973764 1.850208774719231 2.5
      vertex -14.053730909973764 1.850208774719231 0
    endloop
  endfacet
  facet normal 0 0 -1
    outer loop
      vertex -14.053730909973764 -1.850208774719231 0
      vertex -14.053730909973764 1.850208774719231 0
      vertex -13.691998587647545 3.6687599643282316 0
    endloop
  endfacet
  facet normal 0 0 1
    outer loop
      vertex -13.09599237334749 -5.424537653775148 2.5
      vertex -13.09599237334749 5.424537653775148 2.5
      vertex -13.691998587647545 3.6687599643282316 2.5
    endloop
  endfacet
  facet normal -0.9807852804032305 0.19509032201612794 0
    outer loop
      vertex -14.053730909973764 1.850208774719231 0
      vertex -14.053730909973764 1.850208774719231 2.5
      vertex -13.691998587647545 3.6687599643282316 2.5
    endloop
  endfacet
  facet normal 0 0 -1
    outer loop
      vertex -13.691998587647545 -3.6687599643282316 0
      vertex -13.691998587647545 3.6687599643282316 0
      vertex -13.09599237334749 5.424537653775148 0
    endloop
  endfacet
  facet normal -0.9807852804032305 0.19509032201612794 0
    outer loop
      vertex -14.053730909973764 1.850208774719231 0
      vertex -13.691998587647545 3.6687599643282316 2.5
      vertex -13.691998587647545 3.6687599643282316 0
    endloop
  endfacet
  facet normal 0 0 -1
    outer loop
      vertex -13.09599237334749 -5.424537653775148 0
      vertex -13.09599237334749 5.424537653775148 0
      vertex -12.275910098644419 7.0875 0
    endloop
  endfacet
  facet normal 0 0 1
    outer loop
      vertex -12.275910098644419 -7.0875 2.5
      vertex -12.275910098644419 7.0875 2.5
      vertex -13.09599237334749 5.424537653775148 2.5
    endloop
  endfacet
  facet normal 0 0 -1
    outer loop
      vertex -12.275910098644419 -7.0875 0
      vertex -11.24578359862826 8.629193256198615 0
      vertex -11.8 0 0
    endloop
  endfacet
  facet normal 0 0 1
    outer loop
      vertex -12.275910098644419 7.0875 2.5
      vertex -11.8 0 2.5
      vertex -11.788878319785953 0.16968404988606706 2.5
    endloop
  endfacet
  facet normal 0 0 1
    outer loop
      vertex -12.275910098644419 7.0875 2.5
      vertex -11.788878319785953 0.16968404988606706 2.5
      vertex -11.755703574175788 0.33646475863327696 2.5
    endloop
  endfacet
  facet normal 0 0 1
    outer loop
      vertex -12.275910098644419 7.0875 2.5
      vertex -11.755703574175788 0.33646475863327696 2.5
      vertex -11.701043392264673 0.4974884620746167 2.5
    endloop
  endfacet
  facet normal 0 0 -1
    outer loop
      vertex -12.275910098644419 -7.0875 0
      vertex -12.275910098644419 7.0875 0
      vertex -11.24578359862826 8.629193256198615 0
    endloop
  endfacet
  facet normal 0 0 -1
    outer loop
      vertex -11.24578359862826 8.629193256198615 0
      vertex -11.788878319785953 0.16968404988606706 0
      vertex -11.8 0 0
    endloop
  endfacet
  facet normal 0 0 -1
    outer loop
      vertex -11.24578359862826 8.629193256198615 0
      vertex -11.755703574175788 0.33646475863327696 0
      vertex -11.788878319785953 0.16968404988606706 0
    endloop
  endfacet
  facet normal 0 0 -1
    outer loop
      vertex -11.24578359862826 8.629193256198615 0
      vertex -11.701043392264673 0.4974884620746167 0
      vertex -11.755703574175788 0.33646475863327696 0
    endloop
  endfacet
  facet normal 0 0 1
    outer loop
      vertex -12.275910098644419 7.0875 2.5
      vertex -11.701043392264673 0.4974884620746167 2.5
      vertex -11.62583302491977 0.65 2.5
    endloop
  endfacet
  facet normal 0 0 1
    outer loop
      vertex -12.275910098644419 7.0875 2.5
      vertex -11.62583302491977 0.65 2.5
      vertex -11.531359342378606 0.7913898577113369 2.5
    endloop
  endfacet
  facet normal 0 0 1
    outer loop
      vertex -12.275910098644419 7.0875 2.5
      vertex -11.531359342378606 0.7913898577113369 2.5
      vertex -11.419238815542512 0.9192388155425119 2.5
    endloop
  endfacet
  facet normal 0 0 1
    outer loop
      vertex -12.275910098644419 7.0875 2.5
      vertex -11.419238815542512 0.9192388155425119 2.5
      vertex -11.291389857711337 1.0313593423786058 2.5
    endloop
  endfacet
  facet normal 0 0 1
    outer loop
      vertex -12.275910098644419 7.0875 2.5
      vertex -11.291389857711337 1.0313593423786058 2.5
      vertex -11.15 1.12583302491977 2.5
    endloop
  endfacet
  facet normal 0 0 -1
    outer loop
      vertex -11.24578359862826 8.629193256198615 0
      vertex -11.62583302491977 0.65 0
      vertex -11.701043392264673 0.4974884620746167 0
    endloop
  endfacet
  facet normal 0 0 -1
    outer loop
      vertex -11.24578359862826 8.629193256198615 0
      vertex -11.531359342378606 0.7913898577113369 0
      vertex -11.62583302491977 0.65 0
    endloop
  endfacet
  facet normal 0 0 -1
    outer loop
      vertex -11.24578359862826 8.629193256198615 0
      vertex -11.419238815542512 0.9192388155425119 0
      vertex -11.531359342378606 0.7913898577113369 0
    endloop
  endfacet
  facet normal 0 0 -1
    outer loop
      vertex -11.24578359862826 8.629193256198615 0
      vertex -11.291389857711337 1.0313593423786058 0
      vertex -11.419238815542512 0.9192388155425119 0
    endloop
  endfacet
  facet normal -0.9469301294951056 0.32143946530316203 0
    outer loop
      vertex -13.691998587647545 3.6687599643282316 0
      vertex -13.691998587647545 3.6687599643282316 2.5
      vertex -13.09599237334749 5.424537653775148 2.5
    endloop
  endfacet
  facet normal -0.9469301294951056 0.32143946530316203 0
    outer loop
      vertex -13.691998587647545 3.6687599643282316 0
      vertex -13.09599237334749 5.424537653775148 2.5
      vertex -13.09599237334749 5.424537653775148 0
    endloop
  endfacet
  facet normal -0.8968727415326884 0.44228869021900136 0
    outer loop
      vertex -13.09599237334749 5.424537653775148 0
      vertex -13.09599237334749 5.424537653775148 2.5
      vertex -12.275910098644419 7.0875 2.5
    endloop
  endfacet
  facet normal -0.8968727415326884 0.44228869021900136 0
    outer loop
      vertex -13.09599237334749 5.424537653775148 0
      vertex -12.275910098644419 7.0875 2.5
      vertex -12.275910098644419 7.0875 0
    endloop
  endfacet
  facet normal 0 0 -1
    outer loop
      vertex -11.24578359862826 8.629193256198615 0
      vertex -11.15 1.12583302491977 0
      vertex -11.291389857711337 1.0313593423786058 0
    endloop
  endfacet
  facet normal 0 0 -1
    outer loop
      vertex -11.24578359862826 8.629193256198615 0
      vertex -10.997488462074617 1.2010433922646728 0
      vertex -11.15 1.12583302491977 0
    endloop
  endfacet
  facet normal 0 0 -1
    outer loop
      vertex -11.24578359862826 8.629193256198615 0
      vertex -10.836464758633277 1.255703574175789 0
      vertex -10.997488462074617 1.2010433922646728 0
    endloop
  endfacet
  facet normal 0 0 -1
    outer loop
      vertex -11.24578359862826 8.629193256198615 0
      vertex -10.669684049886067 1.2888783197859535 0
      vertex -10.836464758633277 1.255703574175789 0
    endloop
  endfacet
  facet normal 0 0 1
    outer loop
      vertex -11.24578359862826 8.629193256198615 2.5
      vertex -11.15 1.12583302491977 2.5
      vertex -10.997488462074617 1.2010433922646728 2.5
    endloop
  endfacet
  facet normal 0 0 1
    outer loop
      vertex -11.24578359862826 8.629193256198615 2.5
      vertex -10.997488462074617 1.2010433922646728 2.5
      vertex -10.836464758633277 1.255703574175789 2.5
    endloop
  endfacet
  facet normal 0 0 1
    outer loop
      vertex -11.24578359862826 8.629193256198615 2.5
      vertex -10.836464758633277 1.255703574175789 2.5
      vertex -10.669684049886067 1.2888783197859535 2.5
    endloop
  endfacet
  facet normal 0 0 1
    outer loop
      vertex -11.24578359862826 8.629193256198615 2.5
      vertex -10.669684049886067 1.2888783197859535 2.5
      vertex -10.5 1.3 2.5
    endloop
  endfacet
  facet normal 0 0 1
    outer loop
      vertex -11.24578359862826 8.629193256198615 2.5
      vertex -10.5 1.3 2.5
      vertex -10.330315950113933 1.2888783197859535 2.5
    endloop
  endfacet
  facet normal 0 0 1
    outer loop
      vertex -12.275910098644419 7.0875 2.5
      vertex -11.15 1.12583302491977 2.5
      vertex -11.24578359862826 8.629193256198615 2.5
    endloop
  endfacet
  facet normal 0 0 -1
    outer loop
      vertex -8.629193256198615 -11.24578359862826 0
      vertex -9.2 0 0
      vertex -8.629193256198615 11.24578359862826 0
    endloop
  endfacet
  facet normal 0 0 1
    outer loop
      vertex -8.629193256198615 -11.24578359862826 2.5
      vertex -8.629193256198615 11.24578359862826 2.5
      vertex -9.2 0 2.5
    endloop
  endfacet
  facet normal 0 0 -1
    outer loop
      vertex -10.023238623319312 10.023238623319312 0
      vertex -10.5 1.3 0
      vertex -10.669684049886067 1.2888783197859535 0
    endloop
  endfacet
  facet normal 0 0 -1
    outer loop
      vertex -10.023238623319312 10.023238623319312 0
      vertex -10.330315950113933 1.2888783197859535 0
      vertex -10.5 1.3 0
    endloop
  endfacet
  facet normal 0 0 -1
    outer loop
      vertex -10.023238623319312 10.023238623319312 0
      vertex -10.163535241366723 1.255703574175789 0
      vertex -10.330315950113933 1.2888783197859535 0
    endloop
  endfacet
  facet normal 0 0 -1
    outer loop
      vertex -10.023238623319312 10.023238623319312 0
      vertex -10.002511537925383 1.2010433922646728 0
      vertex -10.163535241366723 1.255703574175789 0
    endloop
  endfacet
  facet normal 0 0 -1
    outer loop
      vertex -10.023238623319312 10.023238623319312 0
      vertex -9.85 1.12583302491977 0
      vertex -10.002511537925383 1.2010433922646728 0
    endloop
  endfacet
  facet normal 0 0 -1
    outer loop
      vertex -10.023238623319312 10.023238623319312 0
      vertex -9.708610142288663 1.0313593423786058 0
      vertex -9.85 1.12583302491977 0
    endloop
  endfacet
  facet normal 0 0 1
    outer loop
      vertex -11.24578359862826 8.629193256198615 2.5
      vertex -10.330315950113933 1.2888783197859535 2.5
      vertex -10.163535241366723 1.255703574175789 2.5
    endloop
  endfacet
  facet normal 0 0 1
    outer loop
      vertex -11.24578359862826 8.629193256198615 2.5
      vertex -10.163535241366723 1.255703574175789 2.5
      vertex -10.002511537925383 1.2010433922646728 2.5
    endloop
  endfacet
  facet normal 0 0 1
    outer loop
      vertex -10.023238623319312 10.023238623319312 2.5
      vertex -10.002511537925383 1.2010433922646728 2.5
      vertex -9.85 1.12583302491977 2.5
    endloop
  endfacet
  facet normal 0 0 1
    outer loop
      vertex -10.023238623319312 10.023238623319312 2.5
      vertex -9.85 1.12583302491977 2.5
      vertex -9.708610142288663 1.0313593423786058 2.5
    endloop
  endfacet
  facet normal 0 0 -1
    outer loop
      vertex -10.023238623319312 10.023238623319312 0
      vertex -9.468640657621394 0.7913898577113369 0
      vertex -9.580761184457488 0.9192388155425119 0
    endloop
  endfacet
  facet normal 0 0 -1
    outer loop
      vertex -10.023238623319312 10.023238623319312 0
      vertex -9.37416697508023 0.65 0
      vertex -9.468640657621394 0.7913898577113369 0
    endloop
  endfacet
  facet normal 0 0 -1
    outer loop
      vertex -10.023238623319312 10.023238623319312 0
      vertex -9.580761184457488 0.9192388155425119 0
      vertex -9.708610142288663 1.0313593423786058 0
    endloop
  endfacet
  facet normal 0 0 -1
    outer loop
      vertex -8.629193256198615 11.24578359862826 0
      vertex -9.2 0 0
      vertex -9.211121680214047 0.16968404988606706 0
    endloop
  endfacet
  facet normal 0 0 -1
    outer loop
      vertex -8.629193256198615 11.24578359862826 0
      vertex -9.211121680214047 0.16968404988606706 0
      vertex -9.244296425824212 0.33646475863327696 0
    endloop
  endfacet
  facet normal 0 0 -1
    outer loop
      vertex -8.629193256198615 11.24578359862826 0
      vertex -9.244296425824212 0.33646475863327696 0
      vertex -9.298956607735327 0.4974884620746167 0
    endloop
  endfacet
  facet normal 0 0 -1
    outer loop
      vertex -8.629193256198615 11.24578359862826 0
      vertex -9.298956607735327 0.4974884620746167 0
      vertex -9.37416697508023 0.65 0
    endloop
  endfacet
  facet normal 0 0 1
    outer loop
      vertex -10.023238623319312 10.023238623319312 2.5
      vertex -9.580761184457488 0.9192388155425119 2.5
      vertex -9.468640657621394 0.7913898577113369 2.5
    endloop
  endfacet
  facet normal 0 0 1
    outer loop
      vertex -10.023238623319312 10.023238623319312 2.5
      vertex -9.468640657621394 0.7913898577113369 2.5
      vertex -9.37416697508023 0.65 2.5
    endloop
  endfacet
  facet normal 0 0 1
    outer loop
      vertex -10.023238623319312 10.023238623319312 2.5
      vertex -9.708610142288663 1.0313593423786058 2.5
      vertex -9.580761184457488 0.9192388155425119 2.5
    endloop
  endfacet
  facet normal 0 0 1
    outer loop
      vertex -8.629193256198615 11.24578359862826 2.5
      vertex -9.211121680214047 0.16968404988606706 2.5
      vertex -9.2 0 2.5
    endloop
  endfacet
  facet normal 0 0 1
    outer loop
      vertex -8.629193256198615 11.24578359862826 2.5
      vertex -9.244296425824212 0.33646475863327696 2.5
      vertex -9.211121680214047 0.16968404988606706 2.5
    endloop
  endfacet
  facet normal 0 0 1
    outer loop
      vertex -8.629193256198615 11.24578359862826 2.5
      vertex -9.298956607735327 0.4974884620746167 2.5
      vertex -9.244296425824212 0.33646475863327696 2.5
    endloop
  endfacet
  facet normal 0 0 1
    outer loop
      vertex -8.629193256198615 11.24578359862826 2.5
      vertex -9.37416697508023 0.65 2.5
      vertex -9.298956607735327 0.4974884620746167 2.5
    endloop
  endfacet
  facet normal 0 0 -1
    outer loop
      vertex -11.24578359862826 8.629193256198615 0
      vertex -10.023238623319312 10.023238623319312 0
      vertex -10.669684049886067 1.2888783197859535 0
    endloop
  endfacet
  facet normal 0 0 1
    outer loop
      vertex -11.24578359862826 8.629193256198615 2.5
      vertex -10.002511537925383 1.2010433922646728 2.5
      vertex -10.023238623319312 10.023238623319312 2.5
    endloop
  endfacet
  facet normal 0 0 -1
    outer loop
      vertex -8.629193256198615 -11.24578359862826 0
      vertex -8.629193256198615 11.24578359862826 0
      vertex -7.0875 12.275910098644419 0
    endloop
  endfacet
  facet normal 0 0 1
    outer loop
      vertex -7.0875 -12.275910098644419 2.5
      vertex -7.0875 12.275910098644419 2.5
      vertex -8.629193256198615 11.24578359862826 2.5
    endloop
  endfacet
  facet normal -0.8314696123025452 0.5555702330196023 0
    outer loop
      vertex -12.275910098644419 7.0875 0
      vertex -12.275910098644419 7.0875 2.5
      vertex -11.24578359862826 8.629193256198615 2.5
    endloop
  endfacet
  facet normal -0.8314696123025452 0.5555702330196023 0
    outer loop
      vertex -12.275910098644419 7.0875 0
      vertex -11.24578359862826 8.629193256198615 2.5
      vertex -11.24578359862826 8.629193256198615 0
    endloop
  endfacet
  facet normal -0.7518398074789775 0.6593458151000687 0
    outer loop
      vertex -11.24578359862826 8.629193256198615 0
      vertex -11.24578359862826 8.629193256198615 2.5
      vertex -10.023238623319312 10.023238623319312 2.5
    endloop
  endfacet
  facet normal 0 0 -1
    outer loop
      vertex -10.023238623319312 10.023238623319312 0
      vertex -8.629193256198615 11.24578359862826 0
      vertex -9.37416697508023 0.65 0
    endloop
  endfacet
  facet normal 0 0 1
    outer loop
      vertex -10.023238623319312 10.023238623319312 2.5
      vertex -9.37416697508023 0.65 2.5
      vertex -8.629193256198615 11.24578359862826 2.5
    endloop
  endfacet
  facet normal -0.7518398074789775 0.6593458151000687 0
    outer loop
      vertex -11.24578359862826 8.629193256198615 0
      vertex -10.023238623319312 10.023238623319312 2.5
      vertex -10.023238623319312 10.023238623319312 0
    endloop
  endfacet
  facet normal -0.6593458151000687 0.7518398074789775 0
    outer loop
      vertex -10.023238623319312 10.023238623319312 0
      vertex -10.023238623319312 10.023238623319312 2.5
      vertex -8.629193256198615 11.24578359862826 0
    endloop
  endfacet
  facet normal -0.6593458151000687 0.7518398074789775 0
    outer loop
      vertex -10.023238623319312 10.023238623319312 2.5
      vertex -8.629193256198615 11.24578359862826 2.5
      vertex -8.629193256198615 11.24578359862826 0
    endloop
  endfacet
  facet normal -0.5555702330196023 0.8314696123025452 0
    outer loop
      vertex -8.629193256198615 11.24578359862826 0
      vertex -8.629193256198615 11.24578359862826 2.5
      vertex -7.0875 12.275910098644419 0
    endloop
  endfacet
  facet normal -0.5555702330196023 0.8314696123025452 0
    outer loop
      vertex -8.629193256198615 11.24578359862826 2.5
      vertex -7.0875 12.275910098644419 2.5
      vertex -7.0875 12.275910098644419 0
    endloop
  endfacet
  facet normal 0 0 -1
    outer loop
      vertex -7.0875 -12.275910098644419 0
      vertex -6.505703574175788 8.756801981103328 0
      vertex -6.451043392264673 8.595778277661989 0
    endloop
  endfacet
  facet normal 0 0 -1
    outer loop
      vertex -7.0875 -12.275910098644419 0
      vertex -6.169238815542512 8.174027924194093 0
      vertex -6.041389857711336 8.061907397357999 0
    endloop
  endfacet
  facet normal 0 0 -1
    outer loop
      vertex -7.0875 -12.275910098644419 0
      vertex -6.041389857711336 8.061907397357999 0
      vertex -5.8999999999999995 7.967433714816836 0
    endloop
  endfacet
  facet normal 0 0 -1
    outer loop
      vertex -7.0875 -12.275910098644419 0
      vertex -5.8999999999999995 7.967433714816836 0
      vertex -5.7474884620746165 7.8922233474719325 0
    endloop
  endfacet
  facet normal 0 0 -1
    outer loop
      vertex -7.0875 -12.275910098644419 0
      vertex -6.37583302491977 8.443266739736606 0
      vertex -6.281359342378606 8.301876882025269 0
    endloop
  endfacet
  facet normal 0 0 -1
    outer loop
      vertex -7.0875 -12.275910098644419 0
      vertex -6.281359342378606 8.301876882025269 0
      vertex -6.169238815542512 8.174027924194093 0
    endloop
  endfacet
  facet normal 0 0 -1
    outer loop
      vertex -7.0875 -12.275910098644419 0
      vertex -6.451043392264673 8.595778277661989 0
      vertex -6.37583302491977 8.443266739736606 0
    endloop
  endfacet
  facet normal 0 0 1
    outer loop
      vertex -5 0 2.5
      vertex -5.586464758633277 7.837563165560817 2.5
      vertex -5.419684049886067 -7.8043884199506515 2.5
    endloop
  endfacet
  facet normal 0 0 -1
    outer loop
      vertex -7.0875 -12.275910098644419 0
      vertex -6.538878319785954 8.923582689850539 0
      vertex -6.505703574175788 8.756801981103328 0
    endloop
  endfacet
  facet normal 0 0 -1
    outer loop
      vertex -7.0875 -12.275910098644419 0
      vertex -6.55 9.093266739736604 0
      vertex -6.538878319785954 8.923582689850539 0
    endloop
  endfacet
  facet normal 0 0 -1
    outer loop
      vertex -7.0875 -12.275910098644419 0
      vertex -7.0875 12.275910098644419 0
      vertex -6.55 9.093266739736604 0
    endloop
  endfacet
  facet normal 0 0 1
    outer loop
      vertex -5.7474884620746165 -7.8922233474719325 2.5
      vertex -6.451043392264673 8.595778277661989 2.5
      vertex -6.505703574175788 8.756801981103328 2.5
    endloop
  endfacet
  facet normal 0 0 1
    outer loop
      vertex -5.7474884620746165 -7.8922233474719325 2.5
      vertex -6.505703574175788 8.756801981103328 2.5
      vertex -6.538878319785954 8.923582689850539 2.5
    endloop
  endfacet
  facet normal 0 0 1
    outer loop
      vertex -5.7474884620746165 -7.8922233474719325 2.5
      vertex -6.538878319785954 8.923582689850539 2.5
      vertex -6.55 9.093266739736604 2.5
    endloop
  endfacet
  facet normal 0 0 -1
    outer loop
      vertex -5.7474884620746165 -7.8922233474719325 0
      vertex -5.7474884620746165 7.8922233474719325 0
      vertex -5.586464758633277 7.837563165560817 0
    endloop
  endfacet
  facet normal 0 0 -1
    outer loop
      vertex -5.586464758633277 -7.837563165560817 0
      vertex -5.586464758633277 7.837563165560817 0
      vertex -5.419684049886067 7.8043884199506515 0
    endloop
  endfacet
  facet normal 0 0 -1
    outer loop
      vertex -5.419684049886067 -7.8043884199506515 0
      vertex -5.419684049886067 7.8043884199506515 0
      vertex -5.25 7.793266739736606 0
    endloop
  endfacet
  facet normal 0 0 1
    outer loop
      vertex -5.7474884620746165 -7.8922233474719325 2.5
      vertex -5.7474884620746165 7.8922233474719325 2.5
      vertex -5.8999999999999995 7.967433714816836 2.5
    endloop
  endfacet
  facet normal 0 0 1
    outer loop
      vertex -5.586464758633277 -7.837563165560817 2.5
      vertex -5.586464758633277 7.837563165560817 2.5
      vertex -5.7474884620746165 7.8922233474719325 2.5
    endloop
  endfacet
  facet normal 0 0 1
    outer loop
      vertex -5.7474884620746165 -7.8922233474719325 2.5
      vertex -6.169238815542512 8.174027924194093 2.5
      vertex -6.281359342378606 8.301876882025269 2.5
    endloop
  endfacet
  facet normal 0 0 1
    outer loop
      vertex -5.7474884620746165 -7.8922233474719325 2.5
      vertex -6.281359342378606 8.301876882025269 2.5
      vertex -6.37583302491977 8.443266739736606 2.5
    endloop
  endfacet
  facet normal 0 0 1
    outer loop
      vertex -5.7474884620746165 -7.8922233474719325 2.5
      vertex -6.37583302491977 8.443266739736606 2.5
      vertex -6.451043392264673 8.595778277661989 2.5
    endloop
  endfacet
  facet normal 0 0 1
    outer loop
      vertex -5.7474884620746165 -7.8922233474719325 2.5
      vertex -5.8999999999999995 7.967433714816836 2.5
      vertex -6.041389857711336 8.061907397357999 2.5
    endloop
  endfacet
  facet normal 0 0 1
    outer loop
      vertex -5.7474884620746165 -7.8922233474719325 2.5
      vertex -6.041389857711336 8.061907397357999 2.5
      vertex -6.169238815542512 8.174027924194093 2.5
    endloop
  endfacet
  facet normal 0 0 -1
    outer loop
      vertex -3.6687599643282316 -13.691998587647545 0
      vertex -3.9611216802140463 8.923582689850539 0
      vertex -3.95 9.093266739736606 0
    endloop
  endfacet
  facet normal 0 0 -1
    outer loop
      vertex -5.25 -7.793266739736606 0
      vertex -5.25 7.793266739736606 0
      vertex -5.080315950113933 7.8043884199506515 0
    endloop
  endfacet
  facet normal 0 0 -1
    outer loop
      vertex -5.080315950113933 -7.8043884199506515 0
      vertex -5.080315950113933 7.8043884199506515 0
      vertex -4.9135352413667235 7.837563165560818 0
    endloop
  endfacet
  facet normal 0 0 -1
    outer loop
      vertex -5.080315950113933 -7.8043884199506515 0
      vertex -4.9135352413667235 7.837563165560818 0
      vertex -4.7525115379253835 7.892223347471933 0
    endloop
  endfacet
  facet normal 0 0 -1
    outer loop
      vertex -5.080315950113933 -7.8043884199506515 0
      vertex -4.7525115379253835 7.892223347471933 0
      vertex -4.6 7.967433714816835 0
    endloop
  endfacet
  facet normal 0 0 -1
    outer loop
      vertex -5.080315950113933 -7.8043884199506515 0
      vertex -4.6 7.967433714816835 0
      vertex -4.458610142288664 8.061907397358 0
    endloop
  endfacet
  facet normal 0 0 -1
    outer loop
      vertex -5.080315950113933 -7.8043884199506515 0
      vertex -4.458610142288664 8.061907397358 0
      vertex -4.330761184457488 8.174027924194094 0
    endloop
  endfacet
  facet normal 0 0 -1
    outer loop
      vertex -5.080315950113933 -7.8043884199506515 0
      vertex -4.330761184457488 8.174027924194094 0
      vertex -4.218640657621394 8.301876882025269 0
    endloop
  endfacet
  facet normal 0 0 -1
    outer loop
      vertex -5.080315950113933 -7.8043884199506515 0
      vertex -4.218640657621394 8.301876882025269 0
      vertex -4.124166975080231 8.443266739736606 0
    endloop
  endfacet
  facet normal 0 0 1
    outer loop
      vertex -5 0 2.5
      vertex -4.957224306869052 0.6526309611002579 2.5
      vertex -5.419684049886067 7.8043884199506515 2.5
    endloop
  endfacet
  facet normal 0 0 1
    outer loop
      vertex -4.957224306869052 0.6526309611002579 2.5
      vertex -4.8296291314453415 1.2940952255126037 2.5
      vertex -5.25 7.793266739736606 2.5
    endloop
  endfacet
  facet normal 0 0 -1
    outer loop
      vertex -5.080315950113933 -7.8043884199506515 0
      vertex -4.124166975080231 8.443266739736606 0
      vertex -4.048956607735327 8.595778277661989 0
    endloop
  endfacet
  facet normal 0 0 -1
    outer loop
      vertex -5.080315950113933 -7.8043884199506515 0
      vertex -4.048956607735327 8.595778277661989 0
      vertex -3.9942964258242113 8.75680198110333 0
    endloop
  endfacet
  facet normal 0 0 -1
    outer loop
      vertex -5.080315950113933 -7.8043884199506515 0
      vertex -3.9942964258242113 8.75680198110333 0
      vertex -3.9611216802140463 8.923582689850539 0
    endloop
  endfacet
  facet normal 0 0 -1
    outer loop
      vertex -3.6687599643282316 -13.691998587647545 0
      vertex -3.95 9.093266739736606 0
      vertex -3.6687599643282316 13.691998587647545 0
    endloop
  endfacet
  facet normal 0 0 1
    outer loop
      vertex -7.0875 12.275910098644419 2.5
      vertex -5.7474884620746165 -7.8922233474719325 2.5
      vertex -6.55 9.093266739736604 2.5
    endloop
  endfacet
  facet normal 0 0 1
    outer loop
      vertex -5 0 2.5
      vertex -5.419684049886067 7.8043884199506515 2.5
      vertex -5.586464758633277 7.837563165560817 2.5
    endloop
  endfacet
  facet normal 0 0 1
    outer loop
      vertex -4.8296291314453415 1.2940952255126037 2.5
      vertex -4.619397662556434 1.913417161825449 2.5
      vertex -5.25 7.793266739736606 2.5
    endloop
  endfacet
  facet normal 0 0 1
    outer loop
      vertex -4.619397662556434 1.913417161825449 2.5
      vertex -4.330127018922193 2.5 2.5
      vertex -5.080315950113933 7.8043884199506515 2.5
    endloop
  endfacet
  facet normal 0 0 1
    outer loop
      vertex -4.330127018922193 2.5 2.5
      vertex -3.9667667014561756 3.043807145043603 2.5
      vertex -4.9135352413667235 7.837563165560818 2.5
    endloop
  endfacet
  facet normal 0 0 1
    outer loop
      vertex -3.9667667014561756 3.043807145043603 2.5
      vertex -3.5355339059327378 3.5355339059327378 2.5
      vertex -4.7525115379253835 7.892223347471933 2.5
    endloop
  endfacet
  facet normal 0 0 1
    outer loop
      vertex -4.957224306869052 0.6526309611002579 2.5
      vertex -5.25 7.793266739736606 2.5
      vertex -5.419684049886067 7.8043884199506515 2.5
    endloop
  endfacet
  facet normal 0 0 1
    outer loop
      vertex -4.619397662556434 1.913417161825449 2.5
      vertex -5.080315950113933 7.8043884199506515 2.5
      vertex -5.25 7.793266739736606 2.5
    endloop
  endfacet
  facet normal 0 0 1
    outer loop
      vertex -4.330127018922193 2.5 2.5
      vertex -4.9135352413667235 7.837563165560818 2.5
      vertex -5.080315950113933 7.8043884199506515 2.5
    endloop
  endfacet
  facet normal 0 0 1
    outer loop
      vertex -3.9667667014561756 3.043807145043603 2.5
      vertex -4.7525115379253835 7.892223347471933 2.5
      vertex -4.9135352413667235 7.837563165560818 2.5
    endloop
  endfacet
  facet normal 0 0 1
    outer loop
      vertex -3.5355339059327378 3.5355339059327378 2.5
      vertex -4.6 7.967433714816835 2.5
      vertex -4.7525115379253835 7.892223347471933 2.5
    endloop
  endfacet
  facet normal 0 0 1
    outer loop
      vertex -3.5355339059327378 3.5355339059327378 2.5
      vertex -4.458610142288664 8.061907397358 2.5
      vertex -4.6 7.967433714816835 2.5
    endloop
  endfacet
  facet normal 0 0 1
    outer loop
      vertex -3.5355339059327378 3.5355339059327378 2.5
      vertex -4.330761184457488 8.174027924194094 2.5
      vertex -4.458610142288664 8.061907397358 2.5
    endloop
  endfacet
  facet normal 0 0 1
    outer loop
      vertex -3.5355339059327378 3.5355339059327378 2.5
      vertex -4.218640657621394 8.301876882025269 2.5
      vertex -4.330761184457488 8.174027924194094 2.5
    endloop
  endfacet
  facet normal 0 0 1
    outer loop
      vertex -3.5355339059327378 3.5355339059327378 2.5
      vertex -4.124166975080231 8.443266739736606 2.5
      vertex -4.218640657621394 8.301876882025269 2.5
    endloop
  endfacet
  facet normal 0 0 1
    outer loop
      vertex -3.5355339059327378 3.5355339059327378 2.5
      vertex -4.048956607735327 8.595778277661989 2.5
      vertex -4.124166975080231 8.443266739736606 2.5
    endloop
  endfacet
  facet normal 0 0 1
    outer loop
      vertex -3.5355339059327378 3.5355339059327378 2.5
      vertex -3.9942964258242113 8.75680198110333 2.5
      vertex -4.048956607735327 8.595778277661989 2.5
    endloop
  endfacet
  facet normal 0 0 1
    outer loop
      vertex -3.5355339059327378 3.5355339059327378 2.5
      vertex -3.9611216802140463 8.923582689850539 2.5
      vertex -3.9942964258242113 8.75680198110333 2.5
    endloop
  endfacet
  facet normal 0 0 -1
    outer loop
      vertex -3.6687599643282316 -13.691998587647545 0
      vertex -3.6687599643282316 13.691998587647545 0
      vertex -1.850208774719231 14.053730909973764 0
    endloop
  endfacet
  facet normal 0 0 1
    outer loop
      vertex -3.5355339059327378 3.5355339059327378 2.5
      vertex -3.043807145043603 3.9667667014561756 2.5
      vertex -3.6687599643282316 13.691998587647545 2.5
    endloop
  endfacet
  facet normal 0 0 -1
    outer loop
      vertex -1.850208774719231 -14.053730909973764 0
      vertex -1.850208774719231 14.053730909973764 0
      vertex 0 14.175 0
    endloop
  endfacet
  facet normal 0 0 -1
    outer loop
      vertex -7.0875 12.275910098644419 0
      vertex -6.538878319785954 9.262950789622671 0
      vertex -6.55 9.093266739736604 0
    endloop
  endfacet
  facet normal 0 0 -1
    outer loop
      vertex -7.0875 12.275910098644419 0
      vertex -6.505703574175789 9.42973149836988 0
      vertex -6.538878319785954 9.262950789622671 0
    endloop
  endfacet
  facet normal 0 0 -1
    outer loop
      vertex -7.0875 12.275910098644419 0
      vertex -6.451043392264673 9.590755201811222 0
      vertex -6.505703574175789 9.42973149836988 0
    endloop
  endfacet
  facet normal 0 0 -1
    outer loop
      vertex -7.0875 12.275910098644419 0
      vertex -6.375833024919769 9.743266739736605 0
      vertex -6.451043392264673 9.590755201811222 0
    endloop
  endfacet
  facet normal 0 0 1
    outer loop
      vertex -7.0875 12.275910098644419 2.5
      vertex -6.55 9.093266739736604 2.5
      vertex -6.538878319785954 9.262950789622671 2.5
    endloop
  endfacet
  facet normal 0 0 1
    outer loop
      vertex -7.0875 12.275910098644419 2.5
      vertex -6.538878319785954 9.262950789622671 2.5
      vertex -6.505703574175789 9.42973149836988 2.5
    endloop
  endfacet
  facet normal 0 0 1
    outer loop
      vertex -7.0875 12.275910098644419 2.5
      vertex -6.505703574175789 9.42973149836988 2.5
      vertex -6.451043392264673 9.590755201811222 2.5
    endloop
  endfacet
  facet normal 0 0 1
    outer loop
      vertex -7.0875 12.275910098644419 2.5
      vertex -6.451043392264673 9.590755201811222 2.5
      vertex -6.375833024919769 9.743266739736605 2.5
    endloop
  endfacet
  facet normal 0 0 1
    outer loop
      vertex -3.5355339059327378 3.5355339059327378 2.5
      vertex -3.95 9.093266739736606 2.5
      vertex -3.9611216802140463 8.923582689850539 2.5
    endloop
  endfacet
  facet normal 0 0 1
    outer loop
      vertex -3.5355339059327378 3.5355339059327378 2.5
      vertex -3.9611216802140463 9.262950789622671 2.5
      vertex -3.95 9.093266739736606 2.5
    endloop
  endfacet
  facet normal 0 0 1
    outer loop
      vertex -3.5355339059327378 3.5355339059327378 2.5
      vertex -3.6687599643282316 13.691998587647545 2.5
      vertex -3.9611216802140463 9.262950789622671 2.5
    endloop
  endfacet
  facet normal 0 0 -1
    outer loop
      vertex -7.0875 12.275910098644419 0
      vertex -6.281359342378606 9.884656597447941 0
      vertex -6.375833024919769 9.743266739736605 0
    endloop
  endfacet
  facet normal 0 0 -1
    outer loop
      vertex -7.0875 12.275910098644419 0
      vertex -6.169238815542512 10.012505555279116 0
      vertex -6.281359342378606 9.884656597447941 0
    endloop
  endfacet
  facet normal 0 0 -1
    outer loop
      vertex -7.0875 12.275910098644419 0
      vertex -6.041389857711336 10.12462608211521 0
      vertex -6.169238815542512 10.012505555279116 0
    endloop
  endfacet
  facet normal 0 0 -1
    outer loop
      vertex -7.0875 12.275910098644419 0
      vertex -5.9 10.219099764656375 0
      vertex -6.041389857711336 10.12462608211521 0
    endloop
  endfacet
  facet normal 0 0 -1
    outer loop
      vertex -7.0875 12.275910098644419 0
      vertex -5.7474884620746165 10.294310132001279 0
      vertex -5.9 10.219099764656375 0
    endloop
  endfacet
  facet normal 0 0 1
    outer loop
      vertex -7.0875 12.275910098644419 2.5
      vertex -6.375833024919769 9.743266739736605 2.5
      vertex -6.281359342378606 9.884656597447941 2.5
    endloop
  endfacet
  facet normal 0 0 1
    outer loop
      vertex -7.0875 12.275910098644419 2.5
      vertex -6.281359342378606 9.884656597447941 2.5
      vertex -6.169238815542512 10.012505555279116 2.5
    endloop
  endfacet
  facet normal 0 0 1
    outer loop
      vertex -7.0875 12.275910098644419 2.5
      vertex -6.169238815542512 10.012505555279116 2.5
      vertex -6.041389857711336 10.12462608211521 2.5
    endloop
  endfacet
  facet normal 0 0 1
    outer loop
      vertex -7.0875 12.275910098644419 2.5
      vertex -6.041389857711336 10.12462608211521 2.5
      vertex -5.9 10.219099764656375 2.5
    endloop
  endfacet
  facet normal 0 0 1
    outer loop
      vertex -7.0875 12.275910098644419 2.5
      vertex -5.9 10.219099764656375 2.5
      vertex -5.7474884620746165 10.294310132001279 2.5
    endloop
  endfacet
  facet normal 0 0 -1
    outer loop
      vertex -5.424537653775148 13.09599237334749 0
      vertex -5.5864647586332765 10.348970313912393 0
      vertex -5.7474884620746165 10.294310132001279 0
    endloop
  endfacet
  facet normal 0 0 -1
    outer loop
      vertex -5.424537653775148 13.09599237334749 0
      vertex -5.419684049886067 10.382145059522559 0
      vertex -5.5864647586332765 10.348970313912393 0
    endloop
  endfacet
  facet normal 0 0 -1
    outer loop
      vertex -5.424537653775148 13.09599237334749 0
      vertex -5.25 10.393266739736603 0
      vertex -5.419684049886067 10.382145059522559 0
    endloop
  endfacet
  facet normal 0 0 1
    outer loop
      vertex -7.0875 12.275910098644419 2.5
      vertex -5.7474884620746165 10.294310132001279 2.5
      vertex -5.5864647586332765 10.348970313912393 2.5
    endloop
  endfacet
  facet normal 0 0 1
    outer loop
      vertex -7.0875 12.275910098644419 2.5
      vertex -5.5864647586332765 10.348970313912393 2.5
      vertex -5.419684049886067 10.382145059522559 2.5
    endloop
  endfacet
  facet normal 0 0 1
    outer loop
      vertex -5.424537653775148 13.09599237334749 2.5
      vertex -5.419684049886067 10.382145059522559 2.5
      vertex -5.25 10.393266739736603 2.5
    endloop
  endfacet
  facet normal 0 0 -1
    outer loop
      vertex -7.0875 12.275910098644419 0
      vertex -5.424537653775148 13.09599237334749 0
      vertex -5.7474884620746165 10.294310132001279 0
    endloop
  endfacet
  facet normal 0 0 1
    outer loop
      vertex -7.0875 12.275910098644419 2.5
      vertex -5.419684049886067 10.382145059522559 2.5
      vertex -5.424537653775148 13.09599237334749 2.5
    endloop
  endfacet
  facet normal -0.44228869021900136 0.8968727415326884 0
    outer loop
      vertex -7.0875 12.275910098644419 0
      vertex -7.0875 12.275910098644419 2.5
      vertex -5.424537653775148 13.09599237334749 0
    endloop
  endfacet
  facet normal -0.44228869021900136 0.8968727415326884 0
    outer loop
      vertex -7.0875 12.275910098644419 2.5
      vertex -5.424537653775148 13.09599237334749 2.5
      vertex -5.424537653775148 13.09599237334749 0
    endloop
  endfacet
  facet normal 0 0 -1
    outer loop
      vertex -5.424537653775148 13.09599237334749 0
      vertex -5.080315950113933 10.382145059522559 0
      vertex -5.25 10.393266739736603 0
    endloop
  endfacet
  facet normal 0 0 -1
    outer loop
      vertex -3.6687599643282316 13.691998587647545 0
      vertex -4.913535241366723 10.348970313912394 0
      vertex -5.080315950113933 10.382145059522559 0
    endloop
  endfacet
  facet normal 0 0 1
    outer loop
      vertex -5.424537653775148 13.09599237334749 2.5
      vertex -5.25 10.393266739736603 2.5
      vertex -5.080315950113933 10.382145059522559 2.5
    endloop
  endfacet
  facet normal 0 0 1
    outer loop
      vertex -5.424537653775148 13.09599237334749 2.5
      vertex -5.080315950113933 10.382145059522559 2.5
      vertex -4.913535241366723 10.348970313912394 2.5
    endloop
  endfacet
  facet normal 0 0 1
    outer loop
      vertex -5.424537653775148 13.09599237334749 2.5
      vertex -4.913535241366723 10.348970313912394 2.5
      vertex -4.7525115379253835 10.294310132001279 2.5
    endloop
  endfacet
  facet normal 0 0 -1
    outer loop
      vertex -5.424537653775148 13.09599237334749 0
      vertex -3.6687599643282316 13.691998587647545 0
      vertex -5.080315950113933 10.382145059522559 0
    endloop
  endfacet
  facet normal 0 0 1
    outer loop
      vertex -5.424537653775148 13.09599237334749 2.5
      vertex -4.7525115379253835 10.294310132001279 2.5
      vertex -3.6687599643282316 13.691998587647545 2.5
    endloop
  endfacet
  facet normal 0 0 -1
    outer loop
      vertex -3.6687599643282316 13.691998587647545 0
      vertex -4.6000000000000005 10.219099764656375 0
      vertex -4.7525115379253835 10.294310132001279 0
    endloop
  endfacet
  facet normal 0 0 -1
    outer loop
      vertex -3.6687599643282316 13.691998587647545 0
      vertex -4.7525115379253835 10.294310132001279 0
      vertex -4.913535241366723 10.348970313912394 0
    endloop
  endfacet
  facet normal 0 0 -1
    outer loop
      vertex -3.6687599643282316 13.691998587647545 0
      vertex -4.458610142288664 10.124626082115212 0
      vertex -4.6000000000000005 10.219099764656375 0
    endloop
  endfacet
  facet normal 0 0 -1
    outer loop
      vertex -3.6687599643282316 13.691998587647545 0
      vertex -4.330761184457488 10.012505555279118 0
      vertex -4.458610142288664 10.124626082115212 0
    endloop
  endfacet
  facet normal 0 0 -1
    outer loop
      vertex -3.6687599643282316 13.691998587647545 0
      vertex -4.12416697508023 9.743266739736606 0
      vertex -4.218640657621394 9.884656597447943 0
    endloop
  endfacet
  facet normal 0 0 -1
    outer loop
      vertex -3.6687599643282316 13.691998587647545 0
      vertex -4.218640657621394 9.884656597447943 0
      vertex -4.330761184457488 10.012505555279118 0
    endloop
  endfacet
  facet normal 0 0 -1
    outer loop
      vertex -3.6687599643282316 13.691998587647545 0
      vertex -3.95 9.093266739736606 0
      vertex -3.9611216802140463 9.262950789622671 0
    endloop
  endfacet
  facet normal 0 0 -1
    outer loop
      vertex -3.6687599643282316 13.691998587647545 0
      vertex -3.9611216802140463 9.262950789622671 0
      vertex -3.9942964258242113 9.429731498369883 0
    endloop
  endfacet
  facet normal 0 0 -1
    outer loop
      vertex -3.6687599643282316 13.691998587647545 0
      vertex -3.9942964258242113 9.429731498369883 0
      vertex -4.048956607735327 9.590755201811223 0
    endloop
  endfacet
  facet normal 0 0 -1
    outer loop
      vertex -3.6687599643282316 13.691998587647545 0
      vertex -4.048956607735327 9.590755201811223 0
      vertex -4.12416697508023 9.743266739736606 0
    endloop
  endfacet
  facet normal 0 0 1
    outer loop
      vertex -3.6687599643282316 13.691998587647545 2.5
      vertex -4.7525115379253835 10.294310132001279 2.5
      vertex -4.6000000000000005 10.219099764656375 2.5
    endloop
  endfacet
  facet normal 0 0 1
    outer loop
      vertex -3.6687599643282316 13.691998587647545 2.5
      vertex -4.6000000000000005 10.219099764656375 2.5
      vertex -4.458610142288664 10.124626082115212 2.5
    endloop
  endfacet
  facet normal 0 0 1
    outer loop
      vertex -3.6687599643282316 13.691998587647545 2.5
      vertex -4.458610142288664 10.124626082115212 2.5
      vertex -4.330761184457488 10.012505555279118 2.5
    endloop
  endfacet
  facet normal 0 0 1
    outer loop
      vertex -3.6687599643282316 13.691998587647545 2.5
      vertex -4.218640657621394 9.884656597447943 2.5
      vertex -4.12416697508023 9.743266739736606 2.5
    endloop
  endfacet
  facet normal 0 0 1
    outer loop
      vertex -3.6687599643282316 13.691998587647545 2.5
      vertex -4.330761184457488 10.012505555279118 2.5
      vertex -4.218640657621394 9.884656597447943 2.5
    endloop
  endfacet
  facet normal 0 0 1
    outer loop
      vertex -3.6687599643282316 13.691998587647545 2.5
      vertex -3.9942964258242113 9.429731498369883 2.5
      vertex -3.9611216802140463 9.262950789622671 2.5
    endloop
  endfacet
  facet normal 0 0 1
    outer loop
      vertex -3.6687599643282316 13.691998587647545 2.5
      vertex -4.048956607735327 9.590755201811223 2.5
      vertex -3.9942964258242113 9.429731498369883 2.5
    endloop
  endfacet
  facet normal 0 0 1
    outer loop
      vertex -3.6687599643282316 13.691998587647545 2.5
      vertex -4.12416697508023 9.743266739736606 2.5
      vertex -4.048956607735327 9.590755201811223 2.5
    endloop
  endfacet
  facet normal -0.32143946530316203 0.9469301294951056 0
    outer loop
      vertex -5.424537653775148 13.09599237334749 0
      vertex -5.424537653775148 13.09599237334749 2.5
      vertex -3.6687599643282316 13.691998587647545 0
    endloop
  endfacet
  facet normal -0.32143946530316203 0.9469301294951056 0
    outer loop
      vertex -5.424537653775148 13.09599237334749 2.5
      vertex -3.6687599643282316 13.691998587647545 2.5
      vertex -3.6687599643282316 13.691998587647545 0
    endloop
  endfacet
  facet normal 0 0 1
    outer loop
      vertex -3.043807145043603 3.9667667014561756 2.5
      vertex -2.5 4.330127018922193 2.5
      vertex -3.6687599643282316 13.691998587647545 2.5
    endloop
  endfacet
  facet normal 0 0 1
    outer loop
      vertex -2.5 4.330127018922193 2.5
      vertex -1.913417161825449 4.619397662556434 2.5
      vertex -3.6687599643282316 13.691998587647545 2.5
    endloop
  endfacet
  facet normal 0 0 1
    outer loop
      vertex -1.913417161825449 4.619397662556434 2.5
      vertex -1.2940952255126037 4.8296291314453415 2.5
      vertex -3.6687599643282316 13.691998587647545 2.5
    endloop
  endfacet
  facet normal 0 0 1
    outer loop
      vertex -1.2940952255126037 4.8296291314453415 2.5
      vertex -0.6526309611002579 4.957224306869052 2.5
      vertex -1.850208774719231 14.053730909973764 2.5
    endloop
  endfacet
  facet normal 0 0 1
    outer loop
      vertex -0.6526309611002579 4.957224306869052 2.5
      vertex 0 5 2.5
      vertex -1.850208774719231 14.053730909973764 2.5
    endloop
  endfacet
  facet normal 0 0 1
    outer loop
      vertex -1.2940952255126037 4.8296291314453415 2.5
      vertex -1.850208774719231 14.053730909973764 2.5
      vertex -3.6687599643282316 13.691998587647545 2.5
    endloop
  endfacet
  facet normal -0.19509032201612794 0.9807852804032305 0
    outer loop
      vertex -3.6687599643282316 13.691998587647545 0
      vertex -3.6687599643282316 13.691998587647545 2.5
      vertex -1.850208774719231 14.053730909973764 0
    endloop
  endfacet
  facet normal -0.19509032201612794 0.9807852804032305 0
    outer loop
      vertex -3.6687599643282316 13.691998587647545 2.5
      vertex -1.850208774719231 14.053730909973764 2.5
      vertex -1.850208774719231 14.053730909973764 0
    endloop
  endfacet
  facet normal 0 0 1
    outer loop
      vertex -1.850208774719231 14.053730909973764 2.5
      vertex 0 5 2.5
      vertex 0 14.175 2.5
    endloop
  endfacet
  facet normal -0.06540312923014284 0.9978589232386036 0
    outer loop
      vertex -1.850208774719231 14.053730909973764 0
      vertex -1.850208774719231 14.053730909973764 2.5
      vertex 0 14.175 0
    endloop
  endfacet
  facet normal -0.06540312923014284 0.9978589232386036 0
    outer loop
      vertex -1.850208774719231 14.053730909973764 2.5
      vertex 0 14.175 2.5
      vertex 0 14.175 0
    endloop
  endfacet
  facet normal 0.06540312923014284 -0.9978589232386036 0
    outer loop
      vertex 0 -14.175 0
      vertex 1.850208774719231 -14.053730909973764 2.5
      vertex 0 -14.175 2.5
    endloop
  endfacet
  facet normal 0.06540312923014284 -0.9978589232386036 0
    outer loop
      vertex 0 -14.175 0
      vertex 1.850208774719231 -14.053730909973764 0
      vertex 1.850208774719231 -14.053730909973764 2.5
    endloop
  endfacet
  facet normal 0 0 1
    outer loop
      vertex 0 -14.175 2.5
      vertex 1.850208774719231 -14.053730909973764 2.5
      vertex 0 -5 2.5
    endloop
  endfacet
  facet normal 0.19509032201612794 -0.9807852804032305 0
    outer loop
      vertex 1.850208774719231 -14.053730909973764 0
      vertex 3.6687599643282316 -13.691998587647545 2.5
      vertex 1.850208774719231 -14.053730909973764 2.5
    endloop
  endfacet
  facet normal 0.19509032201612794 -0.9807852804032305 0
    outer loop
      vertex 1.850208774719231 -14.053730909973764 0
      vertex 3.6687599643282316 -13.691998587647545 0
      vertex 3.6687599643282316 -13.691998587647545 2.5
    endloop
  endfacet
  facet normal 0 0 1
    outer loop
      vertex 1.850208774719231 -14.053730909973764 2.5
      vertex 3.6687599643282316 -13.691998587647545 2.5
      vertex 1.2940952255126037 -4.8296291314453415 2.5
    endloop
  endfacet
  facet normal 0 0 1
    outer loop
      vertex 1.850208774719231 -14.053730909973764 2.5
      vertex 0.6526309611002579 -4.957224306869052 2.5
      vertex 0 -5 2.5
    endloop
  endfacet
  facet normal 0 0 1
    outer loop
      vertex 1.850208774719231 -14.053730909973764 2.5
      vertex 1.2940952255126037 -4.8296291314453415 2.5
      vertex 0.6526309611002579 -4.957224306869052 2.5
    endloop
  endfacet
  facet normal 0 0 1
    outer loop
      vertex 3.6687599643282316 -13.691998587647545 2.5
      vertex 1.913417161825449 -4.619397662556434 2.5
      vertex 1.2940952255126037 -4.8296291314453415 2.5
    endloop
  endfacet
  facet normal 0 0 1
    outer loop
      vertex 3.6687599643282316 -13.691998587647545 2.5
      vertex 2.5 -4.330127018922193 2.5
      vertex 1.913417161825449 -4.619397662556434 2.5
    endloop
  endfacet
  facet normal 0 0 1
    outer loop
      vertex 3.6687599643282316 -13.691998587647545 2.5
      vertex 3.043807145043603 -3.9667667014561756 2.5
      vertex 2.5 -4.330127018922193 2.5
    endloop
  endfacet
  facet normal 0.32143946530316203 -0.9469301294951056 0
    outer loop
      vertex 3.6687599643282316 -13.691998587647545 0
      vertex 5.424537653775148 -13.09599237334749 2.5
      vertex 3.6687599643282316 -13.691998587647545 2.5
    endloop
  endfacet
  facet normal 0.32143946530316203 -0.9469301294951056 0
    outer loop
      vertex 3.6687599643282316 -13.691998587647545 0
      vertex 5.424537653775148 -13.09599237334749 0
      vertex 5.424537653775148 -13.09599237334749 2.5
    endloop
  endfacet
  facet normal 0 0 -1
    outer loop
      vertex 3.6687599643282316 -13.691998587647545 0
      vertex 4.048956607735327 -9.590755201811223 0
      vertex 4.12416697508023 -9.743266739736606 0
    endloop
  endfacet
  facet normal 0 0 -1
    outer loop
      vertex 3.6687599643282316 -13.691998587647545 0
      vertex 3.9942964258242113 -9.429731498369883 0
      vertex 4.048956607735327 -9.590755201811223 0
    endloop
  endfacet
  facet normal 0 0 -1
    outer loop
      vertex 3.6687599643282316 -13.691998587647545 0
      vertex 3.9611216802140463 -9.262950789622671 0
      vertex 3.9942964258242113 -9.429731498369883 0
    endloop
  endfacet
  facet normal 0 0 -1
    outer loop
      vertex 3.6687599643282316 -13.691998587647545 0
      vertex 3.95 -9.093266739736606 0
      vertex 3.9611216802140463 -9.262950789622671 0
    endloop
  endfacet
  facet normal 0 0 -1
    outer loop
      vertex 3.6687599643282316 -13.691998587647545 0
      vertex 4.218640657621394 -9.884656597447943 0
      vertex 4.330761184457488 -10.012505555279118 0
    endloop
  endfacet
  facet normal 0 0 -1
    outer loop
      vertex 3.6687599643282316 -13.691998587647545 0
      vertex 4.12416697508023 -9.743266739736606 0
      vertex 4.218640657621394 -9.884656597447943 0
    endloop
  endfacet
  facet normal 0 0 -1
    outer loop
      vertex 3.6687599643282316 -13.691998587647545 0
      vertex 4.330761184457488 -10.012505555279118 0
      vertex 4.458610142288664 -10.124626082115212 0
    endloop
  endfacet
  facet normal 0 0 -1
    outer loop
      vertex 3.6687599643282316 -13.691998587647545 0
      vertex 4.458610142288664 -10.124626082115212 0
      vertex 4.6000000000000005 -10.219099764656375 0
    endloop
  endfacet
  facet normal 0 0 -1
    outer loop
      vertex 3.6687599643282316 -13.691998587647545 0
      vertex 4.7525115379253835 -10.294310132001279 0
      vertex 4.913535241366723 -10.348970313912394 0
    endloop
  endfacet
  facet normal 0 0 -1
    outer loop
      vertex 3.6687599643282316 -13.691998587647545 0
      vertex 4.6000000000000005 -10.219099764656375 0
      vertex 4.7525115379253835 -10.294310132001279 0
    endloop
  endfacet
  facet normal 0 0 1
    outer loop
      vertex 3.6687599643282316 -13.691998587647545 2.5
      vertex 4.12416697508023 -9.743266739736606 2.5
      vertex 4.048956607735327 -9.590755201811223 2.5
    endloop
  endfacet
  facet normal 0 0 1
    outer loop
      vertex 3.6687599643282316 -13.691998587647545 2.5
      vertex 4.048956607735327 -9.590755201811223 2.5
      vertex 3.9942964258242113 -9.429731498369883 2.5
    endloop
  endfacet
  facet normal 0 0 1
    outer loop
      vertex 3.6687599643282316 -13.691998587647545 2.5
      vertex 3.9942964258242113 -9.429731498369883 2.5
      vertex 3.9611216802140463 -9.262950789622671 2.5
    endloop
  endfacet
  facet normal 0 0 1
    outer loop
      vertex 3.6687599643282316 -13.691998587647545 2.5
      vertex 4.330761184457488 -10.012505555279118 2.5
      vertex 4.218640657621394 -9.884656597447943 2.5
    endloop
  endfacet
  facet normal 0 0 1
    outer loop
      vertex 3.6687599643282316 -13.691998587647545 2.5
      vertex 4.218640657621394 -9.884656597447943 2.5
      vertex 4.12416697508023 -9.743266739736606 2.5
    endloop
  endfacet
  facet normal 0 0 1
    outer loop
      vertex 3.6687599643282316 -13.691998587647545 2.5
      vertex 4.458610142288664 -10.124626082115212 2.5
      vertex 4.330761184457488 -10.012505555279118 2.5
    endloop
  endfacet
  facet normal 0 0 1
    outer loop
      vertex 3.6687599643282316 -13.691998587647545 2.5
      vertex 4.6000000000000005 -10.219099764656375 2.5
      vertex 4.458610142288664 -10.124626082115212 2.5
    endloop
  endfacet
  facet normal 0 0 1
    outer loop
      vertex 3.6687599643282316 -13.691998587647545 2.5
      vertex 4.7525115379253835 -10.294310132001279 2.5
      vertex 4.6000000000000005 -10.219099764656375 2.5
    endloop
  endfacet
  facet normal 0 0 -1
    outer loop
      vertex 3.6687599643282316 -13.691998587647545 0
      vertex 5.080315950113933 -10.382145059522559 0
      vertex 5.424537653775148 -13.09599237334749 0
    endloop
  endfacet
  facet normal 0 0 1
    outer loop
      vertex 3.6687599643282316 -13.691998587647545 2.5
      vertex 5.424537653775148 -13.09599237334749 2.5
      vertex 4.7525115379253835 -10.294310132001279 2.5
    endloop
  endfacet
  facet normal 0 0 -1
    outer loop
      vertex 3.6687599643282316 -13.691998587647545 0
      vertex 4.913535241366723 -10.348970313912394 0
      vertex 5.080315950113933 -10.382145059522559 0
    endloop
  endfacet
  facet normal 0 0 -1
    outer loop
      vertex 5.424537653775148 -13.09599237334749 0
      vertex 5.080315950113933 -10.382145059522559 0
      vertex 5.25 -10.393266739736603 0
    endloop
  endfacet
  facet normal 0 0 1
    outer loop
      vertex 5.424537653775148 -13.09599237334749 2.5
      vertex 4.913535241366723 -10.348970313912394 2.5
      vertex 4.7525115379253835 -10.294310132001279 2.5
    endloop
  endfacet
  facet normal 0 0 1
    outer loop
      vertex 5.424537653775148 -13.09599237334749 2.5
      vertex 5.080315950113933 -10.382145059522559 2.5
      vertex 4.913535241366723 -10.348970313912394 2.5
    endloop
  endfacet
  facet normal 0 0 1
    outer loop
      vertex 5.424537653775148 -13.09599237334749 2.5
      vertex 5.25 -10.393266739736603 2.5
      vertex 5.080315950113933 -10.382145059522559 2.5
    endloop
  endfacet
  facet normal 0.44228869021900136 -0.8968727415326884 0
    outer loop
      vertex 5.424537653775148 -13.09599237334749 0
      vertex 7.0875 -12.275910098644419 2.5
      vertex 5.424537653775148 -13.09599237334749 2.5
    endloop
  endfacet
  facet normal 0.44228869021900136 -0.8968727415326884 0
    outer loop
      vertex 5.424537653775148 -13.09599237334749 0
      vertex 7.0875 -12.275910098644419 0
      vertex 7.0875 -12.275910098644419 2.5
    endloop
  endfacet
  facet normal 0 0 -1
    outer loop
      vertex 5.424537653775148 -13.09599237334749 0
      vertex 5.7474884620746165 -10.294310132001279 0
      vertex 7.0875 -12.275910098644419 0
    endloop
  endfacet
  facet normal 0 0 1
    outer loop
      vertex 5.424537653775148 -13.09599237334749 2.5
      vertex 7.0875 -12.275910098644419 2.5
      vertex 5.419684049886067 -10.382145059522559 2.5
    endloop
  endfacet
  facet normal 0 0 -1
    outer loop
      vertex 5.424537653775148 -13.09599237334749 0
      vertex 5.25 -10.393266739736603 0
      vertex 5.419684049886067 -10.382145059522559 0
    endloop
  endfacet
  facet normal 0 0 -1
    outer loop
      vertex 5.424537653775148 -13.09599237334749 0
      vertex 5.419684049886067 -10.382145059522559 0
      vertex 5.5864647586332765 -10.348970313912393 0
    endloop
  endfacet
  facet normal 0 0 -1
    outer loop
      vertex 5.424537653775148 -13.09599237334749 0
      vertex 5.5864647586332765 -10.348970313912393 0
      vertex 5.7474884620746165 -10.294310132001279 0
    endloop
  endfacet
  facet normal 0 0 1
    outer loop
      vertex 5.424537653775148 -13.09599237334749 2.5
      vertex 5.419684049886067 -10.382145059522559 2.5
      vertex 5.25 -10.393266739736603 2.5
    endloop
  endfacet
  facet normal 0 0 1
    outer loop
      vertex 7.0875 -12.275910098644419 2.5
      vertex 5.5864647586332765 -10.348970313912393 2.5
      vertex 5.419684049886067 -10.382145059522559 2.5
    endloop
  endfacet
  facet normal 0 0 1
    outer loop
      vertex 7.0875 -12.275910098644419 2.5
      vertex 5.7474884620746165 -10.294310132001279 2.5
      vertex 5.5864647586332765 -10.348970313912393 2.5
    endloop
  endfacet
  facet normal 0 0 -1
    outer loop
      vertex 7.0875 -12.275910098644419 0
      vertex 5.7474884620746165 -10.294310132001279 0
      vertex 5.9 -10.219099764656375 0
    endloop
  endfacet
  facet normal 0 0 -1
    outer loop
      vertex 7.0875 -12.275910098644419 0
      vertex 5.9 -10.219099764656375 0
      vertex 6.041389857711336 -10.12462608211521 0
    endloop
  endfacet
  facet normal 0 0 -1
    outer loop
      vertex 7.0875 -12.275910098644419 0
      vertex 6.041389857711336 -10.12462608211521 0
      vertex 6.169238815542512 -10.012505555279116 0
    endloop
  endfacet
  facet normal 0 0 -1
    outer loop
      vertex 7.0875 -12.275910098644419 0
      vertex 6.169238815542512 -10.012505555279116 0
      vertex 6.281359342378606 -9.884656597447941 0
    endloop
  endfacet
  facet normal 0 0 -1
    outer loop
      vertex 7.0875 -12.275910098644419 0
      vertex 6.281359342378606 -9.884656597447941 0
      vertex 6.375833024919769 -9.743266739736605 0
    endloop
  endfacet
  facet normal 0 0 1
    outer loop
      vertex 7.0875 -12.275910098644419 2.5
      vertex 5.9 -10.219099764656375 2.5
      vertex 5.7474884620746165 -10.294310132001279 2.5
    endloop
  endfacet
  facet normal 0 0 1
    outer loop
      vertex 7.0875 -12.275910098644419 2.5
      vertex 6.041389857711336 -10.12462608211521 2.5
      vertex 5.9 -10.219099764656375 2.5
    endloop
  endfacet
  facet normal 0 0 1
    outer loop
      vertex 7.0875 -12.275910098644419 2.5
      vertex 6.169238815542512 -10.012505555279116 2.5
      vertex 6.041389857711336 -10.12462608211521 2.5
    endloop
  endfacet
  facet normal 0 0 1
    outer loop
      vertex 7.0875 -12.275910098644419 2.5
      vertex 6.281359342378606 -9.884656597447941 2.5
      vertex 6.169238815542512 -10.012505555279116 2.5
    endloop
  endfacet
  facet normal 0 0 1
    outer loop
      vertex 7.0875 -12.275910098644419 2.5
      vertex 6.375833024919769 -9.743266739736605 2.5
      vertex 6.281359342378606 -9.884656597447941 2.5
    endloop
  endfacet
  facet normal 0 0 1
    outer loop
      vertex 3.6687599643282316 -13.691998587647545 2.5
      vertex 3.9611216802140463 -9.262950789622671 2.5
      vertex 3.5355339059327378 -3.5355339059327378 2.5
    endloop
  endfacet
  facet normal 0 0 1
    outer loop
      vertex 3.5355339059327378 -3.5355339059327378 2.5
      vertex 3.9611216802140463 -9.262950789622671 2.5
      vertex 3.95 -9.093266739736606 2.5
    endloop
  endfacet
  facet normal 0 0 1
    outer loop
      vertex 3.5355339059327378 -3.5355339059327378 2.5
      vertex 3.95 -9.093266739736606 2.5
      vertex 3.9611216802140463 -8.923582689850539 2.5
    endloop
  endfacet
  facet normal 0 0 -1
    outer loop
      vertex 7.0875 -12.275910098644419 0
      vertex 6.375833024919769 -9.743266739736605 0
      vertex 6.451043392264673 -9.590755201811222 0
    endloop
  endfacet
  facet normal 0 0 -1
    outer loop
      vertex 7.0875 -12.275910098644419 0
      vertex 6.451043392264673 -9.590755201811222 0
      vertex 6.505703574175789 -9.42973149836988 0
    endloop
  endfacet
  facet normal 0 0 -1
    outer loop
      vertex 7.0875 -12.275910098644419 0
      vertex 6.505703574175789 -9.42973149836988 0
      vertex 6.538878319785954 -9.262950789622671 0
    endloop
  endfacet
  facet normal 0 0 -1
    outer loop
      vertex 7.0875 -12.275910098644419 0
      vertex 6.538878319785954 -9.262950789622671 0
      vertex 6.55 -9.093266739736604 0
    endloop
  endfacet
  facet normal 0 0 1
    outer loop
      vertex 7.0875 -12.275910098644419 2.5
      vertex 6.451043392264673 -9.590755201811222 2.5
      vertex 6.375833024919769 -9.743266739736605 2.5
    endloop
  endfacet
  facet normal 0 0 1
    outer loop
      vertex 7.0875 -12.275910098644419 2.5
      vertex 6.505703574175789 -9.42973149836988 2.5
      vertex 6.451043392264673 -9.590755201811222 2.5
    endloop
  endfacet
  facet normal 0 0 1
    outer loop
      vertex 7.0875 -12.275910098644419 2.5
      vertex 6.538878319785954 -9.262950789622671 2.5
      vertex 6.505703574175789 -9.42973149836988 2.5
    endloop
  endfacet
  facet normal 0 0 1
    outer loop
      vertex 7.0875 -12.275910098644419 2.5
      vertex 6.55 -9.093266739736604 2.5
      vertex 6.538878319785954 -9.262950789622671 2.5
    endloop
  endfacet
  facet normal 0 0 -1
    outer loop
      vertex 0 -14.175 0
      vertex 1.850208774719231 14.053730909973764 0
      vertex 1.850208774719231 -14.053730909973764 0
    endloop
  endfacet
  facet normal 0 0 1
    outer loop
      vertex 3.6687599643282316 -13.691998587647545 2.5
      vertex 3.5355339059327378 -3.5355339059327378 2.5
      vertex 3.043807145043603 -3.9667667014561756 2.5
    endloop
  endfacet
  facet normal 0 0 -1
    outer loop
      vertex 1.850208774719231 -14.053730909973764 0
      vertex 3.6687599643282316 13.691998587647545 0
      vertex 3.6687599643282316 -13.691998587647545 0
    endloop
  endfacet
  facet normal 0 0 1
    outer loop
      vertex 3.5355339059327378 -3.5355339059327378 2.5
      vertex 3.9611216802140463 -8.923582689850539 2.5
      vertex 3.9942964258242113 -8.75680198110333 2.5
    endloop
  endfacet
  facet normal 0 0 1
    outer loop
      vertex 3.5355339059327378 -3.5355339059327378 2.5
      vertex 3.9942964258242113 -8.75680198110333 2.5
      vertex 4.048956607735327 -8.595778277661989 2.5
    endloop
  endfacet
  facet normal 0 0 1
    outer loop
      vertex 3.5355339059327378 -3.5355339059327378 2.5
      vertex 4.048956607735327 -8.595778277661989 2.5
      vertex 4.124166975080231 -8.443266739736606 2.5
    endloop
  endfacet
  facet normal 0 0 1
    outer loop
      vertex 3.5355339059327378 -3.5355339059327378 2.5
      vertex 4.124166975080231 -8.443266739736606 2.5
      vertex 4.218640657621394 -8.301876882025269 2.5
    endloop
  endfacet
  facet normal 0 0 1
    outer loop
      vertex 3.5355339059327378 -3.5355339059327378 2.5
      vertex 4.218640657621394 -8.301876882025269 2.5
      vertex 4.330761184457488 -8.174027924194094 2.5
    endloop
  endfacet
  facet normal 0 0 1
    outer loop
      vertex 3.5355339059327378 -3.5355339059327378 2.5
      vertex 4.330761184457488 -8.174027924194094 2.5
      vertex 4.458610142288664 -8.061907397358 2.5
    endloop
  endfacet
  facet normal 0 0 1
    outer loop
      vertex 3.5355339059327378 -3.5355339059327378 2.5
      vertex 4.458610142288664 -8.061907397358 2.5
      vertex 4.6 -7.967433714816835 2.5
    endloop
  endfacet
  facet normal 0 0 1
    outer loop
      vertex 3.5355339059327378 -3.5355339059327378 2.5
      vertex 4.6 -7.967433714816835 2.5
      vertex 4.7525115379253835 -7.892223347471933 2.5
    endloop
  endfacet
  facet normal 0 0 1
    outer loop
      vertex 3.9667667014561756 -3.043807145043603 2.5
      vertex 4.7525115379253835 -7.892223347471933 2.5
      vertex 4.9135352413667235 -7.837563165560818 2.5
    endloop
  endfacet
  facet normal 0 0 1
    outer loop
      vertex 4.330127018922193 -2.5 2.5
      vertex 4.9135352413667235 -7.837563165560818 2.5
      vertex 5.080315950113933 -7.8043884199506515 2.5
    endloop
  endfacet
  facet normal 0 0 1
    outer loop
      vertex 4.619397662556434 -1.913417161825449 2.5
      vertex 5.080315950113933 -7.8043884199506515 2.5
      vertex 5.25 -7.793266739736606 2.5
    endloop
  endfacet
  facet normal 0 0 1
    outer loop
      vertex 4.957224306869052 -0.6526309611002579 2.5
      vertex 5.25 -7.793266739736606 2.5
      vertex 5.419684049886067 -7.8043884199506515 2.5
    endloop
  endfacet
  facet normal 0 0 1
    outer loop
      vertex 3.5355339059327378 -3.5355339059327378 2.5
      vertex 4.7525115379253835 -7.892223347471933 2.5
      vertex 3.9667667014561756 -3.043807145043603 2.5
    endloop
  endfacet
  facet normal 0 0 1
    outer loop
      vertex 3.9667667014561756 -3.043807145043603 2.5
      vertex 4.9135352413667235 -7.837563165560818 2.5
      vertex 4.330127018922193 -2.5 2.5
    endloop
  endfacet
  facet normal 0 0 1
    outer loop
      vertex 4.330127018922193 -2.5 2.5
      vertex 5.080315950113933 -7.8043884199506515 2.5
      vertex 4.619397662556434 -1.913417161825449 2.5
    endloop
  endfacet
  facet normal 0 0 1
    outer loop
      vertex 4.619397662556434 -1.913417161825449 2.5
      vertex 5.25 -7.793266739736606 2.5
      vertex 4.8296291314453415 -1.2940952255126037 2.5
    endloop
  endfacet
  facet normal 0 0 1
    outer loop
      vertex 5 0 2.5
      vertex 5.419684049886067 -7.8043884199506515 2.5
      vertex 5.586464758633277 -7.837563165560817 2.5
    endloop
  endfacet
  facet normal 0 0 1
    outer loop
      vertex 7.0875 -12.275910098644419 2.5
      vertex 5.7474884620746165 7.8922233474719325 2.5
      vertex 6.55 -9.093266739736604 2.5
    endloop
  endfacet
  facet normal 0 0 -1
    outer loop
      vertex 3.6687599643282316 -13.691998587647545 0
      vertex 3.6687599643282316 13.691998587647545 0
      vertex 3.95 -9.093266739736606 0
    endloop
  endfacet
  facet normal 0 0 -1
    outer loop
      vertex 3.9611216802140463 -8.923582689850539 0
      vertex 5.080315950113933 7.8043884199506515 0
      vertex 3.9942964258242113 -8.75680198110333 0
    endloop
  endfacet
  facet normal 0 0 -1
    outer loop
      vertex 5.080315950113933 7.8043884199506515 0
      vertex 4.048956607735327 -8.595778277661989 0
      vertex 3.9942964258242113 -8.75680198110333 0
    endloop
  endfacet
  facet normal 0 0 -1
    outer loop
      vertex 5.080315950113933 7.8043884199506515 0
      vertex 4.124166975080231 -8.443266739736606 0
      vertex 4.048956607735327 -8.595778277661989 0
    endloop
  endfacet
  facet normal 0 0 -1
    outer loop
      vertex 5.080315950113933 7.8043884199506515 0
      vertex 4.218640657621394 -8.301876882025269 0
      vertex 4.124166975080231 -8.443266739736606 0
    endloop
  endfacet
  facet normal 0 0 -1
    outer loop
      vertex 5.080315950113933 7.8043884199506515 0
      vertex 4.330761184457488 -8.174027924194094 0
      vertex 4.218640657621394 -8.301876882025269 0
    endloop
  endfacet
  facet normal 0 0 -1
    outer loop
      vertex 5.080315950113933 7.8043884199506515 0
      vertex 4.458610142288664 -8.061907397358 0
      vertex 4.330761184457488 -8.174027924194094 0
    endloop
  endfacet
  facet normal 0 0 -1
    outer loop
      vertex 5.080315950113933 7.8043884199506515 0
      vertex 4.6 -7.967433714816835 0
      vertex 4.458610142288664 -8.061907397358 0
    endloop
  endfacet
  facet normal 0 0 -1
    outer loop
      vertex 5.080315950113933 7.8043884199506515 0
      vertex 4.7525115379253835 -7.892223347471933 0
      vertex 4.6 -7.967433714816835 0
    endloop
  endfacet
  facet normal 0 0 1
    outer loop
      vertex 4.8296291314453415 -1.2940952255126037 2.5
      vertex 5.25 -7.793266739736606 2.5
      vertex 4.957224306869052 -0.6526309611002579 2.5
    endloop
  endfacet
  facet normal 0 0 1
    outer loop
      vertex 4.957224306869052 -0.6526309611002579 2.5
      vertex 5.419684049886067 -7.8043884199506515 2.5
      vertex 5 0 2.5
    endloop
  endfacet
  facet normal 0 0 -1
    outer loop
      vertex 5.080315950113933 7.8043884199506515 0
      vertex 4.9135352413667235 -7.837563165560818 0
      vertex 4.7525115379253835 -7.892223347471933 0
    endloop
  endfacet
  facet normal 0 0 -1
    outer loop
      vertex 5.080315950113933 -7.8043884199506515 0
      vertex 4.9135352413667235 -7.837563165560818 0
      vertex 5.080315950113933 7.8043884199506515 0
    endloop
  endfacet
  facet normal 0 0 -1
    outer loop
      vertex 5.080315950113933 -7.8043884199506515 0
      vertex 5.25 7.793266739736606 0
      vertex 5.25 -7.793266739736606 0
    endloop
  endfacet
  facet normal 0 0 -1
    outer loop
      vertex 3.6687599643282316 13.691998587647545 0
      vertex 3.9611216802140463 -8.923582689850539 0
      vertex 3.95 -9.093266739736606 0
    endloop
  endfacet
  facet normal 0 0 1
    outer loop
      vertex 5.7474884620746165 7.8922233474719325 2.5
      vertex 6.041389857711336 -8.061907397357999 2.5
      vertex 6.169238815542512 -8.174027924194093 2.5
    endloop
  endfacet
  facet normal 0 0 1
    outer loop
      vertex 5.7474884620746165 7.8922233474719325 2.5
      vertex 5.8999999999999995 -7.967433714816836 2.5
      vertex 6.041389857711336 -8.061907397357999 2.5
    endloop
  endfacet
  facet normal 0 0 1
    outer loop
      vertex 5.7474884620746165 7.8922233474719325 2.5
      vertex 6.37583302491977 -8.443266739736606 2.5
      vertex 6.451043392264673 -8.595778277661989 2.5
    endloop
  endfacet
  facet normal 0 0 1
    outer loop
      vertex 5.7474884620746165 7.8922233474719325 2.5
      vertex 6.281359342378606 -8.301876882025269 2.5
      vertex 6.37583302491977 -8.443266739736606 2.5
    endloop
  endfacet
  facet normal 0 0 1
    outer loop
      vertex 5.7474884620746165 7.8922233474719325 2.5
      vertex 6.169238815542512 -8.174027924194093 2.5
      vertex 6.281359342378606 -8.301876882025269 2.5
    endloop
  endfacet
  facet normal 0 0 -1
    outer loop
      vertex 5.419684049886067 -7.8043884199506515 0
      vertex 5.25 -7.793266739736606 0
      vertex 5.419684049886067 7.8043884199506515 0
    endloop
  endfacet
  facet normal 0 0 -1
    outer loop
      vertex 5.586464758633277 -7.837563165560817 0
      vertex 5.419684049886067 -7.8043884199506515 0
      vertex 5.586464758633277 7.837563165560817 0
    endloop
  endfacet
  facet normal 0 0 -1
    outer loop
      vertex 5.7474884620746165 -7.8922233474719325 0
      vertex 5.586464758633277 -7.837563165560817 0
      vertex 5.7474884620746165 7.8922233474719325 0
    endloop
  endfacet
  facet normal 0 0 1
    outer loop
      vertex 5.586464758633277 -7.837563165560817 2.5
      vertex 5.7474884620746165 -7.8922233474719325 2.5
      vertex 5.586464758633277 7.837563165560817 2.5
    endloop
  endfacet
  facet normal 0 0 1
    outer loop
      vertex 5.7474884620746165 7.8922233474719325 2.5
      vertex 5.7474884620746165 -7.8922233474719325 2.5
      vertex 5.8999999999999995 -7.967433714816836 2.5
    endloop
  endfacet
  facet normal 0 0 -1
    outer loop
      vertex 7.0875 -12.275910098644419 0
      vertex 6.55 -9.093266739736604 0
      vertex 7.0875 12.275910098644419 0
    endloop
  endfacet
  facet normal 0 0 1
    outer loop
      vertex 5.7474884620746165 7.8922233474719325 2.5
      vertex 6.538878319785954 -8.923582689850539 2.5
      vertex 6.55 -9.093266739736604 2.5
    endloop
  endfacet
  facet normal 0 0 1
    outer loop
      vertex 5.7474884620746165 7.8922233474719325 2.5
      vertex 6.505703574175788 -8.756801981103328 2.5
      vertex 6.538878319785954 -8.923582689850539 2.5
    endloop
  endfacet
  facet normal 0 0 1
    outer loop
      vertex 5.7474884620746165 7.8922233474719325 2.5
      vertex 6.451043392264673 -8.595778277661989 2.5
      vertex 6.505703574175788 -8.756801981103328 2.5
    endloop
  endfacet
  facet normal 0 0 -1
    outer loop
      vertex 7.0875 12.275910098644419 0
      vertex 6.55 -9.093266739736604 0
      vertex 6.538878319785954 -8.923582689850539 0
    endloop
  endfacet
  facet normal 0 0 -1
    outer loop
      vertex 7.0875 12.275910098644419 0
      vertex 6.538878319785954 -8.923582689850539 0
      vertex 6.505703574175788 -8.756801981103328 0
    endloop
  endfacet
  facet normal 0 0 1
    outer loop
      vertex 5 0 2.5
      vertex 5.586464758633277 -7.837563165560817 2.5
      vertex 5.419684049886067 7.8043884199506515 2.5
    endloop
  endfacet
  facet normal 0 0 -1
    outer loop
      vertex 7.0875 12.275910098644419 0
      vertex 6.451043392264673 -8.595778277661989 0
      vertex 6.37583302491977 -8.443266739736606 0
    endloop
  endfacet
  facet normal 0 0 -1
    outer loop
      vertex 7.0875 12.275910098644419 0
      vertex 6.281359342378606 -8.301876882025269 0
      vertex 6.169238815542512 -8.174027924194093 0
    endloop
  endfacet
  facet normal 0 0 -1
    outer loop
      vertex 7.0875 12.275910098644419 0
      vertex 6.37583302491977 -8.443266739736606 0
      vertex 6.281359342378606 -8.301876882025269 0
    endloop
  endfacet
  facet normal 0 0 -1
    outer loop
      vertex 7.0875 12.275910098644419 0
      vertex 5.8999999999999995 -7.967433714816836 0
      vertex 5.7474884620746165 -7.8922233474719325 0
    endloop
  endfacet
  facet normal 0 0 -1
    outer loop
      vertex 7.0875 12.275910098644419 0
      vertex 6.041389857711336 -8.061907397357999 0
      vertex 5.8999999999999995 -7.967433714816836 0
    endloop
  endfacet
  facet normal 0 0 -1
    outer loop
      vertex 7.0875 12.275910098644419 0
      vertex 6.169238815542512 -8.174027924194093 0
      vertex 6.041389857711336 -8.061907397357999 0
    endloop
  endfacet
  facet normal 0 0 -1
    outer loop
      vertex 7.0875 12.275910098644419 0
      vertex 6.505703574175788 -8.756801981103328 0
      vertex 6.451043392264673 -8.595778277661989 0
    endloop
  endfacet
  facet normal 0.5555702330196023 -0.8314696123025452 0
    outer loop
      vertex 7.0875 -12.275910098644419 0
      vertex 8.629193256198615 -11.24578359862826 2.5
      vertex 7.0875 -12.275910098644419 2.5
    endloop
  endfacet
  facet normal 0.5555702330196023 -0.8314696123025452 0
    outer loop
      vertex 7.0875 -12.275910098644419 0
      vertex 8.629193256198615 -11.24578359862826 0
      vertex 8.629193256198615 -11.24578359862826 2.5
    endloop
  endfacet
  facet normal 0.6593458151000687 -0.7518398074789775 0
    outer loop
      vertex 8.629193256198615 -11.24578359862826 0
      vertex 10.023238623319312 -10.023238623319312 2.5
      vertex 8.629193256198615 -11.24578359862826 2.5
    endloop
  endfacet
  facet normal 0.6593458151000687 -0.7518398074789775 0
    outer loop
      vertex 8.629193256198615 -11.24578359862826 0
      vertex 10.023238623319312 -10.023238623319312 0
      vertex 10.023238623319312 -10.023238623319312 2.5
    endloop
  endfacet
  facet normal 0.7518398074789775 -0.6593458151000687 0
    outer loop
      vertex 10.023238623319312 -10.023238623319312 0
      vertex 11.24578359862826 -8.629193256198615 0
      vertex 10.023238623319312 -10.023238623319312 2.5
    endloop
  endfacet
  facet normal 0 0 -1
    outer loop
      vertex 8.629193256198615 -11.24578359862826 0
      vertex 9.37416697508023 -0.65 0
      vertex 10.023238623319312 -10.023238623319312 0
    endloop
  endfacet
  facet normal 0 0 1
    outer loop
      vertex 8.629193256198615 -11.24578359862826 2.5
      vertex 10.023238623319312 -10.023238623319312 2.5
      vertex 9.37416697508023 -0.65 2.5
    endloop
  endfacet
  facet normal 0.7518398074789775 -0.6593458151000687 0
    outer loop
      vertex 10.023238623319312 -10.023238623319312 2.5
      vertex 11.24578359862826 -8.629193256198615 0
      vertex 11.24578359862826 -8.629193256198615 2.5
    endloop
  endfacet
  facet normal 0.8314696123025452 -0.5555702330196023 0
    outer loop
      vertex 11.24578359862826 -8.629193256198615 0
      vertex 12.275910098644419 -7.0875 0
      vertex 11.24578359862826 -8.629193256198615 2.5
    endloop
  endfacet
  facet normal 0.8314696123025452 -0.5555702330196023 0
    outer loop
      vertex 11.24578359862826 -8.629193256198615 2.5
      vertex 12.275910098644419 -7.0875 0
      vertex 12.275910098644419 -7.0875 2.5
    endloop
  endfacet
  facet normal 0 0 1
    outer loop
      vertex 7.0875 -12.275910098644419 2.5
      vertex 8.629193256198615 -11.24578359862826 2.5
      vertex 7.0875 12.275910098644419 2.5
    endloop
  endfacet
  facet normal 0 0 -1
    outer loop
      vertex 7.0875 -12.275910098644419 0
      vertex 8.629193256198615 11.24578359862826 0
      vertex 8.629193256198615 -11.24578359862826 0
    endloop
  endfacet
  facet normal 0 0 -1
    outer loop
      vertex 10.023238623319312 -10.023238623319312 0
      vertex 10.669684049886067 -1.2888783197859535 0
      vertex 11.24578359862826 -8.629193256198615 0
    endloop
  endfacet
  facet normal 0 0 1
    outer loop
      vertex 10.023238623319312 -10.023238623319312 2.5
      vertex 11.24578359862826 -8.629193256198615 2.5
      vertex 10.002511537925383 -1.2010433922646728 2.5
    endloop
  endfacet
  facet normal 0 0 -1
    outer loop
      vertex 8.629193256198615 -11.24578359862826 0
      vertex 9.298956607735327 -0.4974884620746167 0
      vertex 9.37416697508023 -0.65 0
    endloop
  endfacet
  facet normal 0 0 -1
    outer loop
      vertex 8.629193256198615 -11.24578359862826 0
      vertex 9.244296425824212 -0.33646475863327696 0
      vertex 9.298956607735327 -0.4974884620746167 0
    endloop
  endfacet
  facet normal 0 0 -1
    outer loop
      vertex 8.629193256198615 -11.24578359862826 0
      vertex 9.211121680214047 -0.16968404988606706 0
      vertex 9.244296425824212 -0.33646475863327696 0
    endloop
  endfacet
  facet normal 0 0 -1
    outer loop
      vertex 8.629193256198615 -11.24578359862826 0
      vertex 9.2 0 0
      vertex 9.211121680214047 -0.16968404988606706 0
    endloop
  endfacet
  facet normal 0 0 -1
    outer loop
      vertex 10.023238623319312 -10.023238623319312 0
      vertex 9.580761184457488 -0.9192388155425119 0
      vertex 9.708610142288663 -1.0313593423786058 0
    endloop
  endfacet
  facet normal 0 0 -1
    outer loop
      vertex 10.023238623319312 -10.023238623319312 0
      vertex 9.37416697508023 -0.65 0
      vertex 9.468640657621394 -0.7913898577113369 0
    endloop
  endfacet
  facet normal 0 0 -1
    outer loop
      vertex 10.023238623319312 -10.023238623319312 0
      vertex 9.468640657621394 -0.7913898577113369 0
      vertex 9.580761184457488 -0.9192388155425119 0
    endloop
  endfacet
  facet normal 0 0 1
    outer loop
      vertex 8.629193256198615 -11.24578359862826 2.5
      vertex 9.37416697508023 -0.65 2.5
      vertex 9.298956607735327 -0.4974884620746167 2.5
    endloop
  endfacet
  facet normal 0 0 1
    outer loop
      vertex 8.629193256198615 -11.24578359862826 2.5
      vertex 9.298956607735327 -0.4974884620746167 2.5
      vertex 9.244296425824212 -0.33646475863327696 2.5
    endloop
  endfacet
  facet normal 0 0 1
    outer loop
      vertex 8.629193256198615 -11.24578359862826 2.5
      vertex 9.244296425824212 -0.33646475863327696 2.5
      vertex 9.211121680214047 -0.16968404988606706 2.5
    endloop
  endfacet
  facet normal 0 0 1
    outer loop
      vertex 8.629193256198615 -11.24578359862826 2.5
      vertex 9.211121680214047 -0.16968404988606706 2.5
      vertex 9.2 0 2.5
    endloop
  endfacet
  facet normal 0 0 1
    outer loop
      vertex 10.023238623319312 -10.023238623319312 2.5
      vertex 9.708610142288663 -1.0313593423786058 2.5
      vertex 9.580761184457488 -0.9192388155425119 2.5
    endloop
  endfacet
  facet normal 0 0 1
    outer loop
      vertex 10.023238623319312 -10.023238623319312 2.5
      vertex 9.468640657621394 -0.7913898577113369 2.5
      vertex 9.37416697508023 -0.65 2.5
    endloop
  endfacet
  facet normal 0 0 1
    outer loop
      vertex 10.023238623319312 -10.023238623319312 2.5
      vertex 9.580761184457488 -0.9192388155425119 2.5
      vertex 9.468640657621394 -0.7913898577113369 2.5
    endloop
  endfacet
  facet normal 0 0 -1
    outer loop
      vertex 10.023238623319312 -10.023238623319312 0
      vertex 9.708610142288663 -1.0313593423786058 0
      vertex 9.85 -1.12583302491977 0
    endloop
  endfacet
  facet normal 0 0 -1
    outer loop
      vertex 10.023238623319312 -10.023238623319312 0
      vertex 9.85 -1.12583302491977 0
      vertex 10.002511537925383 -1.2010433922646728 0
    endloop
  endfacet
  facet normal 0 0 -1
    outer loop
      vertex 10.023238623319312 -10.023238623319312 0
      vertex 10.002511537925383 -1.2010433922646728 0
      vertex 10.163535241366723 -1.255703574175789 0
    endloop
  endfacet
  facet normal 0 0 -1
    outer loop
      vertex 10.023238623319312 -10.023238623319312 0
      vertex 10.163535241366723 -1.255703574175789 0
      vertex 10.330315950113933 -1.2888783197859535 0
    endloop
  endfacet
  facet normal 0 0 -1
    outer loop
      vertex 10.023238623319312 -10.023238623319312 0
      vertex 10.330315950113933 -1.2888783197859535 0
      vertex 10.5 -1.3 0
    endloop
  endfacet
  facet normal 0 0 -1
    outer loop
      vertex 10.023238623319312 -10.023238623319312 0
      vertex 10.5 -1.3 0
      vertex 10.669684049886067 -1.2888783197859535 0
    endloop
  endfacet
  facet normal 0 0 1
    outer loop
      vertex 10.023238623319312 -10.023238623319312 2.5
      vertex 9.85 -1.12583302491977 2.5
      vertex 9.708610142288663 -1.0313593423786058 2.5
    endloop
  endfacet
  facet normal 0 0 1
    outer loop
      vertex 10.023238623319312 -10.023238623319312 2.5
      vertex 10.002511537925383 -1.2010433922646728 2.5
      vertex 9.85 -1.12583302491977 2.5
    endloop
  endfacet
  facet normal 0 0 1
    outer loop
      vertex 11.24578359862826 -8.629193256198615 2.5
      vertex 10.163535241366723 -1.255703574175789 2.5
      vertex 10.002511537925383 -1.2010433922646728 2.5
    endloop
  endfacet
  facet normal 0 0 1
    outer loop
      vertex 11.24578359862826 -8.629193256198615 2.5
      vertex 10.330315950113933 -1.2888783197859535 2.5
      vertex 10.163535241366723 -1.255703574175789 2.5
    endloop
  endfacet
  facet normal 0 0 1
    outer loop
      vertex 11.24578359862826 -8.629193256198615 2.5
      vertex 12.275910098644419 -7.0875 2.5
      vertex 11.15 -1.12583302491977 2.5
    endloop
  endfacet
  facet normal 0 0 -1
    outer loop
      vertex 11.24578359862826 -8.629193256198615 0
      vertex 10.669684049886067 -1.2888783197859535 0
      vertex 10.836464758633277 -1.255703574175789 0
    endloop
  endfacet
  facet normal 0 0 -1
    outer loop
      vertex 11.24578359862826 -8.629193256198615 0
      vertex 10.836464758633277 -1.255703574175789 0
      vertex 10.997488462074617 -1.2010433922646728 0
    endloop
  endfacet
  facet normal 0 0 -1
    outer loop
      vertex 11.24578359862826 -8.629193256198615 0
      vertex 10.997488462074617 -1.2010433922646728 0
      vertex 11.15 -1.12583302491977 0
    endloop
  endfacet
  facet normal 0 0 -1
    outer loop
      vertex 11.24578359862826 -8.629193256198615 0
      vertex 11.15 -1.12583302491977 0
      vertex 11.291389857711337 -1.0313593423786058 0
    endloop
  endfacet
  facet normal 0 0 1
    outer loop
      vertex 11.24578359862826 -8.629193256198615 2.5
      vertex 10.5 -1.3 2.5
      vertex 10.330315950113933 -1.2888783197859535 2.5
    endloop
  endfacet
  facet normal 0 0 1
    outer loop
      vertex 11.24578359862826 -8.629193256198615 2.5
      vertex 10.669684049886067 -1.2888783197859535 2.5
      vertex 10.5 -1.3 2.5
    endloop
  endfacet
  facet normal 0 0 1
    outer loop
      vertex 11.24578359862826 -8.629193256198615 2.5
      vertex 10.836464758633277 -1.255703574175789 2.5
      vertex 10.669684049886067 -1.2888783197859535 2.5
    endloop
  endfacet
  facet normal 0 0 1
    outer loop
      vertex 11.24578359862826 -8.629193256198615 2.5
      vertex 10.997488462074617 -1.2010433922646728 2.5
      vertex 10.836464758633277 -1.255703574175789 2.5
    endloop
  endfacet
  facet normal 0 0 1
    outer loop
      vertex 11.24578359862826 -8.629193256198615 2.5
      vertex 11.15 -1.12583302491977 2.5
      vertex 10.997488462074617 -1.2010433922646728 2.5
    endloop
  endfacet
  facet normal 0.8968727415326884 -0.44228869021900136 0
    outer loop
      vertex 12.275910098644419 -7.0875 0
      vertex 13.09599237334749 -5.424537653775148 0
      vertex 12.275910098644419 -7.0875 2.5
    endloop
  endfacet
  facet normal 0.8968727415326884 -0.44228869021900136 0
    outer loop
      vertex 12.275910098644419 -7.0875 2.5
      vertex 13.09599237334749 -5.424537653775148 0
      vertex 13.09599237334749 -5.424537653775148 2.5
    endloop
  endfacet
  facet normal 0.9469301294951056 -0.32143946530316203 0
    outer loop
      vertex 13.09599237334749 -5.424537653775148 0
      vertex 13.691998587647545 -3.6687599643282316 0
      vertex 13.09599237334749 -5.424537653775148 2.5
    endloop
  endfacet
  facet normal 0.9469301294951056 -0.32143946530316203 0
    outer loop
      vertex 13.09599237334749 -5.424537653775148 2.5
      vertex 13.691998587647545 -3.6687599643282316 0
      vertex 13.691998587647545 -3.6687599643282316 2.5
    endloop
  endfacet
  facet normal 0 0 -1
    outer loop
      vertex 11.24578359862826 -8.629193256198615 0
      vertex 11.291389857711337 -1.0313593423786058 0
      vertex 11.419238815542512 -0.9192388155425119 0
    endloop
  endfacet
  facet normal 0 0 -1
    outer loop
      vertex 11.24578359862826 -8.629193256198615 0
      vertex 11.419238815542512 -0.9192388155425119 0
      vertex 11.531359342378606 -0.7913898577113369 0
    endloop
  endfacet
  facet normal 0 0 -1
    outer loop
      vertex 11.24578359862826 -8.629193256198615 0
      vertex 11.531359342378606 -0.7913898577113369 0
      vertex 11.62583302491977 -0.65 0
    endloop
  endfacet
  facet normal 0 0 -1
    outer loop
      vertex 11.24578359862826 -8.629193256198615 0
      vertex 11.62583302491977 -0.65 0
      vertex 11.701043392264673 -0.4974884620746167 0
    endloop
  endfacet
  facet normal 0 0 -1
    outer loop
      vertex 11.24578359862826 -8.629193256198615 0
      vertex 11.701043392264673 -0.4974884620746167 0
      vertex 11.755703574175788 -0.33646475863327696 0
    endloop
  endfacet
  facet normal 0 0 -1
    outer loop
      vertex 11.24578359862826 -8.629193256198615 0
      vertex 11.755703574175788 -0.33646475863327696 0
      vertex 11.788878319785953 -0.16968404988606706 0
    endloop
  endfacet
  facet normal 0 0 -1
    outer loop
      vertex 11.24578359862826 -8.629193256198615 0
      vertex 11.788878319785953 -0.16968404988606706 0
      vertex 11.8 0 0
    endloop
  endfacet
  facet normal 0 0 -1
    outer loop
      vertex 11.24578359862826 -8.629193256198615 0
      vertex 12.275910098644419 7.0875 0
      vertex 12.275910098644419 -7.0875 0
    endloop
  endfacet
  facet normal 0 0 1
    outer loop
      vertex 12.275910098644419 -7.0875 2.5
      vertex 11.291389857711337 -1.0313593423786058 2.5
      vertex 11.15 -1.12583302491977 2.5
    endloop
  endfacet
  facet normal 0 0 1
    outer loop
      vertex 12.275910098644419 -7.0875 2.5
      vertex 11.419238815542512 -0.9192388155425119 2.5
      vertex 11.291389857711337 -1.0313593423786058 2.5
    endloop
  endfacet
  facet normal 0 0 1
    outer loop
      vertex 12.275910098644419 -7.0875 2.5
      vertex 11.531359342378606 -0.7913898577113369 2.5
      vertex 11.419238815542512 -0.9192388155425119 2.5
    endloop
  endfacet
  facet normal 0 0 1
    outer loop
      vertex 12.275910098644419 -7.0875 2.5
      vertex 11.62583302491977 -0.65 2.5
      vertex 11.531359342378606 -0.7913898577113369 2.5
    endloop
  endfacet
  facet normal 0 0 1
    outer loop
      vertex 12.275910098644419 -7.0875 2.5
      vertex 11.701043392264673 -0.4974884620746167 2.5
      vertex 11.62583302491977 -0.65 2.5
    endloop
  endfacet
  facet normal 0 0 1
    outer loop
      vertex 12.275910098644419 -7.0875 2.5
      vertex 11.755703574175788 -0.33646475863327696 2.5
      vertex 11.701043392264673 -0.4974884620746167 2.5
    endloop
  endfacet
  facet normal 0 0 1
    outer loop
      vertex 12.275910098644419 -7.0875 2.5
      vertex 11.788878319785953 -0.16968404988606706 2.5
      vertex 11.755703574175788 -0.33646475863327696 2.5
    endloop
  endfacet
  facet normal 0 0 1
    outer loop
      vertex 12.275910098644419 -7.0875 2.5
      vertex 11.8 0 2.5
      vertex 11.788878319785953 -0.16968404988606706 2.5
    endloop
  endfacet
  facet normal 0 0 -1
    outer loop
      vertex 11.24578359862826 -8.629193256198615 0
      vertex 11.8 0 0
      vertex 12.275910098644419 7.0875 0
    endloop
  endfacet
  facet normal 0 0 -1
    outer loop
      vertex 12.275910098644419 -7.0875 0
      vertex 13.09599237334749 5.424537653775148 0
      vertex 13.09599237334749 -5.424537653775148 0
    endloop
  endfacet
  facet normal 0 0 1
    outer loop
      vertex 12.275910098644419 -7.0875 2.5
      vertex 13.09599237334749 -5.424537653775148 2.5
      vertex 12.275910098644419 7.0875 2.5
    endloop
  endfacet
  facet normal 0.9807852804032305 -0.19509032201612794 0
    outer loop
      vertex 13.691998587647545 -3.6687599643282316 0
      vertex 14.053730909973764 -1.850208774719231 0
      vertex 13.691998587647545 -3.6687599643282316 2.5
    endloop
  endfacet
  facet normal 0 0 -1
    outer loop
      vertex 13.09599237334749 -5.424537653775148 0
      vertex 13.691998587647545 3.6687599643282316 0
      vertex 13.691998587647545 -3.6687599643282316 0
    endloop
  endfacet
  facet normal 0.9807852804032305 -0.19509032201612794 0
    outer loop
      vertex 13.691998587647545 -3.6687599643282316 2.5
      vertex 14.053730909973764 -1.850208774719231 0
      vertex 14.053730909973764 -1.850208774719231 2.5
    endloop
  endfacet
  facet normal 0 0 1
    outer loop
      vertex 13.09599237334749 -5.424537653775148 2.5
      vertex 13.691998587647545 -3.6687599643282316 2.5
      vertex 13.09599237334749 5.424537653775148 2.5
    endloop
  endfacet
  facet normal 0 0 -1
    outer loop
      vertex 13.691998587647545 -3.6687599643282316 0
      vertex 14.053730909973764 1.850208774719231 0
      vertex 14.053730909973764 -1.850208774719231 0
    endloop
  endfacet
  facet normal 0.9978589232386036 -0.06540312923014284 0
    outer loop
      vertex 14.053730909973764 -1.850208774719231 0
      vertex 14.175 0 0
      vertex 14.053730909973764 -1.850208774719231 2.5
    endloop
  endfacet
  facet normal 0.9978589232386036 -0.06540312923014284 0
    outer loop
      vertex 14.053730909973764 -1.850208774719231 2.5
      vertex 14.175 0 0
      vertex 14.175 0 2.5
    endloop
  endfacet
  facet normal 0 0 1
    outer loop
      vertex 13.691998587647545 -3.6687599643282316 2.5
      vertex 14.053730909973764 -1.850208774719231 2.5
      vertex 13.691998587647545 3.6687599643282316 2.5
    endloop
  endfacet
  facet normal 0 0 -1
    outer loop
      vertex 0 -14.175 0
      vertex 0 14.175 0
      vertex 1.850208774719231 14.053730909973764 0
    endloop
  endfacet
  facet normal 0 0 -1
    outer loop
      vertex 1.850208774719231 -14.053730909973764 0
      vertex 1.850208774719231 14.053730909973764 0
      vertex 3.6687599643282316 13.691998587647545 0
    endloop
  endfacet
  facet normal 0 0 1
    outer loop
      vertex 3.5355339059327378 3.5355339059327378 2.5
      vertex 3.6687599643282316 13.691998587647545 2.5
      vertex 3.043807145043603 3.9667667014561756 2.5
    endloop
  endfacet
  facet normal 0 0 -1
    outer loop
      vertex 3.9611216802140463 -8.923582689850539 0
      vertex 4.124166975080231 8.443266739736606 0
      vertex 4.218640657621394 8.301876882025269 0
    endloop
  endfacet
  facet normal 0 0 -1
    outer loop
      vertex 3.9611216802140463 -8.923582689850539 0
      vertex 4.218640657621394 8.301876882025269 0
      vertex 4.330761184457488 8.174027924194094 0
    endloop
  endfacet
  facet normal 0 0 -1
    outer loop
      vertex 3.9611216802140463 -8.923582689850539 0
      vertex 4.6 7.967433714816835 0
      vertex 4.7525115379253835 7.892223347471933 0
    endloop
  endfacet
  facet normal 0 0 -1
    outer loop
      vertex 3.9611216802140463 -8.923582689850539 0
      vertex 4.458610142288664 8.061907397358 0
      vertex 4.6 7.967433714816835 0
    endloop
  endfacet
  facet normal 0 0 -1
    outer loop
      vertex 3.9611216802140463 -8.923582689850539 0
      vertex 4.330761184457488 8.174027924194094 0
      vertex 4.458610142288664 8.061907397358 0
    endloop
  endfacet
  facet normal 0 0 -1
    outer loop
      vertex 3.9611216802140463 -8.923582689850539 0
      vertex 3.9611216802140463 8.923582689850539 0
      vertex 3.9942964258242113 8.75680198110333 0
    endloop
  endfacet
  facet normal 0 0 -1
    outer loop
      vertex 3.9611216802140463 -8.923582689850539 0
      vertex 3.95 9.093266739736606 0
      vertex 3.9611216802140463 8.923582689850539 0
    endloop
  endfacet
  facet normal 0 0 -1
    outer loop
      vertex 3.9611216802140463 -8.923582689850539 0
      vertex 4.048956607735327 8.595778277661989 0
      vertex 4.124166975080231 8.443266739736606 0
    endloop
  endfacet
  facet normal 0 0 -1
    outer loop
      vertex 3.9611216802140463 -8.923582689850539 0
      vertex 3.9942964258242113 8.75680198110333 0
      vertex 4.048956607735327 8.595778277661989 0
    endloop
  endfacet
  facet normal 0 0 -1
    outer loop
      vertex 3.9611216802140463 -8.923582689850539 0
      vertex 4.7525115379253835 7.892223347471933 0
      vertex 4.9135352413667235 7.837563165560818 0
    endloop
  endfacet
  facet normal 0 0 -1
    outer loop
      vertex 3.9611216802140463 -8.923582689850539 0
      vertex 4.9135352413667235 7.837563165560818 0
      vertex 5.080315950113933 7.8043884199506515 0
    endloop
  endfacet
  facet normal 0 0 -1
    outer loop
      vertex 5.080315950113933 -7.8043884199506515 0
      vertex 5.080315950113933 7.8043884199506515 0
      vertex 5.25 7.793266739736606 0
    endloop
  endfacet
  facet normal 0 0 -1
    outer loop
      vertex 5.25 -7.793266739736606 0
      vertex 5.25 7.793266739736606 0
      vertex 5.419684049886067 7.8043884199506515 0
    endloop
  endfacet
  facet normal 0 0 1
    outer loop
      vertex 5 0 2.5
      vertex 5.25 7.793266739736606 2.5
      vertex 4.957224306869052 0.6526309611002579 2.5
    endloop
  endfacet
  facet normal 0 0 1
    outer loop
      vertex 4.957224306869052 0.6526309611002579 2.5
      vertex 5.080315950113933 7.8043884199506515 2.5
      vertex 4.8296291314453415 1.2940952255126037 2.5
    endloop
  endfacet
  facet normal 0 0 1
    outer loop
      vertex 7.0875 -12.275910098644419 2.5
      vertex 5.8999999999999995 7.967433714816836 2.5
      vertex 5.7474884620746165 7.8922233474719325 2.5
    endloop
  endfacet
  facet normal 0 0 1
    outer loop
      vertex 7.0875 -12.275910098644419 2.5
      vertex 6.041389857711336 8.061907397357999 2.5
      vertex 5.8999999999999995 7.967433714816836 2.5
    endloop
  endfacet
  facet normal 0 0 1
    outer loop
      vertex 7.0875 -12.275910098644419 2.5
      vertex 6.169238815542512 8.174027924194093 2.5
      vertex 6.041389857711336 8.061907397357999 2.5
    endloop
  endfacet
  facet normal 0 0 1
    outer loop
      vertex 7.0875 -12.275910098644419 2.5
      vertex 6.281359342378606 8.301876882025269 2.5
      vertex 6.169238815542512 8.174027924194093 2.5
    endloop
  endfacet
  facet normal 0 0 1
    outer loop
      vertex 7.0875 -12.275910098644419 2.5
      vertex 6.37583302491977 8.443266739736606 2.5
      vertex 6.281359342378606 8.301876882025269 2.5
    endloop
  endfacet
  facet normal 0 0 1
    outer loop
      vertex 7.0875 -12.275910098644419 2.5
      vertex 6.451043392264673 8.595778277661989 2.5
      vertex 6.37583302491977 8.443266739736606 2.5
    endloop
  endfacet
  facet normal 0 0 1
    outer loop
      vertex 7.0875 -12.275910098644419 2.5
      vertex 6.505703574175788 8.756801981103328 2.5
      vertex 6.451043392264673 8.595778277661989 2.5
    endloop
  endfacet
  facet normal 0 0 -1
    outer loop
      vertex 5.419684049886067 -7.8043884199506515 0
      vertex 5.419684049886067 7.8043884199506515 0
      vertex 5.586464758633277 7.837563165560817 0
    endloop
  endfacet
  facet normal 0 0 -1
    outer loop
      vertex 5.586464758633277 -7.837563165560817 0
      vertex 5.586464758633277 7.837563165560817 0
      vertex 5.7474884620746165 7.8922233474719325 0
    endloop
  endfacet
  facet normal 0 0 -1
    outer loop
      vertex 5.7474884620746165 -7.8922233474719325 0
      vertex 5.7474884620746165 7.8922233474719325 0
      vertex 5.8999999999999995 7.967433714816836 0
    endloop
  endfacet
  facet normal 0 0 1
    outer loop
      vertex 5.586464758633277 -7.837563165560817 2.5
      vertex 5.586464758633277 7.837563165560817 2.5
      vertex 5.419684049886067 7.8043884199506515 2.5
    endloop
  endfacet
  facet normal 0 0 1
    outer loop
      vertex 5.7474884620746165 -7.8922233474719325 2.5
      vertex 5.7474884620746165 7.8922233474719325 2.5
      vertex 5.586464758633277 7.837563165560817 2.5
    endloop
  endfacet
  facet normal 0 0 -1
    outer loop
      vertex 5.7474884620746165 -7.8922233474719325 0
      vertex 5.8999999999999995 7.967433714816836 0
      vertex 6.041389857711336 8.061907397357999 0
    endloop
  endfacet
  facet normal 0 0 -1
    outer loop
      vertex 5.7474884620746165 -7.8922233474719325 0
      vertex 6.041389857711336 8.061907397357999 0
      vertex 6.169238815542512 8.174027924194093 0
    endloop
  endfacet
  facet normal 0 0 -1
    outer loop
      vertex 5.7474884620746165 -7.8922233474719325 0
      vertex 6.169238815542512 8.174027924194093 0
      vertex 6.281359342378606 8.301876882025269 0
    endloop
  endfacet
  facet normal 0 0 -1
    outer loop
      vertex 5.7474884620746165 -7.8922233474719325 0
      vertex 6.281359342378606 8.301876882025269 0
      vertex 6.37583302491977 8.443266739736606 0
    endloop
  endfacet
  facet normal 0 0 -1
    outer loop
      vertex 5.7474884620746165 -7.8922233474719325 0
      vertex 6.37583302491977 8.443266739736606 0
      vertex 6.451043392264673 8.595778277661989 0
    endloop
  endfacet
  facet normal 0 0 1
    outer loop
      vertex 7.0875 -12.275910098644419 2.5
      vertex 6.538878319785954 8.923582689850539 2.5
      vertex 6.505703574175788 8.756801981103328 2.5
    endloop
  endfacet
  facet normal 0 0 1
    outer loop
      vertex 7.0875 -12.275910098644419 2.5
      vertex 6.55 9.093266739736604 2.5
      vertex 6.538878319785954 8.923582689850539 2.5
    endloop
  endfacet
  facet normal 0 0 -1
    outer loop
      vertex 5.7474884620746165 -7.8922233474719325 0
      vertex 6.451043392264673 8.595778277661989 0
      vertex 6.505703574175788 8.756801981103328 0
    endloop
  endfacet
  facet normal 0 0 -1
    outer loop
      vertex 5.7474884620746165 -7.8922233474719325 0
      vertex 6.505703574175788 8.756801981103328 0
      vertex 6.538878319785954 8.923582689850539 0
    endloop
  endfacet
  facet normal 0 0 -1
    outer loop
      vertex 5.7474884620746165 -7.8922233474719325 0
      vertex 6.538878319785954 8.923582689850539 0
      vertex 6.55 9.093266739736604 0
    endloop
  endfacet
  facet normal 0 0 1
    outer loop
      vertex 7.0875 -12.275910098644419 2.5
      vertex 7.0875 12.275910098644419 2.5
      vertex 6.55 9.093266739736604 2.5
    endloop
  endfacet
  facet normal 0 0 1
    outer loop
      vertex 4.330127018922193 2.5 2.5
      vertex 4.619397662556434 1.913417161825449 2.5
      vertex 4.048956607735327 8.595778277661989 2.5
    endloop
  endfacet
  facet normal 0 0 -1
    outer loop
      vertex 3.6687599643282316 13.691998587647545 0
      vertex 3.95 9.093266739736606 0
      vertex 3.9611216802140463 -8.923582689850539 0
    endloop
  endfacet
  facet normal 0 0 1
    outer loop
      vertex 4.8296291314453415 1.2940952255126037 2.5
      vertex 5.080315950113933 7.8043884199506515 2.5
      vertex 4.619397662556434 1.913417161825449 2.5
    endloop
  endfacet
  facet normal 0 0 1
    outer loop
      vertex 5 0 2.5
      vertex 5.419684049886067 7.8043884199506515 2.5
      vertex 5.25 7.793266739736606 2.5
    endloop
  endfacet
  facet normal 0 0 1
    outer loop
      vertex 4.619397662556434 1.913417161825449 2.5
      vertex 4.330761184457488 8.174027924194094 2.5
      vertex 4.218640657621394 8.301876882025269 2.5
    endloop
  endfacet
  facet normal 0 0 1
    outer loop
      vertex 4.330127018922193 2.5 2.5
      vertex 3.6687599643282316 13.691998587647545 2.5
      vertex 3.9667667014561756 3.043807145043603 2.5
    endloop
  endfacet
  facet normal 0 0 1
    outer loop
      vertex 3.5355339059327378 3.5355339059327378 2.5
      vertex 3.9667667014561756 3.043807145043603 2.5
      vertex 3.6687599643282316 13.691998587647545 2.5
    endloop
  endfacet
  facet normal 0 0 1
    outer loop
      vertex 4.330127018922193 2.5 2.5
      vertex 4.048956607735327 8.595778277661989 2.5
      vertex 3.9942964258242113 8.75680198110333 2.5
    endloop
  endfacet
  facet normal 0 0 1
    outer loop
      vertex 4.619397662556434 1.913417161825449 2.5
      vertex 4.218640657621394 8.301876882025269 2.5
      vertex 4.124166975080231 8.443266739736606 2.5
    endloop
  endfacet
  facet normal 0 0 1
    outer loop
      vertex 4.619397662556434 1.913417161825449 2.5
      vertex 4.124166975080231 8.443266739736606 2.5
      vertex 4.048956607735327 8.595778277661989 2.5
    endloop
  endfacet
  facet normal 0 0 1
    outer loop
      vertex 4.330127018922193 2.5 2.5
      vertex 3.9942964258242113 8.75680198110333 2.5
      vertex 3.9611216802140463 8.923582689850539 2.5
    endloop
  endfacet
  facet normal 0 0 1
    outer loop
      vertex 4.330127018922193 2.5 2.5
      vertex 3.9611216802140463 8.923582689850539 2.5
      vertex 3.95 9.093266739736606 2.5
    endloop
  endfacet
  facet normal 0 0 1
    outer loop
      vertex 4.619397662556434 1.913417161825449 2.5
      vertex 4.7525115379253835 7.892223347471933 2.5
      vertex 4.6 7.967433714816835 2.5
    endloop
  endfacet
  facet normal 0 0 1
    outer loop
      vertex 4.619397662556434 1.913417161825449 2.5
      vertex 4.458610142288664 8.061907397358 2.5
      vertex 4.330761184457488 8.174027924194094 2.5
    endloop
  endfacet
  facet normal 0 0 1
    outer loop
      vertex 4.619397662556434 1.913417161825449 2.5
      vertex 4.6 7.967433714816835 2.5
      vertex 4.458610142288664 8.061907397358 2.5
    endloop
  endfacet
  facet normal 0 0 1
    outer loop
      vertex 4.619397662556434 1.913417161825449 2.5
      vertex 4.9135352413667235 7.837563165560818 2.5
      vertex 4.7525115379253835 7.892223347471933 2.5
    endloop
  endfacet
  facet normal 0 0 1
    outer loop
      vertex 4.619397662556434 1.913417161825449 2.5
      vertex 5.080315950113933 7.8043884199506515 2.5
      vertex 4.9135352413667235 7.837563165560818 2.5
    endloop
  endfacet
  facet normal 0 0 1
    outer loop
      vertex 4.957224306869052 0.6526309611002579 2.5
      vertex 5.25 7.793266739736606 2.5
      vertex 5.080315950113933 7.8043884199506515 2.5
    endloop
  endfacet
  facet normal 0 0 -1
    outer loop
      vertex 7.0875 12.275910098644419 0
      vertex 5.7474884620746165 -7.8922233474719325 0
      vertex 6.55 9.093266739736604 0
    endloop
  endfacet
  facet normal 0 0 1
    outer loop
      vertex 0 5 2.5
      vertex 0.6526309611002579 4.957224306869052 2.5
      vertex 0 14.175 2.5
    endloop
  endfacet
  facet normal 0 0 1
    outer loop
      vertex 0.6526309611002579 4.957224306869052 2.5
      vertex 1.2940952255126037 4.8296291314453415 2.5
      vertex 1.850208774719231 14.053730909973764 2.5
    endloop
  endfacet
  facet normal 0 0 1
    outer loop
      vertex 1.2940952255126037 4.8296291314453415 2.5
      vertex 1.913417161825449 4.619397662556434 2.5
      vertex 1.850208774719231 14.053730909973764 2.5
    endloop
  endfacet
  facet normal 0 0 1
    outer loop
      vertex 2.5 4.330127018922193 2.5
      vertex 1.850208774719231 14.053730909973764 2.5
      vertex 1.913417161825449 4.619397662556434 2.5
    endloop
  endfacet
  facet normal 0 0 1
    outer loop
      vertex 2.5 4.330127018922193 2.5
      vertex 3.043807145043603 3.9667667014561756 2.5
      vertex 3.6687599643282316 13.691998587647545 2.5
    endloop
  endfacet
  facet normal 0 0 1
    outer loop
      vertex 0.6526309611002579 4.957224306869052 2.5
      vertex 1.850208774719231 14.053730909973764 2.5
      vertex 0 14.175 2.5
    endloop
  endfacet
  facet normal 0.06540312923014284 0.9978589232386036 0
    outer loop
      vertex 0 14.175 0
      vertex 0 14.175 2.5
      vertex 1.850208774719231 14.053730909973764 0
    endloop
  endfacet
  facet normal 0.06540312923014284 0.9978589232386036 0
    outer loop
      vertex 0 14.175 2.5
      vertex 1.850208774719231 14.053730909973764 2.5
      vertex 1.850208774719231 14.053730909973764 0
    endloop
  endfacet
  facet normal 0 0 1
    outer loop
      vertex 2.5 4.330127018922193 2.5
      vertex 3.6687599643282316 13.691998587647545 2.5
      vertex 1.850208774719231 14.053730909973764 2.5
    endloop
  endfacet
  facet normal 0.19509032201612794 0.9807852804032305 0
    outer loop
      vertex 1.850208774719231 14.053730909973764 0
      vertex 1.850208774719231 14.053730909973764 2.5
      vertex 3.6687599643282316 13.691998587647545 0
    endloop
  endfacet
  facet normal 0.19509032201612794 0.9807852804032305 0
    outer loop
      vertex 1.850208774719231 14.053730909973764 2.5
      vertex 3.6687599643282316 13.691998587647545 2.5
      vertex 3.6687599643282316 13.691998587647545 0
    endloop
  endfacet
  facet normal 0 0 1
    outer loop
      vertex 4.330127018922193 2.5 2.5
      vertex 3.95 9.093266739736606 2.5
      vertex 3.6687599643282316 13.691998587647545 2.5
    endloop
  endfacet
  facet normal 0 0 -1
    outer loop
      vertex 7.0875 12.275910098644419 0
      vertex 6.451043392264673 9.590755201811222 0
      vertex 6.375833024919769 9.743266739736605 0
    endloop
  endfacet
  facet normal 0 0 -1
    outer loop
      vertex 7.0875 12.275910098644419 0
      vertex 6.55 9.093266739736604 0
      vertex 6.538878319785954 9.262950789622671 0
    endloop
  endfacet
  facet normal 0 0 -1
    outer loop
      vertex 7.0875 12.275910098644419 0
      vertex 6.538878319785954 9.262950789622671 0
      vertex 6.505703574175789 9.42973149836988 0
    endloop
  endfacet
  facet normal 0 0 -1
    outer loop
      vertex 7.0875 12.275910098644419 0
      vertex 6.505703574175789 9.42973149836988 0
      vertex 6.451043392264673 9.590755201811222 0
    endloop
  endfacet
  facet normal 0 0 1
    outer loop
      vertex 7.0875 12.275910098644419 2.5
      vertex 6.375833024919769 9.743266739736605 2.5
      vertex 6.451043392264673 9.590755201811222 2.5
    endloop
  endfacet
  facet normal 0 0 1
    outer loop
      vertex 7.0875 12.275910098644419 2.5
      vertex 6.538878319785954 9.262950789622671 2.5
      vertex 6.55 9.093266739736604 2.5
    endloop
  endfacet
  facet normal 0 0 1
    outer loop
      vertex 7.0875 12.275910098644419 2.5
      vertex 6.505703574175789 9.42973149836988 2.5
      vertex 6.538878319785954 9.262950789622671 2.5
    endloop
  endfacet
  facet normal 0 0 1
    outer loop
      vertex 7.0875 12.275910098644419 2.5
      vertex 6.451043392264673 9.590755201811222 2.5
      vertex 6.505703574175789 9.42973149836988 2.5
    endloop
  endfacet
  facet normal 0 0 -1
    outer loop
      vertex 3.6687599643282316 13.691998587647545 0
      vertex 3.9611216802140463 9.262950789622671 0
      vertex 3.95 9.093266739736606 0
    endloop
  endfacet
  facet normal 0 0 -1
    outer loop
      vertex 3.6687599643282316 13.691998587647545 0
      vertex 3.9942964258242113 9.429731498369883 0
      vertex 3.9611216802140463 9.262950789622671 0
    endloop
  endfacet
  facet normal 0 0 -1
    outer loop
      vertex 3.6687599643282316 13.691998587647545 0
      vertex 4.048956607735327 9.590755201811223 0
      vertex 3.9942964258242113 9.429731498369883 0
    endloop
  endfacet
  facet normal 0 0 -1
    outer loop
      vertex 3.6687599643282316 13.691998587647545 0
      vertex 4.12416697508023 9.743266739736606 0
      vertex 4.048956607735327 9.590755201811223 0
    endloop
  endfacet
  facet normal 0 0 -1
    outer loop
      vertex 3.6687599643282316 13.691998587647545 0
      vertex 4.218640657621394 9.884656597447943 0
      vertex 4.12416697508023 9.743266739736606 0
    endloop
  endfacet
  facet normal 0 0 -1
    outer loop
      vertex 3.6687599643282316 13.691998587647545 0
      vertex 4.330761184457488 10.012505555279118 0
      vertex 4.218640657621394 9.884656597447943 0
    endloop
  endfacet
  facet normal 0 0 -1
    outer loop
      vertex 3.6687599643282316 13.691998587647545 0
      vertex 4.458610142288664 10.124626082115212 0
      vertex 4.330761184457488 10.012505555279118 0
    endloop
  endfacet
  facet normal 0 0 -1
    outer loop
      vertex 3.6687599643282316 13.691998587647545 0
      vertex 4.6000000000000005 10.219099764656375 0
      vertex 4.458610142288664 10.124626082115212 0
    endloop
  endfacet
  facet normal 0 0 -1
    outer loop
      vertex 3.6687599643282316 13.691998587647545 0
      vertex 4.7525115379253835 10.294310132001279 0
      vertex 4.6000000000000005 10.219099764656375 0
    endloop
  endfacet
  facet normal 0 0 -1
    outer loop
      vertex 3.6687599643282316 13.691998587647545 0
      vertex 4.913535241366723 10.348970313912394 0
      vertex 4.7525115379253835 10.294310132001279 0
    endloop
  endfacet
  facet normal 0 0 1
    outer loop
      vertex 3.6687599643282316 13.691998587647545 2.5
      vertex 3.95 9.093266739736606 2.5
      vertex 3.9611216802140463 9.262950789622671 2.5
    endloop
  endfacet
  facet normal 0 0 1
    outer loop
      vertex 3.6687599643282316 13.691998587647545 2.5
      vertex 3.9611216802140463 9.262950789622671 2.5
      vertex 3.9942964258242113 9.429731498369883 2.5
    endloop
  endfacet
  facet normal 0 0 1
    outer loop
      vertex 3.6687599643282316 13.691998587647545 2.5
      vertex 3.9942964258242113 9.429731498369883 2.5
      vertex 4.048956607735327 9.590755201811223 2.5
    endloop
  endfacet
  facet normal 0 0 1
    outer loop
      vertex 3.6687599643282316 13.691998587647545 2.5
      vertex 4.048956607735327 9.590755201811223 2.5
      vertex 4.12416697508023 9.743266739736606 2.5
    endloop
  endfacet
  facet normal 0 0 1
    outer loop
      vertex 3.6687599643282316 13.691998587647545 2.5
      vertex 4.12416697508023 9.743266739736606 2.5
      vertex 4.218640657621394 9.884656597447943 2.5
    endloop
  endfacet
  facet normal 0 0 1
    outer loop
      vertex 3.6687599643282316 13.691998587647545 2.5
      vertex 4.218640657621394 9.884656597447943 2.5
      vertex 4.330761184457488 10.012505555279118 2.5
    endloop
  endfacet
  facet normal 0 0 1
    outer loop
      vertex 3.6687599643282316 13.691998587647545 2.5
      vertex 4.330761184457488 10.012505555279118 2.5
      vertex 4.458610142288664 10.124626082115212 2.5
    endloop
  endfacet
  facet normal 0 0 1
    outer loop
      vertex 3.6687599643282316 13.691998587647545 2.5
      vertex 4.458610142288664 10.124626082115212 2.5
      vertex 4.6000000000000005 10.219099764656375 2.5
    endloop
  endfacet
  facet normal 0 0 1
    outer loop
      vertex 3.6687599643282316 13.691998587647545 2.5
      vertex 4.6000000000000005 10.219099764656375 2.5
      vertex 4.7525115379253835 10.294310132001279 2.5
    endloop
  endfacet
  facet normal 0 0 1
    outer loop
      vertex 3.6687599643282316 13.691998587647545 2.5
      vertex 4.7525115379253835 10.294310132001279 2.5
      vertex 4.913535241366723 10.348970313912394 2.5
    endloop
  endfacet
  facet normal 0 0 -1
    outer loop
      vertex 3.6687599643282316 13.691998587647545 0
      vertex 5.080315950113933 10.382145059522559 0
      vertex 4.913535241366723 10.348970313912394 0
    endloop
  endfacet
  facet normal 0 0 -1
    outer loop
      vertex 5.424537653775148 13.09599237334749 0
      vertex 5.25 10.393266739736603 0
      vertex 5.080315950113933 10.382145059522559 0
    endloop
  endfacet
  facet normal 0 0 1
    outer loop
      vertex 3.6687599643282316 13.691998587647545 2.5
      vertex 4.913535241366723 10.348970313912394 2.5
      vertex 5.080315950113933 10.382145059522559 2.5
    endloop
  endfacet
  facet normal 0 0 1
    outer loop
      vertex 5.424537653775148 13.09599237334749 2.5
      vertex 5.080315950113933 10.382145059522559 2.5
      vertex 5.25 10.393266739736603 2.5
    endloop
  endfacet
  facet normal 0 0 -1
    outer loop
      vertex 3.6687599643282316 13.691998587647545 0
      vertex 5.424537653775148 13.09599237334749 0
      vertex 5.080315950113933 10.382145059522559 0
    endloop
  endfacet
  facet normal 0 0 1
    outer loop
      vertex 3.6687599643282316 13.691998587647545 2.5
      vertex 5.080315950113933 10.382145059522559 2.5
      vertex 5.424537653775148 13.09599237334749 2.5
    endloop
  endfacet
  facet normal 0.32143946530316203 0.9469301294951056 0
    outer loop
      vertex 3.6687599643282316 13.691998587647545 0
      vertex 3.6687599643282316 13.691998587647545 2.5
      vertex 5.424537653775148 13.09599237334749 0
    endloop
  endfacet
  facet normal 0.32143946530316203 0.9469301294951056 0
    outer loop
      vertex 3.6687599643282316 13.691998587647545 2.5
      vertex 5.424537653775148 13.09599237334749 2.5
      vertex 5.424537653775148 13.09599237334749 0
    endloop
  endfacet
  facet normal 0 0 -1
    outer loop
      vertex 5.424537653775148 13.09599237334749 0
      vertex 5.419684049886067 10.382145059522559 0
      vertex 5.25 10.393266739736603 0
    endloop
  endfacet
  facet normal 0 0 -1
    outer loop
      vertex 7.0875 12.275910098644419 0
      vertex 5.5864647586332765 10.348970313912393 0
      vertex 5.419684049886067 10.382145059522559 0
    endloop
  endfacet
  facet normal 0 0 -1
    outer loop
      vertex 7.0875 12.275910098644419 0
      vertex 5.7474884620746165 10.294310132001279 0
      vertex 5.5864647586332765 10.348970313912393 0
    endloop
  endfacet
  facet normal 0 0 1
    outer loop
      vertex 5.424537653775148 13.09599237334749 2.5
      vertex 5.25 10.393266739736603 2.5
      vertex 5.419684049886067 10.382145059522559 2.5
    endloop
  endfacet
  facet normal 0 0 1
    outer loop
      vertex 5.424537653775148 13.09599237334749 2.5
      vertex 5.419684049886067 10.382145059522559 2.5
      vertex 5.5864647586332765 10.348970313912393 2.5
    endloop
  endfacet
  facet normal 0 0 1
    outer loop
      vertex 5.424537653775148 13.09599237334749 2.5
      vertex 5.5864647586332765 10.348970313912393 2.5
      vertex 5.7474884620746165 10.294310132001279 2.5
    endloop
  endfacet
  facet normal 0 0 -1
    outer loop
      vertex 7.0875 12.275910098644419 0
      vertex 5.419684049886067 10.382145059522559 0
      vertex 5.424537653775148 13.09599237334749 0
    endloop
  endfacet
  facet normal 0 0 1
    outer loop
      vertex 7.0875 12.275910098644419 2.5
      vertex 5.424537653775148 13.09599237334749 2.5
      vertex 5.7474884620746165 10.294310132001279 2.5
    endloop
  endfacet
  facet normal 0 0 -1
    outer loop
      vertex 7.0875 12.275910098644419 0
      vertex 6.169238815542512 10.012505555279116 0
      vertex 6.041389857711336 10.12462608211521 0
    endloop
  endfacet
  facet normal 0 0 -1
    outer loop
      vertex 7.0875 12.275910098644419 0
      vertex 5.9 10.219099764656375 0
      vertex 5.7474884620746165 10.294310132001279 0
    endloop
  endfacet
  facet normal 0 0 -1
    outer loop
      vertex 7.0875 12.275910098644419 0
      vertex 6.041389857711336 10.12462608211521 0
      vertex 5.9 10.219099764656375 0
    endloop
  endfacet
  facet normal 0 0 -1
    outer loop
      vertex 7.0875 12.275910098644419 0
      vertex 6.281359342378606 9.884656597447941 0
      vertex 6.169238815542512 10.012505555279116 0
    endloop
  endfacet
  facet normal 0 0 -1
    outer loop
      vertex 7.0875 12.275910098644419 0
      vertex 6.375833024919769 9.743266739736605 0
      vertex 6.281359342378606 9.884656597447941 0
    endloop
  endfacet
  facet normal 0 0 1
    outer loop
      vertex 7.0875 12.275910098644419 2.5
      vertex 6.041389857711336 10.12462608211521 2.5
      vertex 6.169238815542512 10.012505555279116 2.5
    endloop
  endfacet
  facet normal 0 0 1
    outer loop
      vertex 7.0875 12.275910098644419 2.5
      vertex 5.7474884620746165 10.294310132001279 2.5
      vertex 5.9 10.219099764656375 2.5
    endloop
  endfacet
  facet normal 0 0 1
    outer loop
      vertex 7.0875 12.275910098644419 2.5
      vertex 5.9 10.219099764656375 2.5
      vertex 6.041389857711336 10.12462608211521 2.5
    endloop
  endfacet
  facet normal 0 0 1
    outer loop
      vertex 7.0875 12.275910098644419 2.5
      vertex 6.169238815542512 10.012505555279116 2.5
      vertex 6.281359342378606 9.884656597447941 2.5
    endloop
  endfacet
  facet normal 0 0 1
    outer loop
      vertex 7.0875 12.275910098644419 2.5
      vertex 6.281359342378606 9.884656597447941 2.5
      vertex 6.375833024919769 9.743266739736605 2.5
    endloop
  endfacet
  facet normal 0.44228869021900136 0.8968727415326884 0
    outer loop
      vertex 7.0875 12.275910098644419 0
      vertex 5.424537653775148 13.09599237334749 0
      vertex 5.424537653775148 13.09599237334749 2.5
    endloop
  endfacet
  facet normal 0.44228869021900136 0.8968727415326884 0
    outer loop
      vertex 7.0875 12.275910098644419 0
      vertex 5.424537653775148 13.09599237334749 2.5
      vertex 7.0875 12.275910098644419 2.5
    endloop
  endfacet
  facet normal 0 0 -1
    outer loop
      vertex 8.629193256198615 -11.24578359862826 0
      vertex 8.629193256198615 11.24578359862826 0
      vertex 9.2 0 0
    endloop
  endfacet
  facet normal 0 0 1
    outer loop
      vertex 8.629193256198615 -11.24578359862826 2.5
      vertex 9.2 0 2.5
      vertex 8.629193256198615 11.24578359862826 2.5
    endloop
  endfacet
  facet normal 0 0 -1
    outer loop
      vertex 7.0875 -12.275910098644419 0
      vertex 7.0875 12.275910098644419 0
      vertex 8.629193256198615 11.24578359862826 0
    endloop
  endfacet
  facet normal 0 0 1
    outer loop
      vertex 8.629193256198615 -11.24578359862826 2.5
      vertex 8.629193256198615 11.24578359862826 2.5
      vertex 7.0875 12.275910098644419 2.5
    endloop
  endfacet
  facet normal 0 0 -1
    outer loop
      vertex 8.629193256198615 11.24578359862826 0
      vertex 9.211121680214047 0.16968404988606706 0
      vertex 9.2 0 0
    endloop
  endfacet
  facet normal 0 0 -1
    outer loop
      vertex 8.629193256198615 11.24578359862826 0
      vertex 9.244296425824212 0.33646475863327696 0
      vertex 9.211121680214047 0.16968404988606706 0
    endloop
  endfacet
  facet normal 0 0 -1
    outer loop
      vertex 8.629193256198615 11.24578359862826 0
      vertex 9.298956607735327 0.4974884620746167 0
      vertex 9.244296425824212 0.33646475863327696 0
    endloop
  endfacet
  facet normal 0 0 -1
    outer loop
      vertex 8.629193256198615 11.24578359862826 0
      vertex 9.37416697508023 0.65 0
      vertex 9.298956607735327 0.4974884620746167 0
    endloop
  endfacet
  facet normal 0 0 -1
    outer loop
      vertex 10.023238623319312 10.023238623319312 0
      vertex 9.468640657621394 0.7913898577113369 0
      vertex 9.37416697508023 0.65 0
    endloop
  endfacet
  facet normal 0 0 -1
    outer loop
      vertex 10.023238623319312 10.023238623319312 0
      vertex 9.580761184457488 0.9192388155425119 0
      vertex 9.468640657621394 0.7913898577113369 0
    endloop
  endfacet
  facet normal 0 0 -1
    outer loop
      vertex 10.023238623319312 10.023238623319312 0
      vertex 9.708610142288663 1.0313593423786058 0
      vertex 9.580761184457488 0.9192388155425119 0
    endloop
  endfacet
  facet normal 0 0 1
    outer loop
      vertex 8.629193256198615 11.24578359862826 2.5
      vertex 9.2 0 2.5
      vertex 9.211121680214047 0.16968404988606706 2.5
    endloop
  endfacet
  facet normal 0 0 1
    outer loop
      vertex 8.629193256198615 11.24578359862826 2.5
      vertex 9.211121680214047 0.16968404988606706 2.5
      vertex 9.244296425824212 0.33646475863327696 2.5
    endloop
  endfacet
  facet normal 0 0 1
    outer loop
      vertex 8.629193256198615 11.24578359862826 2.5
      vertex 9.244296425824212 0.33646475863327696 2.5
      vertex 9.298956607735327 0.4974884620746167 2.5
    endloop
  endfacet
  facet normal 0 0 1
    outer loop
      vertex 8.629193256198615 11.24578359862826 2.5
      vertex 9.298956607735327 0.4974884620746167 2.5
      vertex 9.37416697508023 0.65 2.5
    endloop
  endfacet
  facet normal 0 0 1
    outer loop
      vertex 10.023238623319312 10.023238623319312 2.5
      vertex 9.37416697508023 0.65 2.5
      vertex 9.468640657621394 0.7913898577113369 2.5
    endloop
  endfacet
  facet normal 0 0 1
    outer loop
      vertex 10.023238623319312 10.023238623319312 2.5
      vertex 9.468640657621394 0.7913898577113369 2.5
      vertex 9.580761184457488 0.9192388155425119 2.5
    endloop
  endfacet
  facet normal 0 0 1
    outer loop
      vertex 10.023238623319312 10.023238623319312 2.5
      vertex 9.580761184457488 0.9192388155425119 2.5
      vertex 9.708610142288663 1.0313593423786058 2.5
    endloop
  endfacet
  facet normal 0 0 -1
    outer loop
      vertex 10.023238623319312 10.023238623319312 0
      vertex 9.85 1.12583302491977 0
      vertex 9.708610142288663 1.0313593423786058 0
    endloop
  endfacet
  facet normal 0 0 -1
    outer loop
      vertex 10.023238623319312 10.023238623319312 0
      vertex 10.002511537925383 1.2010433922646728 0
      vertex 9.85 1.12583302491977 0
    endloop
  endfacet
  facet normal 0 0 -1
    outer loop
      vertex 11.24578359862826 8.629193256198615 0
      vertex 10.163535241366723 1.255703574175789 0
      vertex 10.002511537925383 1.2010433922646728 0
    endloop
  endfacet
  facet normal 0 0 -1
    outer loop
      vertex 11.24578359862826 8.629193256198615 0
      vertex 10.330315950113933 1.2888783197859535 0
      vertex 10.163535241366723 1.255703574175789 0
    endloop
  endfacet
  facet normal 0 0 1
    outer loop
      vertex 10.023238623319312 10.023238623319312 2.5
      vertex 9.708610142288663 1.0313593423786058 2.5
      vertex 9.85 1.12583302491977 2.5
    endloop
  endfacet
  facet normal 0 0 1
    outer loop
      vertex 10.023238623319312 10.023238623319312 2.5
      vertex 9.85 1.12583302491977 2.5
      vertex 10.002511537925383 1.2010433922646728 2.5
    endloop
  endfacet
  facet normal 0 0 1
    outer loop
      vertex 10.023238623319312 10.023238623319312 2.5
      vertex 10.002511537925383 1.2010433922646728 2.5
      vertex 10.163535241366723 1.255703574175789 2.5
    endloop
  endfacet
  facet normal 0 0 1
    outer loop
      vertex 10.023238623319312 10.023238623319312 2.5
      vertex 10.163535241366723 1.255703574175789 2.5
      vertex 10.330315950113933 1.2888783197859535 2.5
    endloop
  endfacet
  facet normal 0 0 1
    outer loop
      vertex 10.023238623319312 10.023238623319312 2.5
      vertex 10.330315950113933 1.2888783197859535 2.5
      vertex 10.5 1.3 2.5
    endloop
  endfacet
  facet normal 0 0 1
    outer loop
      vertex 10.023238623319312 10.023238623319312 2.5
      vertex 10.5 1.3 2.5
      vertex 10.669684049886067 1.2888783197859535 2.5
    endloop
  endfacet
  facet normal 0 0 -1
    outer loop
      vertex 10.023238623319312 10.023238623319312 0
      vertex 11.24578359862826 8.629193256198615 0
      vertex 10.002511537925383 1.2010433922646728 0
    endloop
  endfacet
  facet normal 0 0 1
    outer loop
      vertex 10.023238623319312 10.023238623319312 2.5
      vertex 10.669684049886067 1.2888783197859535 2.5
      vertex 11.24578359862826 8.629193256198615 2.5
    endloop
  endfacet
  facet normal 0 0 1
    outer loop
      vertex 12.275910098644419 -7.0875 2.5
      vertex 11.24578359862826 8.629193256198615 2.5
      vertex 11.8 0 2.5
    endloop
  endfacet
  facet normal 0 0 1
    outer loop
      vertex 11.24578359862826 8.629193256198615 2.5
      vertex 11.291389857711337 1.0313593423786058 2.5
      vertex 11.419238815542512 0.9192388155425119 2.5
    endloop
  endfacet
  facet normal 0 0 1
    outer loop
      vertex 11.24578359862826 8.629193256198615 2.5
      vertex 11.62583302491977 0.65 2.5
      vertex 11.701043392264673 0.4974884620746167 2.5
    endloop
  endfacet
  facet normal 0 0 1
    outer loop
      vertex 11.24578359862826 8.629193256198615 2.5
      vertex 11.419238815542512 0.9192388155425119 2.5
      vertex 11.531359342378606 0.7913898577113369 2.5
    endloop
  endfacet
  facet normal 0 0 1
    outer loop
      vertex 11.24578359862826 8.629193256198615 2.5
      vertex 11.531359342378606 0.7913898577113369 2.5
      vertex 11.62583302491977 0.65 2.5
    endloop
  endfacet
  facet normal 0 0 -1
    outer loop
      vertex 12.275910098644419 7.0875 0
      vertex 11.8 0 0
      vertex 11.788878319785953 0.16968404988606706 0
    endloop
  endfacet
  facet normal 0 0 -1
    outer loop
      vertex 12.275910098644419 7.0875 0
      vertex 11.788878319785953 0.16968404988606706 0
      vertex 11.755703574175788 0.33646475863327696 0
    endloop
  endfacet
  facet normal 0 0 -1
    outer loop
      vertex 12.275910098644419 7.0875 0
      vertex 11.755703574175788 0.33646475863327696 0
      vertex 11.701043392264673 0.4974884620746167 0
    endloop
  endfacet
  facet normal 0 0 -1
    outer loop
      vertex 12.275910098644419 7.0875 0
      vertex 11.291389857711337 1.0313593423786058 0
      vertex 11.15 1.12583302491977 0
    endloop
  endfacet
  facet normal 0 0 -1
    outer loop
      vertex 12.275910098644419 7.0875 0
      vertex 11.419238815542512 0.9192388155425119 0
      vertex 11.291389857711337 1.0313593423786058 0
    endloop
  endfacet
  facet normal 0 0 -1
    outer loop
      vertex 12.275910098644419 7.0875 0
      vertex 11.531359342378606 0.7913898577113369 0
      vertex 11.419238815542512 0.9192388155425119 0
    endloop
  endfacet
  facet normal 0 0 -1
    outer loop
      vertex 12.275910098644419 7.0875 0
      vertex 11.701043392264673 0.4974884620746167 0
      vertex 11.62583302491977 0.65 0
    endloop
  endfacet
  facet normal 0 0 -1
    outer loop
      vertex 12.275910098644419 7.0875 0
      vertex 11.62583302491977 0.65 0
      vertex 11.531359342378606 0.7913898577113369 0
    endloop
  endfacet
  facet normal 0 0 1
    outer loop
      vertex 11.24578359862826 8.629193256198615 2.5
      vertex 11.788878319785953 0.16968404988606706 2.5
      vertex 11.8 0 2.5
    endloop
  endfacet
  facet normal 0 0 1
    outer loop
      vertex 11.24578359862826 8.629193256198615 2.5
      vertex 11.755703574175788 0.33646475863327696 2.5
      vertex 11.788878319785953 0.16968404988606706 2.5
    endloop
  endfacet
  facet normal 0 0 1
    outer loop
      vertex 12.275910098644419 -7.0875 2.5
      vertex 12.275910098644419 7.0875 2.5
      vertex 11.24578359862826 8.629193256198615 2.5
    endloop
  endfacet
  facet normal 0 0 1
    outer loop
      vertex 11.24578359862826 8.629193256198615 2.5
      vertex 11.701043392264673 0.4974884620746167 2.5
      vertex 11.755703574175788 0.33646475863327696 2.5
    endloop
  endfacet
  facet normal 0 0 -1
    outer loop
      vertex 13.09599237334749 -5.424537653775148 0
      vertex 13.09599237334749 5.424537653775148 0
      vertex 13.691998587647545 3.6687599643282316 0
    endloop
  endfacet
  facet normal 0 0 -1
    outer loop
      vertex 14.053730909973764 -1.850208774719231 0
      vertex 14.053730909973764 1.850208774719231 0
      vertex 14.175 0 0
    endloop
  endfacet
  facet normal 0 0 -1
    outer loop
      vertex 13.691998587647545 -3.6687599643282316 0
      vertex 13.691998587647545 3.6687599643282316 0
      vertex 14.053730909973764 1.850208774719231 0
    endloop
  endfacet
  facet normal 0.9978589232386036 0.06540312923014284 0
    outer loop
      vertex 14.175 0 0
      vertex 14.053730909973764 1.850208774719231 0
      vertex 14.175 0 2.5
    endloop
  endfacet
  facet normal 0 0 1
    outer loop
      vertex 14.053730909973764 -1.850208774719231 2.5
      vertex 14.175 0 2.5
      vertex 14.053730909973764 1.850208774719231 2.5
    endloop
  endfacet
  facet normal 0.9978589232386036 0.06540312923014284 0
    outer loop
      vertex 14.175 0 2.5
      vertex 14.053730909973764 1.850208774719231 0
      vertex 14.053730909973764 1.850208774719231 2.5
    endloop
  endfacet
  facet normal 0 0 1
    outer loop
      vertex 14.053730909973764 -1.850208774719231 2.5
      vertex 14.053730909973764 1.850208774719231 2.5
      vertex 13.691998587647545 3.6687599643282316 2.5
    endloop
  endfacet
  facet normal 0 0 -1
    outer loop
      vertex 12.275910098644419 -7.0875 0
      vertex 12.275910098644419 7.0875 0
      vertex 13.09599237334749 5.424537653775148 0
    endloop
  endfacet
  facet normal 0 0 1
    outer loop
      vertex 13.09599237334749 -5.424537653775148 2.5
      vertex 13.09599237334749 5.424537653775148 2.5
      vertex 12.275910098644419 7.0875 2.5
    endloop
  endfacet
  facet normal 0.9807852804032305 0.19509032201612794 0
    outer loop
      vertex 14.053730909973764 1.850208774719231 0
      vertex 13.691998587647545 3.6687599643282316 0
      vertex 14.053730909973764 1.850208774719231 2.5
    endloop
  endfacet
  facet normal 0 0 1
    outer loop
      vertex 13.691998587647545 -3.6687599643282316 2.5
      vertex 13.691998587647545 3.6687599643282316 2.5
      vertex 13.09599237334749 5.424537653775148 2.5
    endloop
  endfacet
  facet normal 0.9807852804032305 0.19509032201612794 0
    outer loop
      vertex 14.053730909973764 1.850208774719231 2.5
      vertex 13.691998587647545 3.6687599643282316 0
      vertex 13.691998587647545 3.6687599643282316 2.5
    endloop
  endfacet
  facet normal 0 0 -1
    outer loop
      vertex 11.24578359862826 8.629193256198615 0
      vertex 10.5 1.3 0
      vertex 10.330315950113933 1.2888783197859535 0
    endloop
  endfacet
  facet normal 0 0 -1
    outer loop
      vertex 11.24578359862826 8.629193256198615 0
      vertex 10.669684049886067 1.2888783197859535 0
      vertex 10.5 1.3 0
    endloop
  endfacet
  facet normal 0 0 -1
    outer loop
      vertex 11.24578359862826 8.629193256198615 0
      vertex 10.836464758633277 1.255703574175789 0
      vertex 10.669684049886067 1.2888783197859535 0
    endloop
  endfacet
  facet normal 0 0 -1
    outer loop
      vertex 11.24578359862826 8.629193256198615 0
      vertex 10.997488462074617 1.2010433922646728 0
      vertex 10.836464758633277 1.255703574175789 0
    endloop
  endfacet
  facet normal 0 0 -1
    outer loop
      vertex 11.24578359862826 8.629193256198615 0
      vertex 11.15 1.12583302491977 0
      vertex 10.997488462074617 1.2010433922646728 0
    endloop
  endfacet
  facet normal 0 0 1
    outer loop
      vertex 11.24578359862826 8.629193256198615 2.5
      vertex 10.669684049886067 1.2888783197859535 2.5
      vertex 10.836464758633277 1.255703574175789 2.5
    endloop
  endfacet
  facet normal 0 0 1
    outer loop
      vertex 11.24578359862826 8.629193256198615 2.5
      vertex 10.836464758633277 1.255703574175789 2.5
      vertex 10.997488462074617 1.2010433922646728 2.5
    endloop
  endfacet
  facet normal 0 0 1
    outer loop
      vertex 11.24578359862826 8.629193256198615 2.5
      vertex 10.997488462074617 1.2010433922646728 2.5
      vertex 11.15 1.12583302491977 2.5
    endloop
  endfacet
  facet normal 0 0 1
    outer loop
      vertex 11.24578359862826 8.629193256198615 2.5
      vertex 11.15 1.12583302491977 2.5
      vertex 11.291389857711337 1.0313593423786058 2.5
    endloop
  endfacet
  facet normal 0 0 -1
    outer loop
      vertex 11.24578359862826 8.629193256198615 0
      vertex 12.275910098644419 7.0875 0
      vertex 11.15 1.12583302491977 0
    endloop
  endfacet
  facet normal 0.9469301294951056 0.32143946530316203 0
    outer loop
      vertex 13.691998587647545 3.6687599643282316 2.5
      vertex 13.09599237334749 5.424537653775148 0
      vertex 13.09599237334749 5.424537653775148 2.5
    endloop
  endfacet
  facet normal 0.9469301294951056 0.32143946530316203 0
    outer loop
      vertex 13.691998587647545 3.6687599643282316 0
      vertex 13.09599237334749 5.424537653775148 0
      vertex 13.691998587647545 3.6687599643282316 2.5
    endloop
  endfacet
  facet normal 0.8968727415326884 0.44228869021900136 0
    outer loop
      vertex 13.09599237334749 5.424537653775148 0
      vertex 12.275910098644419 7.0875 0
      vertex 13.09599237334749 5.424537653775148 2.5
    endloop
  endfacet
  facet normal 0.8968727415326884 0.44228869021900136 0
    outer loop
      vertex 13.09599237334749 5.424537653775148 2.5
      vertex 12.275910098644419 7.0875 0
      vertex 12.275910098644419 7.0875 2.5
    endloop
  endfacet
  facet normal 0 0 -1
    outer loop
      vertex 10.023238623319312 10.023238623319312 0
      vertex 9.37416697508023 0.65 0
      vertex 8.629193256198615 11.24578359862826 0
    endloop
  endfacet
  facet normal 0 0 1
    outer loop
      vertex 10.023238623319312 10.023238623319312 2.5
      vertex 8.629193256198615 11.24578359862826 2.5
      vertex 9.37416697508023 0.65 2.5
    endloop
  endfacet
  facet normal 0.6593458151000687 0.7518398074789775 0
    outer loop
      vertex 10.023238623319312 10.023238623319312 0
      vertex 8.629193256198615 11.24578359862826 2.5
      vertex 10.023238623319312 10.023238623319312 2.5
    endloop
  endfacet
  facet normal 0.7518398074789775 0.6593458151000687 0
    outer loop
      vertex 10.023238623319312 10.023238623319312 0
      vertex 10.023238623319312 10.023238623319312 2.5
      vertex 11.24578359862826 8.629193256198615 2.5
    endloop
  endfacet
  facet normal 0.5555702330196023 0.8314696123025452 0
    outer loop
      vertex 7.0875 12.275910098644419 0
      vertex 7.0875 12.275910098644419 2.5
      vertex 8.629193256198615 11.24578359862826 0
    endloop
  endfacet
  facet normal 0.5555702330196023 0.8314696123025452 0
    outer loop
      vertex 7.0875 12.275910098644419 2.5
      vertex 8.629193256198615 11.24578359862826 2.5
      vertex 8.629193256198615 11.24578359862826 0
    endloop
  endfacet
  facet normal 0.6593458151000687 0.7518398074789775 0
    outer loop
      vertex 10.023238623319312 10.023238623319312 0
      vertex 8.629193256198615 11.24578359862826 0
      vertex 8.629193256198615 11.24578359862826 2.5
    endloop
  endfacet
  facet normal 0.8314696123025452 0.5555702330196023 0
    outer loop
      vertex 11.24578359862826 8.629193256198615 0
      vertex 12.275910098644419 7.0875 2.5
      vertex 12.275910098644419 7.0875 0
    endloop
  endfacet
  facet normal 0.8314696123025452 0.5555702330196023 0
    outer loop
      vertex 11.24578359862826 8.629193256198615 0
      vertex 11.24578359862826 8.629193256198615 2.5
      vertex 12.275910098644419 7.0875 2.5
    endloop
  endfacet
  facet normal 0.7518398074789775 0.6593458151000687 0
    outer loop
      vertex 10.023238623319312 10.023238623319312 0
      vertex 11.24578359862826 8.629193256198615 2.5
      vertex 11.24578359862826 8.629193256198615 0
    endloop
  endfacet
  facet normal -0.8314696123025453 -0.555570233019602 0
    outer loop
      vertex -3.9667667014561756 -3.043807145043603 2.5
      vertex -3.9667667014561756 -3.043807145043603 29.5
      vertex -4.330127018922193 -2.5 2.5
    endloop
  endfacet
  facet normal -0.7518398074789778 -0.6593458151000683 0
    outer loop
      vertex -3.9667667014561756 -3.043807145043603 2.5
      vertex -3.5355339059327378 -3.5355339059327378 2.5
      vertex -3.5355339059327378 -3.5355339059327378 29.5
    endloop
  endfacet
  facet normal -0.896872741532688 -0.44228869021900213 0
    outer loop
      vertex -4.619397662556434 -1.913417161825449 2.5
      vertex -4.330127018922193 -2.5 2.5
      vertex -4.330127018922193 -2.5 29.5
    endloop
  endfacet
  facet normal -0.9469301294951059 -0.3214394653031613 0
    outer loop
      vertex -4.619397662556434 -1.913417161825449 2.5
      vertex -4.619397662556434 -1.913417161825449 29.5
      vertex -4.8296291314453415 -1.2940952255126037 2.5
    endloop
  endfacet
  facet normal -0.9807852804032305 -0.19509032201612822 0
    outer loop
      vertex -4.8296291314453415 -1.2940952255126037 2.5
      vertex -4.8296291314453415 -1.2940952255126037 29.5
      vertex -4.957224306869052 -0.6526309611002579 2.5
    endloop
  endfacet
  facet normal -0.9978589232386035 -0.06540312923014313 0
    outer loop
      vertex -4.957224306869052 -0.6526309611002579 2.5
      vertex -4.957224306869052 -0.6526309611002579 29.5
      vertex -5 0 2.5
    endloop
  endfacet
  facet normal -0.6593458151000683 -0.7518398074789778 0
    outer loop
      vertex -3.043807145043603 -3.9667667014561756 2.5
      vertex -3.043807145043603 -3.9667667014561756 29.5
      vertex -3.5355339059327378 -3.5355339059327378 2.5
    endloop
  endfacet
  facet normal -0.555570233019602 -0.8314696123025453 0
    outer loop
      vertex -3.043807145043603 -3.9667667014561756 2.5
      vertex -2.5 -4.330127018922193 2.5
      vertex -2.5 -4.330127018922193 29.5
    endloop
  endfacet
  facet normal -0.44228869021900213 -0.896872741532688 0
    outer loop
      vertex -1.913417161825449 -4.619397662556434 2.5
      vertex -1.913417161825449 -4.619397662556434 29.5
      vertex -2.5 -4.330127018922193 2.5
    endloop
  endfacet
  facet normal -0.3214394653031613 -0.9469301294951059 0
    outer loop
      vertex -1.913417161825449 -4.619397662556434 2.5
      vertex -1.2940952255126037 -4.8296291314453415 2.5
      vertex -1.2940952255126037 -4.8296291314453415 29.5
    endloop
  endfacet
  facet normal -0.19509032201612822 -0.9807852804032305 0
    outer loop
      vertex -1.2940952255126037 -4.8296291314453415 2.5
      vertex -0.6526309611002579 -4.957224306869052 2.5
      vertex -0.6526309611002579 -4.957224306869052 29.5
    endloop
  endfacet
  facet normal -0.06540312923014313 -0.9978589232386035 -6.6800063700053746e-18
    outer loop
      vertex -0.6526309611002579 -4.957224306869052 2.5
      vertex 0 -5 2.5
      vertex -0.26105238444010315 -4.982889722747621 29.5
    endloop
  endfacet
  facet normal -0.896872741532688 -0.44228869021900213 0
    outer loop
      vertex -4.619397662556434 -1.913417161825449 2.5
      vertex -4.330127018922193 -2.5 29.5
      vertex -4.619397662556434 -1.913417161825449 29.5
    endloop
  endfacet
  facet normal -0.8314696123025453 -0.555570233019602 0
    outer loop
      vertex -4.330127018922193 -2.5 2.5
      vertex -3.9667667014561756 -3.043807145043603 29.5
      vertex -4.330127018922193 -2.5 29.5
    endloop
  endfacet
  facet normal -0.7518398074789778 -0.6593458151000683 0
    outer loop
      vertex -3.9667667014561756 -3.043807145043603 2.5
      vertex -3.5355339059327378 -3.5355339059327378 29.5
      vertex -3.9667667014561756 -3.043807145043603 29.5
    endloop
  endfacet
  facet normal -0.9469301294951059 -0.3214394653031613 0
    outer loop
      vertex -4.8296291314453415 -1.2940952255126037 2.5
      vertex -4.619397662556434 -1.913417161825449 29.5
      vertex -4.8296291314453415 -1.2940952255126037 29.5
    endloop
  endfacet
  facet normal -0.9807852804032305 -0.19509032201612822 0
    outer loop
      vertex -4.957224306869052 -0.6526309611002579 2.5
      vertex -4.8296291314453415 -1.2940952255126037 29.5
      vertex -4.957224306869052 -0.6526309611002579 29.5
    endloop
  endfacet
  facet normal -0.9978589232386035 -0.06540312923014313 0
    outer loop
      vertex -4.957224306869052 -0.6526309611002579 29.5
      vertex -5 0 29.5
      vertex -5 0 2.5
    endloop
  endfacet
  facet normal -0.6593458151000683 -0.7518398074789778 0
    outer loop
      vertex -3.5355339059327378 -3.5355339059327378 2.5
      vertex -3.043807145043603 -3.9667667014561756 29.5
      vertex -3.5355339059327378 -3.5355339059327378 29.5
    endloop
  endfacet
  facet normal -0.555570233019602 -0.8314696123025453 0
    outer loop
      vertex -3.043807145043603 -3.9667667014561756 2.5
      vertex -2.5 -4.330127018922193 29.5
      vertex -3.043807145043603 -3.9667667014561756 29.5
    endloop
  endfacet
  facet normal -0.44228869021900213 -0.896872741532688 0
    outer loop
      vertex -2.5 -4.330127018922193 2.5
      vertex -1.913417161825449 -4.619397662556434 29.5
      vertex -2.5 -4.330127018922193 29.5
    endloop
  endfacet
  facet normal -0.3214394653031613 -0.9469301294951059 0
    outer loop
      vertex -1.913417161825449 -4.619397662556434 2.5
      vertex -1.2940952255126037 -4.8296291314453415 29.5
      vertex -1.913417161825449 -4.619397662556434 29.5
    endloop
  endfacet
  facet normal -0.19509032201612822 -0.9807852804032305 0
    outer loop
      vertex -1.2940952255126037 -4.8296291314453415 2.5
      vertex -0.6526309611002579 -4.957224306869052 29.5
      vertex -1.2940952255126037 -4.8296291314453415 29.5
    endloop
  endfacet
  facet normal -0.06540312923014358 -0.9978589232386034 0
    outer loop
      vertex -0.6526309611002579 -4.957224306869052 2.5
      vertex -0.26105238444010315 -4.982889722747621 29.5
      vertex -0.6526309611002579 -4.957224306869052 29.5
    endloop
  endfacet
  facet normal -0.06540312923014245 -0.9978589232386035 0
    outer loop
      vertex -0.26105238444010315 -4.982889722747621 29.5
      vertex 0 -5 2.5
      vertex 0 -5 29.5
    endloop
  endfacet
  facet normal -0.44228869021900563 -0.896872741532686 2.0488048459792297e-16
    outer loop
      vertex -2.5 -4.330127018922193 34.71539030917347
      vertex -2.4528503970696414 -4.353378629946492 34.60378257625684
      vertex -1.913417161825449 -4.619397662556434 47.5
    endloop
  endfacet
  facet normal -0.4422886902190002 -0.8968727415326888 0
    outer loop
      vertex -1.913417161825449 -4.619397662556434 33.05505024776975
      vertex -1.913417161825449 -4.619397662556434 47.5
      vertex -1.9431932913986174 -4.6047137004525105 33.211574587958125
    endloop
  endfacet
  facet normal -0.4422886902190018 -0.896872741532688 4.2487714524872344e-18
    outer loop
      vertex -1.9431932913986174 -4.6047137004525105 33.211574587958125
      vertex -1.913417161825449 -4.619397662556434 47.5
      vertex -2.4528503970696414 -4.353378629946492 34.60378257625684
    endloop
  endfacet
  facet normal -0.1950903220161282 -0.9807852804032304 0
    outer loop
      vertex -1.2940952255126037 -4.8296291314453415 31.5
      vertex -0.6526309611002579 -4.957224306869052 29.5
      vertex -0.6526309611002579 -4.957224306869052 31.5
    endloop
  endfacet
  facet normal -0.06540312923014245 -0.9978589232386036 5.17390630098683e-16
    outer loop
      vertex -0.26105238444010315 -4.982889722747621 29.5
      vertex 0 -5 29.5
      vertex -0.24994377233626897 -4.983617819651977 30.26595744680851
    endloop
  endfacet
  facet normal -0.3214394653031613 -0.9469301294951057 0
    outer loop
      vertex -1.913417161825449 -4.619397662556434 33.05505024776975
      vertex -1.2940952255126037 -4.8296291314453415 31.5
      vertex -1.2940952255126037 -4.8296291314453415 47.5
    endloop
  endfacet
  facet normal -0.1950903220161282 -0.9807852804032304 0
    outer loop
      vertex -1.2940952255126037 -4.8296291314453415 31.5
      vertex -0.6526309611002579 -4.957224306869052 31.5
      vertex -0.6526309611002579 -4.957224306869052 47.5
    endloop
  endfacet
  facet normal -0.06540312923014313 -0.9978589232386036 0
    outer loop
      vertex -0.6526309611002579 -4.957224306869052 31.5
      vertex 0 -5 31.5
      vertex 0 -5 47.5
    endloop
  endfacet
  facet normal -0.8314696123025453 -0.5555702330196021 0
    outer loop
      vertex -3.9667667014561756 -3.043807145043603 40.8897257037907
      vertex -3.9667667014561756 -3.043807145043603 47.5
      vertex -4.330127018922193 -2.5 43.5
    endloop
  endfacet
  facet normal -0.7518398074789778 -0.6593458151000684 0
    outer loop
      vertex -3.5355339059327378 -3.5355339059327378 38.52943725152286
      vertex -3.5355339059327378 -3.5355339059327378 47.5
      vertex -3.9667667014561756 -3.043807145043603 40.8897257037907
    endloop
  endfacet
  facet normal -0.8968727415326879 -0.44228869021900213 0
    outer loop
      vertex -4.619397662556434 -1.913417161825449 46.31559762323784
      vertex -4.330127018922193 -2.5 47.5
      vertex -4.619397662556434 -1.913417161825449 47.5
    endloop
  endfacet
  facet normal -0.9469301294951057 -0.32143946530316164 0
    outer loop
      vertex -4.619397662556434 -1.913417161825449 46.31559762323784
      vertex -4.619397662556434 -1.913417161825449 47.5
      vertex -4.7031581690147295 -1.6666666666666663 47.5
    endloop
  endfacet
  facet normal -0.8314696123025453 -0.5555702330196021 0
    outer loop
      vertex -4.330127018922193 -2.5 43.5
      vertex -3.9667667014561756 -3.043807145043603 47.5
      vertex -4.330127018922193 -2.5 47.5
    endloop
  endfacet
  facet normal -0.7518398074789778 -0.6593458151000684 0
    outer loop
      vertex -3.9667667014561756 -3.043807145043603 40.8897257037907
      vertex -3.5355339059327378 -3.5355339059327378 47.5
      vertex -3.9667667014561756 -3.043807145043603 47.5
    endloop
  endfacet
  facet normal -0.8968727415326879 -0.4422886902190021 0
    outer loop
      vertex -4.330127018922193 -2.5 43.5
      vertex -4.330127018922193 -2.5 47.5
      vertex -4.619397662556434 -1.913417161825449 46.31559762323784
    endloop
  endfacet
  facet normal -0.6593458151000684 -0.7518398074789778 0
    outer loop
      vertex -3.043807145043603 -3.9667667014561756 36.45951983301036
      vertex -3.043807145043603 -3.9667667014561756 47.5
      vertex -3.5355339059327378 -3.5355339059327378 38.52943725152286
    endloop
  endfacet
  facet normal -0.5555702330196021 -0.8314696123025455 0
    outer loop
      vertex -3.043807145043603 -3.9667667014561756 36.45951983301036
      vertex -2.5 -4.330127018922193 34.71539030917347
      vertex -2.5 -4.330127018922193 47.5
    endloop
  endfacet
  facet normal -0.5555702330196021 -0.8314696123025453 0
    outer loop
      vertex -3.043807145043603 -3.9667667014561756 36.45951983301036
      vertex -2.5 -4.330127018922193 47.5
      vertex -3.043807145043603 -3.9667667014561756 47.5
    endloop
  endfacet
  facet normal -0.4422886902190021 -0.8968727415326879 0
    outer loop
      vertex -2.5 -4.330127018922193 34.71539030917347
      vertex -1.913417161825449 -4.619397662556434 47.5
      vertex -2.5 -4.330127018922193 47.5
    endloop
  endfacet
  facet normal -0.6593458151000684 -0.7518398074789778 0
    outer loop
      vertex -3.5355339059327378 -3.5355339059327378 38.52943725152286
      vertex -3.043807145043603 -3.9667667014561756 47.5
      vertex -3.5355339059327378 -3.5355339059327378 47.5
    endloop
  endfacet
  facet normal -0.3214394653031613 -0.9469301294951057 0
    outer loop
      vertex -1.913417161825449 -4.619397662556434 33.05505024776975
      vertex -1.2940952255126037 -4.8296291314453415 47.5
      vertex -1.913417161825449 -4.619397662556434 47.5
    endloop
  endfacet
  facet normal -0.1950903220161282 -0.9807852804032304 0
    outer loop
      vertex -1.2940952255126037 -4.8296291314453415 31.5
      vertex -0.6526309611002579 -4.957224306869052 47.5
      vertex -1.2940952255126037 -4.8296291314453415 47.5
    endloop
  endfacet
  facet normal -0.06540312923014313 -0.9978589232386036 0
    outer loop
      vertex -0.6526309611002579 -4.957224306869052 31.5
      vertex 0 -5 47.5
      vertex -0.6526309611002579 -4.957224306869052 47.5
    endloop
  endfacet
  facet normal 0 0 1
    outer loop
      vertex -3.9667667014561756 -3.043807145043603 47.5
      vertex -3.5355339059327378 -3.5355339059327378 47.5
      vertex 4.7031581690147295 -1.6666666666666663 47.5
    endloop
  endfacet
  facet normal 0 0 1
    outer loop
      vertex -4.619397662556434 -1.913417161825449 47.5
      vertex -4.330127018922193 -2.5 47.5
      vertex 4.7031581690147295 -1.6666666666666663 47.5
    endloop
  endfacet
  facet normal 0 0 1
    outer loop
      vertex -3.9667667014561756 -3.043807145043603 47.5
      vertex 4.7031581690147295 -1.6666666666666663 47.5
      vertex -4.330127018922193 -2.5 47.5
    endloop
  endfacet
  facet normal 0 0 1
    outer loop
      vertex -3.043807145043603 -3.9667667014561756 47.5
      vertex 4.7031581690147295 -1.6666666666666663 47.5
      vertex -3.5355339059327378 -3.5355339059327378 47.5
    endloop
  endfacet
  facet normal 0 0 1
    outer loop
      vertex -3.043807145043603 -3.9667667014561756 47.5
      vertex -2.5 -4.330127018922193 47.5
      vertex 4.7031581690147295 -1.6666666666666663 47.5
    endloop
  endfacet
  facet normal 0 0 1
    outer loop
      vertex -4.619397662556434 -1.913417161825449 47.5
      vertex 4.7031581690147295 -1.6666666666666663 47.5
      vertex -4.7031581690147295 -1.6666666666666663 47.5
    endloop
  endfacet
  facet normal -0.9978589232386035 0.06540312923014313 0
    outer loop
      vertex -5 0 2.5
      vertex -5 0 29.5
      vertex -4.957224306869052 0.6526309611002579 2.5
    endloop
  endfacet
  facet normal -0.9807852804032305 0.19509032201612822 0
    outer loop
      vertex -4.957224306869052 0.6526309611002579 2.5
      vertex -4.957224306869052 0.6526309611002579 29.5
      vertex -4.8296291314453415 1.2940952255126037 2.5
    endloop
  endfacet
  facet normal -0.9469301294951059 0.3214394653031613 0
    outer loop
      vertex -4.8296291314453415 1.2940952255126037 2.5
      vertex -4.8296291314453415 1.2940952255126037 29.5
      vertex -4.619397662556434 1.913417161825449 2.5
    endloop
  endfacet
  facet normal -0.896872741532688 0.44228869021900213 0
    outer loop
      vertex -4.619397662556434 1.913417161825449 2.5
      vertex -4.619397662556434 1.913417161825449 29.5
      vertex -4.330127018922193 2.5 2.5
    endloop
  endfacet
  facet normal -0.8314696123025453 0.555570233019602 0
    outer loop
      vertex -4.330127018922193 2.5 2.5
      vertex -4.330127018922193 2.5 29.5
      vertex -3.9667667014561756 3.043807145043603 2.5
    endloop
  endfacet
  facet normal -0.7518398074789778 0.6593458151000683 0
    outer loop
      vertex -3.9667667014561756 3.043807145043603 2.5
      vertex -3.9667667014561756 3.043807145043603 29.5
      vertex -3.5355339059327378 3.5355339059327378 2.5
    endloop
  endfacet
  facet normal -0.6593458151000683 0.7518398074789778 0
    outer loop
      vertex -3.5355339059327378 3.5355339059327378 2.5
      vertex -3.5355339059327378 3.5355339059327378 29.5
      vertex -3.043807145043603 3.9667667014561756 2.5
    endloop
  endfacet
  facet normal -0.555570233019602 0.8314696123025453 0
    outer loop
      vertex -3.043807145043603 3.9667667014561756 2.5
      vertex -3.043807145043603 3.9667667014561756 29.5
      vertex -2.5 4.330127018922193 2.5
    endloop
  endfacet
  facet normal -0.44228869021900213 0.896872741532688 0
    outer loop
      vertex -2.5 4.330127018922193 2.5
      vertex -2.5 4.330127018922193 29.5
      vertex -1.913417161825449 4.619397662556434 2.5
    endloop
  endfacet
  facet normal -0.3214394653031613 0.9469301294951059 0
    outer loop
      vertex -1.913417161825449 4.619397662556434 2.5
      vertex -1.913417161825449 4.619397662556434 29.5
      vertex -1.2940952255126037 4.8296291314453415 2.5
    endloop
  endfacet
  facet normal -0.19509032201612822 0.9807852804032305 0
    outer loop
      vertex -1.2940952255126037 4.8296291314453415 2.5
      vertex -1.2940952255126037 4.8296291314453415 29.5
      vertex -0.6526309611002579 4.957224306869052 2.5
    endloop
  endfacet
  facet normal -0.06540312923014313 0.9978589232386035 6.5817709822111775e-18
    outer loop
      vertex -0.6526309611002579 4.957224306869052 2.5
      vertex -0.3915785766601547 4.974334584121431 29.5
      vertex 0 5 2.5
    endloop
  endfacet
  facet normal -0.9978589232386035 0.06540312923014313 0
    outer loop
      vertex -4.957224306869052 0.6526309611002579 2.5
      vertex -5 0 29.5
      vertex -4.957224306869052 0.6526309611002579 29.5
    endloop
  endfacet
  facet normal -0.9807852804032305 0.19509032201612822 0
    outer loop
      vertex -4.8296291314453415 1.2940952255126037 2.5
      vertex -4.957224306869052 0.6526309611002579 29.5
      vertex -4.8296291314453415 1.2940952255126037 29.5
    endloop
  endfacet
  facet normal -0.9469301294951059 0.3214394653031613 0
    outer loop
      vertex -4.619397662556434 1.913417161825449 2.5
      vertex -4.8296291314453415 1.2940952255126037 29.5
      vertex -4.619397662556434 1.913417161825449 29.5
    endloop
  endfacet
  facet normal -0.896872741532688 0.44228869021900213 0
    outer loop
      vertex -4.330127018922193 2.5 2.5
      vertex -4.619397662556434 1.913417161825449 29.5
      vertex -4.330127018922193 2.5 29.5
    endloop
  endfacet
  facet normal -0.8314696123025453 0.555570233019602 0
    outer loop
      vertex -3.9667667014561756 3.043807145043603 2.5
      vertex -4.330127018922193 2.5 29.5
      vertex -3.9667667014561756 3.043807145043603 29.5
    endloop
  endfacet
  facet normal -0.7518398074789778 0.6593458151000683 0
    outer loop
      vertex -3.5355339059327378 3.5355339059327378 2.5
      vertex -3.9667667014561756 3.043807145043603 29.5
      vertex -3.5355339059327378 3.5355339059327378 29.5
    endloop
  endfacet
  facet normal -0.6593458151000683 0.7518398074789778 0
    outer loop
      vertex -3.043807145043603 3.9667667014561756 2.5
      vertex -3.5355339059327378 3.5355339059327378 29.5
      vertex -3.043807145043603 3.9667667014561756 29.5
    endloop
  endfacet
  facet normal -0.555570233019602 0.8314696123025453 0
    outer loop
      vertex -2.5 4.330127018922193 2.5
      vertex -3.043807145043603 3.9667667014561756 29.5
      vertex -2.5 4.330127018922193 29.5
    endloop
  endfacet
  facet normal -0.44228869021900213 0.896872741532688 0
    outer loop
      vertex -1.913417161825449 4.619397662556434 2.5
      vertex -2.5 4.330127018922193 29.5
      vertex -1.913417161825449 4.619397662556434 29.5
    endloop
  endfacet
  facet normal -0.3214394653031613 0.9469301294951059 0
    outer loop
      vertex -1.2940952255126037 4.8296291314453415 2.5
      vertex -1.913417161825449 4.619397662556434 29.5
      vertex -1.2940952255126037 4.8296291314453415 29.5
    endloop
  endfacet
  facet normal -0.19509032201612822 0.9807852804032305 0
    outer loop
      vertex -0.6526309611002579 4.957224306869052 2.5
      vertex -1.2940952255126037 4.8296291314453415 29.5
      vertex -0.6526309611002579 4.957224306869052 29.5
    endloop
  endfacet
  facet normal -0.06540312923014245 0.9978589232386035 0
    outer loop
      vertex -0.6526309611002579 4.957224306869052 2.5
      vertex -0.6526309611002579 4.957224306869052 29.5
      vertex -0.3915785766601547 4.974334584121431 29.5
    endloop
  endfacet
  facet normal -0.06540312923014358 0.9978589232386034 0
    outer loop
      vertex -0.3915785766601547 4.974334584121431 29.5
      vertex 0 5 29.5
      vertex 0 5 2.5
    endloop
  endfacet
  facet normal -0.4422886902190061 0.896872741532686 0
    outer loop
      vertex -2.5 4.330127018922193 34.71539030917347
      vertex -2.5 4.330127018922193 47.5
      vertex -2.4528503970696414 4.353378629946492 34.60378257625684
    endloop
  endfacet
  facet normal -0.4422886902190018 0.8968727415326881 1.9128010765342684e-17
    outer loop
      vertex -1.9431932913986174 4.6047137004525105 33.211574587958125
      vertex -2.4528503970696414 4.353378629946492 34.60378257625684
      vertex -2.5 4.330127018922193 47.5
    endloop
  endfacet
  facet normal -0.4422886902190002 0.8968727415326888 0
    outer loop
      vertex -1.913417161825449 4.619397662556434 33.05505024776975
      vertex -1.9431932913986174 4.6047137004525105 33.211574587958125
      vertex -1.913417161825449 4.619397662556434 47.5
    endloop
  endfacet
  facet normal -0.06540312923014358 0.9978589232386035 6.490186948798886e-17
    outer loop
      vertex -0.3915785766601547 4.974334584121431 29.5
      vertex -0.4097915337141154 4.973140843848009 30.75581395348837
      vertex 0 5 29.5
    endloop
  endfacet
  facet normal -0.06540312923014378 0.9978589232386035 0
    outer loop
      vertex -0.4097915337141154 4.973140843848009 30.75581395348837
      vertex 0 5 31.5
      vertex 0 5 29.5
    endloop
  endfacet
  facet normal -0.1950903220161282 0.9807852804032304 0
    outer loop
      vertex -1.2940952255126037 4.8296291314453415 31.5
      vertex -1.2940952255126037 4.8296291314453415 47.5
      vertex -0.6526309611002579 4.957224306869052 29.5
    endloop
  endfacet
  facet normal -0.3214394653031613 0.9469301294951057 0
    outer loop
      vertex -1.913417161825449 4.619397662556434 33.05505024776975
      vertex -1.913417161825449 4.619397662556434 47.5
      vertex -1.2940952255126037 4.8296291314453415 31.5
    endloop
  endfacet
  facet normal -0.1950903220161282 0.9807852804032304 0
    outer loop
      vertex -0.6526309611002579 4.957224306869052 29.5
      vertex -1.2940952255126037 4.8296291314453415 47.5
      vertex -0.6526309611002579 4.957224306869052 31.5
    endloop
  endfacet
  facet normal -0.06540312923014203 0.9978589232386036 0
    outer loop
      vertex -0.6526309611002579 4.957224306869052 31.5
      vertex -0.6526309611002579 4.957224306869052 47.5
      vertex -0.4097915337141154 4.973140843848009 30.75581395348837
    endloop
  endfacet
  facet normal -0.06540312923014374 0.9978589232386035 -2.4825818552015723e-17
    outer loop
      vertex -0.4097915337141154 4.973140843848009 30.75581395348837
      vertex -0.6526309611002579 4.957224306869052 47.5
      vertex 0 5 31.5
    endloop
  endfacet
  facet normal -0.8314696123025453 0.5555702330196021 0
    outer loop
      vertex -4.330127018922193 2.5 43.5
      vertex -3.9667667014561756 3.043807145043603 47.5
      vertex -3.9667667014561756 3.043807145043603 40.8897257037907
    endloop
  endfacet
  facet normal -0.7518398074789778 0.6593458151000684 0
    outer loop
      vertex -3.5355339059327378 3.5355339059327378 38.52943725152286
      vertex -3.9667667014561756 3.043807145043603 40.8897257037907
      vertex -3.5355339059327378 3.5355339059327378 47.5
    endloop
  endfacet
  facet normal -0.9469301294951057 0.32143946530316164 0
    outer loop
      vertex -4.7031581690147295 1.6666666666666663 47.5
      vertex -4.619397662556434 1.913417161825449 47.5
      vertex -4.619397662556434 1.913417161825449 46.31559762323784
    endloop
  endfacet
  facet normal -0.8968727415326879 0.44228869021900213 0
    outer loop
      vertex -4.619397662556434 1.913417161825449 46.31559762323784
      vertex -4.619397662556434 1.913417161825449 47.5
      vertex -4.330127018922193 2.5 47.5
    endloop
  endfacet
  facet normal 0 0 1
    outer loop
      vertex -4.7031581690147295 1.6666666666666663 47.5
      vertex -4.330127018922193 2.5 47.5
      vertex -4.619397662556434 1.913417161825449 47.5
    endloop
  endfacet
  facet normal -0.8968727415326879 0.4422886902190021 0
    outer loop
      vertex -4.330127018922193 2.5 43.5
      vertex -4.619397662556434 1.913417161825449 46.31559762323784
      vertex -4.330127018922193 2.5 47.5
    endloop
  endfacet
  facet normal 0 0 1
    outer loop
      vertex -4.7031581690147295 1.6666666666666663 47.5
      vertex -3.9667667014561756 3.043807145043603 47.5
      vertex -4.330127018922193 2.5 47.5
    endloop
  endfacet
  facet normal -0.8314696123025453 0.5555702330196021 0
    outer loop
      vertex -4.330127018922193 2.5 43.5
      vertex -4.330127018922193 2.5 47.5
      vertex -3.9667667014561756 3.043807145043603 47.5
    endloop
  endfacet
  facet normal -0.7518398074789778 0.6593458151000684 0
    outer loop
      vertex -3.9667667014561756 3.043807145043603 40.8897257037907
      vertex -3.9667667014561756 3.043807145043603 47.5
      vertex -3.5355339059327378 3.5355339059327378 47.5
    endloop
  endfacet
  facet normal 0 0 1
    outer loop
      vertex -4.7031581690147295 1.6666666666666663 47.5
      vertex -3.5355339059327378 3.5355339059327378 47.5
      vertex -3.9667667014561756 3.043807145043603 47.5
    endloop
  endfacet
  facet normal 0 0 1
    outer loop
      vertex -4.7031581690147295 1.6666666666666663 47.5
      vertex -3.043807145043603 3.9667667014561756 47.5
      vertex -3.5355339059327378 3.5355339059327378 47.5
    endloop
  endfacet
  facet normal 0 0 1
    outer loop
      vertex -4.7031581690147295 1.6666666666666663 47.5
      vertex -2.5 4.330127018922193 47.5
      vertex -3.043807145043603 3.9667667014561756 47.5
    endloop
  endfacet
  facet normal 0 0 1
    outer loop
      vertex -4.7031581690147295 1.6666666666666663 47.5
      vertex -1.913417161825449 4.619397662556434 47.5
      vertex -2.5 4.330127018922193 47.5
    endloop
  endfacet
  facet normal 0 0 1
    outer loop
      vertex -4.7031581690147295 1.6666666666666663 47.5
      vertex 2.5 4.330127018922193 47.5
      vertex 1.913417161825449 4.619397662556434 47.5
    endloop
  endfacet
  facet normal -0.6593458151000684 0.7518398074789778 0
    outer loop
      vertex -3.5355339059327378 3.5355339059327378 38.52943725152286
      vertex -3.5355339059327378 3.5355339059327378 47.5
      vertex -3.043807145043603 3.9667667014561756 36.45951983301036
    endloop
  endfacet
  facet normal -0.5555702330196021 0.8314696123025453 0
    outer loop
      vertex -3.043807145043603 3.9667667014561756 36.45951983301036
      vertex -3.043807145043603 3.9667667014561756 47.5
      vertex -2.5 4.330127018922193 34.71539030917347
    endloop
  endfacet
  facet normal -0.6593458151000684 0.7518398074789778 0
    outer loop
      vertex -3.043807145043603 3.9667667014561756 36.45951983301036
      vertex -3.5355339059327378 3.5355339059327378 47.5
      vertex -3.043807145043603 3.9667667014561756 47.5
    endloop
  endfacet
  facet normal -0.5555702330196021 0.8314696123025455 0
    outer loop
      vertex -2.5 4.330127018922193 34.71539030917347
      vertex -3.043807145043603 3.9667667014561756 47.5
      vertex -2.5 4.330127018922193 47.5
    endloop
  endfacet
  facet normal -0.4422886902190021 0.8968727415326879 4.8263710131004e-18
    outer loop
      vertex -1.9431932913986174 4.6047137004525105 33.211574587958125
      vertex -2.5 4.330127018922193 47.5
      vertex -1.913417161825449 4.619397662556434 47.5
    endloop
  endfacet
  facet normal 0 0 1
    outer loop
      vertex -4.7031581690147295 1.6666666666666663 47.5
      vertex -1.2940952255126037 4.8296291314453415 47.5
      vertex -1.913417161825449 4.619397662556434 47.5
    endloop
  endfacet
  facet normal 0 0 1
    outer loop
      vertex -4.7031581690147295 1.6666666666666663 47.5
      vertex -0.6526309611002579 4.957224306869052 47.5
      vertex -1.2940952255126037 4.8296291314453415 47.5
    endloop
  endfacet
  facet normal 0 0 1
    outer loop
      vertex -4.7031581690147295 1.6666666666666663 47.5
      vertex 0 5 47.5
      vertex -0.6526309611002579 4.957224306869052 47.5
    endloop
  endfacet
  facet normal -0.3214394653031613 0.9469301294951057 0
    outer loop
      vertex -1.2940952255126037 4.8296291314453415 31.5
      vertex -1.913417161825449 4.619397662556434 47.5
      vertex -1.2940952255126037 4.8296291314453415 47.5
    endloop
  endfacet
  facet normal -0.1950903220161282 0.9807852804032304 0
    outer loop
      vertex -0.6526309611002579 4.957224306869052 31.5
      vertex -1.2940952255126037 4.8296291314453415 47.5
      vertex -0.6526309611002579 4.957224306869052 47.5
    endloop
  endfacet
  facet normal -0.06540312923014313 0.9978589232386036 0
    outer loop
      vertex -0.6526309611002579 4.957224306869052 47.5
      vertex 0 5 47.5
      vertex 0 5 31.5
    endloop
  endfacet
  facet normal 0 0 1
    outer loop
      vertex -4.7031581690147295 1.6666666666666663 47.5
      vertex 0.6526309611002579 4.957224306869052 47.5
      vertex 0 5 47.5
    endloop
  endfacet
  facet normal 0 0 1
    outer loop
      vertex -4.7031581690147295 1.6666666666666663 47.5
      vertex 1.2940952255126037 4.8296291314453415 47.5
      vertex 0.6526309611002579 4.957224306869052 47.5
    endloop
  endfacet
  facet normal 0 0 1
    outer loop
      vertex -4.7031581690147295 1.6666666666666663 47.5
      vertex 1.913417161825449 4.619397662556434 47.5
      vertex 1.2940952255126037 4.8296291314453415 47.5
    endloop
  endfacet
  facet normal 0.06540312923014313 -0.9978589232386035 6.6800063700053746e-18
    outer loop
      vertex 0 -5 2.5
      vertex 0.6526309611002579 -4.957224306869052 2.5
      vertex 0.3915785766601547 -4.974334584121431 29.5
    endloop
  endfacet
  facet normal 0.19509032201612822 -0.9807852804032305 0
    outer loop
      vertex 0.6526309611002579 -4.957224306869052 2.5
      vertex 1.2940952255126037 -4.8296291314453415 2.5
      vertex 1.2940952255126037 -4.8296291314453415 29.5
    endloop
  endfacet
  facet normal 0.3214394653031613 -0.9469301294951059 0
    outer loop
      vertex 1.2940952255126037 -4.8296291314453415 2.5
      vertex 1.913417161825449 -4.619397662556434 2.5
      vertex 1.913417161825449 -4.619397662556434 29.5
    endloop
  endfacet
  facet normal 0.44228869021900213 -0.896872741532688 0
    outer loop
      vertex 1.913417161825449 -4.619397662556434 2.5
      vertex 2.5 -4.330127018922193 2.5
      vertex 2.5 -4.330127018922193 29.5
    endloop
  endfacet
  facet normal 0.555570233019602 -0.8314696123025453 0
    outer loop
      vertex 2.5 -4.330127018922193 2.5
      vertex 3.043807145043603 -3.9667667014561756 2.5
      vertex 3.043807145043603 -3.9667667014561756 29.5
    endloop
  endfacet
  facet normal 0.6593458151000683 -0.7518398074789778 0
    outer loop
      vertex 3.043807145043603 -3.9667667014561756 2.5
      vertex 3.5355339059327378 -3.5355339059327378 2.5
      vertex 3.5355339059327378 -3.5355339059327378 29.5
    endloop
  endfacet
  facet normal 0.7518398074789778 -0.6593458151000683 0
    outer loop
      vertex 3.5355339059327378 -3.5355339059327378 2.5
      vertex 3.9667667014561756 -3.043807145043603 2.5
      vertex 3.9667667014561756 -3.043807145043603 29.5
    endloop
  endfacet
  facet normal 0.8314696123025453 -0.555570233019602 0
    outer loop
      vertex 3.9667667014561756 -3.043807145043603 2.5
      vertex 4.330127018922193 -2.5 2.5
      vertex 4.330127018922193 -2.5 29.5
    endloop
  endfacet
  facet normal 0.896872741532688 -0.44228869021900213 0
    outer loop
      vertex 4.330127018922193 -2.5 2.5
      vertex 4.619397662556434 -1.913417161825449 2.5
      vertex 4.619397662556434 -1.913417161825449 29.5
    endloop
  endfacet
  facet normal 0.9469301294951059 -0.3214394653031613 0
    outer loop
      vertex 4.619397662556434 -1.913417161825449 2.5
      vertex 4.8296291314453415 -1.2940952255126037 2.5
      vertex 4.8296291314453415 -1.2940952255126037 29.5
    endloop
  endfacet
  facet normal 0.9807852804032305 -0.19509032201612822 0
    outer loop
      vertex 4.8296291314453415 -1.2940952255126037 2.5
      vertex 4.957224306869052 -0.6526309611002579 2.5
      vertex 4.957224306869052 -0.6526309611002579 29.5
    endloop
  endfacet
  facet normal 0.9978589232386035 -0.06540312923014313 0
    outer loop
      vertex 4.957224306869052 -0.6526309611002579 2.5
      vertex 5 0 2.5
      vertex 5 0 29.5
    endloop
  endfacet
  facet normal 0.06540312923014358 -0.9978589232386034 0
    outer loop
      vertex 0 -5 2.5
      vertex 0.3915785766601547 -4.974334584121431 29.5
      vertex 0 -5 29.5
    endloop
  endfacet
  facet normal 0.06540312923014245 -0.9978589232386035 0
    outer loop
      vertex 0.6526309611002579 -4.957224306869052 2.5
      vertex 0.6526309611002579 -4.957224306869052 29.5
      vertex 0.3915785766601547 -4.974334584121431 29.5
    endloop
  endfacet
  facet normal 0.19509032201612822 -0.9807852804032305 0
    outer loop
      vertex 0.6526309611002579 -4.957224306869052 2.5
      vertex 1.2940952255126037 -4.8296291314453415 29.5
      vertex 0.6526309611002579 -4.957224306869052 29.5
    endloop
  endfacet
  facet normal 0.3214394653031613 -0.9469301294951059 0
    outer loop
      vertex 1.2940952255126037 -4.8296291314453415 2.5
      vertex 1.913417161825449 -4.619397662556434 29.5
      vertex 1.2940952255126037 -4.8296291314453415 29.5
    endloop
  endfacet
  facet normal 0.44228869021900213 -0.896872741532688 0
    outer loop
      vertex 1.913417161825449 -4.619397662556434 2.5
      vertex 2.5 -4.330127018922193 29.5
      vertex 1.913417161825449 -4.619397662556434 29.5
    endloop
  endfacet
  facet normal 0.555570233019602 -0.8314696123025453 0
    outer loop
      vertex 2.5 -4.330127018922193 2.5
      vertex 3.043807145043603 -3.9667667014561756 29.5
      vertex 2.5 -4.330127018922193 29.5
    endloop
  endfacet
  facet normal 0.6593458151000683 -0.7518398074789778 0
    outer loop
      vertex 3.043807145043603 -3.9667667014561756 2.5
      vertex 3.5355339059327378 -3.5355339059327378 29.5
      vertex 3.043807145043603 -3.9667667014561756 29.5
    endloop
  endfacet
  facet normal 0.06540312923014378 -0.9978589232386035 0
    outer loop
      vertex 0 -5 29.5
      vertex 0.4097915337141154 -4.973140843848009 30.75581395348837
      vertex 0 -5 31.5
    endloop
  endfacet
  facet normal 0.06540312923014358 -0.9978589232386035 6.336182512725692e-17
    outer loop
      vertex 0 -5 29.5
      vertex 0.3915785766601547 -4.974334584121431 29.5
      vertex 0.4097915337141154 -4.973140843848009 30.75581395348837
    endloop
  endfacet
  facet normal 0.06540312923014374 -0.9978589232386035 -2.5071618735699047e-17
    outer loop
      vertex 0 -5 31.5
      vertex 0.4097915337141154 -4.973140843848009 30.75581395348837
      vertex 0.6526309611002579 -4.957224306869052 47.5
    endloop
  endfacet
  facet normal 0.06540312923014202 -0.9978589232386036 0
    outer loop
      vertex 0.4097915337141154 -4.973140843848009 30.75581395348837
      vertex 0.6526309611002579 -4.957224306869052 31.5
      vertex 0.6526309611002579 -4.957224306869052 47.5
    endloop
  endfacet
  facet normal 0.1950903220161282 -0.9807852804032304 0
    outer loop
      vertex 0.6526309611002579 -4.957224306869052 29.5
      vertex 1.2940952255126037 -4.8296291314453415 47.5
      vertex 0.6526309611002579 -4.957224306869052 31.5
    endloop
  endfacet
  facet normal 0.1950903220161282 -0.9807852804032304 0
    outer loop
      vertex 0.6526309611002579 -4.957224306869052 29.5
      vertex 1.2940952255126037 -4.8296291314453415 31.5
      vertex 1.2940952255126037 -4.8296291314453415 47.5
    endloop
  endfacet
  facet normal 0.3214394653031613 -0.9469301294951057 0
    outer loop
      vertex 1.2940952255126037 -4.8296291314453415 31.5
      vertex 1.913417161825449 -4.619397662556434 33.05505024776975
      vertex 1.913417161825449 -4.619397662556434 47.5
    endloop
  endfacet
  facet normal 0.4422886902190002 -0.8968727415326888 0
    outer loop
      vertex 1.913417161825449 -4.619397662556434 33.05505024776975
      vertex 1.9431932913986174 -4.6047137004525105 33.211574587958125
      vertex 1.913417161825449 -4.619397662556434 47.5
    endloop
  endfacet
  facet normal 0.4422886902190018 -0.8968727415326881 1.9128010765342684e-17
    outer loop
      vertex 1.9431932913986174 -4.6047137004525105 33.211574587958125
      vertex 2.4528503970696414 -4.353378629946492 34.60378257625684
      vertex 2.5 -4.330127018922193 47.5
    endloop
  endfacet
  facet normal 0.44228869021900596 -0.896872741532686 0
    outer loop
      vertex 2.4528503970696414 -4.353378629946492 34.60378257625684
      vertex 2.5 -4.330127018922193 34.71539030917347
      vertex 2.5 -4.330127018922193 47.5
    endloop
  endfacet
  facet normal 0.7518398074789778 -0.6593458151000683 0
    outer loop
      vertex 3.5355339059327378 -3.5355339059327378 2.5
      vertex 3.9667667014561756 -3.043807145043603 29.5
      vertex 3.5355339059327378 -3.5355339059327378 29.5
    endloop
  endfacet
  facet normal 0.8314696123025453 -0.555570233019602 0
    outer loop
      vertex 3.9667667014561756 -3.043807145043603 2.5
      vertex 4.330127018922193 -2.5 29.5
      vertex 3.9667667014561756 -3.043807145043603 29.5
    endloop
  endfacet
  facet normal 0.896872741532688 -0.44228869021900213 0
    outer loop
      vertex 4.330127018922193 -2.5 2.5
      vertex 4.619397662556434 -1.913417161825449 29.5
      vertex 4.330127018922193 -2.5 29.5
    endloop
  endfacet
  facet normal 0.9469301294951059 -0.3214394653031613 0
    outer loop
      vertex 4.619397662556434 -1.913417161825449 2.5
      vertex 4.8296291314453415 -1.2940952255126037 29.5
      vertex 4.619397662556434 -1.913417161825449 29.5
    endloop
  endfacet
  facet normal 0.9807852804032305 -0.19509032201612822 0
    outer loop
      vertex 4.8296291314453415 -1.2940952255126037 2.5
      vertex 4.957224306869052 -0.6526309611002579 29.5
      vertex 4.8296291314453415 -1.2940952255126037 29.5
    endloop
  endfacet
  facet normal 0.9978589232386035 -0.06540312923014313 0
    outer loop
      vertex 4.957224306869052 -0.6526309611002579 2.5
      vertex 5 0 29.5
      vertex 4.957224306869052 -0.6526309611002579 29.5
    endloop
  endfacet
  facet normal 0.06540312923014313 -0.9978589232386036 0
    outer loop
      vertex 0 -5 31.5
      vertex 0.6526309611002579 -4.957224306869052 47.5
      vertex 0 -5 47.5
    endloop
  endfacet
  facet normal 0.1950903220161282 -0.9807852804032304 0
    outer loop
      vertex 0.6526309611002579 -4.957224306869052 31.5
      vertex 1.2940952255126037 -4.8296291314453415 47.5
      vertex 0.6526309611002579 -4.957224306869052 47.5
    endloop
  endfacet
  facet normal 0.3214394653031613 -0.9469301294951057 0
    outer loop
      vertex 1.2940952255126037 -4.8296291314453415 31.5
      vertex 1.913417161825449 -4.619397662556434 47.5
      vertex 1.2940952255126037 -4.8296291314453415 47.5
    endloop
  endfacet
  facet normal 0 0 1
    outer loop
      vertex -1.913417161825449 -4.619397662556434 47.5
      vertex -1.2940952255126037 -4.8296291314453415 47.5
      vertex 4.7031581690147295 -1.6666666666666663 47.5
    endloop
  endfacet
  facet normal 0 0 1
    outer loop
      vertex -1.2940952255126037 -4.8296291314453415 47.5
      vertex -0.6526309611002579 -4.957224306869052 47.5
      vertex 4.7031581690147295 -1.6666666666666663 47.5
    endloop
  endfacet
  facet normal 0 0 1
    outer loop
      vertex -0.6526309611002579 -4.957224306869052 47.5
      vertex 0 -5 47.5
      vertex 4.7031581690147295 -1.6666666666666663 47.5
    endloop
  endfacet
  facet normal 0.4422886902190021 -0.8968727415326879 4.8263710131004e-18
    outer loop
      vertex 1.9431932913986174 -4.6047137004525105 33.211574587958125
      vertex 2.5 -4.330127018922193 47.5
      vertex 1.913417161825449 -4.619397662556434 47.5
    endloop
  endfacet
  facet normal 0.5555702330196021 -0.8314696123025453 0
    outer loop
      vertex 2.5 -4.330127018922193 34.71539030917347
      vertex 3.043807145043603 -3.9667667014561756 36.45951983301036
      vertex 3.043807145043603 -3.9667667014561756 47.5
    endloop
  endfacet
  facet normal 0.6593458151000684 -0.7518398074789778 0
    outer loop
      vertex 3.043807145043603 -3.9667667014561756 36.45951983301036
      vertex 3.5355339059327378 -3.5355339059327378 38.52943725152286
      vertex 3.5355339059327378 -3.5355339059327378 47.5
    endloop
  endfacet
  facet normal 0.5555702330196021 -0.8314696123025455 0
    outer loop
      vertex 2.5 -4.330127018922193 34.71539030917347
      vertex 3.043807145043603 -3.9667667014561756 47.5
      vertex 2.5 -4.330127018922193 47.5
    endloop
  endfacet
  facet normal 0.6593458151000684 -0.7518398074789778 0
    outer loop
      vertex 3.043807145043603 -3.9667667014561756 36.45951983301036
      vertex 3.5355339059327378 -3.5355339059327378 47.5
      vertex 3.043807145043603 -3.9667667014561756 47.5
    endloop
  endfacet
  facet normal 0 0 1
    outer loop
      vertex 0 -5 47.5
      vertex 0.6526309611002579 -4.957224306869052 47.5
      vertex 4.7031581690147295 -1.6666666666666663 47.5
    endloop
  endfacet
  facet normal 0 0 1
    outer loop
      vertex 0.6526309611002579 -4.957224306869052 47.5
      vertex 1.2940952255126037 -4.8296291314453415 47.5
      vertex 4.7031581690147295 -1.6666666666666663 47.5
    endloop
  endfacet
  facet normal 0 0 1
    outer loop
      vertex 1.2940952255126037 -4.8296291314453415 47.5
      vertex 1.913417161825449 -4.619397662556434 47.5
      vertex 4.7031581690147295 -1.6666666666666663 47.5
    endloop
  endfacet
  facet normal 0 0 1
    outer loop
      vertex -1.913417161825449 -4.619397662556434 47.5
      vertex 4.7031581690147295 -1.6666666666666663 47.5
      vertex -2.5 -4.330127018922193 47.5
    endloop
  endfacet
  facet normal 0 0 1
    outer loop
      vertex 1.913417161825449 -4.619397662556434 47.5
      vertex 2.5 -4.330127018922193 47.5
      vertex 4.7031581690147295 -1.6666666666666663 47.5
    endloop
  endfacet
  facet normal 0 0 1
    outer loop
      vertex 2.5 -4.330127018922193 47.5
      vertex 3.043807145043603 -3.9667667014561756 47.5
      vertex 4.7031581690147295 -1.6666666666666663 47.5
    endloop
  endfacet
  facet normal 0.7518398074789778 -0.6593458151000684 0
    outer loop
      vertex 3.5355339059327378 -3.5355339059327378 38.52943725152286
      vertex 3.9667667014561756 -3.043807145043603 40.8897257037907
      vertex 3.5355339059327378 -3.5355339059327378 47.5
    endloop
  endfacet
  facet normal 0.8314696123025453 -0.5555702330196021 0
    outer loop
      vertex 3.9667667014561756 -3.043807145043603 40.8897257037907
      vertex 4.330127018922193 -2.5 43.5
      vertex 3.9667667014561756 -3.043807145043603 47.5
    endloop
  endfacet
  facet normal 0.7518398074789778 -0.6593458151000684 0
    outer loop
      vertex 3.5355339059327378 -3.5355339059327378 47.5
      vertex 3.9667667014561756 -3.043807145043603 40.8897257037907
      vertex 3.9667667014561756 -3.043807145043603 47.5
    endloop
  endfacet
  facet normal 0.8314696123025453 -0.5555702330196021 0
    outer loop
      vertex 4.330127018922193 -2.5 43.5
      vertex 4.330127018922193 -2.5 47.5
      vertex 3.9667667014561756 -3.043807145043603 47.5
    endloop
  endfacet
  facet normal 0 0 1
    outer loop
      vertex 3.043807145043603 -3.9667667014561756 47.5
      vertex 3.5355339059327378 -3.5355339059327378 47.5
      vertex 4.7031581690147295 -1.6666666666666663 47.5
    endloop
  endfacet
  facet normal 0 0 1
    outer loop
      vertex 3.5355339059327378 -3.5355339059327378 47.5
      vertex 3.9667667014561756 -3.043807145043603 47.5
      vertex 4.7031581690147295 -1.6666666666666663 47.5
    endloop
  endfacet
  facet normal 0.8968727415326879 -0.4422886902190021 0
    outer loop
      vertex 4.330127018922193 -2.5 43.5
      vertex 4.619397662556434 -1.913417161825449 46.31559762323784
      vertex 4.330127018922193 -2.5 47.5
    endloop
  endfacet
  facet normal 0 0 1
    outer loop
      vertex 3.9667667014561756 -3.043807145043603 47.5
      vertex 4.330127018922193 -2.5 47.5
      vertex 4.7031581690147295 -1.6666666666666663 47.5
    endloop
  endfacet
  facet normal 0.8968727415326879 -0.44228869021900213 0
    outer loop
      vertex 4.330127018922193 -2.5 47.5
      vertex 4.619397662556434 -1.913417161825449 46.31559762323784
      vertex 4.619397662556434 -1.913417161825449 47.5
    endloop
  endfacet
  facet normal 0 0 1
    outer loop
      vertex 4.330127018922193 -2.5 47.5
      vertex 4.619397662556434 -1.913417161825449 47.5
      vertex 4.7031581690147295 -1.6666666666666663 47.5
    endloop
  endfacet
  facet normal 0.9469301294951057 -0.32143946530316164 0
    outer loop
      vertex 4.619397662556434 -1.913417161825449 46.31559762323784
      vertex 4.7031581690147295 -1.6666666666666663 47.5
      vertex 4.619397662556434 -1.913417161825449 47.5
    endloop
  endfacet
  facet normal 0.06540312923014313 0.9978589232386035 -6.5817709822111775e-18
    outer loop
      vertex 0 5 2.5
      vertex 0.26105238444010315 4.982889722747621 29.5
      vertex 0.6526309611002579 4.957224306869052 2.5
    endloop
  endfacet
  facet normal 0.19509032201612822 0.9807852804032305 0
    outer loop
      vertex 0.6526309611002579 4.957224306869052 2.5
      vertex 0.6526309611002579 4.957224306869052 29.5
      vertex 1.2940952255126037 4.8296291314453415 2.5
    endloop
  endfacet
  facet normal 0.3214394653031613 0.9469301294951059 0
    outer loop
      vertex 1.2940952255126037 4.8296291314453415 2.5
      vertex 1.2940952255126037 4.8296291314453415 29.5
      vertex 1.913417161825449 4.619397662556434 2.5
    endloop
  endfacet
  facet normal 0.44228869021900213 0.896872741532688 0
    outer loop
      vertex 2.5 4.330127018922193 2.5
      vertex 1.913417161825449 4.619397662556434 2.5
      vertex 1.913417161825449 4.619397662556434 29.5
    endloop
  endfacet
  facet normal 0.555570233019602 0.8314696123025453 0
    outer loop
      vertex 2.5 4.330127018922193 2.5
      vertex 2.5 4.330127018922193 29.5
      vertex 3.043807145043603 3.9667667014561756 2.5
    endloop
  endfacet
  facet normal 0.6593458151000683 0.7518398074789778 0
    outer loop
      vertex 3.5355339059327378 3.5355339059327378 2.5
      vertex 3.043807145043603 3.9667667014561756 2.5
      vertex 3.043807145043603 3.9667667014561756 29.5
    endloop
  endfacet
  facet normal 0.9978589232386035 0.06540312923014313 0
    outer loop
      vertex 5 0 2.5
      vertex 4.957224306869052 0.6526309611002579 2.5
      vertex 4.957224306869052 0.6526309611002579 29.5
    endloop
  endfacet
  facet normal 0.9807852804032305 0.19509032201612822 0
    outer loop
      vertex 4.957224306869052 0.6526309611002579 2.5
      vertex 4.8296291314453415 1.2940952255126037 2.5
      vertex 4.8296291314453415 1.2940952255126037 29.5
    endloop
  endfacet
  facet normal 0.9469301294951059 0.3214394653031613 0
    outer loop
      vertex 4.8296291314453415 1.2940952255126037 2.5
      vertex 4.619397662556434 1.913417161825449 2.5
      vertex 4.619397662556434 1.913417161825449 29.5
    endloop
  endfacet
  facet normal 0.896872741532688 0.44228869021900213 0
    outer loop
      vertex 4.330127018922193 2.5 2.5
      vertex 4.330127018922193 2.5 29.5
      vertex 4.619397662556434 1.913417161825449 2.5
    endloop
  endfacet
  facet normal 0.7518398074789778 0.6593458151000683 0
    outer loop
      vertex 3.5355339059327378 3.5355339059327378 2.5
      vertex 3.5355339059327378 3.5355339059327378 29.5
      vertex 3.9667667014561756 3.043807145043603 2.5
    endloop
  endfacet
  facet normal 0.8314696123025453 0.555570233019602 0
    outer loop
      vertex 4.330127018922193 2.5 2.5
      vertex 3.9667667014561756 3.043807145043603 2.5
      vertex 3.9667667014561756 3.043807145043603 29.5
    endloop
  endfacet
  facet normal 0.06540312923014245 0.9978589232386035 0
    outer loop
      vertex 0 5 2.5
      vertex 0 5 29.5
      vertex 0.26105238444010315 4.982889722747621 29.5
    endloop
  endfacet
  facet normal 0.06540312923014358 0.9978589232386034 0
    outer loop
      vertex 0.6526309611002579 4.957224306869052 2.5
      vertex 0.26105238444010315 4.982889722747621 29.5
      vertex 0.6526309611002579 4.957224306869052 29.5
    endloop
  endfacet
  facet normal 0.19509032201612822 0.9807852804032305 0
    outer loop
      vertex 1.2940952255126037 4.8296291314453415 2.5
      vertex 0.6526309611002579 4.957224306869052 29.5
      vertex 1.2940952255126037 4.8296291314453415 29.5
    endloop
  endfacet
  facet normal 0.3214394653031613 0.9469301294951059 0
    outer loop
      vertex 1.913417161825449 4.619397662556434 2.5
      vertex 1.2940952255126037 4.8296291314453415 29.5
      vertex 1.913417161825449 4.619397662556434 29.5
    endloop
  endfacet
  facet normal 0.44228869021900213 0.896872741532688 0
    outer loop
      vertex 2.5 4.330127018922193 2.5
      vertex 1.913417161825449 4.619397662556434 29.5
      vertex 2.5 4.330127018922193 29.5
    endloop
  endfacet
  facet normal 0.555570233019602 0.8314696123025453 0
    outer loop
      vertex 3.043807145043603 3.9667667014561756 2.5
      vertex 2.5 4.330127018922193 29.5
      vertex 3.043807145043603 3.9667667014561756 29.5
    endloop
  endfacet
  facet normal 0.6593458151000683 0.7518398074789778 0
    outer loop
      vertex 3.5355339059327378 3.5355339059327378 2.5
      vertex 3.043807145043603 3.9667667014561756 29.5
      vertex 3.5355339059327378 3.5355339059327378 29.5
    endloop
  endfacet
  facet normal 0.06540312923014245 0.9978589232386036 5.194196129618151e-16
    outer loop
      vertex 0 5 29.5
      vertex 0.24994377233626897 4.983617819651977 30.26595744680851
      vertex 0.26105238444010315 4.982889722747621 29.5
    endloop
  endfacet
  facet normal 0.1950903220161282 0.9807852804032304 0
    outer loop
      vertex 0.6526309611002579 4.957224306869052 29.5
      vertex 0.6526309611002579 4.957224306869052 31.5
      vertex 1.2940952255126037 4.8296291314453415 31.5
    endloop
  endfacet
  facet normal 0.06540312923014313 0.9978589232386036 0
    outer loop
      vertex 0 5 31.5
      vertex 0 5 47.5
      vertex 0.6526309611002579 4.957224306869052 31.5
    endloop
  endfacet
  facet normal 0.1950903220161282 0.9807852804032304 0
    outer loop
      vertex 0.6526309611002579 4.957224306869052 31.5
      vertex 0.6526309611002579 4.957224306869052 47.5
      vertex 1.2940952255126037 4.8296291314453415 31.5
    endloop
  endfacet
  facet normal 0.3214394653031613 0.9469301294951057 0
    outer loop
      vertex 1.2940952255126037 4.8296291314453415 31.5
      vertex 1.2940952255126037 4.8296291314453415 47.5
      vertex 1.913417161825449 4.619397662556434 33.05505024776975
    endloop
  endfacet
  facet normal 0.4422886902190002 0.8968727415326888 0
    outer loop
      vertex 1.913417161825449 4.619397662556434 33.05505024776975
      vertex 1.913417161825449 4.619397662556434 47.5
      vertex 1.9431932913986174 4.6047137004525105 33.211574587958125
    endloop
  endfacet
  facet normal 0.4422886902190018 0.896872741532688 4.2487714524872344e-18
    outer loop
      vertex 1.9431932913986174 4.6047137004525105 33.211574587958125
      vertex 1.913417161825449 4.619397662556434 47.5
      vertex 2.4528503970696414 4.353378629946492 34.60378257625684
    endloop
  endfacet
  facet normal 0.44228869021900563 0.896872741532686 2.0488048459792297e-16
    outer loop
      vertex 2.4528503970696414 4.353378629946492 34.60378257625684
      vertex 1.913417161825449 4.619397662556434 47.5
      vertex 2.5 4.330127018922193 34.71539030917347
    endloop
  endfacet
  facet normal 0.9978589232386035 0.06540312923014313 0
    outer loop
      vertex 5 0 2.5
      vertex 4.957224306869052 0.6526309611002579 29.5
      vertex 5 0 29.5
    endloop
  endfacet
  facet normal 0.9807852804032305 0.19509032201612822 0
    outer loop
      vertex 4.957224306869052 0.6526309611002579 2.5
      vertex 4.8296291314453415 1.2940952255126037 29.5
      vertex 4.957224306869052 0.6526309611002579 29.5
    endloop
  endfacet
  facet normal 0.9469301294951059 0.3214394653031613 0
    outer loop
      vertex 4.8296291314453415 1.2940952255126037 2.5
      vertex 4.619397662556434 1.913417161825449 29.5
      vertex 4.8296291314453415 1.2940952255126037 29.5
    endloop
  endfacet
  facet normal 0.7518398074789778 0.6593458151000683 0
    outer loop
      vertex 3.9667667014561756 3.043807145043603 2.5
      vertex 3.5355339059327378 3.5355339059327378 29.5
      vertex 3.9667667014561756 3.043807145043603 29.5
    endloop
  endfacet
  facet normal 0.8314696123025453 0.555570233019602 0
    outer loop
      vertex 4.330127018922193 2.5 2.5
      vertex 3.9667667014561756 3.043807145043603 29.5
      vertex 4.330127018922193 2.5 29.5
    endloop
  endfacet
  facet normal 0.896872741532688 0.44228869021900213 0
    outer loop
      vertex 4.619397662556434 1.913417161825449 2.5
      vertex 4.330127018922193 2.5 29.5
      vertex 4.619397662556434 1.913417161825449 29.5
    endloop
  endfacet
  facet normal 0 0 1
    outer loop
      vertex -4.7031581690147295 1.6666666666666663 47.5
      vertex 4.7031581690147295 1.6666666666666663 47.5
      vertex 4.619397662556434 1.913417161825449 47.5
    endloop
  endfacet
  facet normal 0 0 1
    outer loop
      vertex -4.7031581690147295 1.6666666666666663 47.5
      vertex 3.043807145043603 3.9667667014561756 47.5
      vertex 2.5 4.330127018922193 47.5
    endloop
  endfacet
  facet normal 0 0 1
    outer loop
      vertex -4.7031581690147295 1.6666666666666663 47.5
      vertex 3.5355339059327378 3.5355339059327378 47.5
      vertex 3.043807145043603 3.9667667014561756 47.5
    endloop
  endfacet
  facet normal 0 0 1
    outer loop
      vertex -4.7031581690147295 1.6666666666666663 47.5
      vertex 4.330127018922193 2.5 47.5
      vertex 3.9667667014561756 3.043807145043603 47.5
    endloop
  endfacet
  facet normal 0 0 1
    outer loop
      vertex -4.7031581690147295 1.6666666666666663 47.5
      vertex 4.619397662556434 1.913417161825449 47.5
      vertex 4.330127018922193 2.5 47.5
    endloop
  endfacet
  facet normal 0 0 1
    outer loop
      vertex -4.7031581690147295 1.6666666666666663 47.5
      vertex 3.9667667014561756 3.043807145043603 47.5
      vertex 3.5355339059327378 3.5355339059327378 47.5
    endloop
  endfacet
  facet normal 0.06540312923014313 0.9978589232386036 0
    outer loop
      vertex 0.6526309611002579 4.957224306869052 31.5
      vertex 0 5 47.5
      vertex 0.6526309611002579 4.957224306869052 47.5
    endloop
  endfacet
  facet normal 0.1950903220161282 0.9807852804032304 0
    outer loop
      vertex 1.2940952255126037 4.8296291314453415 31.5
      vertex 0.6526309611002579 4.957224306869052 47.5
      vertex 1.2940952255126037 4.8296291314453415 47.5
    endloop
  endfacet
  facet normal 0.3214394653031613 0.9469301294951057 0
    outer loop
      vertex 1.913417161825449 4.619397662556434 33.05505024776975
      vertex 1.2940952255126037 4.8296291314453415 47.5
      vertex 1.913417161825449 4.619397662556434 47.5
    endloop
  endfacet
  facet normal 0.4422886902190021 0.8968727415326879 0
    outer loop
      vertex 2.5 4.330127018922193 34.71539030917347
      vertex 1.913417161825449 4.619397662556434 47.5
      vertex 2.5 4.330127018922193 47.5
    endloop
  endfacet
  facet normal 0.5555702330196021 0.8314696123025455 0
    outer loop
      vertex 2.5 4.330127018922193 34.71539030917347
      vertex 2.5 4.330127018922193 47.5
      vertex 3.043807145043603 3.9667667014561756 36.45951983301036
    endloop
  endfacet
  facet normal 0.6593458151000684 0.7518398074789778 0
    outer loop
      vertex 3.5355339059327378 3.5355339059327378 38.52943725152286
      vertex 3.043807145043603 3.9667667014561756 36.45951983301036
      vertex 3.043807145043603 3.9667667014561756 47.5
    endloop
  endfacet
  facet normal 0.5555702330196021 0.8314696123025453 0
    outer loop
      vertex 3.043807145043603 3.9667667014561756 36.45951983301036
      vertex 2.5 4.330127018922193 47.5
      vertex 3.043807145043603 3.9667667014561756 47.5
    endloop
  endfacet
  facet normal 0.6593458151000684 0.7518398074789778 0
    outer loop
      vertex 3.5355339059327378 3.5355339059327378 38.52943725152286
      vertex 3.043807145043603 3.9667667014561756 47.5
      vertex 3.5355339059327378 3.5355339059327378 47.5
    endloop
  endfacet
  facet normal 0.7518398074789778 0.6593458151000684 0
    outer loop
      vertex 3.5355339059327378 3.5355339059327378 38.52943725152286
      vertex 3.5355339059327378 3.5355339059327378 47.5
      vertex 3.9667667014561756 3.043807145043603 40.8897257037907
    endloop
  endfacet
  facet normal 0.8314696123025453 0.5555702330196021 0
    outer loop
      vertex 4.330127018922193 2.5 43.5
      vertex 3.9667667014561756 3.043807145043603 40.8897257037907
      vertex 3.9667667014561756 3.043807145043603 47.5
    endloop
  endfacet
  facet normal 0.8968727415326879 0.4422886902190021 0
    outer loop
      vertex 4.330127018922193 2.5 43.5
      vertex 4.330127018922193 2.5 47.5
      vertex 4.619397662556434 1.913417161825449 46.31559762323784
    endloop
  endfacet
  facet normal 0.7518398074789778 0.6593458151000684 0
    outer loop
      vertex 3.5355339059327378 3.5355339059327378 47.5
      vertex 3.9667667014561756 3.043807145043603 47.5
      vertex 3.9667667014561756 3.043807145043603 40.8897257037907
    endloop
  endfacet
  facet normal 0.8314696123025453 0.5555702330196021 0
    outer loop
      vertex 4.330127018922193 2.5 43.5
      vertex 3.9667667014561756 3.043807145043603 47.5
      vertex 4.330127018922193 2.5 47.5
    endloop
  endfacet
  facet normal 0.9469301294951057 0.32143946530316164 0
    outer loop
      vertex 4.7031581690147295 1.6666666666666663 47.5
      vertex 4.619397662556434 1.913417161825449 46.31559762323784
      vertex 4.619397662556434 1.913417161825449 47.5
    endloop
  endfacet
  facet normal 0.8968727415326879 0.44228869021900213 0
    outer loop
      vertex 4.330127018922193 2.5 47.5
      vertex 4.619397662556434 1.913417161825449 47.5
      vertex 4.619397662556434 1.913417161825449 46.31559762323784
    endloop
  endfacet
  facet normal 0 -1 0
    outer loop
      vertex -14.225 -1.25 49.5
      vertex -11.241267485762416 -1.25 62.0790482243984
      vertex -11.287518408917975 -1.25 62.21529905038723
    endloop
  endfacet
  facet normal 0 -1 0
    outer loop
      vertex -14.225 -1.25 49.5
      vertex -11.287518408917975 -1.25 62.21529905038723
      vertex -11.31558934751119 -1.25 62.356421188557945
    endloop
  endfacet
  facet normal 0 -1 0
    outer loop
      vertex -14.225 -1.25 49.5
      vertex -11.177627944162882 -1.25 61.95
      vertex -11.241267485762416 -1.25 62.0790482243984
    endloop
  endfacet
  facet normal 0 -1 0
    outer loop
      vertex -14.225 -1.25 49.5
      vertex -11.09768867432036 -1.25 61.83036242809041
      vertex -11.177627944162882 -1.25 61.95
    endloop
  endfacet
  facet normal 0 -1 0
    outer loop
      vertex -14.225 -1.25 49.5
      vertex -11.002817459305202 -1.25 61.722182540694796
      vertex -11.09768867432036 -1.25 61.83036242809041
    endloop
  endfacet
  facet normal 0 -1 0
    outer loop
      vertex -14.225 -1.25 49.5
      vertex -10.894637571909593 -1.25 61.62731132567964
      vertex -11.002817459305202 -1.25 61.722182540694796
    endloop
  endfacet
  facet normal 0 -1 0
    outer loop
      vertex -14.225 -1.25 49.5
      vertex -10.645951775601599 -1.25 61.48373251423759
      vertex -10.775 -1.25 61.547372055837116
    endloop
  endfacet
  facet normal 0 -1 0
    outer loop
      vertex -14.225 -1.25 49.5
      vertex -10.509700949612773 -1.25 61.437481591082026
      vertex -10.645951775601599 -1.25 61.48373251423759
    endloop
  endfacet
  facet normal 0 -1 0
    outer loop
      vertex -14.225 -1.25 49.5
      vertex -10.368578811442056 -1.25 61.40941065248881
      vertex -10.509700949612773 -1.25 61.437481591082026
    endloop
  endfacet
  facet normal 0 -1 0
    outer loop
      vertex -14.225 -1.25 49.5
      vertex -10.225 -1.25 61.4
      vertex -10.368578811442056 -1.25 61.40941065248881
    endloop
  endfacet
  facet normal 0 -1 0
    outer loop
      vertex -14.225 -1.25 49.5
      vertex -10.775 -1.25 61.547372055837116
      vertex -10.894637571909593 -1.25 61.62731132567964
    endloop
  endfacet
  facet normal 0 -1 0
    outer loop
      vertex -14.225 -1.25 49.5
      vertex -10.081421188557943 -1.25 61.40941065248881
      vertex -10.225 -1.25 61.4
    endloop
  endfacet
  facet normal 0 -1 0
    outer loop
      vertex -14.225 -1.25 49.5
      vertex -9.940299050387226 -1.25 61.437481591082026
      vertex -10.081421188557943 -1.25 61.40941065248881
    endloop
  endfacet
  facet normal 0 -1 0
    outer loop
      vertex -14.225 -1.25 49.5
      vertex -9.8040482243984 -1.25 61.48373251423759
      vertex -9.940299050387226 -1.25 61.437481591082026
    endloop
  endfacet
  facet normal 0 -1 0
    outer loop
      vertex -14.225 -1.25 49.5
      vertex -9.674999999999999 -1.25 61.547372055837116
      vertex -9.8040482243984 -1.25 61.48373251423759
    endloop
  endfacet
  facet normal 0 -1 0
    outer loop
      vertex -14.225 -1.25 49.5
      vertex -9.555362428090406 -1.25 61.62731132567964
      vertex -9.674999999999999 -1.25 61.547372055837116
    endloop
  endfacet
  facet normal -1 0 0
    outer loop
      vertex -14.225 -1.25 49.5
      vertex -14.225 -1.25 78.37
      vertex -14.225 1.25 49.5
    endloop
  endfacet
  facet normal 0 -1 0
    outer loop
      vertex -14.225 -1.25 49.5
      vertex -11.31558934751119 -1.25 62.356421188557945
      vertex -14.225 -1.25 78.37
    endloop
  endfacet
  facet normal 0 -1 0
    outer loop
      vertex -14.225 -1.25 78.37
      vertex -11.31558934751119 -1.25 62.356421188557945
      vertex -11.325 -1.25 62.5
    endloop
  endfacet
  facet normal 0 -1 0
    outer loop
      vertex -14.225 -1.25 78.37
      vertex -11.325 -1.25 62.5
      vertex -11.31558934751119 -1.25 62.643578811442055
    endloop
  endfacet
  facet normal 0 -1 0
    outer loop
      vertex -14.225 -1.25 78.37
      vertex -11.31558934751119 -1.25 62.643578811442055
      vertex -11.287518408917975 -1.25 62.78470094961277
    endloop
  endfacet
  facet normal 0 -1 0
    outer loop
      vertex -14.225 -1.25 78.37
      vertex -11.287518408917975 -1.25 62.78470094961277
      vertex -11.241267485762416 -1.25 62.9209517756016
    endloop
  endfacet
  facet normal 0 -1 0
    outer loop
      vertex -11.241267485762416 -1.25 62.9209517756016
      vertex -11.177627944162882 -1.25 63.05
      vertex -11.241267485762416 -1.25 75.94904822439841
    endloop
  endfacet
  facet normal 0 -1 0
    outer loop
      vertex -11.177627944162882 -1.25 63.05
      vertex -11.09768867432036 -1.25 63.16963757190959
      vertex -11.177627944162882 -1.25 75.82000000000001
    endloop
  endfacet
  facet normal 0 -1 0
    outer loop
      vertex -11.09768867432036 -1.25 63.16963757190959
      vertex -11.002817459305202 -1.25 63.277817459305204
      vertex -11.09768867432036 -1.25 75.70036242809041
    endloop
  endfacet
  facet normal 0 -1 0
    outer loop
      vertex -11.002817459305202 -1.25 63.277817459305204
      vertex -10.894637571909593 -1.25 63.37268867432036
      vertex -11.002817459305202 -1.25 75.59218254069481
    endloop
  endfacet
  facet normal 0 -1 0
    outer loop
      vertex -10.775 -1.25 63.452627944162884
      vertex -10.894637571909593 -1.25 75.49731132567965
      vertex -10.894637571909593 -1.25 63.37268867432036
    endloop
  endfacet
  facet normal 0 -1 0
    outer loop
      vertex -10.645951775601599 -1.25 63.51626748576241
      vertex -10.775 -1.25 75.41737205583712
      vertex -10.775 -1.25 63.452627944162884
    endloop
  endfacet
  facet normal 0 -1 0
    outer loop
      vertex -14.225 -1.25 78.37
      vertex -11.241267485762416 -1.25 62.9209517756016
      vertex -11.241267485762416 -1.25 75.94904822439841
    endloop
  endfacet
  facet normal 0 -1 0
    outer loop
      vertex -11.177627944162882 -1.25 63.05
      vertex -11.177627944162882 -1.25 75.82000000000001
      vertex -11.241267485762416 -1.25 75.94904822439841
    endloop
  endfacet
  facet normal 0 -1 0
    outer loop
      vertex -11.09768867432036 -1.25 75.70036242809041
      vertex -11.177627944162882 -1.25 75.82000000000001
      vertex -11.09768867432036 -1.25 63.16963757190959
    endloop
  endfacet
  facet normal 0 -1 0
    outer loop
      vertex -11.002817459305202 -1.25 63.277817459305204
      vertex -11.002817459305202 -1.25 75.59218254069481
      vertex -11.09768867432036 -1.25 75.70036242809041
    endloop
  endfacet
  facet normal 0 -1 0
    outer loop
      vertex -10.894637571909593 -1.25 63.37268867432036
      vertex -10.894637571909593 -1.25 75.49731132567965
      vertex -11.002817459305202 -1.25 75.59218254069481
    endloop
  endfacet
  facet normal 0 -1 0
    outer loop
      vertex -10.894637571909593 -1.25 75.49731132567965
      vertex -10.775 -1.25 63.452627944162884
      vertex -10.775 -1.25 75.41737205583712
    endloop
  endfacet
  facet normal 0 -1 0
    outer loop
      vertex -10.645951775601599 -1.25 63.51626748576241
      vertex -10.645951775601599 -1.25 75.35373251423759
      vertex -10.775 -1.25 75.41737205583712
    endloop
  endfacet
  facet normal 0 -1 0
    outer loop
      vertex -14.225 -1.25 78.37
      vertex -11.241267485762416 -1.25 75.94904822439841
      vertex -11.287518408917975 -1.25 76.08529905038723
    endloop
  endfacet
  facet normal 0 -1 0
    outer loop
      vertex -14.225 -1.25 78.37
      vertex -11.31558934751119 -1.25 76.22642118855795
      vertex -11.325 -1.25 76.37
    endloop
  endfacet
  facet normal 0 -1 0
    outer loop
      vertex -14.225 -1.25 78.37
      vertex -11.325 -1.25 76.37
      vertex -11.31558934751119 -1.25 76.51357881144206
    endloop
  endfacet
  facet normal 0 -1 0
    outer loop
      vertex -14.225 -1.25 78.37
      vertex -11.287518408917975 -1.25 76.08529905038723
      vertex -11.31558934751119 -1.25 76.22642118855795
    endloop
  endfacet
  facet normal 0 -1 0
    outer loop
      vertex -14.225 -1.25 78.37
      vertex -11.31558934751119 -1.25 76.51357881144206
      vertex -11.287518408917975 -1.25 76.65470094961277
    endloop
  endfacet
  facet normal 0 -1 0
    outer loop
      vertex -14.225 -1.25 78.37
      vertex -11.287518408917975 -1.25 76.65470094961277
      vertex -11.241267485762416 -1.25 76.7909517756016
    endloop
  endfacet
  facet normal 0 -1 0
    outer loop
      vertex -14.225 -1.25 78.37
      vertex -11.241267485762416 -1.25 76.7909517756016
      vertex -11.177627944162882 -1.25 76.92
    endloop
  endfacet
  facet normal 0 -1 0
    outer loop
      vertex -14.225 -1.25 78.37
      vertex -11.177627944162882 -1.25 76.92
      vertex -11.09768867432036 -1.25 77.0396375719096
    endloop
  endfacet
  facet normal 0 -1 0
    outer loop
      vertex -14.225 -1.25 78.37
      vertex -11.09768867432036 -1.25 77.0396375719096
      vertex -11.002817459305202 -1.25 77.1478174593052
    endloop
  endfacet
  facet normal 0 -1 0
    outer loop
      vertex -14.225 -1.25 78.37
      vertex -11.002817459305202 -1.25 77.1478174593052
      vertex -10.894637571909593 -1.25 77.24268867432036
    endloop
  endfacet
  facet normal 0 -1 0
    outer loop
      vertex -14.225 -1.25 78.37
      vertex -10.894637571909593 -1.25 77.24268867432036
      vertex -10.775 -1.25 77.32262794416289
    endloop
  endfacet
  facet normal 0 -1 0
    outer loop
      vertex -14.225 -1.25 78.37
      vertex -10.775 -1.25 77.32262794416289
      vertex -10.645951775601599 -1.25 77.38626748576242
    endloop
  endfacet
  facet normal 0 -1 0
    outer loop
      vertex -14.225 -1.25 78.37
      vertex -10.645951775601599 -1.25 77.38626748576242
      vertex -10.509700949612773 -1.25 77.43251840891799
    endloop
  endfacet
  facet normal 0 -1 0
    outer loop
      vertex -14.225 -1.25 78.37
      vertex -10.509700949612773 -1.25 77.43251840891799
      vertex -10.368578811442056 -1.25 77.4605893475112
    endloop
  endfacet
  facet normal 0 -1 0
    outer loop
      vertex -14.225 -1.25 78.37
      vertex -10.368578811442056 -1.25 77.4605893475112
      vertex -10.225 -1.25 77.47
    endloop
  endfacet
  facet normal 0 -1 0
    outer loop
      vertex -10.509700949612773 -1.25 63.562518408917974
      vertex -10.645951775601599 -1.25 75.35373251423759
      vertex -10.645951775601599 -1.25 63.51626748576241
    endloop
  endfacet
  facet normal 0 -1 0
    outer loop
      vertex -10.368578811442056 -1.25 63.59058934751119
      vertex -10.509700949612773 -1.25 75.30748159108202
      vertex -10.509700949612773 -1.25 63.562518408917974
    endloop
  endfacet
  facet normal 0 -1 0
    outer loop
      vertex -10.225 -1.25 63.6
      vertex -10.368578811442056 -1.25 75.2794106524888
      vertex -10.368578811442056 -1.25 63.59058934751119
    endloop
  endfacet
  facet normal 0 -1 0
    outer loop
      vertex -10.081421188557943 -1.25 63.59058934751119
      vertex -10.225 -1.25 75.27000000000001
      vertex -10.225 -1.25 63.6
    endloop
  endfacet
  facet normal 0 -1 0
    outer loop
      vertex -9.940299050387226 -1.25 63.562518408917974
      vertex -10.081421188557943 -1.25 75.2794106524888
      vertex -10.081421188557943 -1.25 63.59058934751119
    endloop
  endfacet
  facet normal 0 -1 0
    outer loop
      vertex -9.8040482243984 -1.25 63.51626748576241
      vertex -9.940299050387226 -1.25 75.30748159108202
      vertex -9.940299050387226 -1.25 63.562518408917974
    endloop
  endfacet
  facet normal 0 -1 0
    outer loop
      vertex -9.447182540694797 -1.25 63.277817459305204
      vertex -9.35231132567964 -1.25 63.16963757190959
      vertex -9.447182540694797 -1.25 75.59218254069481
    endloop
  endfacet
  facet normal 0 -1 0
    outer loop
      vertex -9.674999999999999 -1.25 63.452627944162884
      vertex -9.8040482243984 -1.25 75.35373251423759
      vertex -9.8040482243984 -1.25 63.51626748576241
    endloop
  endfacet
  facet normal 0 -1 0
    outer loop
      vertex -9.555362428090406 -1.25 63.37268867432036
      vertex -9.674999999999999 -1.25 75.41737205583712
      vertex -9.674999999999999 -1.25 63.452627944162884
    endloop
  endfacet
  facet normal 0 -1 0
    outer loop
      vertex -9.447182540694797 -1.25 63.277817459305204
      vertex -9.555362428090406 -1.25 75.49731132567965
      vertex -9.555362428090406 -1.25 63.37268867432036
    endloop
  endfacet
  facet normal 0 -1 0
    outer loop
      vertex -10.509700949612773 -1.25 63.562518408917974
      vertex -10.509700949612773 -1.25 75.30748159108202
      vertex -10.645951775601599 -1.25 75.35373251423759
    endloop
  endfacet
  facet normal 0 -1 0
    outer loop
      vertex -10.509700949612773 -1.25 75.30748159108202
      vertex -10.368578811442056 -1.25 63.59058934751119
      vertex -10.368578811442056 -1.25 75.2794106524888
    endloop
  endfacet
  facet normal 0 -1 0
    outer loop
      vertex -10.225 -1.25 63.6
      vertex -10.225 -1.25 75.27000000000001
      vertex -10.368578811442056 -1.25 75.2794106524888
    endloop
  endfacet
  facet normal 0 -1 0
    outer loop
      vertex -10.081421188557943 -1.25 63.59058934751119
      vertex -10.081421188557943 -1.25 75.2794106524888
      vertex -10.225 -1.25 75.27000000000001
    endloop
  endfacet
  facet normal 0 -1 0
    outer loop
      vertex -9.940299050387226 -1.25 63.562518408917974
      vertex -9.940299050387226 -1.25 75.30748159108202
      vertex -10.081421188557943 -1.25 75.2794106524888
    endloop
  endfacet
  facet normal 0 -1 0
    outer loop
      vertex -9.8040482243984 -1.25 63.51626748576241
      vertex -9.8040482243984 -1.25 75.35373251423759
      vertex -9.940299050387226 -1.25 75.30748159108202
    endloop
  endfacet
  facet normal 0 -1 0
    outer loop
      vertex -9.674999999999999 -1.25 63.452627944162884
      vertex -9.674999999999999 -1.25 75.41737205583712
      vertex -9.8040482243984 -1.25 75.35373251423759
    endloop
  endfacet
  facet normal 0 -1 0
    outer loop
      vertex -9.555362428090406 -1.25 63.37268867432036
      vertex -9.555362428090406 -1.25 75.49731132567965
      vertex -9.674999999999999 -1.25 75.41737205583712
    endloop
  endfacet
  facet normal 0 -1 0
    outer loop
      vertex -9.447182540694797 -1.25 63.277817459305204
      vertex -9.447182540694797 -1.25 75.59218254069481
      vertex -9.555362428090406 -1.25 75.49731132567965
    endloop
  endfacet
  facet normal 0 -1 0
    outer loop
      vertex -9.35231132567964 -1.25 63.16963757190959
      vertex -9.35231132567964 -1.25 75.70036242809041
      vertex -9.447182540694797 -1.25 75.59218254069481
    endloop
  endfacet
  facet normal 0 -1 0
    outer loop
      vertex -14.225 -1.25 49.5
      vertex 10.225 -1.25 75.27000000000001
      vertex -9.555362428090406 -1.25 61.62731132567964
    endloop
  endfacet
  facet normal 0 0 1
    outer loop
      vertex -14.225 -1.25 78.37
      vertex 14.225 -1.25 78.37
      vertex -14.225 1.25 78.37
    endloop
  endfacet
  facet normal 0 -1 0
    outer loop
      vertex -9.555362428090406 -1.25 61.62731132567964
      vertex 10.225 -1.25 75.27000000000001
      vertex -9.447182540694797 -1.25 61.722182540694796
    endloop
  endfacet
  facet normal 0 -1 0
    outer loop
      vertex -9.35231132567964 -1.25 63.16963757190959
      vertex -9.272372055837117 -1.25 63.05
      vertex 9.35231132567964 -1.25 75.70036242809041
    endloop
  endfacet
  facet normal 0 -1 0
    outer loop
      vertex -9.272372055837117 -1.25 63.05
      vertex -9.208732514237584 -1.25 62.9209517756016
      vertex 9.35231132567964 -1.25 75.70036242809041
    endloop
  endfacet
  facet normal 0 -1 0
    outer loop
      vertex -9.162481591082024 -1.25 62.78470094961277
      vertex -9.134410652488809 -1.25 62.643578811442055
      vertex 9.555362428090406 -1.25 75.49731132567965
    endloop
  endfacet
  facet normal 0 -1 0
    outer loop
      vertex -9.208732514237584 -1.25 62.9209517756016
      vertex -9.162481591082024 -1.25 62.78470094961277
      vertex 9.447182540694797 -1.25 75.59218254069481
    endloop
  endfacet
  facet normal 0 -1 0
    outer loop
      vertex -9.35231132567964 -1.25 61.83036242809041
      vertex -9.447182540694797 -1.25 61.722182540694796
      vertex 10.225 -1.25 75.27000000000001
    endloop
  endfacet
  facet normal 0 -1 0
    outer loop
      vertex -9.272372055837117 -1.25 61.95
      vertex -9.35231132567964 -1.25 61.83036242809041
      vertex 10.225 -1.25 75.27000000000001
    endloop
  endfacet
  facet normal 0 -1 0
    outer loop
      vertex -9.125 -1.25 62.5
      vertex -9.134410652488809 -1.25 62.356421188557945
      vertex 9.8040482243984 -1.25 75.35373251423759
    endloop
  endfacet
  facet normal 0 -1 0
    outer loop
      vertex -9.134410652488809 -1.25 62.356421188557945
      vertex -9.162481591082024 -1.25 62.21529905038723
      vertex 9.940299050387226 -1.25 75.30748159108202
    endloop
  endfacet
  facet normal 0 -1 0
    outer loop
      vertex -9.208732514237584 -1.25 62.0790482243984
      vertex -9.272372055837117 -1.25 61.95
      vertex 10.225 -1.25 75.27000000000001
    endloop
  endfacet
  facet normal 0 -1 0
    outer loop
      vertex -9.162481591082024 -1.25 62.21529905038723
      vertex -9.208732514237584 -1.25 62.0790482243984
      vertex 10.081421188557943 -1.25 75.2794106524888
    endloop
  endfacet
  facet normal 0 -1 0
    outer loop
      vertex -9.134410652488809 -1.25 62.643578811442055
      vertex -9.125 -1.25 62.5
      vertex 9.674999999999999 -1.25 75.41737205583712
    endloop
  endfacet
  facet normal 0 -1 0
    outer loop
      vertex -9.35231132567964 -1.25 63.16963757190959
      vertex 9.272372055837117 -1.25 75.82000000000001
      vertex -9.35231132567964 -1.25 75.70036242809041
    endloop
  endfacet
  facet normal 0 -1 0
    outer loop
      vertex -9.272372055837117 -1.25 75.82000000000001
      vertex -9.35231132567964 -1.25 75.70036242809041
      vertex 9.272372055837117 -1.25 75.82000000000001
    endloop
  endfacet
  facet normal 0 -1 0
    outer loop
      vertex -9.208732514237584 -1.25 75.94904822439841
      vertex -9.272372055837117 -1.25 75.82000000000001
      vertex 9.208732514237584 -1.25 75.94904822439841
    endloop
  endfacet
  facet normal 0 -1 0
    outer loop
      vertex -9.35231132567964 -1.25 77.0396375719096
      vertex 9.447182540694797 -1.25 77.1478174593052
      vertex -9.447182540694797 -1.25 77.1478174593052
    endloop
  endfacet
  facet normal 0 -1 0
    outer loop
      vertex -14.225 -1.25 78.37
      vertex -10.225 -1.25 77.47
      vertex 14.225 -1.25 78.37
    endloop
  endfacet
  facet normal 0 -1 0
    outer loop
      vertex -9.8040482243984 -1.25 77.38626748576242
      vertex 9.940299050387226 -1.25 77.43251840891799
      vertex -9.940299050387226 -1.25 77.43251840891799
    endloop
  endfacet
  facet normal 0 -1 0
    outer loop
      vertex -9.674999999999999 -1.25 77.32262794416289
      vertex 9.8040482243984 -1.25 77.38626748576242
      vertex -9.8040482243984 -1.25 77.38626748576242
    endloop
  endfacet
  facet normal 0 -1 0
    outer loop
      vertex -9.555362428090406 -1.25 77.24268867432036
      vertex 9.674999999999999 -1.25 77.32262794416289
      vertex -9.674999999999999 -1.25 77.32262794416289
    endloop
  endfacet
  facet normal 0 -1 0
    outer loop
      vertex -9.447182540694797 -1.25 77.1478174593052
      vertex 9.555362428090406 -1.25 77.24268867432036
      vertex -9.555362428090406 -1.25 77.24268867432036
    endloop
  endfacet
  facet normal 0 -1 0
    outer loop
      vertex -9.162481591082024 -1.25 76.08529905038723
      vertex -9.208732514237584 -1.25 75.94904822439841
      vertex 9.162481591082024 -1.25 76.08529905038723
    endloop
  endfacet
  facet normal 0 -1 0
    outer loop
      vertex -9.134410652488809 -1.25 76.22642118855795
      vertex -9.162481591082024 -1.25 76.08529905038723
      vertex 9.134410652488809 -1.25 76.22642118855795
    endloop
  endfacet
  facet normal 0 -1 0
    outer loop
      vertex -9.125 -1.25 76.37
      vertex -9.134410652488809 -1.25 76.22642118855795
      vertex 9.125 -1.25 76.37
    endloop
  endfacet
  facet normal 0 -1 0
    outer loop
      vertex -9.134410652488809 -1.25 76.51357881144206
      vertex -9.125 -1.25 76.37
      vertex 9.134410652488809 -1.25 76.51357881144206
    endloop
  endfacet
  facet normal 0 -1 0
    outer loop
      vertex -9.162481591082024 -1.25 76.65470094961277
      vertex -9.134410652488809 -1.25 76.51357881144206
      vertex 9.162481591082024 -1.25 76.65470094961277
    endloop
  endfacet
  facet normal 0 -1 0
    outer loop
      vertex -9.208732514237584 -1.25 76.7909517756016
      vertex -9.162481591082024 -1.25 76.65470094961277
      vertex 9.208732514237584 -1.25 76.7909517756016
    endloop
  endfacet
  facet normal 0 -1 0
    outer loop
      vertex -9.272372055837117 -1.25 76.92
      vertex -9.208732514237584 -1.25 76.7909517756016
      vertex 9.272372055837117 -1.25 76.92
    endloop
  endfacet
  facet normal 0 -1 0
    outer loop
      vertex -9.35231132567964 -1.25 77.0396375719096
      vertex -9.272372055837117 -1.25 76.92
      vertex 9.35231132567964 -1.25 77.0396375719096
    endloop
  endfacet
  facet normal 0 -1 0
    outer loop
      vertex 14.225 -1.25 78.37
      vertex -10.225 -1.25 77.47
      vertex -10.081421188557943 -1.25 77.4605893475112
    endloop
  endfacet
  facet normal 0 -1 0
    outer loop
      vertex 14.225 -1.25 78.37
      vertex -10.081421188557943 -1.25 77.4605893475112
      vertex -9.940299050387226 -1.25 77.43251840891799
    endloop
  endfacet
  facet normal 0 1 0
    outer loop
      vertex -14.225 1.25 49.5
      vertex -11.325 1.25 62.5
      vertex -11.31558934751119 1.25 62.356421188557945
    endloop
  endfacet
  facet normal 0 1 0
    outer loop
      vertex -14.225 1.25 49.5
      vertex -11.287518408917975 1.25 62.21529905038723
      vertex -11.241267485762416 1.25 62.0790482243984
    endloop
  endfacet
  facet normal 0 1 0
    outer loop
      vertex -14.225 1.25 49.5
      vertex -11.31558934751119 1.25 62.356421188557945
      vertex -11.287518408917975 1.25 62.21529905038723
    endloop
  endfacet
  facet normal 0 1 0
    outer loop
      vertex -14.225 1.25 49.5
      vertex -11.31558934751119 1.25 62.643578811442055
      vertex -11.325 1.25 62.5
    endloop
  endfacet
  facet normal 0 1 0
    outer loop
      vertex -14.225 1.25 49.5
      vertex -11.287518408917975 1.25 62.78470094961277
      vertex -11.31558934751119 1.25 62.643578811442055
    endloop
  endfacet
  facet normal 0 1 0
    outer loop
      vertex -14.225 1.25 49.5
      vertex -11.241267485762416 1.25 62.0790482243984
      vertex -11.177627944162882 1.25 61.95
    endloop
  endfacet
  facet normal 0 1 0
    outer loop
      vertex -14.225 1.25 49.5
      vertex -11.177627944162882 1.25 61.95
      vertex -11.09768867432036 1.25 61.83036242809041
    endloop
  endfacet
  facet normal 0 1 0
    outer loop
      vertex -14.225 1.25 49.5
      vertex -11.09768867432036 1.25 61.83036242809041
      vertex -11.002817459305202 1.25 61.722182540694796
    endloop
  endfacet
  facet normal 0 1 0
    outer loop
      vertex -14.225 1.25 49.5
      vertex -11.002817459305202 1.25 61.722182540694796
      vertex -10.894637571909593 1.25 61.62731132567964
    endloop
  endfacet
  facet normal 0 1 0
    outer loop
      vertex -14.225 1.25 49.5
      vertex -10.775 1.25 61.547372055837116
      vertex -10.645951775601599 1.25 61.48373251423759
    endloop
  endfacet
  facet normal 0 1 0
    outer loop
      vertex -14.225 1.25 49.5
      vertex -10.645951775601599 1.25 61.48373251423759
      vertex -10.509700949612773 1.25 61.437481591082026
    endloop
  endfacet
  facet normal 0 1 0
    outer loop
      vertex -14.225 1.25 49.5
      vertex -10.509700949612773 1.25 61.437481591082026
      vertex -10.368578811442056 1.25 61.40941065248881
    endloop
  endfacet
  facet normal 0 1 0
    outer loop
      vertex -14.225 1.25 49.5
      vertex -10.368578811442056 1.25 61.40941065248881
      vertex -10.225 1.25 61.4
    endloop
  endfacet
  facet normal 0 1 0
    outer loop
      vertex -14.225 1.25 49.5
      vertex -10.894637571909593 1.25 61.62731132567964
      vertex -10.775 1.25 61.547372055837116
    endloop
  endfacet
  facet normal 0 1 0
    outer loop
      vertex -14.225 1.25 49.5
      vertex -10.225 1.25 61.4
      vertex -10.081421188557943 1.25 61.40941065248881
    endloop
  endfacet
  facet normal 0 1 0
    outer loop
      vertex -14.225 1.25 49.5
      vertex -10.081421188557943 1.25 61.40941065248881
      vertex -9.940299050387226 1.25 61.437481591082026
    endloop
  endfacet
  facet normal 0 1 0
    outer loop
      vertex -14.225 1.25 49.5
      vertex -9.940299050387226 1.25 61.437481591082026
      vertex -9.8040482243984 1.25 61.48373251423759
    endloop
  endfacet
  facet normal 0 1 0
    outer loop
      vertex -14.225 1.25 49.5
      vertex -9.8040482243984 1.25 61.48373251423759
      vertex -9.674999999999999 1.25 61.547372055837116
    endloop
  endfacet
  facet normal 0 1 0
    outer loop
      vertex -14.225 1.25 49.5
      vertex -9.674999999999999 1.25 61.547372055837116
      vertex -9.555362428090406 1.25 61.62731132567964
    endloop
  endfacet
  facet normal 0 1 0
    outer loop
      vertex -14.225 1.25 49.5
      vertex -9.555362428090406 1.25 61.62731132567964
      vertex -9.447182540694797 1.25 61.722182540694796
    endloop
  endfacet
  facet normal 0 1 0
    outer loop
      vertex -14.225 1.25 49.5
      vertex -9.447182540694797 1.25 61.722182540694796
      vertex -9.35231132567964 1.25 61.83036242809041
    endloop
  endfacet
  facet normal 0 1 0
    outer loop
      vertex -14.225 1.25 49.5
      vertex -14.225 1.25 78.37
      vertex -11.287518408917975 1.25 62.78470094961277
    endloop
  endfacet
  facet normal 0 1 0
    outer loop
      vertex -14.225 1.25 78.37
      vertex -11.241267485762416 1.25 62.9209517756016
      vertex -11.287518408917975 1.25 62.78470094961277
    endloop
  endfacet
  facet normal 0 1 0
    outer loop
      vertex -14.225 1.25 78.37
      vertex -11.177627944162882 1.25 63.05
      vertex -11.241267485762416 1.25 62.9209517756016
    endloop
  endfacet
  facet normal 0 1 0
    outer loop
      vertex -14.225 1.25 78.37
      vertex -11.09768867432036 1.25 63.16963757190959
      vertex -11.177627944162882 1.25 63.05
    endloop
  endfacet
  facet normal 0 1 0
    outer loop
      vertex -14.225 1.25 78.37
      vertex -11.002817459305202 1.25 63.277817459305204
      vertex -11.09768867432036 1.25 63.16963757190959
    endloop
  endfacet
  facet normal 0 1 0
    outer loop
      vertex -14.225 1.25 78.37
      vertex -10.894637571909593 1.25 63.37268867432036
      vertex -11.002817459305202 1.25 63.277817459305204
    endloop
  endfacet
  facet normal 0 1 0
    outer loop
      vertex -14.225 1.25 78.37
      vertex -10.775 1.25 63.452627944162884
      vertex -10.894637571909593 1.25 63.37268867432036
    endloop
  endfacet
  facet normal 0 1 0
    outer loop
      vertex -14.225 1.25 78.37
      vertex -10.645951775601599 1.25 63.51626748576241
      vertex -10.775 1.25 63.452627944162884
    endloop
  endfacet
  facet normal 0 1 0
    outer loop
      vertex -14.225 1.25 78.37
      vertex -10.509700949612773 1.25 63.562518408917974
      vertex -10.645951775601599 1.25 63.51626748576241
    endloop
  endfacet
  facet normal 0 1 0
    outer loop
      vertex -14.225 1.25 78.37
      vertex -10.368578811442056 1.25 63.59058934751119
      vertex -10.509700949612773 1.25 63.562518408917974
    endloop
  endfacet
  facet normal 0 1 0
    outer loop
      vertex -14.225 1.25 78.37
      vertex -10.225 1.25 63.6
      vertex -10.368578811442056 1.25 63.59058934751119
    endloop
  endfacet
  facet normal 0 1 0
    outer loop
      vertex -14.225 1.25 78.37
      vertex -10.081421188557943 1.25 63.59058934751119
      vertex -10.225 1.25 63.6
    endloop
  endfacet
  facet normal 0 1 0
    outer loop
      vertex -14.225 1.25 78.37
      vertex -9.940299050387226 1.25 63.562518408917974
      vertex -10.081421188557943 1.25 63.59058934751119
    endloop
  endfacet
  facet normal 0 1 0
    outer loop
      vertex -14.225 1.25 78.37
      vertex -9.8040482243984 1.25 63.51626748576241
      vertex -9.940299050387226 1.25 63.562518408917974
    endloop
  endfacet
  facet normal 0 1 0
    outer loop
      vertex -14.225 1.25 78.37
      vertex -9.674999999999999 1.25 63.452627944162884
      vertex -9.8040482243984 1.25 63.51626748576241
    endloop
  endfacet
  facet normal -1 0 0
    outer loop
      vertex -14.225 -1.25 78.37
      vertex -14.225 1.25 78.37
      vertex -14.225 1.25 49.5
    endloop
  endfacet
  facet normal 0 1 0
    outer loop
      vertex -14.225 1.25 78.37
      vertex -11.287518408917975 1.25 76.08529905038723
      vertex -11.241267485762416 1.25 75.94904822439841
    endloop
  endfacet
  facet normal 0 1 0
    outer loop
      vertex -14.225 1.25 78.37
      vertex -11.325 1.25 76.37
      vertex -11.31558934751119 1.25 76.22642118855795
    endloop
  endfacet
  facet normal 0 1 0
    outer loop
      vertex -14.225 1.25 78.37
      vertex -11.31558934751119 1.25 76.51357881144206
      vertex -11.325 1.25 76.37
    endloop
  endfacet
  facet normal 0 1 0
    outer loop
      vertex -14.225 1.25 78.37
      vertex -11.31558934751119 1.25 76.22642118855795
      vertex -11.287518408917975 1.25 76.08529905038723
    endloop
  endfacet
  facet normal 0 1 0
    outer loop
      vertex -14.225 1.25 78.37
      vertex -11.002817459305202 1.25 75.59218254069481
      vertex -10.894637571909593 1.25 75.49731132567965
    endloop
  endfacet
  facet normal 0 1 0
    outer loop
      vertex -14.225 1.25 78.37
      vertex -11.241267485762416 1.25 75.94904822439841
      vertex -11.177627944162882 1.25 75.82000000000001
    endloop
  endfacet
  facet normal 0 1 0
    outer loop
      vertex -14.225 1.25 78.37
      vertex -11.177627944162882 1.25 75.82000000000001
      vertex -11.09768867432036 1.25 75.70036242809041
    endloop
  endfacet
  facet normal 0 1 0
    outer loop
      vertex -14.225 1.25 78.37
      vertex -11.09768867432036 1.25 75.70036242809041
      vertex -11.002817459305202 1.25 75.59218254069481
    endloop
  endfacet
  facet normal 0 1 0
    outer loop
      vertex -14.225 1.25 78.37
      vertex -11.287518408917975 1.25 76.65470094961277
      vertex -11.31558934751119 1.25 76.51357881144206
    endloop
  endfacet
  facet normal 0 1 0
    outer loop
      vertex -14.225 1.25 78.37
      vertex -11.241267485762416 1.25 76.7909517756016
      vertex -11.287518408917975 1.25 76.65470094961277
    endloop
  endfacet
  facet normal 0 1 0
    outer loop
      vertex -14.225 1.25 78.37
      vertex -11.177627944162882 1.25 76.92
      vertex -11.241267485762416 1.25 76.7909517756016
    endloop
  endfacet
  facet normal 0 1 0
    outer loop
      vertex -14.225 1.25 78.37
      vertex -11.09768867432036 1.25 77.0396375719096
      vertex -11.177627944162882 1.25 76.92
    endloop
  endfacet
  facet normal 0 1 0
    outer loop
      vertex -14.225 1.25 78.37
      vertex -11.002817459305202 1.25 77.1478174593052
      vertex -11.09768867432036 1.25 77.0396375719096
    endloop
  endfacet
  facet normal 0 1 0
    outer loop
      vertex -14.225 1.25 78.37
      vertex -10.894637571909593 1.25 77.24268867432036
      vertex -11.002817459305202 1.25 77.1478174593052
    endloop
  endfacet
  facet normal 0 1 0
    outer loop
      vertex -14.225 1.25 78.37
      vertex -10.775 1.25 77.32262794416289
      vertex -10.894637571909593 1.25 77.24268867432036
    endloop
  endfacet
  facet normal 0 1 0
    outer loop
      vertex -14.225 1.25 78.37
      vertex -10.645951775601599 1.25 77.38626748576242
      vertex -10.775 1.25 77.32262794416289
    endloop
  endfacet
  facet normal 0 1 0
    outer loop
      vertex -14.225 1.25 78.37
      vertex -10.509700949612773 1.25 77.43251840891799
      vertex -10.645951775601599 1.25 77.38626748576242
    endloop
  endfacet
  facet normal 0 1 0
    outer loop
      vertex -14.225 1.25 78.37
      vertex -10.368578811442056 1.25 77.4605893475112
      vertex -10.509700949612773 1.25 77.43251840891799
    endloop
  endfacet
  facet normal 0 1 0
    outer loop
      vertex -14.225 1.25 78.37
      vertex -10.225 1.25 77.47
      vertex -10.368578811442056 1.25 77.4605893475112
    endloop
  endfacet
  facet normal 0 1 0
    outer loop
      vertex -14.225 1.25 49.5
      vertex -9.35231132567964 1.25 61.83036242809041
      vertex 14.225 1.25 49.5
    endloop
  endfacet
  facet normal 0 1 0
    outer loop
      vertex 14.225 1.25 49.5
      vertex -9.555362428090406 1.25 63.37268867432036
      vertex -9.674999999999999 1.25 63.452627944162884
    endloop
  endfacet
  facet normal 0 1 0
    outer loop
      vertex 14.225 1.25 49.5
      vertex -9.447182540694797 1.25 63.277817459305204
      vertex -9.555362428090406 1.25 63.37268867432036
    endloop
  endfacet
  facet normal 0 1 0
    outer loop
      vertex 14.225 1.25 49.5
      vertex -9.35231132567964 1.25 61.83036242809041
      vertex -9.272372055837117 1.25 61.95
    endloop
  endfacet
  facet normal 0 1 0
    outer loop
      vertex 14.225 1.25 49.5
      vertex -9.272372055837117 1.25 61.95
      vertex -9.208732514237584 1.25 62.0790482243984
    endloop
  endfacet
  facet normal 0 1 0
    outer loop
      vertex 14.225 1.25 49.5
      vertex -9.208732514237584 1.25 62.0790482243984
      vertex -9.162481591082024 1.25 62.21529905038723
    endloop
  endfacet
  facet normal 0 1 0
    outer loop
      vertex 14.225 1.25 49.5
      vertex -9.162481591082024 1.25 62.21529905038723
      vertex -9.134410652488809 1.25 62.356421188557945
    endloop
  endfacet
  facet normal 0 1 0
    outer loop
      vertex 14.225 1.25 49.5
      vertex -9.134410652488809 1.25 62.356421188557945
      vertex -9.125 1.25 62.5
    endloop
  endfacet
  facet normal 0 1 0
    outer loop
      vertex 14.225 1.25 49.5
      vertex -9.35231132567964 1.25 63.16963757190959
      vertex -9.447182540694797 1.25 63.277817459305204
    endloop
  endfacet
  facet normal 0 1 0
    outer loop
      vertex 14.225 1.25 49.5
      vertex -9.272372055837117 1.25 63.05
      vertex -9.35231132567964 1.25 63.16963757190959
    endloop
  endfacet
  facet normal 0 1 0
    outer loop
      vertex 14.225 1.25 49.5
      vertex -9.125 1.25 62.5
      vertex -9.134410652488809 1.25 62.643578811442055
    endloop
  endfacet
  facet normal 0 1 0
    outer loop
      vertex 14.225 1.25 49.5
      vertex -9.134410652488809 1.25 62.643578811442055
      vertex -9.162481591082024 1.25 62.78470094961277
    endloop
  endfacet
  facet normal 0 1 0
    outer loop
      vertex 14.225 1.25 49.5
      vertex -9.162481591082024 1.25 62.78470094961277
      vertex -9.208732514237584 1.25 62.9209517756016
    endloop
  endfacet
  facet normal 0 1 0
    outer loop
      vertex 14.225 1.25 49.5
      vertex -9.208732514237584 1.25 62.9209517756016
      vertex -9.272372055837117 1.25 63.05
    endloop
  endfacet
  facet normal 0 1 0
    outer loop
      vertex -14.225 1.25 78.37
      vertex -10.894637571909593 1.25 75.49731132567965
      vertex 14.225 1.25 49.5
    endloop
  endfacet
  facet normal 0 1 0
    outer loop
      vertex -10.368578811442056 1.25 75.2794106524888
      vertex 9.272372055837117 1.25 61.95
      vertex -10.509700949612773 1.25 75.30748159108202
    endloop
  endfacet
  facet normal 0 1 0
    outer loop
      vertex -10.225 1.25 75.27000000000001
      vertex 9.208732514237584 1.25 62.0790482243984
      vertex -10.368578811442056 1.25 75.2794106524888
    endloop
  endfacet
  facet normal 0 1 0
    outer loop
      vertex -10.081421188557943 1.25 75.2794106524888
      vertex 9.162481591082024 1.25 62.21529905038723
      vertex -10.225 1.25 75.27000000000001
    endloop
  endfacet
  facet normal 0 1 0
    outer loop
      vertex -9.940299050387226 1.25 75.30748159108202
      vertex 9.134410652488809 1.25 62.356421188557945
      vertex -10.081421188557943 1.25 75.2794106524888
    endloop
  endfacet
  facet normal 0 1 0
    outer loop
      vertex -14.225 1.25 78.37
      vertex 14.225 1.25 49.5
      vertex -9.674999999999999 1.25 63.452627944162884
    endloop
  endfacet
  facet normal 0 1 0
    outer loop
      vertex 14.225 1.25 49.5
      vertex -10.894637571909593 1.25 75.49731132567965
      vertex -10.775 1.25 75.41737205583712
    endloop
  endfacet
  facet normal 0 1 0
    outer loop
      vertex 14.225 1.25 49.5
      vertex -10.645951775601599 1.25 75.35373251423759
      vertex -10.509700949612773 1.25 75.30748159108202
    endloop
  endfacet
  facet normal 0 1 0
    outer loop
      vertex 14.225 1.25 49.5
      vertex -10.775 1.25 75.41737205583712
      vertex -10.645951775601599 1.25 75.35373251423759
    endloop
  endfacet
  facet normal 0 1 0
    outer loop
      vertex -9.8040482243984 1.25 75.35373251423759
      vertex 9.125 1.25 62.5
      vertex -9.940299050387226 1.25 75.30748159108202
    endloop
  endfacet
  facet normal 0 1 0
    outer loop
      vertex -9.674999999999999 1.25 75.41737205583712
      vertex 9.134410652488809 1.25 62.643578811442055
      vertex -9.8040482243984 1.25 75.35373251423759
    endloop
  endfacet
  facet normal 0 1 0
    outer loop
      vertex -9.555362428090406 1.25 75.49731132567965
      vertex 9.162481591082024 1.25 62.78470094961277
      vertex -9.674999999999999 1.25 75.41737205583712
    endloop
  endfacet
  facet normal 0 1 0
    outer loop
      vertex -9.447182540694797 1.25 75.59218254069481
      vertex 9.208732514237584 1.25 62.9209517756016
      vertex -9.555362428090406 1.25 75.49731132567965
    endloop
  endfacet
  facet normal 0 1 0
    outer loop
      vertex -9.447182540694797 1.25 75.59218254069481
      vertex -9.35231132567964 1.25 75.70036242809041
      vertex 9.272372055837117 1.25 63.05
    endloop
  endfacet
  facet normal 0 1 0
    outer loop
      vertex -9.35231132567964 1.25 75.70036242809041
      vertex -9.272372055837117 1.25 75.82000000000001
      vertex 9.35231132567964 1.25 75.70036242809041
    endloop
  endfacet
  facet normal 0 1 0
    outer loop
      vertex -9.272372055837117 1.25 75.82000000000001
      vertex -9.208732514237584 1.25 75.94904822439841
      vertex 9.272372055837117 1.25 75.82000000000001
    endloop
  endfacet
  facet normal 0 1 0
    outer loop
      vertex -9.272372055837117 1.25 76.92
      vertex -9.35231132567964 1.25 77.0396375719096
      vertex 9.272372055837117 1.25 76.92
    endloop
  endfacet
  facet normal 0 1 0
    outer loop
      vertex -9.35231132567964 1.25 77.0396375719096
      vertex -9.447182540694797 1.25 77.1478174593052
      vertex 9.35231132567964 1.25 77.0396375719096
    endloop
  endfacet
  facet normal 0 1 0
    outer loop
      vertex -10.081421188557943 1.25 77.4605893475112
      vertex 9.940299050387226 1.25 77.43251840891799
      vertex -9.940299050387226 1.25 77.43251840891799
    endloop
  endfacet
  facet normal 0 1 0
    outer loop
      vertex -10.225 1.25 77.47
      vertex 10.081421188557943 1.25 77.4605893475112
      vertex -10.081421188557943 1.25 77.4605893475112
    endloop
  endfacet
  facet normal 0 1 0
    outer loop
      vertex -14.225 1.25 78.37
      vertex 14.225 1.25 78.37
      vertex -10.225 1.25 77.47
    endloop
  endfacet
  facet normal 0 1 0
    outer loop
      vertex -9.940299050387226 1.25 77.43251840891799
      vertex 9.8040482243984 1.25 77.38626748576242
      vertex -9.8040482243984 1.25 77.38626748576242
    endloop
  endfacet
  facet normal 0 1 0
    outer loop
      vertex -9.674999999999999 1.25 77.32262794416289
      vertex 9.555362428090406 1.25 77.24268867432036
      vertex -9.555362428090406 1.25 77.24268867432036
    endloop
  endfacet
  facet normal 0 1 0
    outer loop
      vertex -9.8040482243984 1.25 77.38626748576242
      vertex 9.674999999999999 1.25 77.32262794416289
      vertex -9.674999999999999 1.25 77.32262794416289
    endloop
  endfacet
  facet normal 0 1 0
    outer loop
      vertex -9.555362428090406 1.25 77.24268867432036
      vertex 9.447182540694797 1.25 77.1478174593052
      vertex -9.447182540694797 1.25 77.1478174593052
    endloop
  endfacet
  facet normal 0 1 0
    outer loop
      vertex -9.208732514237584 1.25 75.94904822439841
      vertex -9.162481591082024 1.25 76.08529905038723
      vertex 9.208732514237584 1.25 75.94904822439841
    endloop
  endfacet
  facet normal 0 1 0
    outer loop
      vertex -9.162481591082024 1.25 76.08529905038723
      vertex -9.134410652488809 1.25 76.22642118855795
      vertex 9.162481591082024 1.25 76.08529905038723
    endloop
  endfacet
  facet normal 0 1 0
    outer loop
      vertex -9.134410652488809 1.25 76.22642118855795
      vertex -9.125 1.25 76.37
      vertex 9.134410652488809 1.25 76.22642118855795
    endloop
  endfacet
  facet normal 0 1 0
    outer loop
      vertex -9.125 1.25 76.37
      vertex -9.134410652488809 1.25 76.51357881144206
      vertex 9.125 1.25 76.37
    endloop
  endfacet
  facet normal 0 1 0
    outer loop
      vertex -9.208732514237584 1.25 76.7909517756016
      vertex -9.272372055837117 1.25 76.92
      vertex 9.208732514237584 1.25 76.7909517756016
    endloop
  endfacet
  facet normal 0 1 0
    outer loop
      vertex -9.162481591082024 1.25 76.65470094961277
      vertex -9.208732514237584 1.25 76.7909517756016
      vertex 9.162481591082024 1.25 76.65470094961277
    endloop
  endfacet
  facet normal 0 1 0
    outer loop
      vertex -9.134410652488809 1.25 76.51357881144206
      vertex -9.162481591082024 1.25 76.65470094961277
      vertex 9.134410652488809 1.25 76.51357881144206
    endloop
  endfacet
  facet normal 0 -1 0
    outer loop
      vertex -14.225 -1.25 49.5
      vertex 9.8040482243984 -1.25 61.48373251423759
      vertex 9.674999999999999 -1.25 61.547372055837116
    endloop
  endfacet
  facet normal 0 -1 0
    outer loop
      vertex -14.225 -1.25 49.5
      vertex 9.272372055837117 -1.25 61.95
      vertex 9.208732514237584 -1.25 62.0790482243984
    endloop
  endfacet
  facet normal 0 -1 0
    outer loop
      vertex -14.225 -1.25 49.5
      vertex 9.208732514237584 -1.25 62.0790482243984
      vertex 9.162481591082024 -1.25 62.21529905038723
    endloop
  endfacet
  facet normal 0 -1 0
    outer loop
      vertex -14.225 -1.25 49.5
      vertex 9.162481591082024 -1.25 62.21529905038723
      vertex 9.134410652488809 -1.25 62.356421188557945
    endloop
  endfacet
  facet normal 0 -1 0
    outer loop
      vertex -14.225 -1.25 49.5
      vertex 9.134410652488809 -1.25 62.356421188557945
      vertex 9.125 -1.25 62.5
    endloop
  endfacet
  facet normal 0 -1 0
    outer loop
      vertex -14.225 -1.25 49.5
      vertex 9.35231132567964 -1.25 61.83036242809041
      vertex 9.272372055837117 -1.25 61.95
    endloop
  endfacet
  facet normal 0 -1 0
    outer loop
      vertex -14.225 -1.25 49.5
      vertex 9.447182540694797 -1.25 61.722182540694796
      vertex 9.35231132567964 -1.25 61.83036242809041
    endloop
  endfacet
  facet normal 0 -1 0
    outer loop
      vertex -14.225 -1.25 49.5
      vertex 9.125 -1.25 62.5
      vertex 9.134410652488809 -1.25 62.643578811442055
    endloop
  endfacet
  facet normal 0 -1 0
    outer loop
      vertex -14.225 -1.25 49.5
      vertex 9.134410652488809 -1.25 62.643578811442055
      vertex 9.162481591082024 -1.25 62.78470094961277
    endloop
  endfacet
  facet normal 0 -1 0
    outer loop
      vertex -14.225 -1.25 49.5
      vertex 9.555362428090406 -1.25 61.62731132567964
      vertex 9.447182540694797 -1.25 61.722182540694796
    endloop
  endfacet
  facet normal 0 -1 0
    outer loop
      vertex -14.225 -1.25 49.5
      vertex 9.674999999999999 -1.25 61.547372055837116
      vertex 9.555362428090406 -1.25 61.62731132567964
    endloop
  endfacet
  facet normal 0 -1 0
    outer loop
      vertex -14.225 -1.25 49.5
      vertex 14.225 -1.25 49.5
      vertex 10.225 -1.25 61.4
    endloop
  endfacet
  facet normal 0 -1 0
    outer loop
      vertex -14.225 -1.25 49.5
      vertex 9.940299050387226 -1.25 61.437481591082026
      vertex 9.8040482243984 -1.25 61.48373251423759
    endloop
  endfacet
  facet normal 0 -1 0
    outer loop
      vertex -14.225 -1.25 49.5
      vertex 10.081421188557943 -1.25 61.40941065248881
      vertex 9.940299050387226 -1.25 61.437481591082026
    endloop
  endfacet
  facet normal 0 -1 0
    outer loop
      vertex -14.225 -1.25 49.5
      vertex 10.225 -1.25 61.4
      vertex 10.081421188557943 -1.25 61.40941065248881
    endloop
  endfacet
  facet normal 0 -1 0
    outer loop
      vertex -14.225 -1.25 49.5
      vertex 9.162481591082024 -1.25 62.78470094961277
      vertex 14.225 -1.25 78.37
    endloop
  endfacet
  facet normal 0 -1 0
    outer loop
      vertex -14.225 -1.25 49.5
      vertex 10.368578811442056 -1.25 75.2794106524888
      vertex 10.225 -1.25 75.27000000000001
    endloop
  endfacet
  facet normal 0 -1 0
    outer loop
      vertex -14.225 -1.25 49.5
      vertex 10.509700949612773 -1.25 75.30748159108202
      vertex 10.368578811442056 -1.25 75.2794106524888
    endloop
  endfacet
  facet normal 0 -1 0
    outer loop
      vertex -14.225 -1.25 49.5
      vertex 10.645951775601599 -1.25 75.35373251423759
      vertex 10.509700949612773 -1.25 75.30748159108202
    endloop
  endfacet
  facet normal 0 -1 0
    outer loop
      vertex -14.225 -1.25 49.5
      vertex 10.775 -1.25 75.41737205583712
      vertex 10.645951775601599 -1.25 75.35373251423759
    endloop
  endfacet
  facet normal 0 -1 0
    outer loop
      vertex -14.225 -1.25 49.5
      vertex 10.894637571909593 -1.25 75.49731132567965
      vertex 10.775 -1.25 75.41737205583712
    endloop
  endfacet
  facet normal 0 -1 0
    outer loop
      vertex -9.134410652488809 -1.25 62.356421188557945
      vertex 9.940299050387226 -1.25 75.30748159108202
      vertex 9.8040482243984 -1.25 75.35373251423759
    endloop
  endfacet
  facet normal 0 -1 0
    outer loop
      vertex -9.35231132567964 -1.25 63.16963757190959
      vertex 9.35231132567964 -1.25 75.70036242809041
      vertex 9.272372055837117 -1.25 75.82000000000001
    endloop
  endfacet
  facet normal 0 -1 0
    outer loop
      vertex -9.208732514237584 -1.25 62.9209517756016
      vertex 9.447182540694797 -1.25 75.59218254069481
      vertex 9.35231132567964 -1.25 75.70036242809041
    endloop
  endfacet
  facet normal 0 -1 0
    outer loop
      vertex -9.162481591082024 -1.25 62.78470094961277
      vertex 9.555362428090406 -1.25 75.49731132567965
      vertex 9.447182540694797 -1.25 75.59218254069481
    endloop
  endfacet
  facet normal 0 -1 0
    outer loop
      vertex -9.134410652488809 -1.25 62.643578811442055
      vertex 9.674999999999999 -1.25 75.41737205583712
      vertex 9.555362428090406 -1.25 75.49731132567965
    endloop
  endfacet
  facet normal 0 -1 0
    outer loop
      vertex -9.125 -1.25 62.5
      vertex 9.8040482243984 -1.25 75.35373251423759
      vertex 9.674999999999999 -1.25 75.41737205583712
    endloop
  endfacet
  facet normal 0 -1 0
    outer loop
      vertex -9.272372055837117 -1.25 75.82000000000001
      vertex 9.272372055837117 -1.25 75.82000000000001
      vertex 9.208732514237584 -1.25 75.94904822439841
    endloop
  endfacet
  facet normal 0 -1 0
    outer loop
      vertex -9.208732514237584 -1.25 75.94904822439841
      vertex 9.208732514237584 -1.25 75.94904822439841
      vertex 9.162481591082024 -1.25 76.08529905038723
    endloop
  endfacet
  facet normal 0 -1 0
    outer loop
      vertex -9.162481591082024 -1.25 76.08529905038723
      vertex 9.162481591082024 -1.25 76.08529905038723
      vertex 9.134410652488809 -1.25 76.22642118855795
    endloop
  endfacet
  facet normal 0 -1 0
    outer loop
      vertex -9.134410652488809 -1.25 76.22642118855795
      vertex 9.134410652488809 -1.25 76.22642118855795
      vertex 9.125 -1.25 76.37
    endloop
  endfacet
  facet normal 0 -1 0
    outer loop
      vertex -9.125 -1.25 76.37
      vertex 9.125 -1.25 76.37
      vertex 9.134410652488809 -1.25 76.51357881144206
    endloop
  endfacet
  facet normal 0 -1 0
    outer loop
      vertex -9.134410652488809 -1.25 76.51357881144206
      vertex 9.134410652488809 -1.25 76.51357881144206
      vertex 9.162481591082024 -1.25 76.65470094961277
    endloop
  endfacet
  facet normal 0 -1 0
    outer loop
      vertex -9.162481591082024 -1.25 76.65470094961277
      vertex 9.162481591082024 -1.25 76.65470094961277
      vertex 9.208732514237584 -1.25 76.7909517756016
    endloop
  endfacet
  facet normal 0 -1 0
    outer loop
      vertex -9.208732514237584 -1.25 76.7909517756016
      vertex 9.208732514237584 -1.25 76.7909517756016
      vertex 9.272372055837117 -1.25 76.92
    endloop
  endfacet
  facet normal 0 -1 0
    outer loop
      vertex -9.272372055837117 -1.25 76.92
      vertex 9.272372055837117 -1.25 76.92
      vertex 9.35231132567964 -1.25 77.0396375719096
    endloop
  endfacet
  facet normal 0 -1 0
    outer loop
      vertex -9.35231132567964 -1.25 77.0396375719096
      vertex 9.35231132567964 -1.25 77.0396375719096
      vertex 9.447182540694797 -1.25 77.1478174593052
    endloop
  endfacet
  facet normal 0 -1 0
    outer loop
      vertex -9.447182540694797 -1.25 77.1478174593052
      vertex 9.447182540694797 -1.25 77.1478174593052
      vertex 9.555362428090406 -1.25 77.24268867432036
    endloop
  endfacet
  facet normal 0 -1 0
    outer loop
      vertex -9.555362428090406 -1.25 77.24268867432036
      vertex 9.555362428090406 -1.25 77.24268867432036
      vertex 9.674999999999999 -1.25 77.32262794416289
    endloop
  endfacet
  facet normal 0 -1 0
    outer loop
      vertex -9.674999999999999 -1.25 77.32262794416289
      vertex 9.674999999999999 -1.25 77.32262794416289
      vertex 9.8040482243984 -1.25 77.38626748576242
    endloop
  endfacet
  facet normal 0 -1 0
    outer loop
      vertex -9.8040482243984 -1.25 77.38626748576242
      vertex 9.8040482243984 -1.25 77.38626748576242
      vertex 9.940299050387226 -1.25 77.43251840891799
    endloop
  endfacet
  facet normal 0 -1 0
    outer loop
      vertex -14.225 -1.25 49.5
      vertex 14.225 -1.25 78.37
      vertex 10.894637571909593 -1.25 75.49731132567965
    endloop
  endfacet
  facet normal 0 -1 0
    outer loop
      vertex -9.162481591082024 -1.25 62.21529905038723
      vertex 10.081421188557943 -1.25 75.2794106524888
      vertex 9.940299050387226 -1.25 75.30748159108202
    endloop
  endfacet
  facet normal 0 -1 0
    outer loop
      vertex -9.208732514237584 -1.25 62.0790482243984
      vertex 10.225 -1.25 75.27000000000001
      vertex 10.081421188557943 -1.25 75.2794106524888
    endloop
  endfacet
  facet normal 0 -1 0
    outer loop
      vertex 14.225 -1.25 78.37
      vertex -9.940299050387226 -1.25 77.43251840891799
      vertex 9.940299050387226 -1.25 77.43251840891799
    endloop
  endfacet
  facet normal 0 -1 0
    outer loop
      vertex 14.225 -1.25 49.5
      vertex 10.368578811442056 -1.25 61.40941065248881
      vertex 10.225 -1.25 61.4
    endloop
  endfacet
  facet normal 0 -1 0
    outer loop
      vertex 14.225 -1.25 49.5
      vertex 10.509700949612773 -1.25 61.437481591082026
      vertex 10.368578811442056 -1.25 61.40941065248881
    endloop
  endfacet
  facet normal 0 -1 0
    outer loop
      vertex 14.225 -1.25 49.5
      vertex 10.645951775601599 -1.25 61.48373251423759
      vertex 10.509700949612773 -1.25 61.437481591082026
    endloop
  endfacet
  facet normal 0 -1 0
    outer loop
      vertex 14.225 -1.25 49.5
      vertex 10.775 -1.25 61.547372055837116
      vertex 10.645951775601599 -1.25 61.48373251423759
    endloop
  endfacet
  facet normal 0 -1 0
    outer loop
      vertex 14.225 -1.25 49.5
      vertex 10.894637571909593 -1.25 61.62731132567964
      vertex 10.775 -1.25 61.547372055837116
    endloop
  endfacet
  facet normal 0 -1 0
    outer loop
      vertex 14.225 -1.25 49.5
      vertex 11.002817459305202 -1.25 61.722182540694796
      vertex 10.894637571909593 -1.25 61.62731132567964
    endloop
  endfacet
  facet normal 0 -1 0
    outer loop
      vertex 14.225 -1.25 49.5
      vertex 11.09768867432036 -1.25 61.83036242809041
      vertex 11.002817459305202 -1.25 61.722182540694796
    endloop
  endfacet
  facet normal 0 -1 0
    outer loop
      vertex 14.225 -1.25 49.5
      vertex 11.177627944162882 -1.25 61.95
      vertex 11.09768867432036 -1.25 61.83036242809041
    endloop
  endfacet
  facet normal 0 -1 0
    outer loop
      vertex 14.225 -1.25 49.5
      vertex 11.241267485762416 -1.25 62.0790482243984
      vertex 11.177627944162882 -1.25 61.95
    endloop
  endfacet
  facet normal 0 -1 0
    outer loop
      vertex 14.225 -1.25 49.5
      vertex 11.287518408917975 -1.25 62.21529905038723
      vertex 11.241267485762416 -1.25 62.0790482243984
    endloop
  endfacet
  facet normal 0 -1 0
    outer loop
      vertex 14.225 -1.25 49.5
      vertex 11.31558934751119 -1.25 62.356421188557945
      vertex 11.287518408917975 -1.25 62.21529905038723
    endloop
  endfacet
  facet normal 0 -1 0
    outer loop
      vertex 14.225 -1.25 49.5
      vertex 11.325 -1.25 62.5
      vertex 11.31558934751119 -1.25 62.356421188557945
    endloop
  endfacet
  facet normal 0 -1 0
    outer loop
      vertex 14.225 -1.25 49.5
      vertex 11.287518408917975 -1.25 62.78470094961277
      vertex 11.31558934751119 -1.25 62.643578811442055
    endloop
  endfacet
  facet normal 0 -1 0
    outer loop
      vertex 14.225 -1.25 49.5
      vertex 11.31558934751119 -1.25 62.643578811442055
      vertex 11.325 -1.25 62.5
    endloop
  endfacet
  facet normal 0 -1 0
    outer loop
      vertex 14.225 -1.25 78.37
      vertex 9.162481591082024 -1.25 62.78470094961277
      vertex 9.208732514237584 -1.25 62.9209517756016
    endloop
  endfacet
  facet normal 0 -1 0
    outer loop
      vertex 14.225 -1.25 78.37
      vertex 9.208732514237584 -1.25 62.9209517756016
      vertex 9.272372055837117 -1.25 63.05
    endloop
  endfacet
  facet normal 0 -1 0
    outer loop
      vertex 14.225 -1.25 78.37
      vertex 9.272372055837117 -1.25 63.05
      vertex 9.35231132567964 -1.25 63.16963757190959
    endloop
  endfacet
  facet normal 0 -1 0
    outer loop
      vertex 14.225 -1.25 78.37
      vertex 9.35231132567964 -1.25 63.16963757190959
      vertex 9.447182540694797 -1.25 63.277817459305204
    endloop
  endfacet
  facet normal 0 -1 0
    outer loop
      vertex 14.225 -1.25 78.37
      vertex 9.447182540694797 -1.25 63.277817459305204
      vertex 9.555362428090406 -1.25 63.37268867432036
    endloop
  endfacet
  facet normal 0 -1 0
    outer loop
      vertex 14.225 -1.25 78.37
      vertex 9.555362428090406 -1.25 63.37268867432036
      vertex 9.674999999999999 -1.25 63.452627944162884
    endloop
  endfacet
  facet normal 0 -1 0
    outer loop
      vertex 14.225 -1.25 78.37
      vertex 9.674999999999999 -1.25 63.452627944162884
      vertex 9.8040482243984 -1.25 63.51626748576241
    endloop
  endfacet
  facet normal 0 -1 0
    outer loop
      vertex 14.225 -1.25 78.37
      vertex 9.8040482243984 -1.25 63.51626748576241
      vertex 9.940299050387226 -1.25 63.562518408917974
    endloop
  endfacet
  facet normal 0 -1 0
    outer loop
      vertex 14.225 -1.25 78.37
      vertex 9.940299050387226 -1.25 63.562518408917974
      vertex 10.081421188557943 -1.25 63.59058934751119
    endloop
  endfacet
  facet normal 0 -1 0
    outer loop
      vertex 14.225 -1.25 78.37
      vertex 10.081421188557943 -1.25 63.59058934751119
      vertex 10.225 -1.25 63.6
    endloop
  endfacet
  facet normal 0 -1 0
    outer loop
      vertex 14.225 -1.25 78.37
      vertex 10.225 -1.25 63.6
      vertex 10.368578811442056 -1.25 63.59058934751119
    endloop
  endfacet
  facet normal 0 -1 0
    outer loop
      vertex 14.225 -1.25 78.37
      vertex 10.368578811442056 -1.25 63.59058934751119
      vertex 10.509700949612773 -1.25 63.562518408917974
    endloop
  endfacet
  facet normal 0 -1 0
    outer loop
      vertex 14.225 -1.25 78.37
      vertex 10.509700949612773 -1.25 63.562518408917974
      vertex 10.645951775601599 -1.25 63.51626748576241
    endloop
  endfacet
  facet normal 0 -1 0
    outer loop
      vertex 14.225 -1.25 78.37
      vertex 10.645951775601599 -1.25 63.51626748576241
      vertex 10.775 -1.25 63.452627944162884
    endloop
  endfacet
  facet normal 0 -1 0
    outer loop
      vertex 14.225 -1.25 78.37
      vertex 10.775 -1.25 63.452627944162884
      vertex 10.894637571909593 -1.25 63.37268867432036
    endloop
  endfacet
  facet normal 0 -1 0
    outer loop
      vertex 14.225 -1.25 78.37
      vertex 10.894637571909593 -1.25 63.37268867432036
      vertex 11.002817459305202 -1.25 63.277817459305204
    endloop
  endfacet
  facet normal 0 -1 0
    outer loop
      vertex 14.225 -1.25 78.37
      vertex 11.002817459305202 -1.25 63.277817459305204
      vertex 11.09768867432036 -1.25 63.16963757190959
    endloop
  endfacet
  facet normal 0 -1 0
    outer loop
      vertex 14.225 -1.25 78.37
      vertex 11.09768867432036 -1.25 63.16963757190959
      vertex 11.177627944162882 -1.25 63.05
    endloop
  endfacet
  facet normal 0 -1 0
    outer loop
      vertex 14.225 -1.25 78.37
      vertex 11.177627944162882 -1.25 63.05
      vertex 11.241267485762416 -1.25 62.9209517756016
    endloop
  endfacet
  facet normal 0 -1 0
    outer loop
      vertex 14.225 -1.25 78.37
      vertex 11.241267485762416 -1.25 62.9209517756016
      vertex 11.287518408917975 -1.25 62.78470094961277
    endloop
  endfacet
  facet normal 0 -1 0
    outer loop
      vertex 14.225 -1.25 49.5
      vertex 14.225 -1.25 78.37
      vertex 11.287518408917975 -1.25 62.78470094961277
    endloop
  endfacet
  facet normal 0 -1 0
    outer loop
      vertex 14.225 -1.25 78.37
      vertex 9.940299050387226 -1.25 77.43251840891799
      vertex 10.081421188557943 -1.25 77.4605893475112
    endloop
  endfacet
  facet normal 0 -1 0
    outer loop
      vertex 14.225 -1.25 78.37
      vertex 10.081421188557943 -1.25 77.4605893475112
      vertex 10.225 -1.25 77.47
    endloop
  endfacet
  facet normal 0 -1 0
    outer loop
      vertex 14.225 -1.25 78.37
      vertex 10.368578811442056 -1.25 77.4605893475112
      vertex 10.509700949612773 -1.25 77.43251840891799
    endloop
  endfacet
  facet normal 0 -1 0
    outer loop
      vertex 14.225 -1.25 78.37
      vertex 10.225 -1.25 77.47
      vertex 10.368578811442056 -1.25 77.4605893475112
    endloop
  endfacet
  facet normal 0 -1 0
    outer loop
      vertex 14.225 -1.25 78.37
      vertex 10.509700949612773 -1.25 77.43251840891799
      vertex 10.645951775601599 -1.25 77.38626748576242
    endloop
  endfacet
  facet normal 0 -1 0
    outer loop
      vertex 14.225 -1.25 78.37
      vertex 10.645951775601599 -1.25 77.38626748576242
      vertex 10.775 -1.25 77.32262794416289
    endloop
  endfacet
  facet normal 0 -1 0
    outer loop
      vertex 14.225 -1.25 78.37
      vertex 10.775 -1.25 77.32262794416289
      vertex 10.894637571909593 -1.25 77.24268867432036
    endloop
  endfacet
  facet normal 0 -1 0
    outer loop
      vertex 14.225 -1.25 78.37
      vertex 11.002817459305202 -1.25 75.59218254069481
      vertex 10.894637571909593 -1.25 75.49731132567965
    endloop
  endfacet
  facet normal 0 -1 0
    outer loop
      vertex 14.225 -1.25 78.37
      vertex 11.09768867432036 -1.25 75.70036242809041
      vertex 11.002817459305202 -1.25 75.59218254069481
    endloop
  endfacet
  facet normal 0 -1 0
    outer loop
      vertex 14.225 -1.25 78.37
      vertex 11.177627944162882 -1.25 75.82000000000001
      vertex 11.09768867432036 -1.25 75.70036242809041
    endloop
  endfacet
  facet normal 0 -1 0
    outer loop
      vertex 14.225 -1.25 78.37
      vertex 11.241267485762416 -1.25 75.94904822439841
      vertex 11.177627944162882 -1.25 75.82000000000001
    endloop
  endfacet
  facet normal 0 -1 0
    outer loop
      vertex 14.225 -1.25 78.37
      vertex 11.287518408917975 -1.25 76.08529905038723
      vertex 11.241267485762416 -1.25 75.94904822439841
    endloop
  endfacet
  facet normal 0 -1 0
    outer loop
      vertex 14.225 -1.25 78.37
      vertex 11.31558934751119 -1.25 76.22642118855795
      vertex 11.287518408917975 -1.25 76.08529905038723
    endloop
  endfacet
  facet normal 0 -1 0
    outer loop
      vertex 14.225 -1.25 78.37
      vertex 11.325 -1.25 76.37
      vertex 11.31558934751119 -1.25 76.22642118855795
    endloop
  endfacet
  facet normal 0 -1 0
    outer loop
      vertex 14.225 -1.25 78.37
      vertex 11.31558934751119 -1.25 76.51357881144206
      vertex 11.325 -1.25 76.37
    endloop
  endfacet
  facet normal 0 -1 0
    outer loop
      vertex 14.225 -1.25 78.37
      vertex 10.894637571909593 -1.25 77.24268867432036
      vertex 11.002817459305202 -1.25 77.1478174593052
    endloop
  endfacet
  facet normal 0 -1 0
    outer loop
      vertex 14.225 -1.25 78.37
      vertex 11.002817459305202 -1.25 77.1478174593052
      vertex 11.09768867432036 -1.25 77.0396375719096
    endloop
  endfacet
  facet normal 0 -1 0
    outer loop
      vertex 14.225 -1.25 78.37
      vertex 11.09768867432036 -1.25 77.0396375719096
      vertex 11.177627944162882 -1.25 76.92
    endloop
  endfacet
  facet normal 0 -1 0
    outer loop
      vertex 14.225 -1.25 78.37
      vertex 11.177627944162882 -1.25 76.92
      vertex 11.241267485762416 -1.25 76.7909517756016
    endloop
  endfacet
  facet normal 0 -1 0
    outer loop
      vertex 14.225 -1.25 78.37
      vertex 11.241267485762416 -1.25 76.7909517756016
      vertex 11.287518408917975 -1.25 76.65470094961277
    endloop
  endfacet
  facet normal 0 -1 0
    outer loop
      vertex 14.225 -1.25 78.37
      vertex 11.287518408917975 -1.25 76.65470094961277
      vertex 11.31558934751119 -1.25 76.51357881144206
    endloop
  endfacet
  facet normal 1 0 0
    outer loop
      vertex 14.225 -1.25 49.5
      vertex 14.225 1.25 78.37
      vertex 14.225 -1.25 78.37
    endloop
  endfacet
  facet normal 0 1 0
    outer loop
      vertex -10.509700949612773 1.25 75.30748159108202
      vertex 9.272372055837117 1.25 61.95
      vertex 9.35231132567964 1.25 61.83036242809041
    endloop
  endfacet
  facet normal 0 1 0
    outer loop
      vertex -10.368578811442056 1.25 75.2794106524888
      vertex 9.208732514237584 1.25 62.0790482243984
      vertex 9.272372055837117 1.25 61.95
    endloop
  endfacet
  facet normal 0 1 0
    outer loop
      vertex -10.225 1.25 75.27000000000001
      vertex 9.162481591082024 1.25 62.21529905038723
      vertex 9.208732514237584 1.25 62.0790482243984
    endloop
  endfacet
  facet normal 0 1 0
    outer loop
      vertex -10.081421188557943 1.25 75.2794106524888
      vertex 9.134410652488809 1.25 62.356421188557945
      vertex 9.162481591082024 1.25 62.21529905038723
    endloop
  endfacet
  facet normal 0 1 0
    outer loop
      vertex -9.940299050387226 1.25 75.30748159108202
      vertex 9.125 1.25 62.5
      vertex 9.134410652488809 1.25 62.356421188557945
    endloop
  endfacet
  facet normal 0 1 0
    outer loop
      vertex -9.8040482243984 1.25 75.35373251423759
      vertex 9.134410652488809 1.25 62.643578811442055
      vertex 9.125 1.25 62.5
    endloop
  endfacet
  facet normal 0 1 0
    outer loop
      vertex -9.674999999999999 1.25 75.41737205583712
      vertex 9.162481591082024 1.25 62.78470094961277
      vertex 9.134410652488809 1.25 62.643578811442055
    endloop
  endfacet
  facet normal 0 1 0
    outer loop
      vertex -9.555362428090406 1.25 75.49731132567965
      vertex 9.208732514237584 1.25 62.9209517756016
      vertex 9.162481591082024 1.25 62.78470094961277
    endloop
  endfacet
  facet normal 0 1 0
    outer loop
      vertex -9.447182540694797 1.25 75.59218254069481
      vertex 9.272372055837117 1.25 63.05
      vertex 9.208732514237584 1.25 62.9209517756016
    endloop
  endfacet
  facet normal 0 1 0
    outer loop
      vertex -9.35231132567964 1.25 75.70036242809041
      vertex 9.35231132567964 1.25 63.16963757190959
      vertex 9.272372055837117 1.25 63.05
    endloop
  endfacet
  facet normal 0 1 0
    outer loop
      vertex -9.35231132567964 1.25 75.70036242809041
      vertex 9.447182540694797 1.25 63.277817459305204
      vertex 9.35231132567964 1.25 63.16963757190959
    endloop
  endfacet
  facet normal 0 1 0
    outer loop
      vertex -9.35231132567964 1.25 75.70036242809041
      vertex 9.447182540694797 1.25 75.59218254069481
      vertex 9.447182540694797 1.25 63.277817459305204
    endloop
  endfacet
  facet normal 0 1 0
    outer loop
      vertex -9.208732514237584 1.25 75.94904822439841
      vertex 9.208732514237584 1.25 75.94904822439841
      vertex 9.272372055837117 1.25 75.82000000000001
    endloop
  endfacet
  facet normal 0 1 0
    outer loop
      vertex -9.35231132567964 1.25 75.70036242809041
      vertex 9.35231132567964 1.25 75.70036242809041
      vertex 9.447182540694797 1.25 75.59218254069481
    endloop
  endfacet
  facet normal 0 1 0
    outer loop
      vertex -9.272372055837117 1.25 75.82000000000001
      vertex 9.272372055837117 1.25 75.82000000000001
      vertex 9.35231132567964 1.25 75.70036242809041
    endloop
  endfacet
  facet normal 0 1 0
    outer loop
      vertex -9.134410652488809 1.25 76.22642118855795
      vertex 9.134410652488809 1.25 76.22642118855795
      vertex 9.162481591082024 1.25 76.08529905038723
    endloop
  endfacet
  facet normal 0 1 0
    outer loop
      vertex -9.162481591082024 1.25 76.08529905038723
      vertex 9.162481591082024 1.25 76.08529905038723
      vertex 9.208732514237584 1.25 75.94904822439841
    endloop
  endfacet
  facet normal 0 1 0
    outer loop
      vertex -9.125 1.25 76.37
      vertex 9.125 1.25 76.37
      vertex 9.134410652488809 1.25 76.22642118855795
    endloop
  endfacet
  facet normal 0 1 0
    outer loop
      vertex -9.134410652488809 1.25 76.51357881144206
      vertex 9.134410652488809 1.25 76.51357881144206
      vertex 9.125 1.25 76.37
    endloop
  endfacet
  facet normal 0 1 0
    outer loop
      vertex -9.162481591082024 1.25 76.65470094961277
      vertex 9.162481591082024 1.25 76.65470094961277
      vertex 9.134410652488809 1.25 76.51357881144206
    endloop
  endfacet
  facet normal 0 1 0
    outer loop
      vertex -9.208732514237584 1.25 76.7909517756016
      vertex 9.208732514237584 1.25 76.7909517756016
      vertex 9.162481591082024 1.25 76.65470094961277
    endloop
  endfacet
  facet normal 0 1 0
    outer loop
      vertex -9.272372055837117 1.25 76.92
      vertex 9.272372055837117 1.25 76.92
      vertex 9.208732514237584 1.25 76.7909517756016
    endloop
  endfacet
  facet normal 0 1 0
    outer loop
      vertex -9.35231132567964 1.25 77.0396375719096
      vertex 9.35231132567964 1.25 77.0396375719096
      vertex 9.272372055837117 1.25 76.92
    endloop
  endfacet
  facet normal 0 1 0
    outer loop
      vertex -9.447182540694797 1.25 77.1478174593052
      vertex 9.447182540694797 1.25 77.1478174593052
      vertex 9.35231132567964 1.25 77.0396375719096
    endloop
  endfacet
  facet normal 0 1 0
    outer loop
      vertex -9.555362428090406 1.25 77.24268867432036
      vertex 9.555362428090406 1.25 77.24268867432036
      vertex 9.447182540694797 1.25 77.1478174593052
    endloop
  endfacet
  facet normal 0 1 0
    outer loop
      vertex -9.674999999999999 1.25 77.32262794416289
      vertex 9.674999999999999 1.25 77.32262794416289
      vertex 9.555362428090406 1.25 77.24268867432036
    endloop
  endfacet
  facet normal 0 1 0
    outer loop
      vertex -9.8040482243984 1.25 77.38626748576242
      vertex 9.8040482243984 1.25 77.38626748576242
      vertex 9.674999999999999 1.25 77.32262794416289
    endloop
  endfacet
  facet normal 0 1 0
    outer loop
      vertex -9.940299050387226 1.25 77.43251840891799
      vertex 9.940299050387226 1.25 77.43251840891799
      vertex 9.8040482243984 1.25 77.38626748576242
    endloop
  endfacet
  facet normal 0 1 0
    outer loop
      vertex -10.081421188557943 1.25 77.4605893475112
      vertex 10.081421188557943 1.25 77.4605893475112
      vertex 9.940299050387226 1.25 77.43251840891799
    endloop
  endfacet
  facet normal 0 1 0
    outer loop
      vertex -10.225 1.25 77.47
      vertex 10.225 1.25 77.47
      vertex 10.081421188557943 1.25 77.4605893475112
    endloop
  endfacet
  facet normal 0 1 0
    outer loop
      vertex 14.225 1.25 49.5
      vertex -10.509700949612773 1.25 75.30748159108202
      vertex 9.35231132567964 1.25 61.83036242809041
    endloop
  endfacet
  facet normal 0 0 1
    outer loop
      vertex -14.225 1.25 78.37
      vertex 14.225 -1.25 78.37
      vertex 14.225 1.25 78.37
    endloop
  endfacet
  facet normal 0 1 0
    outer loop
      vertex 14.225 1.25 78.37
      vertex 10.225 1.25 77.47
      vertex -10.225 1.25 77.47
    endloop
  endfacet
  facet normal 0 1 0
    outer loop
      vertex 14.225 1.25 49.5
      vertex 9.35231132567964 1.25 61.83036242809041
      vertex 9.447182540694797 1.25 61.722182540694796
    endloop
  endfacet
  facet normal 0 1 0
    outer loop
      vertex 14.225 1.25 49.5
      vertex 9.447182540694797 1.25 61.722182540694796
      vertex 9.555362428090406 1.25 61.62731132567964
    endloop
  endfacet
  facet normal 0 1 0
    outer loop
      vertex 14.225 1.25 49.5
      vertex 9.674999999999999 1.25 61.547372055837116
      vertex 9.8040482243984 1.25 61.48373251423759
    endloop
  endfacet
  facet normal 0 1 0
    outer loop
      vertex 14.225 1.25 49.5
      vertex 9.8040482243984 1.25 61.48373251423759
      vertex 9.940299050387226 1.25 61.437481591082026
    endloop
  endfacet
  facet normal 0 1 0
    outer loop
      vertex 14.225 1.25 49.5
      vertex 9.940299050387226 1.25 61.437481591082026
      vertex 10.081421188557943 1.25 61.40941065248881
    endloop
  endfacet
  facet normal 0 1 0
    outer loop
      vertex 14.225 1.25 49.5
      vertex 10.081421188557943 1.25 61.40941065248881
      vertex 10.225 1.25 61.4
    endloop
  endfacet
  facet normal 0 1 0
    outer loop
      vertex 14.225 1.25 49.5
      vertex 9.555362428090406 1.25 61.62731132567964
      vertex 9.674999999999999 1.25 61.547372055837116
    endloop
  endfacet
  facet normal 0 1 0
    outer loop
      vertex 14.225 1.25 49.5
      vertex 10.225 1.25 61.4
      vertex 10.368578811442056 1.25 61.40941065248881
    endloop
  endfacet
  facet normal 0 1 0
    outer loop
      vertex 14.225 1.25 49.5
      vertex 10.368578811442056 1.25 61.40941065248881
      vertex 10.509700949612773 1.25 61.437481591082026
    endloop
  endfacet
  facet normal 0 1 0
    outer loop
      vertex 14.225 1.25 49.5
      vertex 10.509700949612773 1.25 61.437481591082026
      vertex 10.645951775601599 1.25 61.48373251423759
    endloop
  endfacet
  facet normal 0 1 0
    outer loop
      vertex 14.225 1.25 49.5
      vertex 10.645951775601599 1.25 61.48373251423759
      vertex 10.775 1.25 61.547372055837116
    endloop
  endfacet
  facet normal 0 1 0
    outer loop
      vertex 14.225 1.25 49.5
      vertex 10.775 1.25 61.547372055837116
      vertex 10.894637571909593 1.25 61.62731132567964
    endloop
  endfacet
  facet normal 0 1 0
    outer loop
      vertex 14.225 1.25 49.5
      vertex 10.894637571909593 1.25 61.62731132567964
      vertex 11.002817459305202 1.25 61.722182540694796
    endloop
  endfacet
  facet normal 0 1 0
    outer loop
      vertex 14.225 1.25 49.5
      vertex 11.002817459305202 1.25 61.722182540694796
      vertex 11.09768867432036 1.25 61.83036242809041
    endloop
  endfacet
  facet normal 0 1 0
    outer loop
      vertex 14.225 1.25 49.5
      vertex 11.09768867432036 1.25 61.83036242809041
      vertex 11.177627944162882 1.25 61.95
    endloop
  endfacet
  facet normal 0 1 0
    outer loop
      vertex 14.225 1.25 49.5
      vertex 11.177627944162882 1.25 61.95
      vertex 11.241267485762416 1.25 62.0790482243984
    endloop
  endfacet
  facet normal 0 1 0
    outer loop
      vertex 14.225 1.25 49.5
      vertex 11.241267485762416 1.25 62.0790482243984
      vertex 11.287518408917975 1.25 62.21529905038723
    endloop
  endfacet
  facet normal 0 1 0
    outer loop
      vertex 14.225 1.25 49.5
      vertex 11.287518408917975 1.25 62.21529905038723
      vertex 11.31558934751119 1.25 62.356421188557945
    endloop
  endfacet
  facet normal 0 1 0
    outer loop
      vertex 14.225 1.25 49.5
      vertex 11.31558934751119 1.25 62.356421188557945
      vertex 11.325 1.25 62.5
    endloop
  endfacet
  facet normal 0 1 0
    outer loop
      vertex 14.225 1.25 49.5
      vertex 11.31558934751119 1.25 62.643578811442055
      vertex 11.287518408917975 1.25 62.78470094961277
    endloop
  endfacet
  facet normal 0 1 0
    outer loop
      vertex 14.225 1.25 49.5
      vertex 11.325 1.25 62.5
      vertex 11.31558934751119 1.25 62.643578811442055
    endloop
  endfacet
  facet normal 0 1 0
    outer loop
      vertex 9.447182540694797 1.25 63.277817459305204
      vertex 9.555362428090406 1.25 75.49731132567965
      vertex 9.555362428090406 1.25 63.37268867432036
    endloop
  endfacet
  facet normal 0 1 0
    outer loop
      vertex 9.555362428090406 1.25 63.37268867432036
      vertex 9.674999999999999 1.25 75.41737205583712
      vertex 9.674999999999999 1.25 63.452627944162884
    endloop
  endfacet
  facet normal 0 1 0
    outer loop
      vertex 9.674999999999999 1.25 63.452627944162884
      vertex 9.8040482243984 1.25 75.35373251423759
      vertex 9.8040482243984 1.25 63.51626748576241
    endloop
  endfacet
  facet normal 0 1 0
    outer loop
      vertex 9.8040482243984 1.25 63.51626748576241
      vertex 9.940299050387226 1.25 75.30748159108202
      vertex 9.940299050387226 1.25 63.562518408917974
    endloop
  endfacet
  facet normal 0 1 0
    outer loop
      vertex 9.940299050387226 1.25 63.562518408917974
      vertex 10.081421188557943 1.25 75.2794106524888
      vertex 10.081421188557943 1.25 63.59058934751119
    endloop
  endfacet
  facet normal 0 1 0
    outer loop
      vertex 10.081421188557943 1.25 63.59058934751119
      vertex 10.225 1.25 75.27000000000001
      vertex 10.225 1.25 63.6
    endloop
  endfacet
  facet normal 0 1 0
    outer loop
      vertex 10.225 1.25 63.6
      vertex 10.368578811442056 1.25 75.2794106524888
      vertex 10.368578811442056 1.25 63.59058934751119
    endloop
  endfacet
  facet normal 0 1 0
    outer loop
      vertex 10.368578811442056 1.25 63.59058934751119
      vertex 10.509700949612773 1.25 75.30748159108202
      vertex 10.509700949612773 1.25 63.562518408917974
    endloop
  endfacet
  facet normal 0 1 0
    outer loop
      vertex 10.509700949612773 1.25 63.562518408917974
      vertex 10.645951775601599 1.25 75.35373251423759
      vertex 10.645951775601599 1.25 63.51626748576241
    endloop
  endfacet
  facet normal 0 1 0
    outer loop
      vertex 9.447182540694797 1.25 63.277817459305204
      vertex 9.447182540694797 1.25 75.59218254069481
      vertex 9.555362428090406 1.25 75.49731132567965
    endloop
  endfacet
  facet normal 0 1 0
    outer loop
      vertex 9.555362428090406 1.25 63.37268867432036
      vertex 9.555362428090406 1.25 75.49731132567965
      vertex 9.674999999999999 1.25 75.41737205583712
    endloop
  endfacet
  facet normal 0 1 0
    outer loop
      vertex 9.674999999999999 1.25 63.452627944162884
      vertex 9.674999999999999 1.25 75.41737205583712
      vertex 9.8040482243984 1.25 75.35373251423759
    endloop
  endfacet
  facet normal 0 1 0
    outer loop
      vertex 9.8040482243984 1.25 63.51626748576241
      vertex 9.8040482243984 1.25 75.35373251423759
      vertex 9.940299050387226 1.25 75.30748159108202
    endloop
  endfacet
  facet normal 0 1 0
    outer loop
      vertex 9.940299050387226 1.25 63.562518408917974
      vertex 9.940299050387226 1.25 75.30748159108202
      vertex 10.081421188557943 1.25 75.2794106524888
    endloop
  endfacet
  facet normal 0 1 0
    outer loop
      vertex 10.081421188557943 1.25 63.59058934751119
      vertex 10.081421188557943 1.25 75.2794106524888
      vertex 10.225 1.25 75.27000000000001
    endloop
  endfacet
  facet normal 0 1 0
    outer loop
      vertex 10.225 1.25 63.6
      vertex 10.225 1.25 75.27000000000001
      vertex 10.368578811442056 1.25 75.2794106524888
    endloop
  endfacet
  facet normal 0 1 0
    outer loop
      vertex 10.509700949612773 1.25 75.30748159108202
      vertex 10.368578811442056 1.25 63.59058934751119
      vertex 10.368578811442056 1.25 75.2794106524888
    endloop
  endfacet
  facet normal 0 1 0
    outer loop
      vertex 10.509700949612773 1.25 63.562518408917974
      vertex 10.509700949612773 1.25 75.30748159108202
      vertex 10.645951775601599 1.25 75.35373251423759
    endloop
  endfacet
  facet normal 0 1 0
    outer loop
      vertex 10.645951775601599 1.25 63.51626748576241
      vertex 10.775 1.25 75.41737205583712
      vertex 10.775 1.25 63.452627944162884
    endloop
  endfacet
  facet normal 0 1 0
    outer loop
      vertex 10.775 1.25 63.452627944162884
      vertex 10.894637571909593 1.25 75.49731132567965
      vertex 10.894637571909593 1.25 63.37268867432036
    endloop
  endfacet
  facet normal 0 1 0
    outer loop
      vertex 10.894637571909593 1.25 63.37268867432036
      vertex 11.002817459305202 1.25 75.59218254069481
      vertex 11.002817459305202 1.25 63.277817459305204
    endloop
  endfacet
  facet normal 0 1 0
    outer loop
      vertex 11.09768867432036 1.25 63.16963757190959
      vertex 11.002817459305202 1.25 63.277817459305204
      vertex 11.09768867432036 1.25 75.70036242809041
    endloop
  endfacet
  facet normal 0 1 0
    outer loop
      vertex 11.177627944162882 1.25 63.05
      vertex 11.09768867432036 1.25 63.16963757190959
      vertex 11.177627944162882 1.25 75.82000000000001
    endloop
  endfacet
  facet normal 0 1 0
    outer loop
      vertex 14.225 1.25 78.37
      vertex 11.241267485762416 1.25 62.9209517756016
      vertex 11.177627944162882 1.25 63.05
    endloop
  endfacet
  facet normal 0 1 0
    outer loop
      vertex 14.225 1.25 78.37
      vertex 11.287518408917975 1.25 62.78470094961277
      vertex 11.241267485762416 1.25 62.9209517756016
    endloop
  endfacet
  facet normal 0 1 0
    outer loop
      vertex 14.225 1.25 49.5
      vertex 11.287518408917975 1.25 62.78470094961277
      vertex 14.225 1.25 78.37
    endloop
  endfacet
  facet normal 1 0 0
    outer loop
      vertex 14.225 -1.25 49.5
      vertex 14.225 1.25 49.5
      vertex 14.225 1.25 78.37
    endloop
  endfacet
  facet normal 0 1 0
    outer loop
      vertex 10.645951775601599 1.25 63.51626748576241
      vertex 10.645951775601599 1.25 75.35373251423759
      vertex 10.775 1.25 75.41737205583712
    endloop
  endfacet
  facet normal 0 1 0
    outer loop
      vertex 10.894637571909593 1.25 75.49731132567965
      vertex 10.775 1.25 63.452627944162884
      vertex 10.775 1.25 75.41737205583712
    endloop
  endfacet
  facet normal 0 1 0
    outer loop
      vertex 10.894637571909593 1.25 63.37268867432036
      vertex 10.894637571909593 1.25 75.49731132567965
      vertex 11.002817459305202 1.25 75.59218254069481
    endloop
  endfacet
  facet normal 0 1 0
    outer loop
      vertex 11.002817459305202 1.25 75.59218254069481
      vertex 11.09768867432036 1.25 75.70036242809041
      vertex 11.002817459305202 1.25 63.277817459305204
    endloop
  endfacet
  facet normal 0 1 0
    outer loop
      vertex 11.09768867432036 1.25 75.70036242809041
      vertex 11.177627944162882 1.25 75.82000000000001
      vertex 11.09768867432036 1.25 63.16963757190959
    endloop
  endfacet
  facet normal 0 1 0
    outer loop
      vertex 11.177627944162882 1.25 63.05
      vertex 11.177627944162882 1.25 75.82000000000001
      vertex 11.241267485762416 1.25 75.94904822439841
    endloop
  endfacet
  facet normal 0 1 0
    outer loop
      vertex 14.225 1.25 78.37
      vertex 11.177627944162882 1.25 63.05
      vertex 11.241267485762416 1.25 75.94904822439841
    endloop
  endfacet
  facet normal 0 1 0
    outer loop
      vertex 14.225 1.25 78.37
      vertex 10.509700949612773 1.25 77.43251840891799
      vertex 10.368578811442056 1.25 77.4605893475112
    endloop
  endfacet
  facet normal 0 1 0
    outer loop
      vertex 14.225 1.25 78.37
      vertex 10.368578811442056 1.25 77.4605893475112
      vertex 10.225 1.25 77.47
    endloop
  endfacet
  facet normal 0 1 0
    outer loop
      vertex 14.225 1.25 78.37
      vertex 10.645951775601599 1.25 77.38626748576242
      vertex 10.509700949612773 1.25 77.43251840891799
    endloop
  endfacet
  facet normal 0 1 0
    outer loop
      vertex 14.225 1.25 78.37
      vertex 10.775 1.25 77.32262794416289
      vertex 10.645951775601599 1.25 77.38626748576242
    endloop
  endfacet
  facet normal 0 1 0
    outer loop
      vertex 14.225 1.25 78.37
      vertex 10.894637571909593 1.25 77.24268867432036
      vertex 10.775 1.25 77.32262794416289
    endloop
  endfacet
  facet normal 0 1 0
    outer loop
      vertex 14.225 1.25 78.37
      vertex 11.241267485762416 1.25 75.94904822439841
      vertex 11.287518408917975 1.25 76.08529905038723
    endloop
  endfacet
  facet normal 0 1 0
    outer loop
      vertex 14.225 1.25 78.37
      vertex 11.287518408917975 1.25 76.08529905038723
      vertex 11.31558934751119 1.25 76.22642118855795
    endloop
  endfacet
  facet normal 0 1 0
    outer loop
      vertex 14.225 1.25 78.37
      vertex 11.31558934751119 1.25 76.22642118855795
      vertex 11.325 1.25 76.37
    endloop
  endfacet
  facet normal 0 1 0
    outer loop
      vertex 14.225 1.25 78.37
      vertex 11.325 1.25 76.37
      vertex 11.31558934751119 1.25 76.51357881144206
    endloop
  endfacet
  facet normal 0 1 0
    outer loop
      vertex 14.225 1.25 78.37
      vertex 11.002817459305202 1.25 77.1478174593052
      vertex 10.894637571909593 1.25 77.24268867432036
    endloop
  endfacet
  facet normal 0 1 0
    outer loop
      vertex 14.225 1.25 78.37
      vertex 11.09768867432036 1.25 77.0396375719096
      vertex 11.002817459305202 1.25 77.1478174593052
    endloop
  endfacet
  facet normal 0 1 0
    outer loop
      vertex 14.225 1.25 78.37
      vertex 11.177627944162882 1.25 76.92
      vertex 11.09768867432036 1.25 77.0396375719096
    endloop
  endfacet
  facet normal 0 1 0
    outer loop
      vertex 14.225 1.25 78.37
      vertex 11.241267485762416 1.25 76.7909517756016
      vertex 11.177627944162882 1.25 76.92
    endloop
  endfacet
  facet normal 0 1 0
    outer loop
      vertex 14.225 1.25 78.37
      vertex 11.287518408917975 1.25 76.65470094961277
      vertex 11.241267485762416 1.25 76.7909517756016
    endloop
  endfacet
  facet normal 0 1 0
    outer loop
      vertex 14.225 1.25 78.37
      vertex 11.31558934751119 1.25 76.51357881144206
      vertex 11.287518408917975 1.25 76.65470094961277
    endloop
  endfacet
  facet normal 0.6593458151000702 0.7518398074789763 0
    outer loop
      vertex 9.580761184457488 -0.9192388155425119 0
      vertex 9.580761184457488 -0.9192388155425119 2.5
      vertex 9.708610142288663 -1.0313593423786058 0
    endloop
  endfacet
  facet normal 0.5555702330196013 0.8314696123025459 0
    outer loop
      vertex 9.708610142288663 -1.0313593423786058 0
      vertex 9.708610142288663 -1.0313593423786058 2.5
      vertex 9.85 -1.12583302491977 0
    endloop
  endfacet
  facet normal 0.6593458151000702 0.7518398074789763 0
    outer loop
      vertex 9.708610142288663 -1.0313593423786058 0
      vertex 9.580761184457488 -0.9192388155425119 2.5
      vertex 9.708610142288663 -1.0313593423786058 2.5
    endloop
  endfacet
  facet normal 0.8968727415326868 0.4422886902190042 0
    outer loop
      vertex 9.37416697508023 -0.65 0
      vertex 9.298956607735327 -0.4974884620746167 0
      vertex 9.298956607735327 -0.4974884620746167 2.5
    endloop
  endfacet
  facet normal 0.9469301294951062 0.32143946530315975 0
    outer loop
      vertex 9.244296425824212 -0.33646475863327696 2.5
      vertex 9.298956607735327 -0.4974884620746167 2.5
      vertex 9.298956607735327 -0.4974884620746167 0
    endloop
  endfacet
  facet normal 0.9807852804032308 0.195090322016127 0
    outer loop
      vertex 9.211121680214047 -0.16968404988606706 2.5
      vertex 9.244296425824212 -0.33646475863327696 0
      vertex 9.211121680214047 -0.16968404988606706 0
    endloop
  endfacet
  facet normal 0.9469301294951062 0.32143946530315975 0
    outer loop
      vertex 9.244296425824212 -0.33646475863327696 2.5
      vertex 9.298956607735327 -0.4974884620746167 0
      vertex 9.244296425824212 -0.33646475863327696 0
    endloop
  endfacet
  facet normal 0.997858923238603 0.06540312923015155 0
    outer loop
      vertex 9.2 0 2.5
      vertex 9.211121680214047 -0.16968404988606706 0
      vertex 9.2 0 0
    endloop
  endfacet
  facet normal 0.9807852804032308 0.195090322016127 0
    outer loop
      vertex 9.211121680214047 -0.16968404988606706 2.5
      vertex 9.244296425824212 -0.33646475863327696 2.5
      vertex 9.244296425824212 -0.33646475863327696 0
    endloop
  endfacet
  facet normal 0.997858923238603 0.06540312923015155 0
    outer loop
      vertex 9.2 0 2.5
      vertex 9.211121680214047 -0.16968404988606706 2.5
      vertex 9.211121680214047 -0.16968404988606706 0
    endloop
  endfacet
  facet normal 0.8314696123025471 0.5555702330195994 0
    outer loop
      vertex 9.468640657621394 -0.7913898577113369 0
      vertex 9.37416697508023 -0.65 0
      vertex 9.37416697508023 -0.65 2.5
    endloop
  endfacet
  facet normal 0.7518398074789777 0.6593458151000685 0
    outer loop
      vertex 9.580761184457488 -0.9192388155425119 0
      vertex 9.468640657621394 -0.7913898577113369 0
      vertex 9.468640657621394 -0.7913898577113369 2.5
    endloop
  endfacet
  facet normal 0.8314696123025471 0.5555702330195994 0
    outer loop
      vertex 9.37416697508023 -0.65 2.5
      vertex 9.468640657621394 -0.7913898577113369 2.5
      vertex 9.468640657621394 -0.7913898577113369 0
    endloop
  endfacet
  facet normal 0.7518398074789777 0.6593458151000685 0
    outer loop
      vertex 9.580761184457488 -0.9192388155425119 0
      vertex 9.468640657621394 -0.7913898577113369 2.5
      vertex 9.580761184457488 -0.9192388155425119 2.5
    endloop
  endfacet
  facet normal 0.8968727415326868 0.4422886902190042 0
    outer loop
      vertex 9.37416697508023 -0.65 0
      vertex 9.298956607735327 -0.4974884620746167 2.5
      vertex 9.37416697508023 -0.65 2.5
    endloop
  endfacet
  facet normal 0.4422886902190029 0.8968727415326876 0
    outer loop
      vertex 9.85 -1.12583302491977 0
      vertex 9.85 -1.12583302491977 2.5
      vertex 10.002511537925383 -1.2010433922646728 0
    endloop
  endfacet
  facet normal 0.32143946530316014 0.9469301294951062 0
    outer loop
      vertex 10.163535241366723 -1.255703574175789 0
      vertex 10.002511537925383 -1.2010433922646728 0
      vertex 10.002511537925383 -1.2010433922646728 2.5
    endloop
  endfacet
  facet normal 0.19509032201612747 0.9807852804032307 0
    outer loop
      vertex 10.163535241366723 -1.255703574175789 2.5
      vertex 10.330315950113933 -1.2888783197859535 0
      vertex 10.163535241366723 -1.255703574175789 0
    endloop
  endfacet
  facet normal 0.4422886902190029 0.8968727415326876 0
    outer loop
      vertex 10.002511537925383 -1.2010433922646728 0
      vertex 9.85 -1.12583302491977 2.5
      vertex 10.002511537925383 -1.2010433922646728 2.5
    endloop
  endfacet
  facet normal 0.5555702330196013 0.8314696123025459 0
    outer loop
      vertex 9.85 -1.12583302491977 0
      vertex 9.708610142288663 -1.0313593423786058 2.5
      vertex 9.85 -1.12583302491977 2.5
    endloop
  endfacet
  facet normal 0.32143946530316014 0.9469301294951062 0
    outer loop
      vertex 10.163535241366723 -1.255703574175789 2.5
      vertex 10.163535241366723 -1.255703574175789 0
      vertex 10.002511537925383 -1.2010433922646728 2.5
    endloop
  endfacet
  facet normal 0.06540312923014377 0.9978589232386035 0
    outer loop
      vertex 10.330315950113933 -1.2888783197859535 2.5
      vertex 10.5 -1.3 0
      vertex 10.330315950113933 -1.2888783197859535 0
    endloop
  endfacet
  facet normal -0.06540312923014377 0.9978589232386035 0
    outer loop
      vertex 10.5 -1.3 2.5
      vertex 10.669684049886067 -1.2888783197859535 0
      vertex 10.5 -1.3 0
    endloop
  endfacet
  facet normal 0.19509032201612747 0.9807852804032307 0
    outer loop
      vertex 10.330315950113933 -1.2888783197859535 2.5
      vertex 10.330315950113933 -1.2888783197859535 0
      vertex 10.163535241366723 -1.255703574175789 2.5
    endloop
  endfacet
  facet normal 0.06540312923014377 0.9978589232386035 0
    outer loop
      vertex 10.330315950113933 -1.2888783197859535 2.5
      vertex 10.5 -1.3 2.5
      vertex 10.5 -1.3 0
    endloop
  endfacet
  facet normal -0.06540312923014377 0.9978589232386035 0
    outer loop
      vertex 10.669684049886067 -1.2888783197859535 2.5
      vertex 10.669684049886067 -1.2888783197859535 0
      vertex 10.5 -1.3 2.5
    endloop
  endfacet
  facet normal -0.19509032201612747 0.9807852804032307 0
    outer loop
      vertex 10.669684049886067 -1.2888783197859535 2.5
      vertex 10.836464758633277 -1.255703574175789 0
      vertex 10.669684049886067 -1.2888783197859535 0
    endloop
  endfacet
  facet normal -0.32143946530316014 0.9469301294951062 0
    outer loop
      vertex 10.836464758633277 -1.255703574175789 0
      vertex 10.836464758633277 -1.255703574175789 2.5
      vertex 10.997488462074617 -1.2010433922646728 0
    endloop
  endfacet
  facet normal -0.4422886902190029 0.8968727415326876 0
    outer loop
      vertex 10.997488462074617 -1.2010433922646728 0
      vertex 10.997488462074617 -1.2010433922646728 2.5
      vertex 11.15 -1.12583302491977 0
    endloop
  endfacet
  facet normal -0.19509032201612747 0.9807852804032307 0
    outer loop
      vertex 10.836464758633277 -1.255703574175789 0
      vertex 10.669684049886067 -1.2888783197859535 2.5
      vertex 10.836464758633277 -1.255703574175789 2.5
    endloop
  endfacet
  facet normal -0.32143946530316014 0.9469301294951062 0
    outer loop
      vertex 10.997488462074617 -1.2010433922646728 0
      vertex 10.836464758633277 -1.255703574175789 2.5
      vertex 10.997488462074617 -1.2010433922646728 2.5
    endloop
  endfacet
  facet normal -0.4422886902190029 0.8968727415326876 0
    outer loop
      vertex 10.997488462074617 -1.2010433922646728 2.5
      vertex 11.15 -1.12583302491977 2.5
      vertex 11.15 -1.12583302491977 0
    endloop
  endfacet
  facet normal -0.5555702330196013 0.8314696123025459 0
    outer loop
      vertex 11.15 -1.12583302491977 0
      vertex 11.15 -1.12583302491977 2.5
      vertex 11.291389857711337 -1.0313593423786058 0
    endloop
  endfacet
  facet normal -0.6593458151000702 0.7518398074789763 0
    outer loop
      vertex 11.291389857711337 -1.0313593423786058 2.5
      vertex 11.419238815542512 -0.9192388155425119 0
      vertex 11.291389857711337 -1.0313593423786058 0
    endloop
  endfacet
  facet normal -0.5555702330196013 0.8314696123025459 0
    outer loop
      vertex 11.291389857711337 -1.0313593423786058 2.5
      vertex 11.291389857711337 -1.0313593423786058 0
      vertex 11.15 -1.12583302491977 2.5
    endloop
  endfacet
  facet normal -0.6593458151000702 0.7518398074789763 0
    outer loop
      vertex 11.419238815542512 -0.9192388155425119 2.5
      vertex 11.419238815542512 -0.9192388155425119 0
      vertex 11.291389857711337 -1.0313593423786058 2.5
    endloop
  endfacet
  facet normal -0.7518398074789777 0.6593458151000685 0
    outer loop
      vertex 11.419238815542512 -0.9192388155425119 0
      vertex 11.419238815542512 -0.9192388155425119 2.5
      vertex 11.531359342378606 -0.7913898577113369 0
    endloop
  endfacet
  facet normal -0.7518398074789777 0.6593458151000685 0
    outer loop
      vertex 11.419238815542512 -0.9192388155425119 2.5
      vertex 11.531359342378606 -0.7913898577113369 2.5
      vertex 11.531359342378606 -0.7913898577113369 0
    endloop
  endfacet
  facet normal -0.8314696123025471 0.5555702330195994 0
    outer loop
      vertex 11.531359342378606 -0.7913898577113369 2.5
      vertex 11.62583302491977 -0.65 0
      vertex 11.531359342378606 -0.7913898577113369 0
    endloop
  endfacet
  facet normal -0.8968727415326868 0.4422886902190042 0
    outer loop
      vertex 11.62583302491977 -0.65 0
      vertex 11.62583302491977 -0.65 2.5
      vertex 11.701043392264673 -0.4974884620746167 0
    endloop
  endfacet
  facet normal -0.9469301294951062 0.32143946530315975 0
    outer loop
      vertex 11.701043392264673 -0.4974884620746167 2.5
      vertex 11.755703574175788 -0.33646475863327696 0
      vertex 11.701043392264673 -0.4974884620746167 0
    endloop
  endfacet
  facet normal -0.8314696123025471 0.5555702330195994 0
    outer loop
      vertex 11.531359342378606 -0.7913898577113369 2.5
      vertex 11.62583302491977 -0.65 2.5
      vertex 11.62583302491977 -0.65 0
    endloop
  endfacet
  facet normal -0.8968727415326868 0.4422886902190042 0
    outer loop
      vertex 11.62583302491977 -0.65 2.5
      vertex 11.701043392264673 -0.4974884620746167 2.5
      vertex 11.701043392264673 -0.4974884620746167 0
    endloop
  endfacet
  facet normal -0.9807852804032308 0.195090322016127 0
    outer loop
      vertex 11.755703574175788 -0.33646475863327696 2.5
      vertex 11.788878319785953 -0.16968404988606706 0
      vertex 11.755703574175788 -0.33646475863327696 0
    endloop
  endfacet
  facet normal -0.997858923238603 0.06540312923015155 0
    outer loop
      vertex 11.788878319785953 -0.16968404988606706 0
      vertex 11.788878319785953 -0.16968404988606706 2.5
      vertex 11.8 0 0
    endloop
  endfacet
  facet normal -0.9469301294951062 0.32143946530315975 0
    outer loop
      vertex 11.701043392264673 -0.4974884620746167 2.5
      vertex 11.755703574175788 -0.33646475863327696 2.5
      vertex 11.755703574175788 -0.33646475863327696 0
    endloop
  endfacet
  facet normal -0.9807852804032308 0.195090322016127 0
    outer loop
      vertex 11.755703574175788 -0.33646475863327696 2.5
      vertex 11.788878319785953 -0.16968404988606706 2.5
      vertex 11.788878319785953 -0.16968404988606706 0
    endloop
  endfacet
  facet normal -0.997858923238603 0.06540312923015155 0
    outer loop
      vertex 11.788878319785953 -0.16968404988606706 2.5
      vertex 11.8 0 2.5
      vertex 11.8 0 0
    endloop
  endfacet
  facet normal 0.997858923238603 -0.06540312923015155 0
    outer loop
      vertex 9.211121680214047 0.16968404988606706 2.5
      vertex 9.2 0 0
      vertex 9.211121680214047 0.16968404988606706 0
    endloop
  endfacet
  facet normal 0.9807852804032308 -0.195090322016127 0
    outer loop
      vertex 9.244296425824212 0.33646475863327696 2.5
      vertex 9.211121680214047 0.16968404988606706 0
      vertex 9.244296425824212 0.33646475863327696 0
    endloop
  endfacet
  facet normal 0.997858923238603 -0.06540312923015155 0
    outer loop
      vertex 9.211121680214047 0.16968404988606706 2.5
      vertex 9.2 0 2.5
      vertex 9.2 0 0
    endloop
  endfacet
  facet normal 0.9807852804032308 -0.195090322016127 0
    outer loop
      vertex 9.244296425824212 0.33646475863327696 2.5
      vertex 9.211121680214047 0.16968404988606706 2.5
      vertex 9.211121680214047 0.16968404988606706 0
    endloop
  endfacet
  facet normal 0.9469301294951062 -0.32143946530315975 0
    outer loop
      vertex 9.298956607735327 0.4974884620746167 2.5
      vertex 9.244296425824212 0.33646475863327696 2.5
      vertex 9.244296425824212 0.33646475863327696 0
    endloop
  endfacet
  facet normal 0.9469301294951062 -0.32143946530315975 0
    outer loop
      vertex 9.298956607735327 0.4974884620746167 2.5
      vertex 9.244296425824212 0.33646475863327696 0
      vertex 9.298956607735327 0.4974884620746167 0
    endloop
  endfacet
  facet normal 0.8968727415326868 -0.4422886902190042 0
    outer loop
      vertex 9.37416697508023 0.65 2.5
      vertex 9.298956607735327 0.4974884620746167 2.5
      vertex 9.298956607735327 0.4974884620746167 0
    endloop
  endfacet
  facet normal 0.8968727415326868 -0.4422886902190042 0
    outer loop
      vertex 9.298956607735327 0.4974884620746167 0
      vertex 9.37416697508023 0.65 0
      vertex 9.37416697508023 0.65 2.5
    endloop
  endfacet
  facet normal 0.8314696123025471 -0.5555702330195994 0
    outer loop
      vertex 9.37416697508023 0.65 0
      vertex 9.468640657621394 0.7913898577113369 0
      vertex 9.468640657621394 0.7913898577113369 2.5
    endloop
  endfacet
  facet normal 0.7518398074789777 -0.6593458151000685 0
    outer loop
      vertex 9.468640657621394 0.7913898577113369 0
      vertex 9.580761184457488 0.9192388155425119 0
      vertex 9.580761184457488 0.9192388155425119 2.5
    endloop
  endfacet
  facet normal 0.8314696123025471 -0.5555702330195994 0
    outer loop
      vertex 9.37416697508023 0.65 0
      vertex 9.468640657621394 0.7913898577113369 2.5
      vertex 9.37416697508023 0.65 2.5
    endloop
  endfacet
  facet normal 0.7518398074789777 -0.6593458151000685 0
    outer loop
      vertex 9.468640657621394 0.7913898577113369 0
      vertex 9.580761184457488 0.9192388155425119 2.5
      vertex 9.468640657621394 0.7913898577113369 2.5
    endloop
  endfacet
  facet normal 0.6593458151000702 -0.7518398074789763 0
    outer loop
      vertex 9.580761184457488 0.9192388155425119 0
      vertex 9.708610142288663 1.0313593423786058 0
      vertex 9.708610142288663 1.0313593423786058 2.5
    endloop
  endfacet
  facet normal 0.6593458151000702 -0.7518398074789763 0
    outer loop
      vertex 9.708610142288663 1.0313593423786058 2.5
      vertex 9.580761184457488 0.9192388155425119 2.5
      vertex 9.580761184457488 0.9192388155425119 0
    endloop
  endfacet
  facet normal 0.5555702330196013 -0.8314696123025459 0
    outer loop
      vertex 9.708610142288663 1.0313593423786058 0
      vertex 9.85 1.12583302491977 2.5
      vertex 9.708610142288663 1.0313593423786058 2.5
    endloop
  endfacet
  facet normal 0.5555702330196013 -0.8314696123025459 0
    outer loop
      vertex 9.85 1.12583302491977 0
      vertex 9.85 1.12583302491977 2.5
      vertex 9.708610142288663 1.0313593423786058 0
    endloop
  endfacet
  facet normal 0.4422886902190029 -0.8968727415326876 0
    outer loop
      vertex 10.002511537925383 1.2010433922646728 0
      vertex 10.002511537925383 1.2010433922646728 2.5
      vertex 9.85 1.12583302491977 0
    endloop
  endfacet
  facet normal 0.32143946530316014 -0.9469301294951062 0
    outer loop
      vertex 10.163535241366723 1.255703574175789 2.5
      vertex 10.002511537925383 1.2010433922646728 0
      vertex 10.163535241366723 1.255703574175789 0
    endloop
  endfacet
  facet normal 0.4422886902190029 -0.8968727415326876 0
    outer loop
      vertex 9.85 1.12583302491977 0
      vertex 10.002511537925383 1.2010433922646728 2.5
      vertex 9.85 1.12583302491977 2.5
    endloop
  endfacet
  facet normal 0.32143946530316014 -0.9469301294951062 0
    outer loop
      vertex 10.163535241366723 1.255703574175789 2.5
      vertex 10.002511537925383 1.2010433922646728 2.5
      vertex 10.002511537925383 1.2010433922646728 0
    endloop
  endfacet
  facet normal 0.19509032201612747 -0.9807852804032307 0
    outer loop
      vertex 10.330315950113933 1.2888783197859535 2.5
      vertex 10.163535241366723 1.255703574175789 2.5
      vertex 10.163535241366723 1.255703574175789 0
    endloop
  endfacet
  facet normal 0.19509032201612747 -0.9807852804032307 0
    outer loop
      vertex 10.163535241366723 1.255703574175789 0
      vertex 10.330315950113933 1.2888783197859535 0
      vertex 10.330315950113933 1.2888783197859535 2.5
    endloop
  endfacet
  facet normal 0.06540312923014377 -0.9978589232386035 0
    outer loop
      vertex 10.330315950113933 1.2888783197859535 0
      vertex 10.5 1.3 0
      vertex 10.5 1.3 2.5
    endloop
  endfacet
  facet normal -0.06540312923014377 -0.9978589232386035 0
    outer loop
      vertex 10.669684049886067 1.2888783197859535 0
      vertex 10.669684049886067 1.2888783197859535 2.5
      vertex 10.5 1.3 0
    endloop
  endfacet
  facet normal 0.06540312923014377 -0.9978589232386035 0
    outer loop
      vertex 10.5 1.3 2.5
      vertex 10.330315950113933 1.2888783197859535 2.5
      vertex 10.330315950113933 1.2888783197859535 0
    endloop
  endfacet
  facet normal -0.06540312923014377 -0.9978589232386035 0
    outer loop
      vertex 10.5 1.3 2.5
      vertex 10.5 1.3 0
      vertex 10.669684049886067 1.2888783197859535 2.5
    endloop
  endfacet
  facet normal -0.7518398074789777 -0.6593458151000685 0
    outer loop
      vertex 11.531359342378606 0.7913898577113369 2.5
      vertex 11.419238815542512 0.9192388155425119 0
      vertex 11.531359342378606 0.7913898577113369 0
    endloop
  endfacet
  facet normal -0.7518398074789777 -0.6593458151000685 0
    outer loop
      vertex 11.531359342378606 0.7913898577113369 2.5
      vertex 11.419238815542512 0.9192388155425119 2.5
      vertex 11.419238815542512 0.9192388155425119 0
    endloop
  endfacet
  facet normal -0.19509032201612747 -0.9807852804032307 0
    outer loop
      vertex 10.836464758633277 1.255703574175789 0
      vertex 10.836464758633277 1.255703574175789 2.5
      vertex 10.669684049886067 1.2888783197859535 0
    endloop
  endfacet
  facet normal -0.32143946530316014 -0.9469301294951062 0
    outer loop
      vertex 10.997488462074617 1.2010433922646728 0
      vertex 10.997488462074617 1.2010433922646728 2.5
      vertex 10.836464758633277 1.255703574175789 0
    endloop
  endfacet
  facet normal -0.4422886902190029 -0.8968727415326876 0
    outer loop
      vertex 10.997488462074617 1.2010433922646728 0
      vertex 11.15 1.12583302491977 0
      vertex 11.15 1.12583302491977 2.5
    endloop
  endfacet
  facet normal -0.19509032201612747 -0.9807852804032307 0
    outer loop
      vertex 10.669684049886067 1.2888783197859535 0
      vertex 10.836464758633277 1.255703574175789 2.5
      vertex 10.669684049886067 1.2888783197859535 2.5
    endloop
  endfacet
  facet normal -0.32143946530316014 -0.9469301294951062 0
    outer loop
      vertex 10.836464758633277 1.255703574175789 0
      vertex 10.997488462074617 1.2010433922646728 2.5
      vertex 10.836464758633277 1.255703574175789 2.5
    endloop
  endfacet
  facet normal -0.4422886902190029 -0.8968727415326876 0
    outer loop
      vertex 11.15 1.12583302491977 2.5
      vertex 10.997488462074617 1.2010433922646728 2.5
      vertex 10.997488462074617 1.2010433922646728 0
    endloop
  endfacet
  facet normal -0.5555702330196013 -0.8314696123025459 0
    outer loop
      vertex 11.291389857711337 1.0313593423786058 2.5
      vertex 11.15 1.12583302491977 0
      vertex 11.291389857711337 1.0313593423786058 0
    endloop
  endfacet
  facet normal -0.6593458151000702 -0.7518398074789763 0
    outer loop
      vertex 11.291389857711337 1.0313593423786058 0
      vertex 11.419238815542512 0.9192388155425119 0
      vertex 11.419238815542512 0.9192388155425119 2.5
    endloop
  endfacet
  facet normal -0.5555702330196013 -0.8314696123025459 0
    outer loop
      vertex 11.15 1.12583302491977 0
      vertex 11.291389857711337 1.0313593423786058 2.5
      vertex 11.15 1.12583302491977 2.5
    endloop
  endfacet
  facet normal -0.6593458151000702 -0.7518398074789763 0
    outer loop
      vertex 11.291389857711337 1.0313593423786058 2.5
      vertex 11.291389857711337 1.0313593423786058 0
      vertex 11.419238815542512 0.9192388155425119 2.5
    endloop
  endfacet
  facet normal -0.9807852804032308 -0.195090322016127 0
    outer loop
      vertex 11.788878319785953 0.16968404988606706 2.5
      vertex 11.755703574175788 0.33646475863327696 0
      vertex 11.788878319785953 0.16968404988606706 0
    endloop
  endfacet
  facet normal -0.9469301294951062 -0.32143946530315975 0
    outer loop
      vertex 11.755703574175788 0.33646475863327696 2.5
      vertex 11.701043392264673 0.4974884620746167 0
      vertex 11.755703574175788 0.33646475863327696 0
    endloop
  endfacet
  facet normal -0.997858923238603 -0.06540312923015155 0
    outer loop
      vertex 11.8 0 0
      vertex 11.8 0 2.5
      vertex 11.788878319785953 0.16968404988606706 0
    endloop
  endfacet
  facet normal -0.9807852804032308 -0.195090322016127 0
    outer loop
      vertex 11.788878319785953 0.16968404988606706 2.5
      vertex 11.755703574175788 0.33646475863327696 2.5
      vertex 11.755703574175788 0.33646475863327696 0
    endloop
  endfacet
  facet normal -0.997858923238603 -0.06540312923015155 0
    outer loop
      vertex 11.8 0 2.5
      vertex 11.788878319785953 0.16968404988606706 2.5
      vertex 11.788878319785953 0.16968404988606706 0
    endloop
  endfacet
  facet normal -0.8968727415326868 -0.4422886902190042 0
    outer loop
      vertex 11.701043392264673 0.4974884620746167 0
      vertex 11.701043392264673 0.4974884620746167 2.5
      vertex 11.62583302491977 0.65 0
    endloop
  endfacet
  facet normal -0.8314696123025471 -0.5555702330195994 0
    outer loop
      vertex 11.62583302491977 0.65 0
      vertex 11.62583302491977 0.65 2.5
      vertex 11.531359342378606 0.7913898577113369 0
    endloop
  endfacet
  facet normal -0.8968727415326868 -0.4422886902190042 0
    outer loop
      vertex 11.701043392264673 0.4974884620746167 2.5
      vertex 11.62583302491977 0.65 2.5
      vertex 11.62583302491977 0.65 0
    endloop
  endfacet
  facet normal -0.9469301294951062 -0.32143946530315975 0
    outer loop
      vertex 11.755703574175788 0.33646475863327696 2.5
      vertex 11.701043392264673 0.4974884620746167 2.5
      vertex 11.701043392264673 0.4974884620746167 0
    endloop
  endfacet
  facet normal -0.8314696123025471 -0.5555702330195994 0
    outer loop
      vertex 11.62583302491977 0.65 2.5
      vertex 11.531359342378606 0.7913898577113369 2.5
      vertex 11.531359342378606 0.7913898577113369 0
    endloop
  endfacet
  facet normal 0.9807852804032302 0.19509032201612997 0
    outer loop
      vertex 3.9942964258242113 8.75680198110333 0
      vertex 3.9611216802140463 8.923582689850539 2.5
      vertex 3.9942964258242113 8.75680198110333 2.5
    endloop
  endfacet
  facet normal 0.8314696123025471 0.5555702330195994 0
    outer loop
      vertex 4.218640657621394 8.301876882025269 0
      vertex 4.124166975080231 8.443266739736606 0
      vertex 4.124166975080231 8.443266739736606 2.5
    endloop
  endfacet
  facet normal 0.6593458151000671 0.7518398074789788 0
    outer loop
      vertex 4.330761184457488 8.174027924194094 0
      vertex 4.330761184457488 8.174027924194094 2.5
      vertex 4.458610142288664 8.061907397358 0
    endloop
  endfacet
  facet normal 0.7518398074789766 0.6593458151000697 0
    outer loop
      vertex 4.330761184457488 8.174027924194094 0
      vertex 4.218640657621394 8.301876882025269 0
      vertex 4.218640657621394 8.301876882025269 2.5
    endloop
  endfacet
  facet normal 0.8314696123025471 0.5555702330195994 0
    outer loop
      vertex 4.218640657621394 8.301876882025269 0
      vertex 4.124166975080231 8.443266739736606 2.5
      vertex 4.218640657621394 8.301876882025269 2.5
    endloop
  endfacet
  facet normal 0.6593458151000671 0.7518398074789788 0
    outer loop
      vertex 4.458610142288664 8.061907397358 0
      vertex 4.330761184457488 8.174027924194094 2.5
      vertex 4.458610142288664 8.061907397358 2.5
    endloop
  endfacet
  facet normal 0.7518398074789766 0.6593458151000697 0
    outer loop
      vertex 4.330761184457488 8.174027924194094 0
      vertex 4.218640657621394 8.301876882025269 2.5
      vertex 4.330761184457488 8.174027924194094 2.5
    endloop
  endfacet
  facet normal 0.8968727415326866 0.442288690219005 0
    outer loop
      vertex 4.124166975080231 8.443266739736606 0
      vertex 4.048956607735327 8.595778277661989 0
      vertex 4.048956607735327 8.595778277661989 2.5
    endloop
  endfacet
  facet normal 0.9469301294951062 0.32143946530316014 0
    outer loop
      vertex 4.048956607735327 8.595778277661989 0
      vertex 3.9942964258242113 8.75680198110333 0
      vertex 3.9942964258242113 8.75680198110333 2.5
    endloop
  endfacet
  facet normal 0.8968727415326866 0.442288690219005 0
    outer loop
      vertex 4.048956607735327 8.595778277661989 2.5
      vertex 4.124166975080231 8.443266739736606 2.5
      vertex 4.124166975080231 8.443266739736606 0
    endloop
  endfacet
  facet normal 0.9469301294951062 0.32143946530316014 0
    outer loop
      vertex 4.048956607735327 8.595778277661989 0
      vertex 3.9942964258242113 8.75680198110333 2.5
      vertex 4.048956607735327 8.595778277661989 2.5
    endloop
  endfacet
  facet normal 0.44228869021899453 0.8968727415326917 0
    outer loop
      vertex 4.6 7.967433714816835 0
      vertex 4.6 7.967433714816835 2.5
      vertex 4.7525115379253835 7.892223347471933 0
    endloop
  endfacet
  facet normal 0.32143946530315937 0.9469301294951065 0
    outer loop
      vertex 4.7525115379253835 7.892223347471933 0
      vertex 4.7525115379253835 7.892223347471933 2.5
      vertex 4.9135352413667235 7.837563165560818 0
    endloop
  endfacet
  facet normal 0.44228869021899453 0.8968727415326917 0
    outer loop
      vertex 4.7525115379253835 7.892223347471933 0
      vertex 4.6 7.967433714816835 2.5
      vertex 4.7525115379253835 7.892223347471933 2.5
    endloop
  endfacet
  facet normal 0.32143946530315937 0.9469301294951065 0
    outer loop
      vertex 4.9135352413667235 7.837563165560818 0
      vertex 4.7525115379253835 7.892223347471933 2.5
      vertex 4.9135352413667235 7.837563165560818 2.5
    endloop
  endfacet
  facet normal 0.1950903220161375 0.9807852804032287 0
    outer loop
      vertex 4.9135352413667235 7.837563165560818 0
      vertex 4.9135352413667235 7.837563165560818 2.5
      vertex 5.080315950113933 7.8043884199506515 0
    endloop
  endfacet
  facet normal 0.06540312923013597 0.9978589232386039 0
    outer loop
      vertex 5.080315950113933 7.8043884199506515 0
      vertex 5.080315950113933 7.8043884199506515 2.5
      vertex 5.25 7.793266739736606 0
    endloop
  endfacet
  facet normal -0.06540312923013597 0.9978589232386039 0
    outer loop
      vertex 5.25 7.793266739736606 2.5
      vertex 5.419684049886067 7.8043884199506515 0
      vertex 5.25 7.793266739736606 0
    endloop
  endfacet
  facet normal 0.1950903220161375 0.9807852804032287 0
    outer loop
      vertex 5.080315950113933 7.8043884199506515 0
      vertex 4.9135352413667235 7.837563165560818 2.5
      vertex 5.080315950113933 7.8043884199506515 2.5
    endloop
  endfacet
  facet normal 0.06540312923013597 0.9978589232386039 0
    outer loop
      vertex 5.080315950113933 7.8043884199506515 2.5
      vertex 5.25 7.793266739736606 2.5
      vertex 5.25 7.793266739736606 0
    endloop
  endfacet
  facet normal 0.5555702330196091 0.8314696123025407 0
    outer loop
      vertex 4.458610142288664 8.061907397358 0
      vertex 4.458610142288664 8.061907397358 2.5
      vertex 4.6 7.967433714816835 0
    endloop
  endfacet
  facet normal 0.5555702330196091 0.8314696123025407 0
    outer loop
      vertex 4.6 7.967433714816835 0
      vertex 4.458610142288664 8.061907397358 2.5
      vertex 4.6 7.967433714816835 2.5
    endloop
  endfacet
  facet normal 0.9807852804032302 0.19509032201612997 0
    outer loop
      vertex 3.9942964258242113 8.75680198110333 0
      vertex 3.9611216802140463 8.923582689850539 0
      vertex 3.9611216802140463 8.923582689850539 2.5
    endloop
  endfacet
  facet normal 0.9978589232386036 0.06540312923014116 0
    outer loop
      vertex 3.9611216802140463 8.923582689850539 0
      vertex 3.95 9.093266739736606 0
      vertex 3.95 9.093266739736606 2.5
    endloop
  endfacet
  facet normal 0.9978589232386036 -0.06540312923014184 0
    outer loop
      vertex 3.95 9.093266739736606 0
      vertex 3.9611216802140463 9.262950789622671 0
      vertex 3.9611216802140463 9.262950789622671 2.5
    endloop
  endfacet
  facet normal 0.9978589232386036 0.06540312923014116 0
    outer loop
      vertex 3.9611216802140463 8.923582689850539 0
      vertex 3.95 9.093266739736606 2.5
      vertex 3.9611216802140463 8.923582689850539 2.5
    endloop
  endfacet
  facet normal 0.9978589232386036 -0.06540312923014184 0
    outer loop
      vertex 3.95 9.093266739736606 0
      vertex 3.9611216802140463 9.262950789622671 2.5
      vertex 3.95 9.093266739736606 2.5
    endloop
  endfacet
  facet normal 0.9807852804032305 -0.19509032201612794 0
    outer loop
      vertex 3.9611216802140463 9.262950789622671 0
      vertex 3.9942964258242113 9.429731498369883 0
      vertex 3.9942964258242113 9.429731498369883 2.5
    endloop
  endfacet
  facet normal 0.9807852804032305 -0.19509032201612794 0
    outer loop
      vertex 3.9611216802140463 9.262950789622671 0
      vertex 3.9942964258242113 9.429731498369883 2.5
      vertex 3.9611216802140463 9.262950789622671 2.5
    endloop
  endfacet
  facet normal 0.9469301294951062 -0.32143946530316014 0
    outer loop
      vertex 3.9942964258242113 9.429731498369883 0
      vertex 4.048956607735327 9.590755201811223 0
      vertex 4.048956607735327 9.590755201811223 2.5
    endloop
  endfacet
  facet normal 0.8968727415326887 -0.4422886902190008 0
    outer loop
      vertex 4.048956607735327 9.590755201811223 0
      vertex 4.12416697508023 9.743266739736606 0
      vertex 4.12416697508023 9.743266739736606 2.5
    endloop
  endfacet
  facet normal 0.9469301294951062 -0.32143946530316014 0
    outer loop
      vertex 4.048956607735327 9.590755201811223 2.5
      vertex 3.9942964258242113 9.429731498369883 2.5
      vertex 3.9942964258242113 9.429731498369883 0
    endloop
  endfacet
  facet normal 0.8968727415326887 -0.4422886902190008 0
    outer loop
      vertex 4.048956607735327 9.590755201811223 0
      vertex 4.12416697508023 9.743266739736606 2.5
      vertex 4.048956607735327 9.590755201811223 2.5
    endloop
  endfacet
  facet normal 0.8314696123025447 -0.555570233019603 0
    outer loop
      vertex 4.12416697508023 9.743266739736606 0
      vertex 4.218640657621394 9.884656597447943 0
      vertex 4.218640657621394 9.884656597447943 2.5
    endloop
  endfacet
  facet normal 0.7518398074789766 -0.6593458151000697 0
    outer loop
      vertex 4.218640657621394 9.884656597447943 0
      vertex 4.330761184457488 10.012505555279118 0
      vertex 4.330761184457488 10.012505555279118 2.5
    endloop
  endfacet
  facet normal 0.6593458151000671 -0.7518398074789788 0
    outer loop
      vertex 4.330761184457488 10.012505555279118 0
      vertex 4.458610142288664 10.124626082115212 0
      vertex 4.458610142288664 10.124626082115212 2.5
    endloop
  endfacet
  facet normal 0.8314696123025447 -0.555570233019603 0
    outer loop
      vertex 4.12416697508023 9.743266739736606 0
      vertex 4.218640657621394 9.884656597447943 2.5
      vertex 4.12416697508023 9.743266739736606 2.5
    endloop
  endfacet
  facet normal 0.7518398074789766 -0.6593458151000697 0
    outer loop
      vertex 4.218640657621394 9.884656597447943 0
      vertex 4.330761184457488 10.012505555279118 2.5
      vertex 4.218640657621394 9.884656597447943 2.5
    endloop
  endfacet
  facet normal 0.6593458151000671 -0.7518398074789788 0
    outer loop
      vertex 4.458610142288664 10.124626082115212 2.5
      vertex 4.330761184457488 10.012505555279118 2.5
      vertex 4.330761184457488 10.012505555279118 0
    endloop
  endfacet
  facet normal 0.5555702330195994 -0.8314696123025471 0
    outer loop
      vertex 4.6000000000000005 10.219099764656375 0
      vertex 4.6000000000000005 10.219099764656375 2.5
      vertex 4.458610142288664 10.124626082115212 0
    endloop
  endfacet
  facet normal 0.5555702330195994 -0.8314696123025471 0
    outer loop
      vertex 4.458610142288664 10.124626082115212 0
      vertex 4.6000000000000005 10.219099764656375 2.5
      vertex 4.458610142288664 10.124626082115212 2.5
    endloop
  endfacet
  facet normal 0.442288690219005 -0.8968727415326866 0
    outer loop
      vertex 4.7525115379253835 10.294310132001279 0
      vertex 4.7525115379253835 10.294310132001279 2.5
      vertex 4.6000000000000005 10.219099764656375 0
    endloop
  endfacet
  facet normal 0.3214394653031609 -0.9469301294951058 0
    outer loop
      vertex 4.913535241366723 10.348970313912394 0
      vertex 4.913535241366723 10.348970313912394 2.5
      vertex 4.7525115379253835 10.294310132001279 0
    endloop
  endfacet
  facet normal 0.442288690219005 -0.8968727415326866 0
    outer loop
      vertex 4.6000000000000005 10.219099764656375 0
      vertex 4.7525115379253835 10.294310132001279 2.5
      vertex 4.6000000000000005 10.219099764656375 2.5
    endloop
  endfacet
  facet normal 0.3214394653031609 -0.9469301294951058 0
    outer loop
      vertex 4.7525115379253835 10.294310132001279 0
      vertex 4.913535241366723 10.348970313912394 2.5
      vertex 4.7525115379253835 10.294310132001279 2.5
    endloop
  endfacet
  facet normal 0.19509032201612644 -0.9807852804032308 0
    outer loop
      vertex 5.080315950113933 10.382145059522559 0
      vertex 5.080315950113933 10.382145059522559 2.5
      vertex 4.913535241366723 10.348970313912394 0
    endloop
  endfacet
  facet normal 0.06540312923013077 -0.9978589232386044 0
    outer loop
      vertex 5.080315950113933 10.382145059522559 0
      vertex 5.25 10.393266739736603 0
      vertex 5.25 10.393266739736603 2.5
    endloop
  endfacet
  facet normal 0.19509032201612644 -0.9807852804032308 0
    outer loop
      vertex 4.913535241366723 10.348970313912394 0
      vertex 5.080315950113933 10.382145059522559 2.5
      vertex 4.913535241366723 10.348970313912394 2.5
    endloop
  endfacet
  facet normal 0.06540312923013077 -0.9978589232386044 0
    outer loop
      vertex 5.25 10.393266739736603 2.5
      vertex 5.080315950113933 10.382145059522559 2.5
      vertex 5.080315950113933 10.382145059522559 0
    endloop
  endfacet
  facet normal -0.06540312923013077 -0.9978589232386044 0
    outer loop
      vertex 5.25 10.393266739736603 0
      vertex 5.419684049886067 10.382145059522559 2.5
      vertex 5.25 10.393266739736603 2.5
    endloop
  endfacet
  facet normal -0.1950903220161315 0.9807852804032299 0
    outer loop
      vertex 5.586464758633277 7.837563165560817 0
      vertex 5.419684049886067 7.8043884199506515 0
      vertex 5.419684049886067 7.8043884199506515 2.5
    endloop
  endfacet
  facet normal -0.3214394653031609 0.9469301294951058 0
    outer loop
      vertex 5.586464758633277 7.837563165560817 2.5
      vertex 5.7474884620746165 7.8922233474719325 0
      vertex 5.586464758633277 7.837563165560817 0
    endloop
  endfacet
  facet normal -0.06540312923013597 0.9978589232386039 0
    outer loop
      vertex 5.419684049886067 7.8043884199506515 0
      vertex 5.25 7.793266739736606 2.5
      vertex 5.419684049886067 7.8043884199506515 2.5
    endloop
  endfacet
  facet normal -0.1950903220161315 0.9807852804032299 0
    outer loop
      vertex 5.586464758633277 7.837563165560817 2.5
      vertex 5.586464758633277 7.837563165560817 0
      vertex 5.419684049886067 7.8043884199506515 2.5
    endloop
  endfacet
  facet normal -0.3214394653031609 0.9469301294951058 0
    outer loop
      vertex 5.7474884620746165 7.8922233474719325 2.5
      vertex 5.7474884620746165 7.8922233474719325 0
      vertex 5.586464758633277 7.837563165560817 2.5
    endloop
  endfacet
  facet normal -0.442288690219005 0.8968727415326866 0
    outer loop
      vertex 5.7474884620746165 7.8922233474719325 2.5
      vertex 5.8999999999999995 7.967433714816836 0
      vertex 5.7474884620746165 7.8922233474719325 0
    endloop
  endfacet
  facet normal -0.442288690219005 0.8968727415326866 0
    outer loop
      vertex 5.8999999999999995 7.967433714816836 0
      vertex 5.7474884620746165 7.8922233474719325 2.5
      vertex 5.8999999999999995 7.967433714816836 2.5
    endloop
  endfacet
  facet normal -0.5555702330195958 0.8314696123025496 0
    outer loop
      vertex 5.8999999999999995 7.967433714816836 0
      vertex 5.8999999999999995 7.967433714816836 2.5
      vertex 6.041389857711336 8.061907397357999 0
    endloop
  endfacet
  facet normal -0.6593458151000671 0.7518398074789788 0
    outer loop
      vertex 6.041389857711336 8.061907397357999 0
      vertex 6.041389857711336 8.061907397357999 2.5
      vertex 6.169238815542512 8.174027924194093 0
    endloop
  endfacet
  facet normal -0.7518398074789812 0.6593458151000646 0
    outer loop
      vertex 6.169238815542512 8.174027924194093 0
      vertex 6.169238815542512 8.174027924194093 2.5
      vertex 6.281359342378606 8.301876882025269 0
    endloop
  endfacet
  facet normal -0.5555702330195958 0.8314696123025496 0
    outer loop
      vertex 6.041389857711336 8.061907397357999 0
      vertex 5.8999999999999995 7.967433714816836 2.5
      vertex 6.041389857711336 8.061907397357999 2.5
    endloop
  endfacet
  facet normal -0.6593458151000671 0.7518398074789788 0
    outer loop
      vertex 6.169238815542512 8.174027924194093 0
      vertex 6.041389857711336 8.061907397357999 2.5
      vertex 6.169238815542512 8.174027924194093 2.5
    endloop
  endfacet
  facet normal -0.8314696123025447 0.555570233019603 0
    outer loop
      vertex 6.37583302491977 8.443266739736606 0
      vertex 6.281359342378606 8.301876882025269 0
      vertex 6.281359342378606 8.301876882025269 2.5
    endloop
  endfacet
  facet normal -0.7518398074789812 0.6593458151000646 0
    outer loop
      vertex 6.281359342378606 8.301876882025269 0
      vertex 6.169238815542512 8.174027924194093 2.5
      vertex 6.281359342378606 8.301876882025269 2.5
    endloop
  endfacet
  facet normal -0.8314696123025447 0.555570233019603 0
    outer loop
      vertex 6.37583302491977 8.443266739736606 0
      vertex 6.281359342378606 8.301876882025269 2.5
      vertex 6.37583302491977 8.443266739736606 2.5
    endloop
  endfacet
  facet normal -0.8968727415326887 0.4422886902190008 0
    outer loop
      vertex 6.37583302491977 8.443266739736606 0
      vertex 6.37583302491977 8.443266739736606 2.5
      vertex 6.451043392264673 8.595778277661989 0
    endloop
  endfacet
  facet normal -0.9469301294951058 0.3214394653031609 0
    outer loop
      vertex 6.505703574175788 8.756801981103328 0
      vertex 6.451043392264673 8.595778277661989 0
      vertex 6.451043392264673 8.595778277661989 2.5
    endloop
  endfacet
  facet normal -0.98078528040323 0.19509032201613047 0
    outer loop
      vertex 6.538878319785954 8.923582689850539 0
      vertex 6.505703574175788 8.756801981103328 0
      vertex 6.505703574175788 8.756801981103328 2.5
    endloop
  endfacet
  facet normal -0.8968727415326887 0.4422886902190008 0
    outer loop
      vertex 6.451043392264673 8.595778277661989 0
      vertex 6.37583302491977 8.443266739736606 2.5
      vertex 6.451043392264673 8.595778277661989 2.5
    endloop
  endfacet
  facet normal -0.9469301294951058 0.3214394653031609 0
    outer loop
      vertex 6.505703574175788 8.756801981103328 0
      vertex 6.451043392264673 8.595778277661989 2.5
      vertex 6.505703574175788 8.756801981103328 2.5
    endloop
  endfacet
  facet normal -0.06540312923013077 -0.9978589232386044 0
    outer loop
      vertex 5.419684049886067 10.382145059522559 0
      vertex 5.419684049886067 10.382145059522559 2.5
      vertex 5.25 10.393266739736603 0
    endloop
  endfacet
  facet normal -0.1950903220161375 -0.9807852804032287 0
    outer loop
      vertex 5.5864647586332765 10.348970313912393 2.5
      vertex 5.419684049886067 10.382145059522559 0
      vertex 5.5864647586332765 10.348970313912393 0
    endloop
  endfacet
  facet normal -0.32143946530315 -0.9469301294951097 0
    outer loop
      vertex 5.7474884620746165 10.294310132001279 0
      vertex 5.7474884620746165 10.294310132001279 2.5
      vertex 5.5864647586332765 10.348970313912393 0
    endloop
  endfacet
  facet normal -0.1950903220161375 -0.9807852804032287 0
    outer loop
      vertex 5.5864647586332765 10.348970313912393 2.5
      vertex 5.419684049886067 10.382145059522559 2.5
      vertex 5.419684049886067 10.382145059522559 0
    endloop
  endfacet
  facet normal -0.32143946530315 -0.9469301294951097 0
    outer loop
      vertex 5.7474884620746165 10.294310132001279 2.5
      vertex 5.5864647586332765 10.348970313912393 2.5
      vertex 5.5864647586332765 10.348970313912393 0
    endloop
  endfacet
  facet normal -0.5555702330196091 -0.8314696123025407 0
    outer loop
      vertex 6.041389857711336 10.12462608211521 0
      vertex 6.041389857711336 10.12462608211521 2.5
      vertex 5.9 10.219099764656375 0
    endloop
  endfacet
  facet normal -0.6593458151000671 -0.7518398074789788 0
    outer loop
      vertex 6.041389857711336 10.12462608211521 0
      vertex 6.169238815542512 10.012505555279116 0
      vertex 6.169238815542512 10.012505555279116 2.5
    endloop
  endfacet
  facet normal -0.5555702330196091 -0.8314696123025407 0
    outer loop
      vertex 5.9 10.219099764656375 0
      vertex 6.041389857711336 10.12462608211521 2.5
      vertex 5.9 10.219099764656375 2.5
    endloop
  endfacet
  facet normal -0.6593458151000671 -0.7518398074789788 0
    outer loop
      vertex 6.041389857711336 10.12462608211521 0
      vertex 6.169238815542512 10.012505555279116 2.5
      vertex 6.041389857711336 10.12462608211521 2.5
    endloop
  endfacet
  facet normal -0.7518398074789766 -0.6593458151000697 0
    outer loop
      vertex 6.169238815542512 10.012505555279116 0
      vertex 6.281359342378606 9.884656597447941 2.5
      vertex 6.169238815542512 10.012505555279116 2.5
    endloop
  endfacet
  facet normal -0.44228869021900286 -0.8968727415326875 0
    outer loop
      vertex 5.7474884620746165 10.294310132001279 0
      vertex 5.9 10.219099764656375 0
      vertex 5.9 10.219099764656375 2.5
    endloop
  endfacet
  facet normal -0.44228869021900286 -0.8968727415326875 0
    outer loop
      vertex 5.9 10.219099764656375 2.5
      vertex 5.7474884620746165 10.294310132001279 2.5
      vertex 5.7474884620746165 10.294310132001279 0
    endloop
  endfacet
  facet normal -0.9978589232386036 0.06540312923014184 0
    outer loop
      vertex 6.55 9.093266739736604 0
      vertex 6.538878319785954 8.923582689850539 0
      vertex 6.538878319785954 8.923582689850539 2.5
    endloop
  endfacet
  facet normal -0.9978589232386036 -0.06540312923014116 0
    outer loop
      vertex 6.55 9.093266739736604 0
      vertex 6.55 9.093266739736604 2.5
      vertex 6.538878319785954 9.262950789622671 0
    endloop
  endfacet
  facet normal -0.98078528040323 0.19509032201613047 0
    outer loop
      vertex 6.538878319785954 8.923582689850539 0
      vertex 6.505703574175788 8.756801981103328 2.5
      vertex 6.538878319785954 8.923582689850539 2.5
    endloop
  endfacet
  facet normal -0.9978589232386036 0.06540312923014184 0
    outer loop
      vertex 6.55 9.093266739736604 0
      vertex 6.538878319785954 8.923582689850539 2.5
      vertex 6.55 9.093266739736604 2.5
    endloop
  endfacet
  facet normal -0.9978589232386036 -0.06540312923014116 0
    outer loop
      vertex 6.538878319785954 9.262950789622671 0
      vertex 6.55 9.093266739736604 2.5
      vertex 6.538878319785954 9.262950789622671 2.5
    endloop
  endfacet
  facet normal -0.8968727415326866 -0.442288690219005 0
    outer loop
      vertex 6.375833024919769 9.743266739736605 0
      vertex 6.451043392264673 9.590755201811222 0
      vertex 6.451043392264673 9.590755201811222 2.5
    endloop
  endfacet
  facet normal -0.9807852804032307 -0.19509032201612747 0
    outer loop
      vertex 6.505703574175789 9.42973149836988 0
      vertex 6.538878319785954 9.262950789622671 0
      vertex 6.538878319785954 9.262950789622671 2.5
    endloop
  endfacet
  facet normal -0.9469301294951054 -0.3214394653031624 0
    outer loop
      vertex 6.451043392264673 9.590755201811222 0
      vertex 6.505703574175789 9.42973149836988 0
      vertex 6.505703574175789 9.42973149836988 2.5
    endloop
  endfacet
  facet normal -0.8968727415326866 -0.442288690219005 0
    outer loop
      vertex 6.375833024919769 9.743266739736605 0
      vertex 6.451043392264673 9.590755201811222 2.5
      vertex 6.375833024919769 9.743266739736605 2.5
    endloop
  endfacet
  facet normal -0.9807852804032307 -0.19509032201612747 0
    outer loop
      vertex 6.505703574175789 9.42973149836988 0
      vertex 6.538878319785954 9.262950789622671 2.5
      vertex 6.505703574175789 9.42973149836988 2.5
    endloop
  endfacet
  facet normal -0.9469301294951054 -0.3214394653031624 0
    outer loop
      vertex 6.451043392264673 9.590755201811222 0
      vertex 6.505703574175789 9.42973149836988 2.5
      vertex 6.451043392264673 9.590755201811222 2.5
    endloop
  endfacet
  facet normal -0.7518398074789766 -0.6593458151000697 0
    outer loop
      vertex 6.169238815542512 10.012505555279116 0
      vertex 6.281359342378606 9.884656597447941 0
      vertex 6.281359342378606 9.884656597447941 2.5
    endloop
  endfacet
  facet normal -0.8314696123025471 -0.5555702330195994 0
    outer loop
      vertex 6.375833024919769 9.743266739736605 0
      vertex 6.375833024919769 9.743266739736605 2.5
      vertex 6.281359342378606 9.884656597447941 0
    endloop
  endfacet
  facet normal -0.8314696123025471 -0.5555702330195994 0
    outer loop
      vertex 6.281359342378606 9.884656597447941 0
      vertex 6.375833024919769 9.743266739736605 2.5
      vertex 6.281359342378606 9.884656597447941 2.5
    endloop
  endfacet
  facet normal 0.8314696123025447 0.555570233019603 0
    outer loop
      vertex -6.281359342378606 8.301876882025269 0
      vertex -6.37583302491977 8.443266739736606 0
      vertex -6.37583302491977 8.443266739736606 2.5
    endloop
  endfacet
  facet normal 0.7518398074789812 0.6593458151000646 0
    outer loop
      vertex -6.169238815542512 8.174027924194093 0
      vertex -6.281359342378606 8.301876882025269 0
      vertex -6.281359342378606 8.301876882025269 2.5
    endloop
  endfacet
  facet normal 0.8314696123025447 0.555570233019603 0
    outer loop
      vertex -6.281359342378606 8.301876882025269 0
      vertex -6.37583302491977 8.443266739736606 2.5
      vertex -6.281359342378606 8.301876882025269 2.5
    endloop
  endfacet
  facet normal 0.9469301294951058 0.3214394653031609 0
    outer loop
      vertex -6.451043392264673 8.595778277661989 0
      vertex -6.505703574175788 8.756801981103328 0
      vertex -6.505703574175788 8.756801981103328 2.5
    endloop
  endfacet
  facet normal 0.8968727415326887 0.4422886902190008 0
    outer loop
      vertex -6.37583302491977 8.443266739736606 0
      vertex -6.451043392264673 8.595778277661989 0
      vertex -6.451043392264673 8.595778277661989 2.5
    endloop
  endfacet
  facet normal 0.9469301294951058 0.3214394653031609 0
    outer loop
      vertex -6.451043392264673 8.595778277661989 0
      vertex -6.505703574175788 8.756801981103328 2.5
      vertex -6.451043392264673 8.595778277661989 2.5
    endloop
  endfacet
  facet normal 0.98078528040323 0.19509032201613047 0
    outer loop
      vertex -6.505703574175788 8.756801981103328 0
      vertex -6.538878319785954 8.923582689850539 2.5
      vertex -6.505703574175788 8.756801981103328 2.5
    endloop
  endfacet
  facet normal 0.8968727415326887 0.4422886902190008 0
    outer loop
      vertex -6.37583302491977 8.443266739736606 0
      vertex -6.451043392264673 8.595778277661989 2.5
      vertex -6.37583302491977 8.443266739736606 2.5
    endloop
  endfacet
  facet normal 0.442288690219005 0.8968727415326866 0
    outer loop
      vertex -5.8999999999999995 7.967433714816836 0
      vertex -5.8999999999999995 7.967433714816836 2.5
      vertex -5.7474884620746165 7.8922233474719325 0
    endloop
  endfacet
  facet normal 0.442288690219005 0.8968727415326866 0
    outer loop
      vertex -5.7474884620746165 7.8922233474719325 0
      vertex -5.8999999999999995 7.967433714816836 2.5
      vertex -5.7474884620746165 7.8922233474719325 2.5
    endloop
  endfacet
  facet normal 0.3214394653031609 0.9469301294951058 0
    outer loop
      vertex -5.7474884620746165 7.8922233474719325 0
      vertex -5.7474884620746165 7.8922233474719325 2.5
      vertex -5.586464758633277 7.837563165560817 0
    endloop
  endfacet
  facet normal 0.1950903220161315 0.9807852804032299 0
    outer loop
      vertex -5.586464758633277 7.837563165560817 0
      vertex -5.586464758633277 7.837563165560817 2.5
      vertex -5.419684049886067 7.8043884199506515 0
    endloop
  endfacet
  facet normal 0.06540312923013597 0.9978589232386039 0
    outer loop
      vertex -5.419684049886067 7.8043884199506515 2.5
      vertex -5.25 7.793266739736606 0
      vertex -5.419684049886067 7.8043884199506515 0
    endloop
  endfacet
  facet normal 0.3214394653031609 0.9469301294951058 0
    outer loop
      vertex -5.586464758633277 7.837563165560817 0
      vertex -5.7474884620746165 7.8922233474719325 2.5
      vertex -5.586464758633277 7.837563165560817 2.5
    endloop
  endfacet
  facet normal 0.1950903220161315 0.9807852804032299 0
    outer loop
      vertex -5.586464758633277 7.837563165560817 2.5
      vertex -5.419684049886067 7.8043884199506515 2.5
      vertex -5.419684049886067 7.8043884199506515 0
    endloop
  endfacet
  facet normal 0.6593458151000671 0.7518398074789788 0
    outer loop
      vertex -6.169238815542512 8.174027924194093 0
      vertex -6.169238815542512 8.174027924194093 2.5
      vertex -6.041389857711336 8.061907397357999 0
    endloop
  endfacet
  facet normal 0.5555702330195958 0.8314696123025496 0
    outer loop
      vertex -6.041389857711336 8.061907397357999 0
      vertex -6.041389857711336 8.061907397357999 2.5
      vertex -5.8999999999999995 7.967433714816836 0
    endloop
  endfacet
  facet normal 0.6593458151000671 0.7518398074789788 0
    outer loop
      vertex -6.041389857711336 8.061907397357999 0
      vertex -6.169238815542512 8.174027924194093 2.5
      vertex -6.041389857711336 8.061907397357999 2.5
    endloop
  endfacet
  facet normal 0.7518398074789812 0.6593458151000646 0
    outer loop
      vertex -6.169238815542512 8.174027924194093 0
      vertex -6.281359342378606 8.301876882025269 2.5
      vertex -6.169238815542512 8.174027924194093 2.5
    endloop
  endfacet
  facet normal 0.5555702330195958 0.8314696123025496 0
    outer loop
      vertex -5.8999999999999995 7.967433714816836 0
      vertex -6.041389857711336 8.061907397357999 2.5
      vertex -5.8999999999999995 7.967433714816836 2.5
    endloop
  endfacet
  facet normal 0.98078528040323 0.19509032201613047 0
    outer loop
      vertex -6.505703574175788 8.756801981103328 0
      vertex -6.538878319785954 8.923582689850539 0
      vertex -6.538878319785954 8.923582689850539 2.5
    endloop
  endfacet
  facet normal 0.9978589232386036 0.06540312923014184 0
    outer loop
      vertex -6.538878319785954 8.923582689850539 0
      vertex -6.55 9.093266739736604 0
      vertex -6.55 9.093266739736604 2.5
    endloop
  endfacet
  facet normal 0.9978589232386036 -0.06540312923014116 0
    outer loop
      vertex -6.55 9.093266739736604 0
      vertex -6.538878319785954 9.262950789622671 0
      vertex -6.538878319785954 9.262950789622671 2.5
    endloop
  endfacet
  facet normal 0.9978589232386036 0.06540312923014184 0
    outer loop
      vertex -6.538878319785954 8.923582689850539 0
      vertex -6.55 9.093266739736604 2.5
      vertex -6.538878319785954 8.923582689850539 2.5
    endloop
  endfacet
  facet normal 0.9978589232386036 -0.06540312923014116 0
    outer loop
      vertex -6.55 9.093266739736604 0
      vertex -6.538878319785954 9.262950789622671 2.5
      vertex -6.55 9.093266739736604 2.5
    endloop
  endfacet
  facet normal 0.9807852804032307 -0.19509032201612747 0
    outer loop
      vertex -6.538878319785954 9.262950789622671 0
      vertex -6.505703574175789 9.42973149836988 0
      vertex -6.505703574175789 9.42973149836988 2.5
    endloop
  endfacet
  facet normal 0.9469301294951054 -0.3214394653031624 0
    outer loop
      vertex -6.505703574175789 9.42973149836988 0
      vertex -6.451043392264673 9.590755201811222 0
      vertex -6.451043392264673 9.590755201811222 2.5
    endloop
  endfacet
  facet normal 0.8968727415326866 -0.442288690219005 0
    outer loop
      vertex -6.451043392264673 9.590755201811222 0
      vertex -6.375833024919769 9.743266739736605 0
      vertex -6.375833024919769 9.743266739736605 2.5
    endloop
  endfacet
  facet normal 0.9807852804032307 -0.19509032201612747 0
    outer loop
      vertex -6.538878319785954 9.262950789622671 0
      vertex -6.505703574175789 9.42973149836988 2.5
      vertex -6.538878319785954 9.262950789622671 2.5
    endloop
  endfacet
  facet normal 0.9469301294951054 -0.3214394653031624 0
    outer loop
      vertex -6.505703574175789 9.42973149836988 0
      vertex -6.451043392264673 9.590755201811222 2.5
      vertex -6.505703574175789 9.42973149836988 2.5
    endloop
  endfacet
  facet normal 0.8968727415326866 -0.442288690219005 0
    outer loop
      vertex -6.451043392264673 9.590755201811222 0
      vertex -6.375833024919769 9.743266739736605 2.5
      vertex -6.451043392264673 9.590755201811222 2.5
    endloop
  endfacet
  facet normal 0.8314696123025471 -0.5555702330195994 0
    outer loop
      vertex -6.375833024919769 9.743266739736605 0
      vertex -6.281359342378606 9.884656597447941 0
      vertex -6.281359342378606 9.884656597447941 2.5
    endloop
  endfacet
  facet normal 0.8314696123025471 -0.5555702330195994 0
    outer loop
      vertex -6.375833024919769 9.743266739736605 0
      vertex -6.281359342378606 9.884656597447941 2.5
      vertex -6.375833024919769 9.743266739736605 2.5
    endloop
  endfacet
  facet normal 0.7518398074789766 -0.6593458151000697 0
    outer loop
      vertex -6.281359342378606 9.884656597447941 0
      vertex -6.169238815542512 10.012505555279116 2.5
      vertex -6.281359342378606 9.884656597447941 2.5
    endloop
  endfacet
  facet normal 0.7518398074789766 -0.6593458151000697 0
    outer loop
      vertex -6.281359342378606 9.884656597447941 0
      vertex -6.169238815542512 10.012505555279116 0
      vertex -6.169238815542512 10.012505555279116 2.5
    endloop
  endfacet
  facet normal 0.6593458151000671 -0.7518398074789788 0
    outer loop
      vertex -6.041389857711336 10.12462608211521 0
      vertex -6.041389857711336 10.12462608211521 2.5
      vertex -6.169238815542512 10.012505555279116 0
    endloop
  endfacet
  facet normal 0.5555702330196091 -0.8314696123025407 0
    outer loop
      vertex -6.041389857711336 10.12462608211521 0
      vertex -5.9 10.219099764656375 0
      vertex -5.9 10.219099764656375 2.5
    endloop
  endfacet
  facet normal 0.6593458151000671 -0.7518398074789788 0
    outer loop
      vertex -6.169238815542512 10.012505555279116 0
      vertex -6.041389857711336 10.12462608211521 2.5
      vertex -6.169238815542512 10.012505555279116 2.5
    endloop
  endfacet
  facet normal 0.5555702330196091 -0.8314696123025407 0
    outer loop
      vertex -5.9 10.219099764656375 2.5
      vertex -6.041389857711336 10.12462608211521 2.5
      vertex -6.041389857711336 10.12462608211521 0
    endloop
  endfacet
  facet normal 0.44228869021900286 -0.8968727415326875 0
    outer loop
      vertex -5.7474884620746165 10.294310132001279 0
      vertex -5.7474884620746165 10.294310132001279 2.5
      vertex -5.9 10.219099764656375 0
    endloop
  endfacet
  facet normal 0.44228869021900286 -0.8968727415326875 0
    outer loop
      vertex -5.9 10.219099764656375 0
      vertex -5.7474884620746165 10.294310132001279 2.5
      vertex -5.9 10.219099764656375 2.5
    endloop
  endfacet
  facet normal 0.32143946530315 -0.9469301294951097 0
    outer loop
      vertex -5.7474884620746165 10.294310132001279 0
      vertex -5.5864647586332765 10.348970313912393 0
      vertex -5.5864647586332765 10.348970313912393 2.5
    endloop
  endfacet
  facet normal 0.1950903220161375 -0.9807852804032287 0
    outer loop
      vertex -5.5864647586332765 10.348970313912393 0
      vertex -5.419684049886067 10.382145059522559 0
      vertex -5.419684049886067 10.382145059522559 2.5
    endloop
  endfacet
  facet normal 0.32143946530315 -0.9469301294951097 0
    outer loop
      vertex -5.7474884620746165 10.294310132001279 0
      vertex -5.5864647586332765 10.348970313912393 2.5
      vertex -5.7474884620746165 10.294310132001279 2.5
    endloop
  endfacet
  facet normal 0.1950903220161375 -0.9807852804032287 0
    outer loop
      vertex -5.5864647586332765 10.348970313912393 0
      vertex -5.419684049886067 10.382145059522559 2.5
      vertex -5.5864647586332765 10.348970313912393 2.5
    endloop
  endfacet
  facet normal 0.06540312923013077 -0.9978589232386044 0
    outer loop
      vertex -5.419684049886067 10.382145059522559 2.5
      vertex -5.419684049886067 10.382145059522559 0
      vertex -5.25 10.393266739736603 2.5
    endloop
  endfacet
  facet normal -0.06540312923013597 0.9978589232386039 0
    outer loop
      vertex -5.25 7.793266739736606 2.5
      vertex -5.080315950113933 7.8043884199506515 0
      vertex -5.25 7.793266739736606 0
    endloop
  endfacet
  facet normal -0.1950903220161375 0.9807852804032287 0
    outer loop
      vertex -5.080315950113933 7.8043884199506515 2.5
      vertex -4.9135352413667235 7.837563165560818 0
      vertex -5.080315950113933 7.8043884199506515 0
    endloop
  endfacet
  facet normal 0.06540312923013597 0.9978589232386039 0
    outer loop
      vertex -5.419684049886067 7.8043884199506515 2.5
      vertex -5.25 7.793266739736606 2.5
      vertex -5.25 7.793266739736606 0
    endloop
  endfacet
  facet normal -0.06540312923013597 0.9978589232386039 0
    outer loop
      vertex -5.25 7.793266739736606 2.5
      vertex -5.080315950113933 7.8043884199506515 2.5
      vertex -5.080315950113933 7.8043884199506515 0
    endloop
  endfacet
  facet normal -0.1950903220161375 0.9807852804032287 0
    outer loop
      vertex -4.9135352413667235 7.837563165560818 0
      vertex -5.080315950113933 7.8043884199506515 2.5
      vertex -4.9135352413667235 7.837563165560818 2.5
    endloop
  endfacet
  facet normal -0.32143946530315937 0.9469301294951065 0
    outer loop
      vertex -4.9135352413667235 7.837563165560818 2.5
      vertex -4.7525115379253835 7.892223347471933 0
      vertex -4.9135352413667235 7.837563165560818 0
    endloop
  endfacet
  facet normal -0.44228869021899453 0.8968727415326917 0
    outer loop
      vertex -4.7525115379253835 7.892223347471933 0
      vertex -4.7525115379253835 7.892223347471933 2.5
      vertex -4.6 7.967433714816835 0
    endloop
  endfacet
  facet normal -0.32143946530315937 0.9469301294951065 0
    outer loop
      vertex -4.7525115379253835 7.892223347471933 0
      vertex -4.9135352413667235 7.837563165560818 2.5
      vertex -4.7525115379253835 7.892223347471933 2.5
    endloop
  endfacet
  facet normal -0.44228869021899453 0.8968727415326917 0
    outer loop
      vertex -4.6 7.967433714816835 0
      vertex -4.7525115379253835 7.892223347471933 2.5
      vertex -4.6 7.967433714816835 2.5
    endloop
  endfacet
  facet normal -0.5555702330196091 0.8314696123025407 0
    outer loop
      vertex -4.6 7.967433714816835 0
      vertex -4.6 7.967433714816835 2.5
      vertex -4.458610142288664 8.061907397358 0
    endloop
  endfacet
  facet normal -0.5555702330196091 0.8314696123025407 0
    outer loop
      vertex -4.458610142288664 8.061907397358 0
      vertex -4.6 7.967433714816835 2.5
      vertex -4.458610142288664 8.061907397358 2.5
    endloop
  endfacet
  facet normal -0.6593458151000671 0.7518398074789788 0
    outer loop
      vertex -4.458610142288664 8.061907397358 2.5
      vertex -4.330761184457488 8.174027924194094 0
      vertex -4.458610142288664 8.061907397358 0
    endloop
  endfacet
  facet normal -0.7518398074789766 0.6593458151000697 0
    outer loop
      vertex -4.330761184457488 8.174027924194094 0
      vertex -4.330761184457488 8.174027924194094 2.5
      vertex -4.218640657621394 8.301876882025269 0
    endloop
  endfacet
  facet normal -0.8314696123025471 0.5555702330195994 0
    outer loop
      vertex -4.124166975080231 8.443266739736606 0
      vertex -4.218640657621394 8.301876882025269 0
      vertex -4.218640657621394 8.301876882025269 2.5
    endloop
  endfacet
  facet normal -0.6593458151000671 0.7518398074789788 0
    outer loop
      vertex -4.330761184457488 8.174027924194094 0
      vertex -4.458610142288664 8.061907397358 2.5
      vertex -4.330761184457488 8.174027924194094 2.5
    endloop
  endfacet
  facet normal -0.7518398074789766 0.6593458151000697 0
    outer loop
      vertex -4.218640657621394 8.301876882025269 0
      vertex -4.330761184457488 8.174027924194094 2.5
      vertex -4.218640657621394 8.301876882025269 2.5
    endloop
  endfacet
  facet normal -0.8314696123025471 0.5555702330195994 0
    outer loop
      vertex -4.124166975080231 8.443266739736606 0
      vertex -4.218640657621394 8.301876882025269 2.5
      vertex -4.124166975080231 8.443266739736606 2.5
    endloop
  endfacet
  facet normal -0.8968727415326866 0.442288690219005 0
    outer loop
      vertex -4.124166975080231 8.443266739736606 0
      vertex -4.124166975080231 8.443266739736606 2.5
      vertex -4.048956607735327 8.595778277661989 0
    endloop
  endfacet
  facet normal -0.9469301294951062 0.32143946530316014 0
    outer loop
      vertex -3.9942964258242113 8.75680198110333 0
      vertex -4.048956607735327 8.595778277661989 0
      vertex -4.048956607735327 8.595778277661989 2.5
    endloop
  endfacet
  facet normal -0.8968727415326866 0.442288690219005 0
    outer loop
      vertex -4.048956607735327 8.595778277661989 0
      vertex -4.124166975080231 8.443266739736606 2.5
      vertex -4.048956607735327 8.595778277661989 2.5
    endloop
  endfacet
  facet normal -0.9469301294951062 0.32143946530316014 0
    outer loop
      vertex -3.9942964258242113 8.75680198110333 0
      vertex -4.048956607735327 8.595778277661989 2.5
      vertex -3.9942964258242113 8.75680198110333 2.5
    endloop
  endfacet
  facet normal -0.9807852804032302 0.19509032201612997 0
    outer loop
      vertex -3.9611216802140463 8.923582689850539 0
      vertex -3.9942964258242113 8.75680198110333 0
      vertex -3.9942964258242113 8.75680198110333 2.5
    endloop
  endfacet
  facet normal 0.06540312923013077 -0.9978589232386044 0
    outer loop
      vertex -5.25 10.393266739736603 0
      vertex -5.25 10.393266739736603 2.5
      vertex -5.419684049886067 10.382145059522559 0
    endloop
  endfacet
  facet normal -0.06540312923013077 -0.9978589232386044 0
    outer loop
      vertex -5.25 10.393266739736603 0
      vertex -5.080315950113933 10.382145059522559 0
      vertex -5.080315950113933 10.382145059522559 2.5
    endloop
  endfacet
  facet normal -0.19509032201612644 -0.9807852804032308 0
    outer loop
      vertex -4.913535241366723 10.348970313912394 0
      vertex -4.913535241366723 10.348970313912394 2.5
      vertex -5.080315950113933 10.382145059522559 0
    endloop
  endfacet
  facet normal -0.06540312923013077 -0.9978589232386044 0
    outer loop
      vertex -5.080315950113933 10.382145059522559 2.5
      vertex -5.25 10.393266739736603 2.5
      vertex -5.25 10.393266739736603 0
    endloop
  endfacet
  facet normal -0.19509032201612644 -0.9807852804032308 0
    outer loop
      vertex -5.080315950113933 10.382145059522559 0
      vertex -4.913535241366723 10.348970313912394 2.5
      vertex -5.080315950113933 10.382145059522559 2.5
    endloop
  endfacet
  facet normal -0.5555702330195994 -0.8314696123025471 0
    outer loop
      vertex -4.6000000000000005 10.219099764656375 0
      vertex -4.458610142288664 10.124626082115212 0
      vertex -4.458610142288664 10.124626082115212 2.5
    endloop
  endfacet
  facet normal -0.5555702330195994 -0.8314696123025471 0
    outer loop
      vertex -4.6000000000000005 10.219099764656375 0
      vertex -4.458610142288664 10.124626082115212 2.5
      vertex -4.6000000000000005 10.219099764656375 2.5
    endloop
  endfacet
  facet normal -0.3214394653031609 -0.9469301294951058 0
    outer loop
      vertex -4.7525115379253835 10.294310132001279 0
      vertex -4.7525115379253835 10.294310132001279 2.5
      vertex -4.913535241366723 10.348970313912394 0
    endloop
  endfacet
  facet normal -0.442288690219005 -0.8968727415326866 0
    outer loop
      vertex -4.6000000000000005 10.219099764656375 0
      vertex -4.6000000000000005 10.219099764656375 2.5
      vertex -4.7525115379253835 10.294310132001279 0
    endloop
  endfacet
  facet normal -0.3214394653031609 -0.9469301294951058 0
    outer loop
      vertex -4.7525115379253835 10.294310132001279 2.5
      vertex -4.913535241366723 10.348970313912394 2.5
      vertex -4.913535241366723 10.348970313912394 0
    endloop
  endfacet
  facet normal -0.442288690219005 -0.8968727415326866 0
    outer loop
      vertex -4.7525115379253835 10.294310132001279 0
      vertex -4.6000000000000005 10.219099764656375 2.5
      vertex -4.7525115379253835 10.294310132001279 2.5
    endloop
  endfacet
  facet normal -0.9469301294951062 -0.32143946530316014 0
    outer loop
      vertex -4.048956607735327 9.590755201811223 0
      vertex -3.9942964258242113 9.429731498369883 0
      vertex -3.9942964258242113 9.429731498369883 2.5
    endloop
  endfacet
  facet normal -0.8968727415326887 -0.4422886902190008 0
    outer loop
      vertex -4.12416697508023 9.743266739736606 0
      vertex -4.048956607735327 9.590755201811223 0
      vertex -4.048956607735327 9.590755201811223 2.5
    endloop
  endfacet
  facet normal -0.9469301294951062 -0.32143946530316014 0
    outer loop
      vertex -4.048956607735327 9.590755201811223 0
      vertex -3.9942964258242113 9.429731498369883 2.5
      vertex -4.048956607735327 9.590755201811223 2.5
    endloop
  endfacet
  facet normal -0.8968727415326887 -0.4422886902190008 0
    outer loop
      vertex -4.12416697508023 9.743266739736606 0
      vertex -4.048956607735327 9.590755201811223 2.5
      vertex -4.12416697508023 9.743266739736606 2.5
    endloop
  endfacet
  facet normal -0.9978589232386036 0.06540312923014116 0
    outer loop
      vertex -3.95 9.093266739736606 0
      vertex -3.9611216802140463 8.923582689850539 0
      vertex -3.9611216802140463 8.923582689850539 2.5
    endloop
  endfacet
  facet normal -0.9978589232386036 -0.06540312923014184 0
    outer loop
      vertex -3.95 9.093266739736606 0
      vertex -3.95 9.093266739736606 2.5
      vertex -3.9611216802140463 9.262950789622671 0
    endloop
  endfacet
  facet normal -0.9807852804032302 0.19509032201612997 0
    outer loop
      vertex -3.9611216802140463 8.923582689850539 0
      vertex -3.9942964258242113 8.75680198110333 2.5
      vertex -3.9611216802140463 8.923582689850539 2.5
    endloop
  endfacet
  facet normal -0.9978589232386036 0.06540312923014116 0
    outer loop
      vertex -3.95 9.093266739736606 0
      vertex -3.9611216802140463 8.923582689850539 2.5
      vertex -3.95 9.093266739736606 2.5
    endloop
  endfacet
  facet normal -0.9978589232386036 -0.06540312923014184 0
    outer loop
      vertex -3.9611216802140463 9.262950789622671 0
      vertex -3.95 9.093266739736606 2.5
      vertex -3.9611216802140463 9.262950789622671 2.5
    endloop
  endfacet
  facet normal -0.9807852804032305 -0.19509032201612794 0
    outer loop
      vertex -3.9942964258242113 9.429731498369883 0
      vertex -3.9611216802140463 9.262950789622671 0
      vertex -3.9611216802140463 9.262950789622671 2.5
    endloop
  endfacet
  facet normal -0.9807852804032305 -0.19509032201612794 0
    outer loop
      vertex -3.9942964258242113 9.429731498369883 0
      vertex -3.9611216802140463 9.262950789622671 2.5
      vertex -3.9942964258242113 9.429731498369883 2.5
    endloop
  endfacet
  facet normal -0.7518398074789766 -0.6593458151000697 0
    outer loop
      vertex -4.330761184457488 10.012505555279118 0
      vertex -4.218640657621394 9.884656597447943 0
      vertex -4.218640657621394 9.884656597447943 2.5
    endloop
  endfacet
  facet normal -0.6593458151000671 -0.7518398074789788 0
    outer loop
      vertex -4.458610142288664 10.124626082115212 0
      vertex -4.330761184457488 10.012505555279118 0
      vertex -4.330761184457488 10.012505555279118 2.5
    endloop
  endfacet
  facet normal -0.8314696123025447 -0.555570233019603 0
    outer loop
      vertex -4.12416697508023 9.743266739736606 0
      vertex -4.12416697508023 9.743266739736606 2.5
      vertex -4.218640657621394 9.884656597447943 0
    endloop
  endfacet
  facet normal -0.6593458151000671 -0.7518398074789788 0
    outer loop
      vertex -4.330761184457488 10.012505555279118 2.5
      vertex -4.458610142288664 10.124626082115212 2.5
      vertex -4.458610142288664 10.124626082115212 0
    endloop
  endfacet
  facet normal -0.7518398074789766 -0.6593458151000697 0
    outer loop
      vertex -4.330761184457488 10.012505555279118 0
      vertex -4.218640657621394 9.884656597447943 2.5
      vertex -4.330761184457488 10.012505555279118 2.5
    endloop
  endfacet
  facet normal -0.8314696123025447 -0.555570233019603 0
    outer loop
      vertex -4.218640657621394 9.884656597447943 0
      vertex -4.12416697508023 9.743266739736606 2.5
      vertex -4.218640657621394 9.884656597447943 2.5
    endloop
  endfacet
  facet normal 0.8314696123025471 0.5555702330195994 0
    outer loop
      vertex -11.531359342378606 -0.7913898577113369 0
      vertex -11.62583302491977 -0.65 0
      vertex -11.62583302491977 -0.65 2.5
    endloop
  endfacet
  facet normal 0.8968727415326868 0.4422886902190042 0
    outer loop
      vertex -11.62583302491977 -0.65 0
      vertex -11.701043392264673 -0.4974884620746167 0
      vertex -11.701043392264673 -0.4974884620746167 2.5
    endloop
  endfacet
  facet normal 0.8314696123025471 0.5555702330195994 0
    outer loop
      vertex -11.531359342378606 -0.7913898577113369 0
      vertex -11.62583302491977 -0.65 2.5
      vertex -11.531359342378606 -0.7913898577113369 2.5
    endloop
  endfacet
  facet normal 0.9469301294951062 0.32143946530315975 0
    outer loop
      vertex -11.701043392264673 -0.4974884620746167 0
      vertex -11.755703574175788 -0.33646475863327696 2.5
      vertex -11.701043392264673 -0.4974884620746167 2.5
    endloop
  endfacet
  facet normal 0.8968727415326868 0.4422886902190042 0
    outer loop
      vertex -11.62583302491977 -0.65 0
      vertex -11.701043392264673 -0.4974884620746167 2.5
      vertex -11.62583302491977 -0.65 2.5
    endloop
  endfacet
  facet normal 0.997858923238603 0.06540312923015155 0
    outer loop
      vertex -11.788878319785953 -0.16968404988606706 0
      vertex -11.8 0 0
      vertex -11.8 0 2.5
    endloop
  endfacet
  facet normal 0.9469301294951062 0.32143946530315975 0
    outer loop
      vertex -11.701043392264673 -0.4974884620746167 0
      vertex -11.755703574175788 -0.33646475863327696 0
      vertex -11.755703574175788 -0.33646475863327696 2.5
    endloop
  endfacet
  facet normal 0.9807852804032308 0.195090322016127 0
    outer loop
      vertex -11.755703574175788 -0.33646475863327696 0
      vertex -11.788878319785953 -0.16968404988606706 0
      vertex -11.788878319785953 -0.16968404988606706 2.5
    endloop
  endfacet
  facet normal 0.997858923238603 0.06540312923015155 0
    outer loop
      vertex -11.788878319785953 -0.16968404988606706 0
      vertex -11.8 0 2.5
      vertex -11.788878319785953 -0.16968404988606706 2.5
    endloop
  endfacet
  facet normal 0.9807852804032308 0.195090322016127 0
    outer loop
      vertex -11.755703574175788 -0.33646475863327696 0
      vertex -11.788878319785953 -0.16968404988606706 2.5
      vertex -11.755703574175788 -0.33646475863327696 2.5
    endloop
  endfacet
  facet normal 0.6593458151000702 0.7518398074789763 0
    outer loop
      vertex -11.419238815542512 -0.9192388155425119 0
      vertex -11.419238815542512 -0.9192388155425119 2.5
      vertex -11.291389857711337 -1.0313593423786058 0
    endloop
  endfacet
  facet normal 0.5555702330196013 0.8314696123025459 0
    outer loop
      vertex -11.291389857711337 -1.0313593423786058 0
      vertex -11.291389857711337 -1.0313593423786058 2.5
      vertex -11.15 -1.12583302491977 0
    endloop
  endfacet
  facet normal 0.6593458151000702 0.7518398074789763 0
    outer loop
      vertex -11.291389857711337 -1.0313593423786058 0
      vertex -11.419238815542512 -0.9192388155425119 2.5
      vertex -11.291389857711337 -1.0313593423786058 2.5
    endloop
  endfacet
  facet normal 0.5555702330196013 0.8314696123025459 0
    outer loop
      vertex -11.15 -1.12583302491977 2.5
      vertex -11.15 -1.12583302491977 0
      vertex -11.291389857711337 -1.0313593423786058 2.5
    endloop
  endfacet
  facet normal 0.4422886902190029 0.8968727415326876 0
    outer loop
      vertex -11.15 -1.12583302491977 2.5
      vertex -10.997488462074617 -1.2010433922646728 0
      vertex -11.15 -1.12583302491977 0
    endloop
  endfacet
  facet normal 0.32143946530316014 0.9469301294951062 0
    outer loop
      vertex -10.997488462074617 -1.2010433922646728 2.5
      vertex -10.836464758633277 -1.255703574175789 0
      vertex -10.997488462074617 -1.2010433922646728 0
    endloop
  endfacet
  facet normal 0.19509032201612747 0.9807852804032307 0
    outer loop
      vertex -10.836464758633277 -1.255703574175789 2.5
      vertex -10.669684049886067 -1.2888783197859535 0
      vertex -10.836464758633277 -1.255703574175789 0
    endloop
  endfacet
  facet normal 0.4422886902190029 0.8968727415326876 0
    outer loop
      vertex -11.15 -1.12583302491977 2.5
      vertex -10.997488462074617 -1.2010433922646728 2.5
      vertex -10.997488462074617 -1.2010433922646728 0
    endloop
  endfacet
  facet normal 0.32143946530316014 0.9469301294951062 0
    outer loop
      vertex -10.836464758633277 -1.255703574175789 2.5
      vertex -10.836464758633277 -1.255703574175789 0
      vertex -10.997488462074617 -1.2010433922646728 2.5
    endloop
  endfacet
  facet normal 0.19509032201612747 0.9807852804032307 0
    outer loop
      vertex -10.669684049886067 -1.2888783197859535 2.5
      vertex -10.669684049886067 -1.2888783197859535 0
      vertex -10.836464758633277 -1.255703574175789 2.5
    endloop
  endfacet
  facet normal 0.7518398074789777 0.6593458151000685 0
    outer loop
      vertex -11.419238815542512 -0.9192388155425119 0
      vertex -11.531359342378606 -0.7913898577113369 0
      vertex -11.531359342378606 -0.7913898577113369 2.5
    endloop
  endfacet
  facet normal 0.7518398074789777 0.6593458151000685 0
    outer loop
      vertex -11.419238815542512 -0.9192388155425119 0
      vertex -11.531359342378606 -0.7913898577113369 2.5
      vertex -11.419238815542512 -0.9192388155425119 2.5
    endloop
  endfacet
  facet normal 0.06540312923014377 0.9978589232386035 0
    outer loop
      vertex -10.669684049886067 -1.2888783197859535 2.5
      vertex -10.5 -1.3 0
      vertex -10.669684049886067 -1.2888783197859535 0
    endloop
  endfacet
  facet normal -0.06540312923014377 0.9978589232386035 0
    outer loop
      vertex -10.5 -1.3 0
      vertex -10.5 -1.3 2.5
      vertex -10.330315950113933 -1.2888783197859535 0
    endloop
  endfacet
  facet normal -0.19509032201612747 0.9807852804032307 0
    outer loop
      vertex -10.330315950113933 -1.2888783197859535 0
      vertex -10.330315950113933 -1.2888783197859535 2.5
      vertex -10.163535241366723 -1.255703574175789 0
    endloop
  endfacet
  facet normal 0.06540312923014377 0.9978589232386035 0
    outer loop
      vertex -10.669684049886067 -1.2888783197859535 2.5
      vertex -10.5 -1.3 2.5
      vertex -10.5 -1.3 0
    endloop
  endfacet
  facet normal -0.06540312923014377 0.9978589232386035 0
    outer loop
      vertex -10.330315950113933 -1.2888783197859535 0
      vertex -10.5 -1.3 2.5
      vertex -10.330315950113933 -1.2888783197859535 2.5
    endloop
  endfacet
  facet normal -0.32143946530316014 0.9469301294951062 0
    outer loop
      vertex -10.163535241366723 -1.255703574175789 0
      vertex -10.163535241366723 -1.255703574175789 2.5
      vertex -10.002511537925383 -1.2010433922646728 0
    endloop
  endfacet
  facet normal -0.4422886902190029 0.8968727415326876 0
    outer loop
      vertex -10.002511537925383 -1.2010433922646728 2.5
      vertex -9.85 -1.12583302491977 0
      vertex -10.002511537925383 -1.2010433922646728 0
    endloop
  endfacet
  facet normal -0.5555702330196013 0.8314696123025459 0
    outer loop
      vertex -9.85 -1.12583302491977 2.5
      vertex -9.708610142288663 -1.0313593423786058 0
      vertex -9.85 -1.12583302491977 0
    endloop
  endfacet
  facet normal -0.19509032201612747 0.9807852804032307 0
    outer loop
      vertex -10.163535241366723 -1.255703574175789 0
      vertex -10.330315950113933 -1.2888783197859535 2.5
      vertex -10.163535241366723 -1.255703574175789 2.5
    endloop
  endfacet
  facet normal -0.32143946530316014 0.9469301294951062 0
    outer loop
      vertex -10.163535241366723 -1.255703574175789 2.5
      vertex -10.002511537925383 -1.2010433922646728 2.5
      vertex -10.002511537925383 -1.2010433922646728 0
    endloop
  endfacet
  facet normal -0.4422886902190029 0.8968727415326876 0
    outer loop
      vertex -9.85 -1.12583302491977 2.5
      vertex -9.85 -1.12583302491977 0
      vertex -10.002511537925383 -1.2010433922646728 2.5
    endloop
  endfacet
  facet normal -0.6593458151000702 0.7518398074789763 0
    outer loop
      vertex -9.708610142288663 -1.0313593423786058 2.5
      vertex -9.580761184457488 -0.9192388155425119 0
      vertex -9.708610142288663 -1.0313593423786058 0
    endloop
  endfacet
  facet normal -0.5555702330196013 0.8314696123025459 0
    outer loop
      vertex -9.708610142288663 -1.0313593423786058 2.5
      vertex -9.708610142288663 -1.0313593423786058 0
      vertex -9.85 -1.12583302491977 2.5
    endloop
  endfacet
  facet normal -0.6593458151000702 0.7518398074789763 0
    outer loop
      vertex -9.580761184457488 -0.9192388155425119 2.5
      vertex -9.580761184457488 -0.9192388155425119 0
      vertex -9.708610142288663 -1.0313593423786058 2.5
    endloop
  endfacet
  facet normal -0.7518398074789777 0.6593458151000685 0
    outer loop
      vertex -9.580761184457488 -0.9192388155425119 0
      vertex -9.580761184457488 -0.9192388155425119 2.5
      vertex -9.468640657621394 -0.7913898577113369 0
    endloop
  endfacet
  facet normal -0.8314696123025471 0.5555702330195994 0
    outer loop
      vertex -9.37416697508023 -0.65 0
      vertex -9.468640657621394 -0.7913898577113369 0
      vertex -9.468640657621394 -0.7913898577113369 2.5
    endloop
  endfacet
  facet normal -0.8968727415326868 0.4422886902190042 0
    outer loop
      vertex -9.37416697508023 -0.65 0
      vertex -9.37416697508023 -0.65 2.5
      vertex -9.298956607735327 -0.4974884620746167 0
    endloop
  endfacet
  facet normal -0.7518398074789777 0.6593458151000685 0
    outer loop
      vertex -9.580761184457488 -0.9192388155425119 2.5
      vertex -9.468640657621394 -0.7913898577113369 2.5
      vertex -9.468640657621394 -0.7913898577113369 0
    endloop
  endfacet
  facet normal -0.8314696123025471 0.5555702330195994 0
    outer loop
      vertex -9.468640657621394 -0.7913898577113369 2.5
      vertex -9.37416697508023 -0.65 2.5
      vertex -9.37416697508023 -0.65 0
    endloop
  endfacet
  facet normal -0.9469301294951062 0.32143946530315975 0
    outer loop
      vertex -9.244296425824212 -0.33646475863327696 0
      vertex -9.298956607735327 -0.4974884620746167 0
      vertex -9.298956607735327 -0.4974884620746167 2.5
    endloop
  endfacet
  facet normal -0.8968727415326868 0.4422886902190042 0
    outer loop
      vertex -9.37416697508023 -0.65 2.5
      vertex -9.298956607735327 -0.4974884620746167 2.5
      vertex -9.298956607735327 -0.4974884620746167 0
    endloop
  endfacet
  facet normal -0.9807852804032308 0.195090322016127 0
    outer loop
      vertex -9.211121680214047 -0.16968404988606706 0
      vertex -9.244296425824212 -0.33646475863327696 0
      vertex -9.244296425824212 -0.33646475863327696 2.5
    endloop
  endfacet
  facet normal -0.997858923238603 0.06540312923015155 0
    outer loop
      vertex -9.211121680214047 -0.16968404988606706 0
      vertex -9.211121680214047 -0.16968404988606706 2.5
      vertex -9.2 0 0
    endloop
  endfacet
  facet normal -0.9469301294951062 0.32143946530315975 0
    outer loop
      vertex -9.244296425824212 -0.33646475863327696 0
      vertex -9.298956607735327 -0.4974884620746167 2.5
      vertex -9.244296425824212 -0.33646475863327696 2.5
    endloop
  endfacet
  facet normal -0.9807852804032308 0.195090322016127 0
    outer loop
      vertex -9.211121680214047 -0.16968404988606706 0
      vertex -9.244296425824212 -0.33646475863327696 2.5
      vertex -9.211121680214047 -0.16968404988606706 2.5
    endloop
  endfacet
  facet normal -0.997858923238603 0.06540312923015155 0
    outer loop
      vertex -9.2 0 0
      vertex -9.211121680214047 -0.16968404988606706 2.5
      vertex -9.2 0 2.5
    endloop
  endfacet
  facet normal 0.997858923238603 -0.06540312923015155 0
    outer loop
      vertex -11.8 0 0
      vertex -11.788878319785953 0.16968404988606706 0
      vertex -11.788878319785953 0.16968404988606706 2.5
    endloop
  endfacet
  facet normal 0.9807852804032308 -0.195090322016127 0
    outer loop
      vertex -11.788878319785953 0.16968404988606706 0
      vertex -11.755703574175788 0.33646475863327696 0
      vertex -11.755703574175788 0.33646475863327696 2.5
    endloop
  endfacet
  facet normal 0.997858923238603 -0.06540312923015155 0
    outer loop
      vertex -11.8 0 0
      vertex -11.788878319785953 0.16968404988606706 2.5
      vertex -11.8 0 2.5
    endloop
  endfacet
  facet normal 0.9807852804032308 -0.195090322016127 0
    outer loop
      vertex -11.788878319785953 0.16968404988606706 0
      vertex -11.755703574175788 0.33646475863327696 2.5
      vertex -11.788878319785953 0.16968404988606706 2.5
    endloop
  endfacet
  facet normal 0.9469301294951062 -0.32143946530315975 0
    outer loop
      vertex -11.755703574175788 0.33646475863327696 0
      vertex -11.701043392264673 0.4974884620746167 2.5
      vertex -11.755703574175788 0.33646475863327696 2.5
    endloop
  endfacet
  facet normal 0.9469301294951062 -0.32143946530315975 0
    outer loop
      vertex -11.755703574175788 0.33646475863327696 0
      vertex -11.701043392264673 0.4974884620746167 0
      vertex -11.701043392264673 0.4974884620746167 2.5
    endloop
  endfacet
  facet normal 0.8968727415326868 -0.4422886902190042 0
    outer loop
      vertex -11.701043392264673 0.4974884620746167 0
      vertex -11.62583302491977 0.65 0
      vertex -11.62583302491977 0.65 2.5
    endloop
  endfacet
  facet normal 0.8314696123025471 -0.5555702330195994 0
    outer loop
      vertex -11.62583302491977 0.65 0
      vertex -11.531359342378606 0.7913898577113369 0
      vertex -11.531359342378606 0.7913898577113369 2.5
    endloop
  endfacet
  facet normal 0.8968727415326868 -0.4422886902190042 0
    outer loop
      vertex -11.701043392264673 0.4974884620746167 0
      vertex -11.62583302491977 0.65 2.5
      vertex -11.701043392264673 0.4974884620746167 2.5
    endloop
  endfacet
  facet normal 0.8314696123025471 -0.5555702330195994 0
    outer loop
      vertex -11.62583302491977 0.65 0
      vertex -11.531359342378606 0.7913898577113369 2.5
      vertex -11.62583302491977 0.65 2.5
    endloop
  endfacet
  facet normal 0.7518398074789777 -0.6593458151000685 0
    outer loop
      vertex -11.531359342378606 0.7913898577113369 0
      vertex -11.419238815542512 0.9192388155425119 0
      vertex -11.419238815542512 0.9192388155425119 2.5
    endloop
  endfacet
  facet normal 0.7518398074789777 -0.6593458151000685 0
    outer loop
      vertex -11.531359342378606 0.7913898577113369 0
      vertex -11.419238815542512 0.9192388155425119 2.5
      vertex -11.531359342378606 0.7913898577113369 2.5
    endloop
  endfacet
  facet normal 0.6593458151000702 -0.7518398074789763 0
    outer loop
      vertex -11.291389857711337 1.0313593423786058 0
      vertex -11.291389857711337 1.0313593423786058 2.5
      vertex -11.419238815542512 0.9192388155425119 0
    endloop
  endfacet
  facet normal 0.5555702330196013 -0.8314696123025459 0
    outer loop
      vertex -11.15 1.12583302491977 2.5
      vertex -11.291389857711337 1.0313593423786058 0
      vertex -11.15 1.12583302491977 0
    endloop
  endfacet
  facet normal 0.6593458151000702 -0.7518398074789763 0
    outer loop
      vertex -11.419238815542512 0.9192388155425119 0
      vertex -11.291389857711337 1.0313593423786058 2.5
      vertex -11.419238815542512 0.9192388155425119 2.5
    endloop
  endfacet
  facet normal 0.5555702330196013 -0.8314696123025459 0
    outer loop
      vertex -11.291389857711337 1.0313593423786058 0
      vertex -11.15 1.12583302491977 2.5
      vertex -11.291389857711337 1.0313593423786058 2.5
    endloop
  endfacet
  facet normal 0.4422886902190029 -0.8968727415326876 0
    outer loop
      vertex -11.15 1.12583302491977 0
      vertex -10.997488462074617 1.2010433922646728 0
      vertex -10.997488462074617 1.2010433922646728 2.5
    endloop
  endfacet
  facet normal 0.32143946530316014 -0.9469301294951062 0
    outer loop
      vertex -10.836464758633277 1.255703574175789 2.5
      vertex -10.997488462074617 1.2010433922646728 0
      vertex -10.836464758633277 1.255703574175789 0
    endloop
  endfacet
  facet normal 0.19509032201612747 -0.9807852804032307 0
    outer loop
      vertex -10.669684049886067 1.2888783197859535 0
      vertex -10.669684049886067 1.2888783197859535 2.5
      vertex -10.836464758633277 1.255703574175789 0
    endloop
  endfacet
  facet normal 0.4422886902190029 -0.8968727415326876 0
    outer loop
      vertex -10.997488462074617 1.2010433922646728 2.5
      vertex -11.15 1.12583302491977 2.5
      vertex -11.15 1.12583302491977 0
    endloop
  endfacet
  facet normal 0.32143946530316014 -0.9469301294951062 0
    outer loop
      vertex -10.997488462074617 1.2010433922646728 2.5
      vertex -10.997488462074617 1.2010433922646728 0
      vertex -10.836464758633277 1.255703574175789 2.5
    endloop
  endfacet
  facet normal 0.19509032201612747 -0.9807852804032307 0
    outer loop
      vertex -10.836464758633277 1.255703574175789 2.5
      vertex -10.836464758633277 1.255703574175789 0
      vertex -10.669684049886067 1.2888783197859535 2.5
    endloop
  endfacet
  facet normal 0.06540312923014377 -0.9978589232386035 0
    outer loop
      vertex -10.669684049886067 1.2888783197859535 0
      vertex -10.5 1.3 0
      vertex -10.5 1.3 2.5
    endloop
  endfacet
  facet normal -0.06540312923014377 -0.9978589232386035 0
    outer loop
      vertex -10.5 1.3 0
      vertex -10.330315950113933 1.2888783197859535 0
      vertex -10.330315950113933 1.2888783197859535 2.5
    endloop
  endfacet
  facet normal 0.06540312923014377 -0.9978589232386035 0
    outer loop
      vertex -10.5 1.3 2.5
      vertex -10.669684049886067 1.2888783197859535 2.5
      vertex -10.669684049886067 1.2888783197859535 0
    endloop
  endfacet
  facet normal -0.06540312923014377 -0.9978589232386035 0
    outer loop
      vertex -10.5 1.3 0
      vertex -10.330315950113933 1.2888783197859535 2.5
      vertex -10.5 1.3 2.5
    endloop
  endfacet
  facet normal -0.19509032201612747 -0.9807852804032307 0
    outer loop
      vertex -10.163535241366723 1.255703574175789 2.5
      vertex -10.330315950113933 1.2888783197859535 2.5
      vertex -10.330315950113933 1.2888783197859535 0
    endloop
  endfacet
  facet normal -0.19509032201612747 -0.9807852804032307 0
    outer loop
      vertex -10.330315950113933 1.2888783197859535 0
      vertex -10.163535241366723 1.255703574175789 0
      vertex -10.163535241366723 1.255703574175789 2.5
    endloop
  endfacet
  facet normal -0.32143946530316014 -0.9469301294951062 0
    outer loop
      vertex -10.163535241366723 1.255703574175789 0
      vertex -10.002511537925383 1.2010433922646728 0
      vertex -10.002511537925383 1.2010433922646728 2.5
    endloop
  endfacet
  facet normal -0.4422886902190029 -0.8968727415326876 0
    outer loop
      vertex -9.85 1.12583302491977 2.5
      vertex -10.002511537925383 1.2010433922646728 0
      vertex -9.85 1.12583302491977 0
    endloop
  endfacet
  facet normal -0.32143946530316014 -0.9469301294951062 0
    outer loop
      vertex -10.163535241366723 1.255703574175789 0
      vertex -10.002511537925383 1.2010433922646728 2.5
      vertex -10.163535241366723 1.255703574175789 2.5
    endloop
  endfacet
  facet normal -0.5555702330196013 -0.8314696123025459 0
    outer loop
      vertex -9.85 1.12583302491977 2.5
      vertex -9.85 1.12583302491977 0
      vertex -9.708610142288663 1.0313593423786058 2.5
    endloop
  endfacet
  facet normal -0.4422886902190029 -0.8968727415326876 0
    outer loop
      vertex -10.002511537925383 1.2010433922646728 2.5
      vertex -10.002511537925383 1.2010433922646728 0
      vertex -9.85 1.12583302491977 2.5
    endloop
  endfacet
  facet normal -0.7518398074789777 -0.6593458151000685 0
    outer loop
      vertex -9.468640657621394 0.7913898577113369 2.5
      vertex -9.580761184457488 0.9192388155425119 0
      vertex -9.468640657621394 0.7913898577113369 0
    endloop
  endfacet
  facet normal -0.8314696123025471 -0.5555702330195994 0
    outer loop
      vertex -9.37416697508023 0.65 0
      vertex -9.37416697508023 0.65 2.5
      vertex -9.468640657621394 0.7913898577113369 0
    endloop
  endfacet
  facet normal -0.8968727415326868 -0.4422886902190042 0
    outer loop
      vertex -9.298956607735327 0.4974884620746167 2.5
      vertex -9.37416697508023 0.65 2.5
      vertex -9.37416697508023 0.65 0
    endloop
  endfacet
  facet normal -0.7518398074789777 -0.6593458151000685 0
    outer loop
      vertex -9.468640657621394 0.7913898577113369 2.5
      vertex -9.580761184457488 0.9192388155425119 2.5
      vertex -9.580761184457488 0.9192388155425119 0
    endloop
  endfacet
  facet normal -0.8314696123025471 -0.5555702330195994 0
    outer loop
      vertex -9.37416697508023 0.65 2.5
      vertex -9.468640657621394 0.7913898577113369 2.5
      vertex -9.468640657621394 0.7913898577113369 0
    endloop
  endfacet
  facet normal -0.997858923238603 -0.06540312923015155 0
    outer loop
      vertex -9.2 0 0
      vertex -9.2 0 2.5
      vertex -9.211121680214047 0.16968404988606706 0
    endloop
  endfacet
  facet normal -0.9469301294951062 -0.32143946530315975 0
    outer loop
      vertex -9.298956607735327 0.4974884620746167 0
      vertex -9.244296425824212 0.33646475863327696 0
      vertex -9.244296425824212 0.33646475863327696 2.5
    endloop
  endfacet
  facet normal -0.9807852804032308 -0.195090322016127 0
    outer loop
      vertex -9.244296425824212 0.33646475863327696 0
      vertex -9.211121680214047 0.16968404988606706 0
      vertex -9.211121680214047 0.16968404988606706 2.5
    endloop
  endfacet
  facet normal -0.997858923238603 -0.06540312923015155 0
    outer loop
      vertex -9.211121680214047 0.16968404988606706 0
      vertex -9.2 0 2.5
      vertex -9.211121680214047 0.16968404988606706 2.5
    endloop
  endfacet
  facet normal -0.9807852804032308 -0.195090322016127 0
    outer loop
      vertex -9.244296425824212 0.33646475863327696 0
      vertex -9.211121680214047 0.16968404988606706 2.5
      vertex -9.244296425824212 0.33646475863327696 2.5
    endloop
  endfacet
  facet normal -0.8968727415326868 -0.4422886902190042 0
    outer loop
      vertex -9.37416697508023 0.65 0
      vertex -9.298956607735327 0.4974884620746167 0
      vertex -9.298956607735327 0.4974884620746167 2.5
    endloop
  endfacet
  facet normal -0.9469301294951062 -0.32143946530315975 0
    outer loop
      vertex -9.298956607735327 0.4974884620746167 0
      vertex -9.244296425824212 0.33646475863327696 2.5
      vertex -9.298956607735327 0.4974884620746167 2.5
    endloop
  endfacet
  facet normal -0.5555702330196013 -0.8314696123025459 0
    outer loop
      vertex -9.708610142288663 1.0313593423786058 2.5
      vertex -9.85 1.12583302491977 0
      vertex -9.708610142288663 1.0313593423786058 0
    endloop
  endfacet
  facet normal -0.6593458151000702 -0.7518398074789763 0
    outer loop
      vertex -9.708610142288663 1.0313593423786058 0
      vertex -9.580761184457488 0.9192388155425119 0
      vertex -9.580761184457488 0.9192388155425119 2.5
    endloop
  endfacet
  facet normal -0.6593458151000702 -0.7518398074789763 0
    outer loop
      vertex -9.580761184457488 0.9192388155425119 2.5
      vertex -9.708610142288663 1.0313593423786058 2.5
      vertex -9.708610142288663 1.0313593423786058 0
    endloop
  endfacet
  facet normal 0.8314696123025471 0.5555702330195994 0
    outer loop
      vertex -6.375833024919769 -9.743266739736605 2.5
      vertex -6.281359342378606 -9.884656597447941 0
      vertex -6.375833024919769 -9.743266739736605 0
    endloop
  endfacet
  facet normal 0.7518398074789766 0.6593458151000697 0
    outer loop
      vertex -6.281359342378606 -9.884656597447941 2.5
      vertex -6.169238815542512 -10.012505555279116 0
      vertex -6.281359342378606 -9.884656597447941 0
    endloop
  endfacet
  facet normal 0.8314696123025471 0.5555702330195994 0
    outer loop
      vertex -6.375833024919769 -9.743266739736605 2.5
      vertex -6.281359342378606 -9.884656597447941 2.5
      vertex -6.281359342378606 -9.884656597447941 0
    endloop
  endfacet
  facet normal 0.9469301294951054 0.3214394653031624 0
    outer loop
      vertex -6.505703574175789 -9.42973149836988 2.5
      vertex -6.451043392264673 -9.590755201811222 0
      vertex -6.505703574175789 -9.42973149836988 0
    endloop
  endfacet
  facet normal 0.9807852804032307 0.19509032201612747 0
    outer loop
      vertex -6.538878319785954 -9.262950789622671 2.5
      vertex -6.505703574175789 -9.42973149836988 0
      vertex -6.538878319785954 -9.262950789622671 0
    endloop
  endfacet
  facet normal 0.8968727415326866 0.442288690219005 0
    outer loop
      vertex -6.451043392264673 -9.590755201811222 2.5
      vertex -6.375833024919769 -9.743266739736605 0
      vertex -6.451043392264673 -9.590755201811222 0
    endloop
  endfacet
  facet normal 0.9469301294951054 0.3214394653031624 0
    outer loop
      vertex -6.505703574175789 -9.42973149836988 2.5
      vertex -6.451043392264673 -9.590755201811222 2.5
      vertex -6.451043392264673 -9.590755201811222 0
    endloop
  endfacet
  facet normal 0.9807852804032307 0.19509032201612747 0
    outer loop
      vertex -6.538878319785954 -9.262950789622671 2.5
      vertex -6.505703574175789 -9.42973149836988 2.5
      vertex -6.505703574175789 -9.42973149836988 0
    endloop
  endfacet
  facet normal 0.8968727415326866 0.442288690219005 0
    outer loop
      vertex -6.451043392264673 -9.590755201811222 2.5
      vertex -6.375833024919769 -9.743266739736605 2.5
      vertex -6.375833024919769 -9.743266739736605 0
    endloop
  endfacet
  facet normal 0.9978589232386036 0.06540312923014116 0
    outer loop
      vertex -6.55 -9.093266739736604 2.5
      vertex -6.538878319785954 -9.262950789622671 0
      vertex -6.55 -9.093266739736604 0
    endloop
  endfacet
  facet normal 0.9978589232386036 -0.06540312923014184 0
    outer loop
      vertex -6.538878319785954 -8.923582689850539 2.5
      vertex -6.55 -9.093266739736604 0
      vertex -6.538878319785954 -8.923582689850539 0
    endloop
  endfacet
  facet normal 0.9978589232386036 0.06540312923014116 0
    outer loop
      vertex -6.55 -9.093266739736604 2.5
      vertex -6.538878319785954 -9.262950789622671 2.5
      vertex -6.538878319785954 -9.262950789622671 0
    endloop
  endfacet
  facet normal 0.9978589232386036 -0.06540312923014184 0
    outer loop
      vertex -6.538878319785954 -8.923582689850539 2.5
      vertex -6.55 -9.093266739736604 2.5
      vertex -6.55 -9.093266739736604 0
    endloop
  endfacet
  facet normal 0.98078528040323 -0.19509032201613047 0
    outer loop
      vertex -6.505703574175788 -8.756801981103328 2.5
      vertex -6.538878319785954 -8.923582689850539 2.5
      vertex -6.538878319785954 -8.923582689850539 0
    endloop
  endfacet
  facet normal 0.44228869021900286 0.8968727415326875 0
    outer loop
      vertex -5.9 -10.219099764656375 2.5
      vertex -5.7474884620746165 -10.294310132001279 0
      vertex -5.9 -10.219099764656375 0
    endloop
  endfacet
  facet normal 0.44228869021900286 0.8968727415326875 0
    outer loop
      vertex -5.7474884620746165 -10.294310132001279 2.5
      vertex -5.7474884620746165 -10.294310132001279 0
      vertex -5.9 -10.219099764656375 2.5
    endloop
  endfacet
  facet normal 0.6593458151000671 0.7518398074789788 0
    outer loop
      vertex -6.169238815542512 -10.012505555279116 2.5
      vertex -6.041389857711336 -10.12462608211521 0
      vertex -6.169238815542512 -10.012505555279116 0
    endloop
  endfacet
  facet normal 0.5555702330196091 0.8314696123025407 0
    outer loop
      vertex -6.041389857711336 -10.12462608211521 2.5
      vertex -5.9 -10.219099764656375 0
      vertex -6.041389857711336 -10.12462608211521 0
    endloop
  endfacet
  facet normal 0.7518398074789766 0.6593458151000697 0
    outer loop
      vertex -6.281359342378606 -9.884656597447941 2.5
      vertex -6.169238815542512 -10.012505555279116 2.5
      vertex -6.169238815542512 -10.012505555279116 0
    endloop
  endfacet
  facet normal 0.6593458151000671 0.7518398074789788 0
    outer loop
      vertex -6.041389857711336 -10.12462608211521 2.5
      vertex -6.041389857711336 -10.12462608211521 0
      vertex -6.169238815542512 -10.012505555279116 2.5
    endloop
  endfacet
  facet normal 0.5555702330196091 0.8314696123025407 0
    outer loop
      vertex -5.9 -10.219099764656375 2.5
      vertex -5.9 -10.219099764656375 0
      vertex -6.041389857711336 -10.12462608211521 2.5
    endloop
  endfacet
  facet normal 0.32143946530315 0.9469301294951097 0
    outer loop
      vertex -5.7474884620746165 -10.294310132001279 2.5
      vertex -5.5864647586332765 -10.348970313912393 0
      vertex -5.7474884620746165 -10.294310132001279 0
    endloop
  endfacet
  facet normal 0.1950903220161375 0.9807852804032287 0
    outer loop
      vertex -5.5864647586332765 -10.348970313912393 0
      vertex -5.5864647586332765 -10.348970313912393 2.5
      vertex -5.419684049886067 -10.382145059522559 0
    endloop
  endfacet
  facet normal 0.06540312923013077 0.9978589232386044 0
    outer loop
      vertex -5.419684049886067 -10.382145059522559 2.5
      vertex -5.25 -10.393266739736603 0
      vertex -5.419684049886067 -10.382145059522559 0
    endloop
  endfacet
  facet normal 0.32143946530315 0.9469301294951097 0
    outer loop
      vertex -5.7474884620746165 -10.294310132001279 2.5
      vertex -5.5864647586332765 -10.348970313912393 2.5
      vertex -5.5864647586332765 -10.348970313912393 0
    endloop
  endfacet
  facet normal 0.1950903220161375 0.9807852804032287 0
    outer loop
      vertex -5.5864647586332765 -10.348970313912393 2.5
      vertex -5.419684049886067 -10.382145059522559 2.5
      vertex -5.419684049886067 -10.382145059522559 0
    endloop
  endfacet
  facet normal 0.98078528040323 -0.19509032201613047 0
    outer loop
      vertex -6.505703574175788 -8.756801981103328 2.5
      vertex -6.538878319785954 -8.923582689850539 0
      vertex -6.505703574175788 -8.756801981103328 0
    endloop
  endfacet
  facet normal 0.9469301294951058 -0.3214394653031609 0
    outer loop
      vertex -6.451043392264673 -8.595778277661989 2.5
      vertex -6.505703574175788 -8.756801981103328 0
      vertex -6.451043392264673 -8.595778277661989 0
    endloop
  endfacet
  facet normal 0.8968727415326887 -0.4422886902190008 0
    outer loop
      vertex -6.37583302491977 -8.443266739736606 2.5
      vertex -6.451043392264673 -8.595778277661989 0
      vertex -6.37583302491977 -8.443266739736606 0
    endloop
  endfacet
  facet normal 0.9469301294951058 -0.3214394653031609 0
    outer loop
      vertex -6.451043392264673 -8.595778277661989 2.5
      vertex -6.505703574175788 -8.756801981103328 2.5
      vertex -6.505703574175788 -8.756801981103328 0
    endloop
  endfacet
  facet normal 0.8968727415326887 -0.4422886902190008 0
    outer loop
      vertex -6.37583302491977 -8.443266739736606 2.5
      vertex -6.451043392264673 -8.595778277661989 2.5
      vertex -6.451043392264673 -8.595778277661989 0
    endloop
  endfacet
  facet normal 0.8314696123025447 -0.555570233019603 0
    outer loop
      vertex -6.281359342378606 -8.301876882025269 2.5
      vertex -6.37583302491977 -8.443266739736606 0
      vertex -6.281359342378606 -8.301876882025269 0
    endloop
  endfacet
  facet normal 0.8314696123025447 -0.555570233019603 0
    outer loop
      vertex -6.281359342378606 -8.301876882025269 2.5
      vertex -6.37583302491977 -8.443266739736606 2.5
      vertex -6.37583302491977 -8.443266739736606 0
    endloop
  endfacet
  facet normal 0.7518398074789812 -0.6593458151000646 0
    outer loop
      vertex -6.169238815542512 -8.174027924194093 2.5
      vertex -6.281359342378606 -8.301876882025269 2.5
      vertex -6.281359342378606 -8.301876882025269 0
    endloop
  endfacet
  facet normal 0.7518398074789812 -0.6593458151000646 0
    outer loop
      vertex -6.169238815542512 -8.174027924194093 2.5
      vertex -6.281359342378606 -8.301876882025269 0
      vertex -6.169238815542512 -8.174027924194093 0
    endloop
  endfacet
  facet normal 0.6593458151000671 -0.7518398074789788 0
    outer loop
      vertex -6.041389857711336 -8.061907397357999 2.5
      vertex -6.169238815542512 -8.174027924194093 0
      vertex -6.041389857711336 -8.061907397357999 0
    endloop
  endfacet
  facet normal 0.5555702330195958 -0.8314696123025496 0
    outer loop
      vertex -6.041389857711336 -8.061907397357999 0
      vertex -5.8999999999999995 -7.967433714816836 0
      vertex -5.8999999999999995 -7.967433714816836 2.5
    endloop
  endfacet
  facet normal 0.6593458151000671 -0.7518398074789788 0
    outer loop
      vertex -6.169238815542512 -8.174027924194093 2.5
      vertex -6.169238815542512 -8.174027924194093 0
      vertex -6.041389857711336 -8.061907397357999 2.5
    endloop
  endfacet
  facet normal 0.5555702330195958 -0.8314696123025496 0
    outer loop
      vertex -5.8999999999999995 -7.967433714816836 2.5
      vertex -6.041389857711336 -8.061907397357999 2.5
      vertex -6.041389857711336 -8.061907397357999 0
    endloop
  endfacet
  facet normal 0.442288690219005 -0.8968727415326866 0
    outer loop
      vertex -5.7474884620746165 -7.8922233474719325 2.5
      vertex -5.8999999999999995 -7.967433714816836 0
      vertex -5.7474884620746165 -7.8922233474719325 0
    endloop
  endfacet
  facet normal 0.442288690219005 -0.8968727415326866 0
    outer loop
      vertex -5.8999999999999995 -7.967433714816836 2.5
      vertex -5.8999999999999995 -7.967433714816836 0
      vertex -5.7474884620746165 -7.8922233474719325 2.5
    endloop
  endfacet
  facet normal 0.3214394653031609 -0.9469301294951058 0
    outer loop
      vertex -5.586464758633277 -7.837563165560817 0
      vertex -5.586464758633277 -7.837563165560817 2.5
      vertex -5.7474884620746165 -7.8922233474719325 0
    endloop
  endfacet
  facet normal 0.1950903220161315 -0.9807852804032299 0
    outer loop
      vertex -5.586464758633277 -7.837563165560817 0
      vertex -5.419684049886067 -7.8043884199506515 0
      vertex -5.419684049886067 -7.8043884199506515 2.5
    endloop
  endfacet
  facet normal 0.3214394653031609 -0.9469301294951058 0
    outer loop
      vertex -5.7474884620746165 -7.8922233474719325 0
      vertex -5.586464758633277 -7.837563165560817 2.5
      vertex -5.7474884620746165 -7.8922233474719325 2.5
    endloop
  endfacet
  facet normal 0.1950903220161315 -0.9807852804032299 0
    outer loop
      vertex -5.586464758633277 -7.837563165560817 0
      vertex -5.419684049886067 -7.8043884199506515 2.5
      vertex -5.586464758633277 -7.837563165560817 2.5
    endloop
  endfacet
  facet normal 0.06540312923013597 -0.9978589232386039 0
    outer loop
      vertex -5.25 -7.793266739736606 2.5
      vertex -5.419684049886067 -7.8043884199506515 2.5
      vertex -5.419684049886067 -7.8043884199506515 0
    endloop
  endfacet
  facet normal -0.06540312923013077 0.9978589232386044 0
    outer loop
      vertex -5.080315950113933 -10.382145059522559 0
      vertex -5.25 -10.393266739736603 0
      vertex -5.25 -10.393266739736603 2.5
    endloop
  endfacet
  facet normal -0.19509032201612644 0.9807852804032308 0
    outer loop
      vertex -5.080315950113933 -10.382145059522559 2.5
      vertex -4.913535241366723 -10.348970313912394 0
      vertex -5.080315950113933 -10.382145059522559 0
    endloop
  endfacet
  facet normal 0.06540312923013077 0.9978589232386044 0
    outer loop
      vertex -5.25 -10.393266739736603 2.5
      vertex -5.25 -10.393266739736603 0
      vertex -5.419684049886067 -10.382145059522559 2.5
    endloop
  endfacet
  facet normal -0.06540312923013077 0.9978589232386044 0
    outer loop
      vertex -5.25 -10.393266739736603 2.5
      vertex -5.080315950113933 -10.382145059522559 2.5
      vertex -5.080315950113933 -10.382145059522559 0
    endloop
  endfacet
  facet normal -0.19509032201612644 0.9807852804032308 0
    outer loop
      vertex -4.913535241366723 -10.348970313912394 2.5
      vertex -4.913535241366723 -10.348970313912394 0
      vertex -5.080315950113933 -10.382145059522559 2.5
    endloop
  endfacet
  facet normal -0.3214394653031609 0.9469301294951058 0
    outer loop
      vertex -4.913535241366723 -10.348970313912394 2.5
      vertex -4.7525115379253835 -10.294310132001279 0
      vertex -4.913535241366723 -10.348970313912394 0
    endloop
  endfacet
  facet normal -0.442288690219005 0.8968727415326866 0
    outer loop
      vertex -4.7525115379253835 -10.294310132001279 2.5
      vertex -4.6000000000000005 -10.219099764656375 0
      vertex -4.7525115379253835 -10.294310132001279 0
    endloop
  endfacet
  facet normal -0.3214394653031609 0.9469301294951058 0
    outer loop
      vertex -4.7525115379253835 -10.294310132001279 2.5
      vertex -4.7525115379253835 -10.294310132001279 0
      vertex -4.913535241366723 -10.348970313912394 2.5
    endloop
  endfacet
  facet normal -0.442288690219005 0.8968727415326866 0
    outer loop
      vertex -4.6000000000000005 -10.219099764656375 2.5
      vertex -4.6000000000000005 -10.219099764656375 0
      vertex -4.7525115379253835 -10.294310132001279 2.5
    endloop
  endfacet
  facet normal -0.5555702330195994 0.8314696123025471 0
    outer loop
      vertex -4.6000000000000005 -10.219099764656375 2.5
      vertex -4.458610142288664 -10.124626082115212 0
      vertex -4.6000000000000005 -10.219099764656375 0
    endloop
  endfacet
  facet normal -0.5555702330195994 0.8314696123025471 0
    outer loop
      vertex -4.458610142288664 -10.124626082115212 2.5
      vertex -4.458610142288664 -10.124626082115212 0
      vertex -4.6000000000000005 -10.219099764656375 2.5
    endloop
  endfacet
  facet normal -0.6593458151000671 0.7518398074789788 0
    outer loop
      vertex -4.458610142288664 -10.124626082115212 2.5
      vertex -4.330761184457488 -10.012505555279118 0
      vertex -4.458610142288664 -10.124626082115212 0
    endloop
  endfacet
  facet normal -0.7518398074789766 0.6593458151000697 0
    outer loop
      vertex -4.330761184457488 -10.012505555279118 0
      vertex -4.330761184457488 -10.012505555279118 2.5
      vertex -4.218640657621394 -9.884656597447943 0
    endloop
  endfacet
  facet normal -0.8314696123025447 0.555570233019603 0
    outer loop
      vertex -4.218640657621394 -9.884656597447943 0
      vertex -4.218640657621394 -9.884656597447943 2.5
      vertex -4.12416697508023 -9.743266739736606 0
    endloop
  endfacet
  facet normal -0.6593458151000671 0.7518398074789788 0
    outer loop
      vertex -4.330761184457488 -10.012505555279118 2.5
      vertex -4.330761184457488 -10.012505555279118 0
      vertex -4.458610142288664 -10.124626082115212 2.5
    endloop
  endfacet
  facet normal -0.7518398074789766 0.6593458151000697 0
    outer loop
      vertex -4.330761184457488 -10.012505555279118 2.5
      vertex -4.218640657621394 -9.884656597447943 2.5
      vertex -4.218640657621394 -9.884656597447943 0
    endloop
  endfacet
  facet normal -0.8314696123025447 0.555570233019603 0
    outer loop
      vertex -4.218640657621394 -9.884656597447943 2.5
      vertex -4.12416697508023 -9.743266739736606 2.5
      vertex -4.12416697508023 -9.743266739736606 0
    endloop
  endfacet
  facet normal -0.8968727415326887 0.4422886902190008 0
    outer loop
      vertex -4.12416697508023 -9.743266739736606 0
      vertex -4.12416697508023 -9.743266739736606 2.5
      vertex -4.048956607735327 -9.590755201811223 0
    endloop
  endfacet
  facet normal -0.9469301294951062 0.32143946530316014 0
    outer loop
      vertex -4.048956607735327 -9.590755201811223 2.5
      vertex -3.9942964258242113 -9.429731498369883 0
      vertex -4.048956607735327 -9.590755201811223 0
    endloop
  endfacet
  facet normal -0.8968727415326887 0.4422886902190008 0
    outer loop
      vertex -4.12416697508023 -9.743266739736606 2.5
      vertex -4.048956607735327 -9.590755201811223 2.5
      vertex -4.048956607735327 -9.590755201811223 0
    endloop
  endfacet
  facet normal -0.9469301294951062 0.32143946530316014 0
    outer loop
      vertex -4.048956607735327 -9.590755201811223 2.5
      vertex -3.9942964258242113 -9.429731498369883 2.5
      vertex -3.9942964258242113 -9.429731498369883 0
    endloop
  endfacet
  facet normal -0.9807852804032305 0.19509032201612794 0
    outer loop
      vertex -3.9942964258242113 -9.429731498369883 2.5
      vertex -3.9611216802140463 -9.262950789622671 0
      vertex -3.9942964258242113 -9.429731498369883 0
    endloop
  endfacet
  facet normal -0.9807852804032305 0.19509032201612794 0
    outer loop
      vertex -3.9942964258242113 -9.429731498369883 2.5
      vertex -3.9611216802140463 -9.262950789622671 2.5
      vertex -3.9611216802140463 -9.262950789622671 0
    endloop
  endfacet
  facet normal -0.9978589232386036 0.06540312923014184 0
    outer loop
      vertex -3.9611216802140463 -9.262950789622671 0
      vertex -3.9611216802140463 -9.262950789622671 2.5
      vertex -3.95 -9.093266739736606 0
    endloop
  endfacet
  facet normal -0.9978589232386036 -0.06540312923014116 0
    outer loop
      vertex -3.95 -9.093266739736606 0
      vertex -3.95 -9.093266739736606 2.5
      vertex -3.9611216802140463 -8.923582689850539 0
    endloop
  endfacet
  facet normal -0.9807852804032302 -0.19509032201612997 0
    outer loop
      vertex -3.9611216802140463 -8.923582689850539 2.5
      vertex -3.9942964258242113 -8.75680198110333 0
      vertex -3.9611216802140463 -8.923582689850539 0
    endloop
  endfacet
  facet normal -0.9978589232386036 0.06540312923014184 0
    outer loop
      vertex -3.9611216802140463 -9.262950789622671 2.5
      vertex -3.95 -9.093266739736606 2.5
      vertex -3.95 -9.093266739736606 0
    endloop
  endfacet
  facet normal -0.9978589232386036 -0.06540312923014116 0
    outer loop
      vertex -3.95 -9.093266739736606 2.5
      vertex -3.9611216802140463 -8.923582689850539 2.5
      vertex -3.9611216802140463 -8.923582689850539 0
    endloop
  endfacet
  facet normal -0.5555702330196091 -0.8314696123025407 0
    outer loop
      vertex -4.6 -7.967433714816835 0
      vertex -4.458610142288664 -8.061907397358 0
      vertex -4.458610142288664 -8.061907397358 2.5
    endloop
  endfacet
  facet normal -0.5555702330196091 -0.8314696123025407 0
    outer loop
      vertex -4.6 -7.967433714816835 2.5
      vertex -4.6 -7.967433714816835 0
      vertex -4.458610142288664 -8.061907397358 2.5
    endloop
  endfacet
  facet normal 0.06540312923013597 -0.9978589232386039 0
    outer loop
      vertex -5.25 -7.793266739736606 2.5
      vertex -5.419684049886067 -7.8043884199506515 0
      vertex -5.25 -7.793266739736606 0
    endloop
  endfacet
  facet normal -0.06540312923013597 -0.9978589232386039 0
    outer loop
      vertex -5.080315950113933 -7.8043884199506515 2.5
      vertex -5.25 -7.793266739736606 0
      vertex -5.080315950113933 -7.8043884199506515 0
    endloop
  endfacet
  facet normal -0.1950903220161375 -0.9807852804032287 0
    outer loop
      vertex -4.9135352413667235 -7.837563165560818 2.5
      vertex -5.080315950113933 -7.8043884199506515 0
      vertex -4.9135352413667235 -7.837563165560818 0
    endloop
  endfacet
  facet normal -0.06540312923013597 -0.9978589232386039 0
    outer loop
      vertex -5.080315950113933 -7.8043884199506515 2.5
      vertex -5.25 -7.793266739736606 2.5
      vertex -5.25 -7.793266739736606 0
    endloop
  endfacet
  facet normal -0.1950903220161375 -0.9807852804032287 0
    outer loop
      vertex -4.9135352413667235 -7.837563165560818 2.5
      vertex -5.080315950113933 -7.8043884199506515 2.5
      vertex -5.080315950113933 -7.8043884199506515 0
    endloop
  endfacet
  facet normal -0.32143946530315937 -0.9469301294951065 0
    outer loop
      vertex -4.7525115379253835 -7.892223347471933 2.5
      vertex -4.9135352413667235 -7.837563165560818 0
      vertex -4.7525115379253835 -7.892223347471933 0
    endloop
  endfacet
  facet normal -0.44228869021899453 -0.8968727415326917 0
    outer loop
      vertex -4.6 -7.967433714816835 2.5
      vertex -4.7525115379253835 -7.892223347471933 0
      vertex -4.6 -7.967433714816835 0
    endloop
  endfacet
  facet normal -0.32143946530315937 -0.9469301294951065 0
    outer loop
      vertex -4.9135352413667235 -7.837563165560818 2.5
      vertex -4.9135352413667235 -7.837563165560818 0
      vertex -4.7525115379253835 -7.892223347471933 2.5
    endloop
  endfacet
  facet normal -0.44228869021899453 -0.8968727415326917 0
    outer loop
      vertex -4.7525115379253835 -7.892223347471933 2.5
      vertex -4.7525115379253835 -7.892223347471933 0
      vertex -4.6 -7.967433714816835 2.5
    endloop
  endfacet
  facet normal -0.9469301294951062 -0.32143946530316014 0
    outer loop
      vertex -3.9942964258242113 -8.75680198110333 2.5
      vertex -4.048956607735327 -8.595778277661989 0
      vertex -3.9942964258242113 -8.75680198110333 0
    endloop
  endfacet
  facet normal -0.8968727415326866 -0.442288690219005 0
    outer loop
      vertex -4.048956607735327 -8.595778277661989 2.5
      vertex -4.124166975080231 -8.443266739736606 0
      vertex -4.048956607735327 -8.595778277661989 0
    endloop
  endfacet
  facet normal -0.9469301294951062 -0.32143946530316014 0
    outer loop
      vertex -3.9942964258242113 -8.75680198110333 2.5
      vertex -4.048956607735327 -8.595778277661989 2.5
      vertex -4.048956607735327 -8.595778277661989 0
    endloop
  endfacet
  facet normal -0.8968727415326866 -0.442288690219005 0
    outer loop
      vertex -4.048956607735327 -8.595778277661989 2.5
      vertex -4.124166975080231 -8.443266739736606 2.5
      vertex -4.124166975080231 -8.443266739736606 0
    endloop
  endfacet
  facet normal -0.7518398074789766 -0.6593458151000697 0
    outer loop
      vertex -4.218640657621394 -8.301876882025269 2.5
      vertex -4.330761184457488 -8.174027924194094 0
      vertex -4.218640657621394 -8.301876882025269 0
    endloop
  endfacet
  facet normal -0.6593458151000671 -0.7518398074789788 0
    outer loop
      vertex -4.458610142288664 -8.061907397358 0
      vertex -4.330761184457488 -8.174027924194094 0
      vertex -4.330761184457488 -8.174027924194094 2.5
    endloop
  endfacet
  facet normal -0.8314696123025471 -0.5555702330195994 0
    outer loop
      vertex -4.124166975080231 -8.443266739736606 0
      vertex -4.124166975080231 -8.443266739736606 2.5
      vertex -4.218640657621394 -8.301876882025269 0
    endloop
  endfacet
  facet normal -0.7518398074789766 -0.6593458151000697 0
    outer loop
      vertex -4.218640657621394 -8.301876882025269 2.5
      vertex -4.330761184457488 -8.174027924194094 2.5
      vertex -4.330761184457488 -8.174027924194094 0
    endloop
  endfacet
  facet normal -0.6593458151000671 -0.7518398074789788 0
    outer loop
      vertex -4.330761184457488 -8.174027924194094 2.5
      vertex -4.458610142288664 -8.061907397358 2.5
      vertex -4.458610142288664 -8.061907397358 0
    endloop
  endfacet
  facet normal -0.8314696123025471 -0.5555702330195994 0
    outer loop
      vertex -4.124166975080231 -8.443266739736606 2.5
      vertex -4.218640657621394 -8.301876882025269 2.5
      vertex -4.218640657621394 -8.301876882025269 0
    endloop
  endfacet
  facet normal -0.9807852804032302 -0.19509032201612997 0
    outer loop
      vertex -3.9611216802140463 -8.923582689850539 2.5
      vertex -3.9942964258242113 -8.75680198110333 2.5
      vertex -3.9942964258242113 -8.75680198110333 0
    endloop
  endfacet
  facet normal 0.8314696123025447 0.555570233019603 0
    outer loop
      vertex 4.12416697508023 -9.743266739736606 2.5
      vertex 4.218640657621394 -9.884656597447943 0
      vertex 4.12416697508023 -9.743266739736606 0
    endloop
  endfacet
  facet normal 0.6593458151000671 0.7518398074789788 0
    outer loop
      vertex 4.330761184457488 -10.012505555279118 2.5
      vertex 4.458610142288664 -10.124626082115212 0
      vertex 4.330761184457488 -10.012505555279118 0
    endloop
  endfacet
  facet normal 0.7518398074789766 0.6593458151000697 0
    outer loop
      vertex 4.218640657621394 -9.884656597447943 2.5
      vertex 4.330761184457488 -10.012505555279118 0
      vertex 4.218640657621394 -9.884656597447943 0
    endloop
  endfacet
  facet normal 0.8314696123025447 0.555570233019603 0
    outer loop
      vertex 4.12416697508023 -9.743266739736606 2.5
      vertex 4.218640657621394 -9.884656597447943 2.5
      vertex 4.218640657621394 -9.884656597447943 0
    endloop
  endfacet
  facet normal 0.7518398074789766 0.6593458151000697 0
    outer loop
      vertex 4.218640657621394 -9.884656597447943 2.5
      vertex 4.330761184457488 -10.012505555279118 2.5
      vertex 4.330761184457488 -10.012505555279118 0
    endloop
  endfacet
  facet normal 0.6593458151000671 0.7518398074789788 0
    outer loop
      vertex 4.458610142288664 -10.124626082115212 2.5
      vertex 4.458610142288664 -10.124626082115212 0
      vertex 4.330761184457488 -10.012505555279118 2.5
    endloop
  endfacet
  facet normal 0.9807852804032305 0.19509032201612794 0
    outer loop
      vertex 3.9611216802140463 -9.262950789622671 2.5
      vertex 3.9942964258242113 -9.429731498369883 0
      vertex 3.9611216802140463 -9.262950789622671 0
    endloop
  endfacet
  facet normal 0.9807852804032305 0.19509032201612794 0
    outer loop
      vertex 3.9611216802140463 -9.262950789622671 2.5
      vertex 3.9942964258242113 -9.429731498369883 2.5
      vertex 3.9942964258242113 -9.429731498369883 0
    endloop
  endfacet
  facet normal 0.9978589232386036 0.06540312923014184 0
    outer loop
      vertex 3.95 -9.093266739736606 2.5
      vertex 3.9611216802140463 -9.262950789622671 0
      vertex 3.95 -9.093266739736606 0
    endloop
  endfacet
  facet normal 0.9978589232386036 -0.06540312923014116 0
    outer loop
      vertex 3.9611216802140463 -8.923582689850539 2.5
      vertex 3.95 -9.093266739736606 0
      vertex 3.9611216802140463 -8.923582689850539 0
    endloop
  endfacet
  facet normal 0.9978589232386036 0.06540312923014184 0
    outer loop
      vertex 3.95 -9.093266739736606 2.5
      vertex 3.9611216802140463 -9.262950789622671 2.5
      vertex 3.9611216802140463 -9.262950789622671 0
    endloop
  endfacet
  facet normal 0.9978589232386036 -0.06540312923014116 0
    outer loop
      vertex 3.9611216802140463 -8.923582689850539 2.5
      vertex 3.95 -9.093266739736606 2.5
      vertex 3.95 -9.093266739736606 0
    endloop
  endfacet
  facet normal 0.9807852804032302 -0.19509032201612997 0
    outer loop
      vertex 3.9942964258242113 -8.75680198110333 2.5
      vertex 3.9611216802140463 -8.923582689850539 2.5
      vertex 3.9611216802140463 -8.923582689850539 0
    endloop
  endfacet
  facet normal 0.8968727415326887 0.4422886902190008 0
    outer loop
      vertex 4.048956607735327 -9.590755201811223 2.5
      vertex 4.12416697508023 -9.743266739736606 0
      vertex 4.048956607735327 -9.590755201811223 0
    endloop
  endfacet
  facet normal 0.9469301294951062 0.32143946530316014 0
    outer loop
      vertex 3.9942964258242113 -9.429731498369883 2.5
      vertex 4.048956607735327 -9.590755201811223 0
      vertex 3.9942964258242113 -9.429731498369883 0
    endloop
  endfacet
  facet normal 0.8968727415326887 0.4422886902190008 0
    outer loop
      vertex 4.048956607735327 -9.590755201811223 2.5
      vertex 4.12416697508023 -9.743266739736606 2.5
      vertex 4.12416697508023 -9.743266739736606 0
    endloop
  endfacet
  facet normal 0.9469301294951062 0.32143946530316014 0
    outer loop
      vertex 3.9942964258242113 -9.429731498369883 2.5
      vertex 4.048956607735327 -9.590755201811223 2.5
      vertex 4.048956607735327 -9.590755201811223 0
    endloop
  endfacet
  facet normal 0.442288690219005 0.8968727415326866 0
    outer loop
      vertex 4.6000000000000005 -10.219099764656375 2.5
      vertex 4.7525115379253835 -10.294310132001279 0
      vertex 4.6000000000000005 -10.219099764656375 0
    endloop
  endfacet
  facet normal 0.3214394653031609 0.9469301294951058 0
    outer loop
      vertex 4.7525115379253835 -10.294310132001279 2.5
      vertex 4.913535241366723 -10.348970313912394 0
      vertex 4.7525115379253835 -10.294310132001279 0
    endloop
  endfacet
  facet normal 0.442288690219005 0.8968727415326866 0
    outer loop
      vertex 4.7525115379253835 -10.294310132001279 2.5
      vertex 4.7525115379253835 -10.294310132001279 0
      vertex 4.6000000000000005 -10.219099764656375 2.5
    endloop
  endfacet
  facet normal 0.3214394653031609 0.9469301294951058 0
    outer loop
      vertex 4.7525115379253835 -10.294310132001279 2.5
      vertex 4.913535241366723 -10.348970313912394 2.5
      vertex 4.913535241366723 -10.348970313912394 0
    endloop
  endfacet
  facet normal 0.5555702330195994 0.8314696123025471 0
    outer loop
      vertex 4.458610142288664 -10.124626082115212 2.5
      vertex 4.6000000000000005 -10.219099764656375 0
      vertex 4.458610142288664 -10.124626082115212 0
    endloop
  endfacet
  facet normal 0.5555702330195994 0.8314696123025471 0
    outer loop
      vertex 4.6000000000000005 -10.219099764656375 2.5
      vertex 4.6000000000000005 -10.219099764656375 0
      vertex 4.458610142288664 -10.124626082115212 2.5
    endloop
  endfacet
  facet normal 0.19509032201612644 0.9807852804032308 0
    outer loop
      vertex 4.913535241366723 -10.348970313912394 2.5
      vertex 5.080315950113933 -10.382145059522559 0
      vertex 4.913535241366723 -10.348970313912394 0
    endloop
  endfacet
  facet normal 0.06540312923013077 0.9978589232386044 0
    outer loop
      vertex 5.080315950113933 -10.382145059522559 2.5
      vertex 5.25 -10.393266739736603 0
      vertex 5.080315950113933 -10.382145059522559 0
    endloop
  endfacet
  facet normal -0.06540312923013077 0.9978589232386044 0
    outer loop
      vertex 5.25 -10.393266739736603 2.5
      vertex 5.419684049886067 -10.382145059522559 0
      vertex 5.25 -10.393266739736603 0
    endloop
  endfacet
  facet normal 0.19509032201612644 0.9807852804032308 0
    outer loop
      vertex 5.080315950113933 -10.382145059522559 2.5
      vertex 5.080315950113933 -10.382145059522559 0
      vertex 4.913535241366723 -10.348970313912394 2.5
    endloop
  endfacet
  facet normal 0.06540312923013077 0.9978589232386044 0
    outer loop
      vertex 5.080315950113933 -10.382145059522559 2.5
      vertex 5.25 -10.393266739736603 2.5
      vertex 5.25 -10.393266739736603 0
    endloop
  endfacet
  facet normal 0.9807852804032302 -0.19509032201612997 0
    outer loop
      vertex 3.9611216802140463 -8.923582689850539 0
      vertex 3.9942964258242113 -8.75680198110333 0
      vertex 3.9942964258242113 -8.75680198110333 2.5
    endloop
  endfacet
  facet normal 0.9469301294951062 -0.32143946530316014 0
    outer loop
      vertex 4.048956607735327 -8.595778277661989 2.5
      vertex 3.9942964258242113 -8.75680198110333 0
      vertex 4.048956607735327 -8.595778277661989 0
    endloop
  endfacet
  facet normal 0.8968727415326866 -0.442288690219005 0
    outer loop
      vertex 4.124166975080231 -8.443266739736606 2.5
      vertex 4.048956607735327 -8.595778277661989 0
      vertex 4.124166975080231 -8.443266739736606 0
    endloop
  endfacet
  facet normal 0.9469301294951062 -0.32143946530316014 0
    outer loop
      vertex 4.048956607735327 -8.595778277661989 2.5
      vertex 3.9942964258242113 -8.75680198110333 2.5
      vertex 3.9942964258242113 -8.75680198110333 0
    endloop
  endfacet
  facet normal 0.8968727415326866 -0.442288690219005 0
    outer loop
      vertex 4.124166975080231 -8.443266739736606 2.5
      vertex 4.048956607735327 -8.595778277661989 2.5
      vertex 4.048956607735327 -8.595778277661989 0
    endloop
  endfacet
  facet normal 0.8314696123025471 -0.5555702330195994 0
    outer loop
      vertex 4.218640657621394 -8.301876882025269 2.5
      vertex 4.124166975080231 -8.443266739736606 0
      vertex 4.218640657621394 -8.301876882025269 0
    endloop
  endfacet
  facet normal 0.7518398074789766 -0.6593458151000697 0
    outer loop
      vertex 4.330761184457488 -8.174027924194094 2.5
      vertex 4.218640657621394 -8.301876882025269 0
      vertex 4.330761184457488 -8.174027924194094 0
    endloop
  endfacet
  facet normal 0.6593458151000671 -0.7518398074789788 0
    outer loop
      vertex 4.458610142288664 -8.061907397358 2.5
      vertex 4.330761184457488 -8.174027924194094 0
      vertex 4.458610142288664 -8.061907397358 0
    endloop
  endfacet
  facet normal 0.8314696123025471 -0.5555702330195994 0
    outer loop
      vertex 4.218640657621394 -8.301876882025269 2.5
      vertex 4.124166975080231 -8.443266739736606 2.5
      vertex 4.124166975080231 -8.443266739736606 0
    endloop
  endfacet
  facet normal 0.7518398074789766 -0.6593458151000697 0
    outer loop
      vertex 4.330761184457488 -8.174027924194094 2.5
      vertex 4.218640657621394 -8.301876882025269 2.5
      vertex 4.218640657621394 -8.301876882025269 0
    endloop
  endfacet
  facet normal 0.6593458151000671 -0.7518398074789788 0
    outer loop
      vertex 4.458610142288664 -8.061907397358 2.5
      vertex 4.330761184457488 -8.174027924194094 2.5
      vertex 4.330761184457488 -8.174027924194094 0
    endloop
  endfacet
  facet normal 0.5555702330196091 -0.8314696123025407 0
    outer loop
      vertex 4.6 -7.967433714816835 2.5
      vertex 4.458610142288664 -8.061907397358 0
      vertex 4.6 -7.967433714816835 0
    endloop
  endfacet
  facet normal 0.5555702330196091 -0.8314696123025407 0
    outer loop
      vertex 4.458610142288664 -8.061907397358 2.5
      vertex 4.458610142288664 -8.061907397358 0
      vertex 4.6 -7.967433714816835 2.5
    endloop
  endfacet
  facet normal 0.44228869021899453 -0.8968727415326917 0
    outer loop
      vertex 4.7525115379253835 -7.892223347471933 2.5
      vertex 4.6 -7.967433714816835 0
      vertex 4.7525115379253835 -7.892223347471933 0
    endloop
  endfacet
  facet normal 0.32143946530315937 -0.9469301294951065 0
    outer loop
      vertex 4.9135352413667235 -7.837563165560818 2.5
      vertex 4.7525115379253835 -7.892223347471933 0
      vertex 4.9135352413667235 -7.837563165560818 0
    endloop
  endfacet
  facet normal 0.44228869021899453 -0.8968727415326917 0
    outer loop
      vertex 4.6 -7.967433714816835 2.5
      vertex 4.6 -7.967433714816835 0
      vertex 4.7525115379253835 -7.892223347471933 2.5
    endloop
  endfacet
  facet normal 0.32143946530315937 -0.9469301294951065 0
    outer loop
      vertex 4.7525115379253835 -7.892223347471933 2.5
      vertex 4.7525115379253835 -7.892223347471933 0
      vertex 4.9135352413667235 -7.837563165560818 2.5
    endloop
  endfacet
  facet normal 0.1950903220161375 -0.9807852804032287 0
    outer loop
      vertex 5.080315950113933 -7.8043884199506515 2.5
      vertex 4.9135352413667235 -7.837563165560818 0
      vertex 5.080315950113933 -7.8043884199506515 0
    endloop
  endfacet
  facet normal 0.06540312923013597 -0.9978589232386039 0
    outer loop
      vertex 5.25 -7.793266739736606 2.5
      vertex 5.080315950113933 -7.8043884199506515 0
      vertex 5.25 -7.793266739736606 0
    endloop
  endfacet
  facet normal 0.1950903220161375 -0.9807852804032287 0
    outer loop
      vertex 4.9135352413667235 -7.837563165560818 2.5
      vertex 4.9135352413667235 -7.837563165560818 0
      vertex 5.080315950113933 -7.8043884199506515 2.5
    endloop
  endfacet
  facet normal 0.06540312923013597 -0.9978589232386039 0
    outer loop
      vertex 5.25 -7.793266739736606 2.5
      vertex 5.080315950113933 -7.8043884199506515 2.5
      vertex 5.080315950113933 -7.8043884199506515 0
    endloop
  endfacet
  facet normal -0.06540312923013597 -0.9978589232386039 0
    outer loop
      vertex 5.419684049886067 -7.8043884199506515 2.5
      vertex 5.25 -7.793266739736606 2.5
      vertex 5.25 -7.793266739736606 0
    endloop
  endfacet
  facet normal -0.1950903220161375 0.9807852804032287 0
    outer loop
      vertex 5.5864647586332765 -10.348970313912393 0
      vertex 5.419684049886067 -10.382145059522559 0
      vertex 5.419684049886067 -10.382145059522559 2.5
    endloop
  endfacet
  facet normal -0.32143946530315 0.9469301294951097 0
    outer loop
      vertex 5.7474884620746165 -10.294310132001279 0
      vertex 5.5864647586332765 -10.348970313912393 0
      vertex 5.5864647586332765 -10.348970313912393 2.5
    endloop
  endfacet
  facet normal -0.06540312923013077 0.9978589232386044 0
    outer loop
      vertex 5.419684049886067 -10.382145059522559 0
      vertex 5.25 -10.393266739736603 2.5
      vertex 5.419684049886067 -10.382145059522559 2.5
    endloop
  endfacet
  facet normal -0.1950903220161375 0.9807852804032287 0
    outer loop
      vertex 5.5864647586332765 -10.348970313912393 2.5
      vertex 5.5864647586332765 -10.348970313912393 0
      vertex 5.419684049886067 -10.382145059522559 2.5
    endloop
  endfacet
  facet normal -0.32143946530315 0.9469301294951097 0
    outer loop
      vertex 5.7474884620746165 -10.294310132001279 2.5
      vertex 5.7474884620746165 -10.294310132001279 0
      vertex 5.5864647586332765 -10.348970313912393 2.5
    endloop
  endfacet
  facet normal -0.44228869021900286 0.8968727415326875 0
    outer loop
      vertex 5.7474884620746165 -10.294310132001279 2.5
      vertex 5.9 -10.219099764656375 0
      vertex 5.7474884620746165 -10.294310132001279 0
    endloop
  endfacet
  facet normal -0.44228869021900286 0.8968727415326875 0
    outer loop
      vertex 5.9 -10.219099764656375 2.5
      vertex 5.9 -10.219099764656375 0
      vertex 5.7474884620746165 -10.294310132001279 2.5
    endloop
  endfacet
  facet normal -0.5555702330196091 0.8314696123025407 0
    outer loop
      vertex 5.9 -10.219099764656375 2.5
      vertex 6.041389857711336 -10.12462608211521 0
      vertex 5.9 -10.219099764656375 0
    endloop
  endfacet
  facet normal -0.6593458151000671 0.7518398074789788 0
    outer loop
      vertex 6.041389857711336 -10.12462608211521 2.5
      vertex 6.169238815542512 -10.012505555279116 0
      vertex 6.041389857711336 -10.12462608211521 0
    endloop
  endfacet
  facet normal -0.7518398074789766 0.6593458151000697 0
    outer loop
      vertex 6.169238815542512 -10.012505555279116 0
      vertex 6.169238815542512 -10.012505555279116 2.5
      vertex 6.281359342378606 -9.884656597447941 0
    endloop
  endfacet
  facet normal -0.5555702330196091 0.8314696123025407 0
    outer loop
      vertex 6.041389857711336 -10.12462608211521 2.5
      vertex 6.041389857711336 -10.12462608211521 0
      vertex 5.9 -10.219099764656375 2.5
    endloop
  endfacet
  facet normal -0.6593458151000671 0.7518398074789788 0
    outer loop
      vertex 6.169238815542512 -10.012505555279116 2.5
      vertex 6.169238815542512 -10.012505555279116 0
      vertex 6.041389857711336 -10.12462608211521 2.5
    endloop
  endfacet
  facet normal -0.8314696123025471 0.5555702330195994 0
    outer loop
      vertex 6.281359342378606 -9.884656597447941 0
      vertex 6.281359342378606 -9.884656597447941 2.5
      vertex 6.375833024919769 -9.743266739736605 0
    endloop
  endfacet
  facet normal -0.7518398074789766 0.6593458151000697 0
    outer loop
      vertex 6.169238815542512 -10.012505555279116 2.5
      vertex 6.281359342378606 -9.884656597447941 2.5
      vertex 6.281359342378606 -9.884656597447941 0
    endloop
  endfacet
  facet normal -0.8314696123025471 0.5555702330195994 0
    outer loop
      vertex 6.281359342378606 -9.884656597447941 2.5
      vertex 6.375833024919769 -9.743266739736605 2.5
      vertex 6.375833024919769 -9.743266739736605 0
    endloop
  endfacet
  facet normal -0.8968727415326866 0.442288690219005 0
    outer loop
      vertex 6.375833024919769 -9.743266739736605 0
      vertex 6.375833024919769 -9.743266739736605 2.5
      vertex 6.451043392264673 -9.590755201811222 0
    endloop
  endfacet
  facet normal -0.9469301294951054 0.3214394653031624 0
    outer loop
      vertex 6.451043392264673 -9.590755201811222 2.5
      vertex 6.505703574175789 -9.42973149836988 0
      vertex 6.451043392264673 -9.590755201811222 0
    endloop
  endfacet
  facet normal -0.9807852804032307 0.19509032201612747 0
    outer loop
      vertex 6.505703574175789 -9.42973149836988 2.5
      vertex 6.538878319785954 -9.262950789622671 0
      vertex 6.505703574175789 -9.42973149836988 0
    endloop
  endfacet
  facet normal -0.8968727415326866 0.442288690219005 0
    outer loop
      vertex 6.375833024919769 -9.743266739736605 2.5
      vertex 6.451043392264673 -9.590755201811222 2.5
      vertex 6.451043392264673 -9.590755201811222 0
    endloop
  endfacet
  facet normal -0.9469301294951054 0.3214394653031624 0
    outer loop
      vertex 6.451043392264673 -9.590755201811222 2.5
      vertex 6.505703574175789 -9.42973149836988 2.5
      vertex 6.505703574175789 -9.42973149836988 0
    endloop
  endfacet
  facet normal -0.9807852804032307 0.19509032201612747 0
    outer loop
      vertex 6.505703574175789 -9.42973149836988 2.5
      vertex 6.538878319785954 -9.262950789622671 2.5
      vertex 6.538878319785954 -9.262950789622671 0
    endloop
  endfacet
  facet normal -0.9978589232386036 0.06540312923014116 0
    outer loop
      vertex 6.538878319785954 -9.262950789622671 0
      vertex 6.538878319785954 -9.262950789622671 2.5
      vertex 6.55 -9.093266739736604 0
    endloop
  endfacet
  facet normal -0.9978589232386036 -0.06540312923014184 0
    outer loop
      vertex 6.55 -9.093266739736604 0
      vertex 6.55 -9.093266739736604 2.5
      vertex 6.538878319785954 -8.923582689850539 0
    endloop
  endfacet
  facet normal -0.98078528040323 -0.19509032201613047 0
    outer loop
      vertex 6.538878319785954 -8.923582689850539 2.5
      vertex 6.505703574175788 -8.756801981103328 0
      vertex 6.538878319785954 -8.923582689850539 0
    endloop
  endfacet
  facet normal -0.9978589232386036 0.06540312923014116 0
    outer loop
      vertex 6.538878319785954 -9.262950789622671 2.5
      vertex 6.55 -9.093266739736604 2.5
      vertex 6.55 -9.093266739736604 0
    endloop
  endfacet
  facet normal -0.9978589232386036 -0.06540312923014184 0
    outer loop
      vertex 6.55 -9.093266739736604 2.5
      vertex 6.538878319785954 -8.923582689850539 2.5
      vertex 6.538878319785954 -8.923582689850539 0
    endloop
  endfacet
  facet normal -0.5555702330195958 -0.8314696123025496 0
    outer loop
      vertex 5.8999999999999995 -7.967433714816836 0
      vertex 6.041389857711336 -8.061907397357999 0
      vertex 6.041389857711336 -8.061907397357999 2.5
    endloop
  endfacet
  facet normal -0.6593458151000671 -0.7518398074789788 0
    outer loop
      vertex 6.041389857711336 -8.061907397357999 0
      vertex 6.169238815542512 -8.174027924194093 0
      vertex 6.169238815542512 -8.174027924194093 2.5
    endloop
  endfacet
  facet normal -0.5555702330195958 -0.8314696123025496 0
    outer loop
      vertex 6.041389857711336 -8.061907397357999 2.5
      vertex 5.8999999999999995 -7.967433714816836 2.5
      vertex 5.8999999999999995 -7.967433714816836 0
    endloop
  endfacet
  facet normal -0.7518398074789812 -0.6593458151000646 0
    outer loop
      vertex 6.281359342378606 -8.301876882025269 2.5
      vertex 6.169238815542512 -8.174027924194093 2.5
      vertex 6.169238815542512 -8.174027924194093 0
    endloop
  endfacet
  facet normal -0.6593458151000671 -0.7518398074789788 0
    outer loop
      vertex 6.041389857711336 -8.061907397357999 2.5
      vertex 6.041389857711336 -8.061907397357999 0
      vertex 6.169238815542512 -8.174027924194093 2.5
    endloop
  endfacet
  facet normal -0.06540312923013597 -0.9978589232386039 0
    outer loop
      vertex 5.419684049886067 -7.8043884199506515 0
      vertex 5.419684049886067 -7.8043884199506515 2.5
      vertex 5.25 -7.793266739736606 0
    endloop
  endfacet
  facet normal -0.1950903220161315 -0.9807852804032299 0
    outer loop
      vertex 5.586464758633277 -7.837563165560817 2.5
      vertex 5.419684049886067 -7.8043884199506515 0
      vertex 5.586464758633277 -7.837563165560817 0
    endloop
  endfacet
  facet normal -0.3214394653031609 -0.9469301294951058 0
    outer loop
      vertex 5.7474884620746165 -7.8922233474719325 2.5
      vertex 5.586464758633277 -7.837563165560817 0
      vertex 5.7474884620746165 -7.8922233474719325 0
    endloop
  endfacet
  facet normal -0.1950903220161315 -0.9807852804032299 0
    outer loop
      vertex 5.586464758633277 -7.837563165560817 2.5
      vertex 5.419684049886067 -7.8043884199506515 2.5
      vertex 5.419684049886067 -7.8043884199506515 0
    endloop
  endfacet
  facet normal -0.3214394653031609 -0.9469301294951058 0
    outer loop
      vertex 5.586464758633277 -7.837563165560817 2.5
      vertex 5.586464758633277 -7.837563165560817 0
      vertex 5.7474884620746165 -7.8922233474719325 2.5
    endloop
  endfacet
  facet normal -0.442288690219005 -0.8968727415326866 0
    outer loop
      vertex 5.7474884620746165 -7.8922233474719325 0
      vertex 5.8999999999999995 -7.967433714816836 0
      vertex 5.8999999999999995 -7.967433714816836 2.5
    endloop
  endfacet
  facet normal -0.442288690219005 -0.8968727415326866 0
    outer loop
      vertex 5.7474884620746165 -7.8922233474719325 0
      vertex 5.8999999999999995 -7.967433714816836 2.5
      vertex 5.7474884620746165 -7.8922233474719325 2.5
    endloop
  endfacet
  facet normal -0.8968727415326887 -0.4422886902190008 0
    outer loop
      vertex 6.451043392264673 -8.595778277661989 2.5
      vertex 6.37583302491977 -8.443266739736606 0
      vertex 6.451043392264673 -8.595778277661989 0
    endloop
  endfacet
  facet normal -0.9469301294951058 -0.3214394653031609 0
    outer loop
      vertex 6.505703574175788 -8.756801981103328 2.5
      vertex 6.451043392264673 -8.595778277661989 0
      vertex 6.505703574175788 -8.756801981103328 0
    endloop
  endfacet
  facet normal -0.8968727415326887 -0.4422886902190008 0
    outer loop
      vertex 6.451043392264673 -8.595778277661989 2.5
      vertex 6.37583302491977 -8.443266739736606 2.5
      vertex 6.37583302491977 -8.443266739736606 0
    endloop
  endfacet
  facet normal -0.98078528040323 -0.19509032201613047 0
    outer loop
      vertex 6.538878319785954 -8.923582689850539 2.5
      vertex 6.505703574175788 -8.756801981103328 2.5
      vertex 6.505703574175788 -8.756801981103328 0
    endloop
  endfacet
  facet normal -0.9469301294951058 -0.3214394653031609 0
    outer loop
      vertex 6.505703574175788 -8.756801981103328 2.5
      vertex 6.451043392264673 -8.595778277661989 2.5
      vertex 6.451043392264673 -8.595778277661989 0
    endloop
  endfacet
  facet normal -0.7518398074789812 -0.6593458151000646 0
    outer loop
      vertex 6.281359342378606 -8.301876882025269 2.5
      vertex 6.169238815542512 -8.174027924194093 0
      vertex 6.281359342378606 -8.301876882025269 0
    endloop
  endfacet
  facet normal -0.8314696123025447 -0.555570233019603 0
    outer loop
      vertex 6.37583302491977 -8.443266739736606 0
      vertex 6.37583302491977 -8.443266739736606 2.5
      vertex 6.281359342378606 -8.301876882025269 0
    endloop
  endfacet
  facet normal -0.8314696123025447 -0.555570233019603 0
    outer loop
      vertex 6.37583302491977 -8.443266739736606 2.5
      vertex 6.281359342378606 -8.301876882025269 2.5
      vertex 6.281359342378606 -8.301876882025269 0
    endloop
  endfacet
  facet normal 0.9469301294951097 0 0.3214394653031496
    outer loop
      vertex 9.208732514237584 -1.25 62.0790482243984
      vertex 9.208732514237584 1.25 62.0790482243984
      vertex 9.162481591082024 -1.25 62.21529905038723
    endloop
  endfacet
  facet normal 0.9807852804032318 0 0.19509032201612198
    outer loop
      vertex 9.162481591082024 -1.25 62.21529905038723
      vertex 9.162481591082024 1.25 62.21529905038723
      vertex 9.134410652488809 -1.25 62.356421188557945
    endloop
  endfacet
  facet normal 0.9978589232386035 0 0.06540312923014494
    outer loop
      vertex 9.134410652488809 -1.25 62.356421188557945
      vertex 9.134410652488809 1.25 62.356421188557945
      vertex 9.125 -1.25 62.5
    endloop
  endfacet
  facet normal 0.8968727415326796 0 0.4422886902190189
    outer loop
      vertex 9.272372055837117 -1.25 61.95
      vertex 9.272372055837117 1.25 61.95
      vertex 9.208732514237584 -1.25 62.0790482243984
    endloop
  endfacet
  facet normal 0.8314696123025477 0 0.5555702330195985
    outer loop
      vertex 9.35231132567964 -1.25 61.83036242809041
      vertex 9.35231132567964 1.25 61.83036242809041
      vertex 9.272372055837117 -1.25 61.95
    endloop
  endfacet
  facet normal 0.9978589232386035 0 -0.06540312923014494
    outer loop
      vertex 9.125 -1.25 62.5
      vertex 9.125 1.25 62.5
      vertex 9.134410652488809 -1.25 62.643578811442055
    endloop
  endfacet
  facet normal 0.9807852804032318 0 -0.19509032201612198
    outer loop
      vertex 9.134410652488809 -1.25 62.643578811442055
      vertex 9.134410652488809 1.25 62.643578811442055
      vertex 9.162481591082024 -1.25 62.78470094961277
    endloop
  endfacet
  facet normal 0.9469301294951097 0 -0.3214394653031496
    outer loop
      vertex 9.162481591082024 -1.25 62.78470094961277
      vertex 9.162481591082024 1.25 62.78470094961277
      vertex 9.208732514237584 -1.25 62.9209517756016
    endloop
  endfacet
  facet normal 0.8968727415326796 0 -0.4422886902190189
    outer loop
      vertex 9.208732514237584 -1.25 62.9209517756016
      vertex 9.208732514237584 1.25 62.9209517756016
      vertex 9.272372055837117 -1.25 63.05
    endloop
  endfacet
  facet normal 0.8314696123025477 0 -0.5555702330195985
    outer loop
      vertex 9.272372055837117 -1.25 63.05
      vertex 9.272372055837117 1.25 63.05
      vertex 9.35231132567964 -1.25 63.16963757190959
    endloop
  endfacet
  facet normal 0.7518398074789899 0 0.6593458151000546
    outer loop
      vertex 9.35231132567964 -1.25 61.83036242809041
      vertex 9.447182540694797 -1.25 61.722182540694796
      vertex 9.447182540694797 1.25 61.722182540694796
    endloop
  endfacet
  facet normal 0.6593458151000591 0 0.751839807478986
    outer loop
      vertex 9.447182540694797 -1.25 61.722182540694796
      vertex 9.555362428090406 -1.25 61.62731132567964
      vertex 9.555362428090406 1.25 61.62731132567964
    endloop
  endfacet
  facet normal 0.5555702330196156 0 0.8314696123025362
    outer loop
      vertex 9.555362428090406 -1.25 61.62731132567964
      vertex 9.674999999999999 -1.25 61.547372055837116
      vertex 9.674999999999999 1.25 61.547372055837116
    endloop
  endfacet
  facet normal 0.44228869021897443 0 0.8968727415327015
    outer loop
      vertex 9.674999999999999 -1.25 61.547372055837116
      vertex 9.8040482243984 -1.25 61.48373251423759
      vertex 9.8040482243984 1.25 61.48373251423759
    endloop
  endfacet
  facet normal 0.7518398074789899 0 -0.6593458151000546
    outer loop
      vertex 9.35231132567964 -1.25 63.16963757190959
      vertex 9.35231132567964 1.25 63.16963757190959
      vertex 9.447182540694797 -1.25 63.277817459305204
    endloop
  endfacet
  facet normal 0.6593458151000591 0 -0.751839807478986
    outer loop
      vertex 9.447182540694797 -1.25 63.277817459305204
      vertex 9.447182540694797 1.25 63.277817459305204
      vertex 9.555362428090406 -1.25 63.37268867432036
    endloop
  endfacet
  facet normal 0.5555702330196156 0 -0.8314696123025362
    outer loop
      vertex 9.674999999999999 -1.25 63.452627944162884
      vertex 9.555362428090406 -1.25 63.37268867432036
      vertex 9.555362428090406 1.25 63.37268867432036
    endloop
  endfacet
  facet normal 0.44228869021897443 0 -0.8968727415327015
    outer loop
      vertex 9.8040482243984 -1.25 63.51626748576241
      vertex 9.674999999999999 -1.25 63.452627944162884
      vertex 9.674999999999999 1.25 63.452627944162884
    endloop
  endfacet
  facet normal 0.32143946530317197 0 0.9469301294951021
    outer loop
      vertex 9.8040482243984 -1.25 61.48373251423759
      vertex 9.940299050387226 -1.25 61.437481591082026
      vertex 9.940299050387226 1.25 61.437481591082026
    endloop
  endfacet
  facet normal 0.19509032201613147 0 0.9807852804032299
    outer loop
      vertex 9.940299050387226 -1.25 61.437481591082026
      vertex 10.081421188557943 -1.25 61.40941065248881
      vertex 10.081421188557943 1.25 61.40941065248881
    endloop
  endfacet
  facet normal 0.06540312923015643 0 0.9978589232386027
    outer loop
      vertex 10.081421188557943 -1.25 61.40941065248881
      vertex 10.225 -1.25 61.4
      vertex 10.225 1.25 61.4
    endloop
  endfacet
  facet normal 0.32143946530317197 0 -0.9469301294951021
    outer loop
      vertex 9.940299050387226 -1.25 63.562518408917974
      vertex 9.8040482243984 -1.25 63.51626748576241
      vertex 9.8040482243984 1.25 63.51626748576241
    endloop
  endfacet
  facet normal 0.19509032201613147 0 -0.9807852804032299
    outer loop
      vertex 10.081421188557943 -1.25 63.59058934751119
      vertex 9.940299050387226 -1.25 63.562518408917974
      vertex 9.940299050387226 1.25 63.562518408917974
    endloop
  endfacet
  facet normal 0.06540312923015643 0 -0.9978589232386027
    outer loop
      vertex 10.225 -1.25 63.6
      vertex 10.081421188557943 -1.25 63.59058934751119
      vertex 10.081421188557943 1.25 63.59058934751119
    endloop
  endfacet
  facet normal -0.06540312923015643 0 0.9978589232386027
    outer loop
      vertex 10.225 -1.25 61.4
      vertex 10.368578811442056 -1.25 61.40941065248881
      vertex 10.368578811442056 1.25 61.40941065248881
    endloop
  endfacet
  facet normal -0.19509032201613147 0 0.9807852804032299
    outer loop
      vertex 10.368578811442056 -1.25 61.40941065248881
      vertex 10.509700949612773 -1.25 61.437481591082026
      vertex 10.509700949612773 1.25 61.437481591082026
    endloop
  endfacet
  facet normal -0.32143946530317197 0 0.9469301294951021
    outer loop
      vertex 10.509700949612773 -1.25 61.437481591082026
      vertex 10.645951775601599 -1.25 61.48373251423759
      vertex 10.645951775601599 1.25 61.48373251423759
    endloop
  endfacet
  facet normal -0.06540312923015643 0 -0.9978589232386027
    outer loop
      vertex 10.368578811442056 -1.25 63.59058934751119
      vertex 10.225 -1.25 63.6
      vertex 10.225 1.25 63.6
    endloop
  endfacet
  facet normal -0.19509032201613147 0 -0.9807852804032299
    outer loop
      vertex 10.509700949612773 -1.25 63.562518408917974
      vertex 10.368578811442056 -1.25 63.59058934751119
      vertex 10.368578811442056 1.25 63.59058934751119
    endloop
  endfacet
  facet normal -0.32143946530317197 0 -0.9469301294951021
    outer loop
      vertex 10.645951775601599 -1.25 63.51626748576241
      vertex 10.509700949612773 -1.25 63.562518408917974
      vertex 10.509700949612773 1.25 63.562518408917974
    endloop
  endfacet
  facet normal -0.44228869021897443 0 0.8968727415327015
    outer loop
      vertex 10.645951775601599 -1.25 61.48373251423759
      vertex 10.775 -1.25 61.547372055837116
      vertex 10.775 1.25 61.547372055837116
    endloop
  endfacet
  facet normal -0.5555702330196156 0 0.8314696123025362
    outer loop
      vertex 10.775 -1.25 61.547372055837116
      vertex 10.894637571909593 -1.25 61.62731132567964
      vertex 10.894637571909593 1.25 61.62731132567964
    endloop
  endfacet
  facet normal -0.6593458151000591 0 0.751839807478986
    outer loop
      vertex 10.894637571909593 -1.25 61.62731132567964
      vertex 11.002817459305202 -1.25 61.722182540694796
      vertex 11.002817459305202 1.25 61.722182540694796
    endloop
  endfacet
  facet normal -0.7518398074789899 0 0.6593458151000546
    outer loop
      vertex 11.09768867432036 -1.25 61.83036242809041
      vertex 11.09768867432036 1.25 61.83036242809041
      vertex 11.002817459305202 -1.25 61.722182540694796
    endloop
  endfacet
  facet normal -0.44228869021897443 0 -0.8968727415327015
    outer loop
      vertex 10.775 -1.25 63.452627944162884
      vertex 10.645951775601599 -1.25 63.51626748576241
      vertex 10.645951775601599 1.25 63.51626748576241
    endloop
  endfacet
  facet normal -0.5555702330196156 0 -0.8314696123025362
    outer loop
      vertex 10.894637571909593 -1.25 63.37268867432036
      vertex 10.775 -1.25 63.452627944162884
      vertex 10.775 1.25 63.452627944162884
    endloop
  endfacet
  facet normal -0.6593458151000591 0 -0.751839807478986
    outer loop
      vertex 11.002817459305202 -1.25 63.277817459305204
      vertex 10.894637571909593 -1.25 63.37268867432036
      vertex 10.894637571909593 1.25 63.37268867432036
    endloop
  endfacet
  facet normal -0.7518398074789899 0 -0.6593458151000546
    outer loop
      vertex 11.002817459305202 -1.25 63.277817459305204
      vertex 11.002817459305202 1.25 63.277817459305204
      vertex 11.09768867432036 -1.25 63.16963757190959
    endloop
  endfacet
  facet normal -0.8314696123025477 0 0.5555702330195985
    outer loop
      vertex 11.177627944162882 -1.25 61.95
      vertex 11.177627944162882 1.25 61.95
      vertex 11.09768867432036 -1.25 61.83036242809041
    endloop
  endfacet
  facet normal -0.8968727415326796 0 0.4422886902190189
    outer loop
      vertex 11.241267485762416 -1.25 62.0790482243984
      vertex 11.241267485762416 1.25 62.0790482243984
      vertex 11.177627944162882 -1.25 61.95
    endloop
  endfacet
  facet normal -0.9469301294951097 0 0.3214394653031496
    outer loop
      vertex 11.287518408917975 -1.25 62.21529905038723
      vertex 11.287518408917975 1.25 62.21529905038723
      vertex 11.241267485762416 -1.25 62.0790482243984
    endloop
  endfacet
  facet normal -0.9807852804032318 0 0.19509032201612198
    outer loop
      vertex 11.31558934751119 -1.25 62.356421188557945
      vertex 11.31558934751119 1.25 62.356421188557945
      vertex 11.287518408917975 -1.25 62.21529905038723
    endloop
  endfacet
  facet normal -0.8968727415326796 0 -0.4422886902190189
    outer loop
      vertex 11.177627944162882 -1.25 63.05
      vertex 11.177627944162882 1.25 63.05
      vertex 11.241267485762416 -1.25 62.9209517756016
    endloop
  endfacet
  facet normal -0.9978589232386035 0 0.06540312923014494
    outer loop
      vertex 11.325 -1.25 62.5
      vertex 11.325 1.25 62.5
      vertex 11.31558934751119 -1.25 62.356421188557945
    endloop
  endfacet
  facet normal -0.9978589232386035 0 -0.06540312923014494
    outer loop
      vertex 11.31558934751119 -1.25 62.643578811442055
      vertex 11.31558934751119 1.25 62.643578811442055
      vertex 11.325 -1.25 62.5
    endloop
  endfacet
  facet normal -0.9807852804032318 0 -0.19509032201612198
    outer loop
      vertex 11.287518408917975 -1.25 62.78470094961277
      vertex 11.287518408917975 1.25 62.78470094961277
      vertex 11.31558934751119 -1.25 62.643578811442055
    endloop
  endfacet
  facet normal -0.9469301294951097 0 -0.3214394653031496
    outer loop
      vertex 11.241267485762416 -1.25 62.9209517756016
      vertex 11.241267485762416 1.25 62.9209517756016
      vertex 11.287518408917975 -1.25 62.78470094961277
    endloop
  endfacet
  facet normal -0.8314696123025477 0 -0.5555702330195985
    outer loop
      vertex 11.09768867432036 -1.25 63.16963757190959
      vertex 11.09768867432036 1.25 63.16963757190959
      vertex 11.177627944162882 -1.25 63.05
    endloop
  endfacet
  facet normal 0.9807852804032318 0 0.19509032201612198
    outer loop
      vertex 9.134410652488809 -1.25 62.356421188557945
      vertex 9.162481591082024 1.25 62.21529905038723
      vertex 9.134410652488809 1.25 62.356421188557945
    endloop
  endfacet
  facet normal 0.9469301294951097 0 0.3214394653031496
    outer loop
      vertex 9.162481591082024 -1.25 62.21529905038723
      vertex 9.208732514237584 1.25 62.0790482243984
      vertex 9.162481591082024 1.25 62.21529905038723
    endloop
  endfacet
  facet normal 0.8968727415326796 0 0.4422886902190189
    outer loop
      vertex 9.208732514237584 -1.25 62.0790482243984
      vertex 9.272372055837117 1.25 61.95
      vertex 9.208732514237584 1.25 62.0790482243984
    endloop
  endfacet
  facet normal 0.8314696123025477 0 0.5555702330195985
    outer loop
      vertex 9.272372055837117 -1.25 61.95
      vertex 9.35231132567964 1.25 61.83036242809041
      vertex 9.272372055837117 1.25 61.95
    endloop
  endfacet
  facet normal 0.9978589232386035 0 0.06540312923014494
    outer loop
      vertex 9.125 -1.25 62.5
      vertex 9.134410652488809 1.25 62.356421188557945
      vertex 9.125 1.25 62.5
    endloop
  endfacet
  facet normal 0.9978589232386035 0 -0.06540312923014494
    outer loop
      vertex 9.134410652488809 -1.25 62.643578811442055
      vertex 9.125 1.25 62.5
      vertex 9.134410652488809 1.25 62.643578811442055
    endloop
  endfacet
  facet normal 0.9807852804032318 0 -0.19509032201612198
    outer loop
      vertex 9.162481591082024 -1.25 62.78470094961277
      vertex 9.134410652488809 1.25 62.643578811442055
      vertex 9.162481591082024 1.25 62.78470094961277
    endloop
  endfacet
  facet normal 0.9469301294951097 0 -0.3214394653031496
    outer loop
      vertex 9.208732514237584 -1.25 62.9209517756016
      vertex 9.162481591082024 1.25 62.78470094961277
      vertex 9.208732514237584 1.25 62.9209517756016
    endloop
  endfacet
  facet normal 0.8968727415326796 0 -0.4422886902190189
    outer loop
      vertex 9.272372055837117 -1.25 63.05
      vertex 9.208732514237584 1.25 62.9209517756016
      vertex 9.272372055837117 1.25 63.05
    endloop
  endfacet
  facet normal 0.8314696123025477 0 -0.5555702330195985
    outer loop
      vertex 9.35231132567964 -1.25 63.16963757190959
      vertex 9.272372055837117 1.25 63.05
      vertex 9.35231132567964 1.25 63.16963757190959
    endloop
  endfacet
  facet normal 0.7518398074789899 0 0.6593458151000546
    outer loop
      vertex 9.35231132567964 -1.25 61.83036242809041
      vertex 9.447182540694797 1.25 61.722182540694796
      vertex 9.35231132567964 1.25 61.83036242809041
    endloop
  endfacet
  facet normal 0.6593458151000591 0 0.751839807478986
    outer loop
      vertex 9.447182540694797 -1.25 61.722182540694796
      vertex 9.555362428090406 1.25 61.62731132567964
      vertex 9.447182540694797 1.25 61.722182540694796
    endloop
  endfacet
  facet normal 0.5555702330196156 0 0.8314696123025362
    outer loop
      vertex 9.555362428090406 -1.25 61.62731132567964
      vertex 9.674999999999999 1.25 61.547372055837116
      vertex 9.555362428090406 1.25 61.62731132567964
    endloop
  endfacet
  facet normal 0.44228869021897443 0 0.8968727415327015
    outer loop
      vertex 9.674999999999999 -1.25 61.547372055837116
      vertex 9.8040482243984 1.25 61.48373251423759
      vertex 9.674999999999999 1.25 61.547372055837116
    endloop
  endfacet
  facet normal 0.7518398074789899 0 -0.6593458151000546
    outer loop
      vertex 9.447182540694797 -1.25 63.277817459305204
      vertex 9.35231132567964 1.25 63.16963757190959
      vertex 9.447182540694797 1.25 63.277817459305204
    endloop
  endfacet
  facet normal 0.6593458151000591 0 -0.751839807478986
    outer loop
      vertex 9.555362428090406 -1.25 63.37268867432036
      vertex 9.447182540694797 1.25 63.277817459305204
      vertex 9.555362428090406 1.25 63.37268867432036
    endloop
  endfacet
  facet normal 0.5555702330196156 0 -0.8314696123025362
    outer loop
      vertex 9.674999999999999 -1.25 63.452627944162884
      vertex 9.555362428090406 1.25 63.37268867432036
      vertex 9.674999999999999 1.25 63.452627944162884
    endloop
  endfacet
  facet normal 0.44228869021897443 0 -0.8968727415327015
    outer loop
      vertex 9.8040482243984 -1.25 63.51626748576241
      vertex 9.674999999999999 1.25 63.452627944162884
      vertex 9.8040482243984 1.25 63.51626748576241
    endloop
  endfacet
  facet normal 0.32143946530317197 0 0.9469301294951021
    outer loop
      vertex 9.8040482243984 -1.25 61.48373251423759
      vertex 9.940299050387226 1.25 61.437481591082026
      vertex 9.8040482243984 1.25 61.48373251423759
    endloop
  endfacet
  facet normal 0.19509032201613147 0 0.9807852804032299
    outer loop
      vertex 9.940299050387226 -1.25 61.437481591082026
      vertex 10.081421188557943 1.25 61.40941065248881
      vertex 9.940299050387226 1.25 61.437481591082026
    endloop
  endfacet
  facet normal 0.06540312923015643 0 0.9978589232386027
    outer loop
      vertex 10.081421188557943 -1.25 61.40941065248881
      vertex 10.225 1.25 61.4
      vertex 10.081421188557943 1.25 61.40941065248881
    endloop
  endfacet
  facet normal 0.32143946530317197 0 -0.9469301294951021
    outer loop
      vertex 9.940299050387226 -1.25 63.562518408917974
      vertex 9.8040482243984 1.25 63.51626748576241
      vertex 9.940299050387226 1.25 63.562518408917974
    endloop
  endfacet
  facet normal 0.19509032201613147 0 -0.9807852804032299
    outer loop
      vertex 10.081421188557943 -1.25 63.59058934751119
      vertex 9.940299050387226 1.25 63.562518408917974
      vertex 10.081421188557943 1.25 63.59058934751119
    endloop
  endfacet
  facet normal 0.06540312923015643 0 -0.9978589232386027
    outer loop
      vertex 10.225 -1.25 63.6
      vertex 10.081421188557943 1.25 63.59058934751119
      vertex 10.225 1.25 63.6
    endloop
  endfacet
  facet normal -0.06540312923015643 0 0.9978589232386027
    outer loop
      vertex 10.225 -1.25 61.4
      vertex 10.368578811442056 1.25 61.40941065248881
      vertex 10.225 1.25 61.4
    endloop
  endfacet
  facet normal -0.19509032201613147 0 0.9807852804032299
    outer loop
      vertex 10.368578811442056 -1.25 61.40941065248881
      vertex 10.509700949612773 1.25 61.437481591082026
      vertex 10.368578811442056 1.25 61.40941065248881
    endloop
  endfacet
  facet normal -0.32143946530317197 0 0.9469301294951021
    outer loop
      vertex 10.509700949612773 -1.25 61.437481591082026
      vertex 10.645951775601599 1.25 61.48373251423759
      vertex 10.509700949612773 1.25 61.437481591082026
    endloop
  endfacet
  facet normal -0.06540312923015643 0 -0.9978589232386027
    outer loop
      vertex 10.368578811442056 -1.25 63.59058934751119
      vertex 10.225 1.25 63.6
      vertex 10.368578811442056 1.25 63.59058934751119
    endloop
  endfacet
  facet normal -0.19509032201613147 0 -0.9807852804032299
    outer loop
      vertex 10.509700949612773 -1.25 63.562518408917974
      vertex 10.368578811442056 1.25 63.59058934751119
      vertex 10.509700949612773 1.25 63.562518408917974
    endloop
  endfacet
  facet normal -0.32143946530317197 0 -0.9469301294951021
    outer loop
      vertex 10.645951775601599 -1.25 63.51626748576241
      vertex 10.509700949612773 1.25 63.562518408917974
      vertex 10.645951775601599 1.25 63.51626748576241
    endloop
  endfacet
  facet normal -0.44228869021897443 0 0.8968727415327015
    outer loop
      vertex 10.645951775601599 -1.25 61.48373251423759
      vertex 10.775 1.25 61.547372055837116
      vertex 10.645951775601599 1.25 61.48373251423759
    endloop
  endfacet
  facet normal -0.5555702330196156 0 0.8314696123025362
    outer loop
      vertex 10.775 -1.25 61.547372055837116
      vertex 10.894637571909593 1.25 61.62731132567964
      vertex 10.775 1.25 61.547372055837116
    endloop
  endfacet
  facet normal -0.6593458151000591 0 0.751839807478986
    outer loop
      vertex 10.894637571909593 -1.25 61.62731132567964
      vertex 11.002817459305202 1.25 61.722182540694796
      vertex 10.894637571909593 1.25 61.62731132567964
    endloop
  endfacet
  facet normal -0.7518398074789899 0 0.6593458151000546
    outer loop
      vertex 11.002817459305202 -1.25 61.722182540694796
      vertex 11.09768867432036 1.25 61.83036242809041
      vertex 11.002817459305202 1.25 61.722182540694796
    endloop
  endfacet
  facet normal -0.44228869021897443 0 -0.8968727415327015
    outer loop
      vertex 10.775 -1.25 63.452627944162884
      vertex 10.645951775601599 1.25 63.51626748576241
      vertex 10.775 1.25 63.452627944162884
    endloop
  endfacet
  facet normal -0.5555702330196156 0 -0.8314696123025362
    outer loop
      vertex 10.894637571909593 -1.25 63.37268867432036
      vertex 10.775 1.25 63.452627944162884
      vertex 10.894637571909593 1.25 63.37268867432036
    endloop
  endfacet
  facet normal -0.6593458151000591 0 -0.751839807478986
    outer loop
      vertex 11.002817459305202 -1.25 63.277817459305204
      vertex 10.894637571909593 1.25 63.37268867432036
      vertex 11.002817459305202 1.25 63.277817459305204
    endloop
  endfacet
  facet normal -0.7518398074789899 0 -0.6593458151000546
    outer loop
      vertex 11.09768867432036 -1.25 63.16963757190959
      vertex 11.002817459305202 1.25 63.277817459305204
      vertex 11.09768867432036 1.25 63.16963757190959
    endloop
  endfacet
  facet normal -0.8314696123025477 0 0.5555702330195985
    outer loop
      vertex 11.09768867432036 -1.25 61.83036242809041
      vertex 11.177627944162882 1.25 61.95
      vertex 11.09768867432036 1.25 61.83036242809041
    endloop
  endfacet
  facet normal -0.8968727415326796 0 0.4422886902190189
    outer loop
      vertex 11.177627944162882 -1.25 61.95
      vertex 11.241267485762416 1.25 62.0790482243984
      vertex 11.177627944162882 1.25 61.95
    endloop
  endfacet
  facet normal -0.9469301294951097 0 0.3214394653031496
    outer loop
      vertex 11.241267485762416 -1.25 62.0790482243984
      vertex 11.287518408917975 1.25 62.21529905038723
      vertex 11.241267485762416 1.25 62.0790482243984
    endloop
  endfacet
  facet normal -0.9807852804032318 0 0.19509032201612198
    outer loop
      vertex 11.287518408917975 -1.25 62.21529905038723
      vertex 11.31558934751119 1.25 62.356421188557945
      vertex 11.287518408917975 1.25 62.21529905038723
    endloop
  endfacet
  facet normal -0.9978589232386035 0 0.06540312923014494
    outer loop
      vertex 11.31558934751119 -1.25 62.356421188557945
      vertex 11.325 1.25 62.5
      vertex 11.31558934751119 1.25 62.356421188557945
    endloop
  endfacet
  facet normal -0.8968727415326796 0 -0.4422886902190189
    outer loop
      vertex 11.241267485762416 -1.25 62.9209517756016
      vertex 11.177627944162882 1.25 63.05
      vertex 11.241267485762416 1.25 62.9209517756016
    endloop
  endfacet
  facet normal -0.9978589232386035 0 -0.06540312923014494
    outer loop
      vertex 11.325 -1.25 62.5
      vertex 11.31558934751119 1.25 62.643578811442055
      vertex 11.325 1.25 62.5
    endloop
  endfacet
  facet normal -0.9807852804032318 0 -0.19509032201612198
    outer loop
      vertex 11.31558934751119 -1.25 62.643578811442055
      vertex 11.287518408917975 1.25 62.78470094961277
      vertex 11.31558934751119 1.25 62.643578811442055
    endloop
  endfacet
  facet normal -0.9469301294951097 0 -0.3214394653031496
    outer loop
      vertex 11.287518408917975 -1.25 62.78470094961277
      vertex 11.241267485762416 1.25 62.9209517756016
      vertex 11.287518408917975 1.25 62.78470094961277
    endloop
  endfacet
  facet normal -0.8314696123025477 0 -0.5555702330195985
    outer loop
      vertex 11.177627944162882 -1.25 63.05
      vertex 11.09768867432036 1.25 63.16963757190959
      vertex 11.177627944162882 1.25 63.05
    endloop
  endfacet
  facet normal 0.9469301294951097 0 0.3214394653031496
    outer loop
      vertex -11.241267485762416 -1.25 62.0790482243984
      vertex -11.241267485762416 1.25 62.0790482243984
      vertex -11.287518408917975 -1.25 62.21529905038723
    endloop
  endfacet
  facet normal 0.9807852804032318 0 0.19509032201612198
    outer loop
      vertex -11.287518408917975 -1.25 62.21529905038723
      vertex -11.287518408917975 1.25 62.21529905038723
      vertex -11.31558934751119 -1.25 62.356421188557945
    endloop
  endfacet
  facet normal 0.9978589232386035 0 0.06540312923014494
    outer loop
      vertex -11.31558934751119 -1.25 62.356421188557945
      vertex -11.31558934751119 1.25 62.356421188557945
      vertex -11.325 -1.25 62.5
    endloop
  endfacet
  facet normal 0.8968727415326796 0 0.4422886902190189
    outer loop
      vertex -11.177627944162882 -1.25 61.95
      vertex -11.177627944162882 1.25 61.95
      vertex -11.241267485762416 -1.25 62.0790482243984
    endloop
  endfacet
  facet normal 0.8314696123025477 0 0.5555702330195985
    outer loop
      vertex -11.09768867432036 -1.25 61.83036242809041
      vertex -11.09768867432036 1.25 61.83036242809041
      vertex -11.177627944162882 -1.25 61.95
    endloop
  endfacet
  facet normal 0.9978589232386035 0 -0.06540312923014494
    outer loop
      vertex -11.325 -1.25 62.5
      vertex -11.325 1.25 62.5
      vertex -11.31558934751119 -1.25 62.643578811442055
    endloop
  endfacet
  facet normal 0.9807852804032318 0 -0.19509032201612198
    outer loop
      vertex -11.31558934751119 -1.25 62.643578811442055
      vertex -11.31558934751119 1.25 62.643578811442055
      vertex -11.287518408917975 -1.25 62.78470094961277
    endloop
  endfacet
  facet normal 0.9469301294951097 0 -0.3214394653031496
    outer loop
      vertex -11.287518408917975 -1.25 62.78470094961277
      vertex -11.287518408917975 1.25 62.78470094961277
      vertex -11.241267485762416 -1.25 62.9209517756016
    endloop
  endfacet
  facet normal 0.8968727415326796 0 -0.4422886902190189
    outer loop
      vertex -11.241267485762416 -1.25 62.9209517756016
      vertex -11.241267485762416 1.25 62.9209517756016
      vertex -11.177627944162882 -1.25 63.05
    endloop
  endfacet
  facet normal 0.8314696123025477 0 -0.5555702330195985
    outer loop
      vertex -11.177627944162882 -1.25 63.05
      vertex -11.177627944162882 1.25 63.05
      vertex -11.09768867432036 -1.25 63.16963757190959
    endloop
  endfacet
  facet normal 0.7518398074789899 0 0.6593458151000546
    outer loop
      vertex -11.09768867432036 -1.25 61.83036242809041
      vertex -11.002817459305202 -1.25 61.722182540694796
      vertex -11.002817459305202 1.25 61.722182540694796
    endloop
  endfacet
  facet normal 0.6593458151000591 0 0.751839807478986
    outer loop
      vertex -11.002817459305202 -1.25 61.722182540694796
      vertex -10.894637571909593 -1.25 61.62731132567964
      vertex -10.894637571909593 1.25 61.62731132567964
    endloop
  endfacet
  facet normal 0.5555702330196156 0 0.8314696123025362
    outer loop
      vertex -10.894637571909593 -1.25 61.62731132567964
      vertex -10.775 -1.25 61.547372055837116
      vertex -10.775 1.25 61.547372055837116
    endloop
  endfacet
  facet normal 0.44228869021897443 0 0.8968727415327015
    outer loop
      vertex -10.775 -1.25 61.547372055837116
      vertex -10.645951775601599 -1.25 61.48373251423759
      vertex -10.645951775601599 1.25 61.48373251423759
    endloop
  endfacet
  facet normal 0.7518398074789899 0 -0.6593458151000546
    outer loop
      vertex -11.09768867432036 -1.25 63.16963757190959
      vertex -11.09768867432036 1.25 63.16963757190959
      vertex -11.002817459305202 -1.25 63.277817459305204
    endloop
  endfacet
  facet normal 0.6593458151000591 0 -0.751839807478986
    outer loop
      vertex -11.002817459305202 -1.25 63.277817459305204
      vertex -11.002817459305202 1.25 63.277817459305204
      vertex -10.894637571909593 -1.25 63.37268867432036
    endloop
  endfacet
  facet normal 0.5555702330196156 0 -0.8314696123025362
    outer loop
      vertex -10.775 -1.25 63.452627944162884
      vertex -10.894637571909593 -1.25 63.37268867432036
      vertex -10.894637571909593 1.25 63.37268867432036
    endloop
  endfacet
  facet normal 0.44228869021897443 0 -0.8968727415327015
    outer loop
      vertex -10.645951775601599 -1.25 63.51626748576241
      vertex -10.775 -1.25 63.452627944162884
      vertex -10.775 1.25 63.452627944162884
    endloop
  endfacet
  facet normal 0.32143946530317197 0 0.9469301294951021
    outer loop
      vertex -10.645951775601599 -1.25 61.48373251423759
      vertex -10.509700949612773 -1.25 61.437481591082026
      vertex -10.509700949612773 1.25 61.437481591082026
    endloop
  endfacet
  facet normal 0.19509032201613147 0 0.9807852804032299
    outer loop
      vertex -10.509700949612773 -1.25 61.437481591082026
      vertex -10.368578811442056 -1.25 61.40941065248881
      vertex -10.368578811442056 1.25 61.40941065248881
    endloop
  endfacet
  facet normal 0.06540312923015643 0 0.9978589232386027
    outer loop
      vertex -10.368578811442056 -1.25 61.40941065248881
      vertex -10.225 -1.25 61.4
      vertex -10.225 1.25 61.4
    endloop
  endfacet
  facet normal 0.32143946530317197 0 -0.9469301294951021
    outer loop
      vertex -10.509700949612773 -1.25 63.562518408917974
      vertex -10.645951775601599 -1.25 63.51626748576241
      vertex -10.645951775601599 1.25 63.51626748576241
    endloop
  endfacet
  facet normal 0.19509032201613147 0 -0.9807852804032299
    outer loop
      vertex -10.368578811442056 -1.25 63.59058934751119
      vertex -10.509700949612773 -1.25 63.562518408917974
      vertex -10.509700949612773 1.25 63.562518408917974
    endloop
  endfacet
  facet normal 0.06540312923015643 0 -0.9978589232386027
    outer loop
      vertex -10.225 -1.25 63.6
      vertex -10.368578811442056 -1.25 63.59058934751119
      vertex -10.368578811442056 1.25 63.59058934751119
    endloop
  endfacet
  facet normal -0.06540312923015643 0 0.9978589232386027
    outer loop
      vertex -10.225 -1.25 61.4
      vertex -10.081421188557943 -1.25 61.40941065248881
      vertex -10.081421188557943 1.25 61.40941065248881
    endloop
  endfacet
  facet normal -0.19509032201613147 0 0.9807852804032299
    outer loop
      vertex -10.081421188557943 -1.25 61.40941065248881
      vertex -9.940299050387226 -1.25 61.437481591082026
      vertex -9.940299050387226 1.25 61.437481591082026
    endloop
  endfacet
  facet normal -0.32143946530317197 0 0.9469301294951021
    outer loop
      vertex -9.940299050387226 -1.25 61.437481591082026
      vertex -9.8040482243984 -1.25 61.48373251423759
      vertex -9.8040482243984 1.25 61.48373251423759
    endloop
  endfacet
  facet normal -0.06540312923015643 0 -0.9978589232386027
    outer loop
      vertex -10.081421188557943 -1.25 63.59058934751119
      vertex -10.225 -1.25 63.6
      vertex -10.225 1.25 63.6
    endloop
  endfacet
  facet normal -0.19509032201613147 0 -0.9807852804032299
    outer loop
      vertex -9.940299050387226 -1.25 63.562518408917974
      vertex -10.081421188557943 -1.25 63.59058934751119
      vertex -10.081421188557943 1.25 63.59058934751119
    endloop
  endfacet
  facet normal -0.32143946530317197 0 -0.9469301294951021
    outer loop
      vertex -9.8040482243984 -1.25 63.51626748576241
      vertex -9.940299050387226 -1.25 63.562518408917974
      vertex -9.940299050387226 1.25 63.562518408917974
    endloop
  endfacet
  facet normal -0.44228869021897443 0 0.8968727415327015
    outer loop
      vertex -9.8040482243984 -1.25 61.48373251423759
      vertex -9.674999999999999 -1.25 61.547372055837116
      vertex -9.674999999999999 1.25 61.547372055837116
    endloop
  endfacet
  facet normal -0.5555702330196156 0 0.8314696123025362
    outer loop
      vertex -9.674999999999999 -1.25 61.547372055837116
      vertex -9.555362428090406 -1.25 61.62731132567964
      vertex -9.555362428090406 1.25 61.62731132567964
    endloop
  endfacet
  facet normal -0.6593458151000591 0 0.751839807478986
    outer loop
      vertex -9.555362428090406 -1.25 61.62731132567964
      vertex -9.447182540694797 -1.25 61.722182540694796
      vertex -9.447182540694797 1.25 61.722182540694796
    endloop
  endfacet
  facet normal -0.7518398074789899 0 0.6593458151000546
    outer loop
      vertex -9.35231132567964 -1.25 61.83036242809041
      vertex -9.35231132567964 1.25 61.83036242809041
      vertex -9.447182540694797 -1.25 61.722182540694796
    endloop
  endfacet
  facet normal -0.44228869021897443 0 -0.8968727415327015
    outer loop
      vertex -9.674999999999999 -1.25 63.452627944162884
      vertex -9.8040482243984 -1.25 63.51626748576241
      vertex -9.8040482243984 1.25 63.51626748576241
    endloop
  endfacet
  facet normal -0.5555702330196156 0 -0.8314696123025362
    outer loop
      vertex -9.555362428090406 -1.25 63.37268867432036
      vertex -9.674999999999999 -1.25 63.452627944162884
      vertex -9.674999999999999 1.25 63.452627944162884
    endloop
  endfacet
  facet normal -0.6593458151000591 0 -0.751839807478986
    outer loop
      vertex -9.447182540694797 -1.25 63.277817459305204
      vertex -9.555362428090406 -1.25 63.37268867432036
      vertex -9.555362428090406 1.25 63.37268867432036
    endloop
  endfacet
  facet normal -0.7518398074789899 0 -0.6593458151000546
    outer loop
      vertex -9.447182540694797 -1.25 63.277817459305204
      vertex -9.447182540694797 1.25 63.277817459305204
      vertex -9.35231132567964 -1.25 63.16963757190959
    endloop
  endfacet
  facet normal -0.8314696123025477 0 0.5555702330195985
    outer loop
      vertex -9.272372055837117 -1.25 61.95
      vertex -9.272372055837117 1.25 61.95
      vertex -9.35231132567964 -1.25 61.83036242809041
    endloop
  endfacet
  facet normal -0.8968727415326796 0 0.4422886902190189
    outer loop
      vertex -9.208732514237584 -1.25 62.0790482243984
      vertex -9.208732514237584 1.25 62.0790482243984
      vertex -9.272372055837117 -1.25 61.95
    endloop
  endfacet
  facet normal -0.9469301294951097 0 0.3214394653031496
    outer loop
      vertex -9.162481591082024 -1.25 62.21529905038723
      vertex -9.162481591082024 1.25 62.21529905038723
      vertex -9.208732514237584 -1.25 62.0790482243984
    endloop
  endfacet
  facet normal -0.9807852804032318 0 0.19509032201612198
    outer loop
      vertex -9.134410652488809 -1.25 62.356421188557945
      vertex -9.134410652488809 1.25 62.356421188557945
      vertex -9.162481591082024 -1.25 62.21529905038723
    endloop
  endfacet
  facet normal -0.8968727415326796 0 -0.4422886902190189
    outer loop
      vertex -9.272372055837117 -1.25 63.05
      vertex -9.272372055837117 1.25 63.05
      vertex -9.208732514237584 -1.25 62.9209517756016
    endloop
  endfacet
  facet normal -0.9978589232386035 0 0.06540312923014494
    outer loop
      vertex -9.125 -1.25 62.5
      vertex -9.125 1.25 62.5
      vertex -9.134410652488809 -1.25 62.356421188557945
    endloop
  endfacet
  facet normal -0.9978589232386035 0 -0.06540312923014494
    outer loop
      vertex -9.134410652488809 -1.25 62.643578811442055
      vertex -9.134410652488809 1.25 62.643578811442055
      vertex -9.125 -1.25 62.5
    endloop
  endfacet
  facet normal -0.9807852804032318 0 -0.19509032201612198
    outer loop
      vertex -9.162481591082024 -1.25 62.78470094961277
      vertex -9.162481591082024 1.25 62.78470094961277
      vertex -9.134410652488809 -1.25 62.643578811442055
    endloop
  endfacet
  facet normal -0.9469301294951097 0 -0.3214394653031496
    outer loop
      vertex -9.208732514237584 -1.25 62.9209517756016
      vertex -9.208732514237584 1.25 62.9209517756016
      vertex -9.162481591082024 -1.25 62.78470094961277
    endloop
  endfacet
  facet normal -0.8314696123025477 0 -0.5555702330195985
    outer loop
      vertex -9.35231132567964 -1.25 63.16963757190959
      vertex -9.35231132567964 1.25 63.16963757190959
      vertex -9.272372055837117 -1.25 63.05
    endloop
  endfacet
  facet normal 0.9807852804032318 0 0.19509032201612198
    outer loop
      vertex -11.31558934751119 -1.25 62.356421188557945
      vertex -11.287518408917975 1.25 62.21529905038723
      vertex -11.31558934751119 1.25 62.356421188557945
    endloop
  endfacet
  facet normal 0.9469301294951097 0 0.3214394653031496
    outer loop
      vertex -11.287518408917975 -1.25 62.21529905038723
      vertex -11.241267485762416 1.25 62.0790482243984
      vertex -11.287518408917975 1.25 62.21529905038723
    endloop
  endfacet
  facet normal 0.8968727415326796 0 0.4422886902190189
    outer loop
      vertex -11.241267485762416 -1.25 62.0790482243984
      vertex -11.177627944162882 1.25 61.95
      vertex -11.241267485762416 1.25 62.0790482243984
    endloop
  endfacet
  facet normal 0.8314696123025477 0 0.5555702330195985
    outer loop
      vertex -11.177627944162882 -1.25 61.95
      vertex -11.09768867432036 1.25 61.83036242809041
      vertex -11.177627944162882 1.25 61.95
    endloop
  endfacet
  facet normal 0.9978589232386035 0 0.06540312923014494
    outer loop
      vertex -11.325 -1.25 62.5
      vertex -11.31558934751119 1.25 62.356421188557945
      vertex -11.325 1.25 62.5
    endloop
  endfacet
  facet normal 0.9978589232386035 0 -0.06540312923014494
    outer loop
      vertex -11.31558934751119 -1.25 62.643578811442055
      vertex -11.325 1.25 62.5
      vertex -11.31558934751119 1.25 62.643578811442055
    endloop
  endfacet
  facet normal 0.9807852804032318 0 -0.19509032201612198
    outer loop
      vertex -11.287518408917975 -1.25 62.78470094961277
      vertex -11.31558934751119 1.25 62.643578811442055
      vertex -11.287518408917975 1.25 62.78470094961277
    endloop
  endfacet
  facet normal 0.9469301294951097 0 -0.3214394653031496
    outer loop
      vertex -11.241267485762416 -1.25 62.9209517756016
      vertex -11.287518408917975 1.25 62.78470094961277
      vertex -11.241267485762416 1.25 62.9209517756016
    endloop
  endfacet
  facet normal 0.8968727415326796 0 -0.4422886902190189
    outer loop
      vertex -11.177627944162882 -1.25 63.05
      vertex -11.241267485762416 1.25 62.9209517756016
      vertex -11.177627944162882 1.25 63.05
    endloop
  endfacet
  facet normal 0.8314696123025477 0 -0.5555702330195985
    outer loop
      vertex -11.09768867432036 -1.25 63.16963757190959
      vertex -11.177627944162882 1.25 63.05
      vertex -11.09768867432036 1.25 63.16963757190959
    endloop
  endfacet
  facet normal 0.7518398074789899 0 0.6593458151000546
    outer loop
      vertex -11.09768867432036 -1.25 61.83036242809041
      vertex -11.002817459305202 1.25 61.722182540694796
      vertex -11.09768867432036 1.25 61.83036242809041
    endloop
  endfacet
  facet normal 0.6593458151000591 0 0.751839807478986
    outer loop
      vertex -11.002817459305202 -1.25 61.722182540694796
      vertex -10.894637571909593 1.25 61.62731132567964
      vertex -11.002817459305202 1.25 61.722182540694796
    endloop
  endfacet
  facet normal 0.5555702330196156 0 0.8314696123025362
    outer loop
      vertex -10.894637571909593 -1.25 61.62731132567964
      vertex -10.775 1.25 61.547372055837116
      vertex -10.894637571909593 1.25 61.62731132567964
    endloop
  endfacet
  facet normal 0.44228869021897443 0 0.8968727415327015
    outer loop
      vertex -10.775 -1.25 61.547372055837116
      vertex -10.645951775601599 1.25 61.48373251423759
      vertex -10.775 1.25 61.547372055837116
    endloop
  endfacet
  facet normal 0.7518398074789899 0 -0.6593458151000546
    outer loop
      vertex -11.002817459305202 -1.25 63.277817459305204
      vertex -11.09768867432036 1.25 63.16963757190959
      vertex -11.002817459305202 1.25 63.277817459305204
    endloop
  endfacet
  facet normal 0.6593458151000591 0 -0.751839807478986
    outer loop
      vertex -10.894637571909593 -1.25 63.37268867432036
      vertex -11.002817459305202 1.25 63.277817459305204
      vertex -10.894637571909593 1.25 63.37268867432036
    endloop
  endfacet
  facet normal 0.5555702330196156 0 -0.8314696123025362
    outer loop
      vertex -10.775 -1.25 63.452627944162884
      vertex -10.894637571909593 1.25 63.37268867432036
      vertex -10.775 1.25 63.452627944162884
    endloop
  endfacet
  facet normal 0.44228869021897443 0 -0.8968727415327015
    outer loop
      vertex -10.645951775601599 -1.25 63.51626748576241
      vertex -10.775 1.25 63.452627944162884
      vertex -10.645951775601599 1.25 63.51626748576241
    endloop
  endfacet
  facet normal 0.32143946530317197 0 0.9469301294951021
    outer loop
      vertex -10.645951775601599 -1.25 61.48373251423759
      vertex -10.509700949612773 1.25 61.437481591082026
      vertex -10.645951775601599 1.25 61.48373251423759
    endloop
  endfacet
  facet normal 0.19509032201613147 0 0.9807852804032299
    outer loop
      vertex -10.509700949612773 -1.25 61.437481591082026
      vertex -10.368578811442056 1.25 61.40941065248881
      vertex -10.509700949612773 1.25 61.437481591082026
    endloop
  endfacet
  facet normal 0.06540312923015643 0 0.9978589232386027
    outer loop
      vertex -10.368578811442056 -1.25 61.40941065248881
      vertex -10.225 1.25 61.4
      vertex -10.368578811442056 1.25 61.40941065248881
    endloop
  endfacet
  facet normal 0.32143946530317197 0 -0.9469301294951021
    outer loop
      vertex -10.509700949612773 -1.25 63.562518408917974
      vertex -10.645951775601599 1.25 63.51626748576241
      vertex -10.509700949612773 1.25 63.562518408917974
    endloop
  endfacet
  facet normal 0.19509032201613147 0 -0.9807852804032299
    outer loop
      vertex -10.368578811442056 -1.25 63.59058934751119
      vertex -10.509700949612773 1.25 63.562518408917974
      vertex -10.368578811442056 1.25 63.59058934751119
    endloop
  endfacet
  facet normal 0.06540312923015643 0 -0.9978589232386027
    outer loop
      vertex -10.225 -1.25 63.6
      vertex -10.368578811442056 1.25 63.59058934751119
      vertex -10.225 1.25 63.6
    endloop
  endfacet
  facet normal -0.06540312923015643 0 0.9978589232386027
    outer loop
      vertex -10.225 -1.25 61.4
      vertex -10.081421188557943 1.25 61.40941065248881
      vertex -10.225 1.25 61.4
    endloop
  endfacet
  facet normal -0.19509032201613147 0 0.9807852804032299
    outer loop
      vertex -10.081421188557943 -1.25 61.40941065248881
      vertex -9.940299050387226 1.25 61.437481591082026
      vertex -10.081421188557943 1.25 61.40941065248881
    endloop
  endfacet
  facet normal -0.32143946530317197 0 0.9469301294951021
    outer loop
      vertex -9.940299050387226 -1.25 61.437481591082026
      vertex -9.8040482243984 1.25 61.48373251423759
      vertex -9.940299050387226 1.25 61.437481591082026
    endloop
  endfacet
  facet normal -0.06540312923015643 0 -0.9978589232386027
    outer loop
      vertex -10.081421188557943 -1.25 63.59058934751119
      vertex -10.225 1.25 63.6
      vertex -10.081421188557943 1.25 63.59058934751119
    endloop
  endfacet
  facet normal -0.19509032201613147 0 -0.9807852804032299
    outer loop
      vertex -9.940299050387226 -1.25 63.562518408917974
      vertex -10.081421188557943 1.25 63.59058934751119
      vertex -9.940299050387226 1.25 63.562518408917974
    endloop
  endfacet
  facet normal -0.32143946530317197 0 -0.9469301294951021
    outer loop
      vertex -9.8040482243984 -1.25 63.51626748576241
      vertex -9.940299050387226 1.25 63.562518408917974
      vertex -9.8040482243984 1.25 63.51626748576241
    endloop
  endfacet
  facet normal -0.44228869021897443 0 0.8968727415327015
    outer loop
      vertex -9.8040482243984 -1.25 61.48373251423759
      vertex -9.674999999999999 1.25 61.547372055837116
      vertex -9.8040482243984 1.25 61.48373251423759
    endloop
  endfacet
  facet normal -0.5555702330196156 0 0.8314696123025362
    outer loop
      vertex -9.674999999999999 -1.25 61.547372055837116
      vertex -9.555362428090406 1.25 61.62731132567964
      vertex -9.674999999999999 1.25 61.547372055837116
    endloop
  endfacet
  facet normal -0.6593458151000591 0 0.751839807478986
    outer loop
      vertex -9.555362428090406 -1.25 61.62731132567964
      vertex -9.447182540694797 1.25 61.722182540694796
      vertex -9.555362428090406 1.25 61.62731132567964
    endloop
  endfacet
  facet normal -0.7518398074789899 0 0.6593458151000546
    outer loop
      vertex -9.447182540694797 -1.25 61.722182540694796
      vertex -9.35231132567964 1.25 61.83036242809041
      vertex -9.447182540694797 1.25 61.722182540694796
    endloop
  endfacet
  facet normal -0.44228869021897443 0 -0.8968727415327015
    outer loop
      vertex -9.674999999999999 -1.25 63.452627944162884
      vertex -9.8040482243984 1.25 63.51626748576241
      vertex -9.674999999999999 1.25 63.452627944162884
    endloop
  endfacet
  facet normal -0.5555702330196156 0 -0.8314696123025362
    outer loop
      vertex -9.555362428090406 -1.25 63.37268867432036
      vertex -9.674999999999999 1.25 63.452627944162884
      vertex -9.555362428090406 1.25 63.37268867432036
    endloop
  endfacet
  facet normal -0.6593458151000591 0 -0.751839807478986
    outer loop
      vertex -9.447182540694797 -1.25 63.277817459305204
      vertex -9.555362428090406 1.25 63.37268867432036
      vertex -9.447182540694797 1.25 63.277817459305204
    endloop
  endfacet
  facet normal -0.7518398074789899 0 -0.6593458151000546
    outer loop
      vertex -9.35231132567964 -1.25 63.16963757190959
      vertex -9.447182540694797 1.25 63.277817459305204
      vertex -9.35231132567964 1.25 63.16963757190959
    endloop
  endfacet
  facet normal -0.8314696123025477 0 0.5555702330195985
    outer loop
      vertex -9.35231132567964 -1.25 61.83036242809041
      vertex -9.272372055837117 1.25 61.95
      vertex -9.35231132567964 1.25 61.83036242809041
    endloop
  endfacet
  facet normal -0.8968727415326796 0 0.4422886902190189
    outer loop
      vertex -9.272372055837117 -1.25 61.95
      vertex -9.208732514237584 1.25 62.0790482243984
      vertex -9.272372055837117 1.25 61.95
    endloop
  endfacet
  facet normal -0.9469301294951097 0 0.3214394653031496
    outer loop
      vertex -9.208732514237584 -1.25 62.0790482243984
      vertex -9.162481591082024 1.25 62.21529905038723
      vertex -9.208732514237584 1.25 62.0790482243984
    endloop
  endfacet
  facet normal -0.9807852804032318 0 0.19509032201612198
    outer loop
      vertex -9.162481591082024 -1.25 62.21529905038723
      vertex -9.134410652488809 1.25 62.356421188557945
      vertex -9.162481591082024 1.25 62.21529905038723
    endloop
  endfacet
  facet normal -0.9978589232386035 0 0.06540312923014494
    outer loop
      vertex -9.134410652488809 -1.25 62.356421188557945
      vertex -9.125 1.25 62.5
      vertex -9.134410652488809 1.25 62.356421188557945
    endloop
  endfacet
  facet normal -0.8968727415326796 0 -0.4422886902190189
    outer loop
      vertex -9.208732514237584 -1.25 62.9209517756016
      vertex -9.272372055837117 1.25 63.05
      vertex -9.208732514237584 1.25 62.9209517756016
    endloop
  endfacet
  facet normal -0.9978589232386035 0 -0.06540312923014494
    outer loop
      vertex -9.125 -1.25 62.5
      vertex -9.134410652488809 1.25 62.643578811442055
      vertex -9.125 1.25 62.5
    endloop
  endfacet
  facet normal -0.9807852804032318 0 -0.19509032201612198
    outer loop
      vertex -9.134410652488809 -1.25 62.643578811442055
      vertex -9.162481591082024 1.25 62.78470094961277
      vertex -9.134410652488809 1.25 62.643578811442055
    endloop
  endfacet
  facet normal -0.9469301294951097 0 -0.3214394653031496
    outer loop
      vertex -9.162481591082024 -1.25 62.78470094961277
      vertex -9.208732514237584 1.25 62.9209517756016
      vertex -9.162481591082024 1.25 62.78470094961277
    endloop
  endfacet
  facet normal -0.8314696123025477 0 -0.5555702330195985
    outer loop
      vertex -9.272372055837117 -1.25 63.05
      vertex -9.35231132567964 1.25 63.16963757190959
      vertex -9.272372055837117 1.25 63.05
    endloop
  endfacet
  facet normal 0.8968727415326894 0 0.44228869021899936
    outer loop
      vertex 9.272372055837117 -1.25 75.82000000000001
      vertex 9.272372055837117 1.25 75.82000000000001
      vertex 9.208732514237584 -1.25 75.94904822439841
    endloop
  endfacet
  facet normal 0.8314696123025477 0 0.5555702330195985
    outer loop
      vertex 9.35231132567964 -1.25 75.70036242809041
      vertex 9.35231132567964 1.25 75.70036242809041
      vertex 9.272372055837117 -1.25 75.82000000000001
    endloop
  endfacet
  facet normal 0.7518398074789685 0 0.6593458151000792
    outer loop
      vertex 9.35231132567964 -1.25 75.70036242809041
      vertex 9.447182540694797 -1.25 75.59218254069481
      vertex 9.447182540694797 1.25 75.59218254069481
    endloop
  endfacet
  facet normal 0.6593458151000868 0 0.7518398074789615
    outer loop
      vertex 9.447182540694797 -1.25 75.59218254069481
      vertex 9.555362428090406 -1.25 75.49731132567965
      vertex 9.555362428090406 1.25 75.49731132567965
    endloop
  endfacet
  facet normal 0.5555702330196156 0 0.8314696123025362
    outer loop
      vertex 9.555362428090406 -1.25 75.49731132567965
      vertex 9.674999999999999 -1.25 75.41737205583712
      vertex 9.674999999999999 1.25 75.41737205583712
    endloop
  endfacet
  facet normal 0.44228869021897443 0 0.8968727415327015
    outer loop
      vertex 9.674999999999999 -1.25 75.41737205583712
      vertex 9.8040482243984 -1.25 75.35373251423759
      vertex 9.8040482243984 1.25 75.35373251423759
    endloop
  endfacet
  facet normal 0.9807852804032318 0 0.19509032201612198
    outer loop
      vertex 9.162481591082024 -1.25 76.08529905038723
      vertex 9.162481591082024 1.25 76.08529905038723
      vertex 9.134410652488809 -1.25 76.22642118855795
    endloop
  endfacet
  facet normal 0.9469301294951046 0 0.32143946530316464
    outer loop
      vertex 9.208732514237584 -1.25 75.94904822439841
      vertex 9.208732514237584 1.25 75.94904822439841
      vertex 9.162481591082024 -1.25 76.08529905038723
    endloop
  endfacet
  facet normal 0.9978589232386035 0 0.06540312923014494
    outer loop
      vertex 9.134410652488809 -1.25 76.22642118855795
      vertex 9.134410652488809 1.25 76.22642118855795
      vertex 9.125 -1.25 76.37
    endloop
  endfacet
  facet normal 0.9978589232386035 0 -0.06540312923014494
    outer loop
      vertex 9.125 -1.25 76.37
      vertex 9.125 1.25 76.37
      vertex 9.134410652488809 -1.25 76.51357881144206
    endloop
  endfacet
  facet normal 0.9807852804032318 0 -0.19509032201612198
    outer loop
      vertex 9.134410652488809 -1.25 76.51357881144206
      vertex 9.134410652488809 1.25 76.51357881144206
      vertex 9.162481591082024 -1.25 76.65470094961277
    endloop
  endfacet
  facet normal 0.9469301294951046 0 -0.32143946530316464
    outer loop
      vertex 9.162481591082024 -1.25 76.65470094961277
      vertex 9.162481591082024 1.25 76.65470094961277
      vertex 9.208732514237584 -1.25 76.7909517756016
    endloop
  endfacet
  facet normal 0.8968727415326894 0 -0.44228869021899936
    outer loop
      vertex 9.208732514237584 -1.25 76.7909517756016
      vertex 9.208732514237584 1.25 76.7909517756016
      vertex 9.272372055837117 -1.25 76.92
    endloop
  endfacet
  facet normal 0.8314696123025477 0 -0.5555702330195985
    outer loop
      vertex 9.272372055837117 -1.25 76.92
      vertex 9.272372055837117 1.25 76.92
      vertex 9.35231132567964 -1.25 77.0396375719096
    endloop
  endfacet
  facet normal 0.7518398074789685 0 -0.6593458151000792
    outer loop
      vertex 9.35231132567964 -1.25 77.0396375719096
      vertex 9.35231132567964 1.25 77.0396375719096
      vertex 9.447182540694797 -1.25 77.1478174593052
    endloop
  endfacet
  facet normal 0.6593458151000868 0 -0.7518398074789615
    outer loop
      vertex 9.447182540694797 -1.25 77.1478174593052
      vertex 9.447182540694797 1.25 77.1478174593052
      vertex 9.555362428090406 -1.25 77.24268867432036
    endloop
  endfacet
  facet normal 0.5555702330196156 0 -0.8314696123025362
    outer loop
      vertex 9.674999999999999 -1.25 77.32262794416289
      vertex 9.555362428090406 -1.25 77.24268867432036
      vertex 9.555362428090406 1.25 77.24268867432036
    endloop
  endfacet
  facet normal 0.44228869021897443 0 -0.8968727415327015
    outer loop
      vertex 9.8040482243984 -1.25 77.38626748576242
      vertex 9.674999999999999 -1.25 77.32262794416289
      vertex 9.674999999999999 1.25 77.32262794416289
    endloop
  endfacet
  facet normal 0.32143946530321627 0 0.946930129495087
    outer loop
      vertex 9.8040482243984 -1.25 75.35373251423759
      vertex 9.940299050387226 -1.25 75.30748159108202
      vertex 9.940299050387226 1.25 75.30748159108202
    endloop
  endfacet
  facet normal 0.19509032201613147 0 0.9807852804032299
    outer loop
      vertex 9.940299050387226 -1.25 75.30748159108202
      vertex 10.081421188557943 -1.25 75.2794106524888
      vertex 10.081421188557943 1.25 75.2794106524888
    endloop
  endfacet
  facet normal 0.06540312923005809 0 0.9978589232386091
    outer loop
      vertex 10.081421188557943 -1.25 75.2794106524888
      vertex 10.225 -1.25 75.27000000000001
      vertex 10.225 1.25 75.27000000000001
    endloop
  endfacet
  facet normal -0.06540312923005809 0 0.9978589232386091
    outer loop
      vertex 10.225 -1.25 75.27000000000001
      vertex 10.368578811442056 -1.25 75.2794106524888
      vertex 10.368578811442056 1.25 75.2794106524888
    endloop
  endfacet
  facet normal -0.19509032201613147 0 0.9807852804032299
    outer loop
      vertex 10.368578811442056 -1.25 75.2794106524888
      vertex 10.509700949612773 -1.25 75.30748159108202
      vertex 10.509700949612773 1.25 75.30748159108202
    endloop
  endfacet
  facet normal -0.32143946530321627 0 0.946930129495087
    outer loop
      vertex 10.509700949612773 -1.25 75.30748159108202
      vertex 10.645951775601599 -1.25 75.35373251423759
      vertex 10.645951775601599 1.25 75.35373251423759
    endloop
  endfacet
  facet normal 0.32143946530321627 0 -0.946930129495087
    outer loop
      vertex 9.940299050387226 -1.25 77.43251840891799
      vertex 9.8040482243984 -1.25 77.38626748576242
      vertex 9.8040482243984 1.25 77.38626748576242
    endloop
  endfacet
  facet normal 0.19509032201613147 0 -0.9807852804032299
    outer loop
      vertex 10.081421188557943 -1.25 77.4605893475112
      vertex 9.940299050387226 -1.25 77.43251840891799
      vertex 9.940299050387226 1.25 77.43251840891799
    endloop
  endfacet
  facet normal 0.06540312923005809 0 -0.9978589232386091
    outer loop
      vertex 10.225 -1.25 77.47
      vertex 10.081421188557943 -1.25 77.4605893475112
      vertex 10.081421188557943 1.25 77.4605893475112
    endloop
  endfacet
  facet normal -0.06540312923005809 0 -0.9978589232386091
    outer loop
      vertex 10.368578811442056 -1.25 77.4605893475112
      vertex 10.225 -1.25 77.47
      vertex 10.225 1.25 77.47
    endloop
  endfacet
  facet normal -0.19509032201613147 0 -0.9807852804032299
    outer loop
      vertex 10.509700949612773 -1.25 77.43251840891799
      vertex 10.368578811442056 -1.25 77.4605893475112
      vertex 10.368578811442056 1.25 77.4605893475112
    endloop
  endfacet
  facet normal -0.32143946530321627 0 -0.946930129495087
    outer loop
      vertex 10.645951775601599 -1.25 77.38626748576242
      vertex 10.509700949612773 -1.25 77.43251840891799
      vertex 10.509700949612773 1.25 77.43251840891799
    endloop
  endfacet
  facet normal -0.44228869021897443 0 0.8968727415327015
    outer loop
      vertex 10.645951775601599 -1.25 75.35373251423759
      vertex 10.775 -1.25 75.41737205583712
      vertex 10.775 1.25 75.41737205583712
    endloop
  endfacet
  facet normal -0.5555702330196156 0 0.8314696123025362
    outer loop
      vertex 10.775 -1.25 75.41737205583712
      vertex 10.894637571909593 -1.25 75.49731132567965
      vertex 10.894637571909593 1.25 75.49731132567965
    endloop
  endfacet
  facet normal -0.6593458151000868 0 0.7518398074789615
    outer loop
      vertex 10.894637571909593 -1.25 75.49731132567965
      vertex 11.002817459305202 -1.25 75.59218254069481
      vertex 11.002817459305202 1.25 75.59218254069481
    endloop
  endfacet
  facet normal -0.7518398074789685 0 0.6593458151000792
    outer loop
      vertex 11.09768867432036 -1.25 75.70036242809041
      vertex 11.09768867432036 1.25 75.70036242809041
      vertex 11.002817459305202 -1.25 75.59218254069481
    endloop
  endfacet
  facet normal -0.8314696123025477 0 0.5555702330195985
    outer loop
      vertex 11.177627944162882 -1.25 75.82000000000001
      vertex 11.177627944162882 1.25 75.82000000000001
      vertex 11.09768867432036 -1.25 75.70036242809041
    endloop
  endfacet
  facet normal -0.8968727415326894 0 0.44228869021899936
    outer loop
      vertex 11.241267485762416 -1.25 75.94904822439841
      vertex 11.241267485762416 1.25 75.94904822439841
      vertex 11.177627944162882 -1.25 75.82000000000001
    endloop
  endfacet
  facet normal -0.7518398074789685 0 -0.6593458151000792
    outer loop
      vertex 11.002817459305202 -1.25 77.1478174593052
      vertex 11.002817459305202 1.25 77.1478174593052
      vertex 11.09768867432036 -1.25 77.0396375719096
    endloop
  endfacet
  facet normal -0.44228869021897443 0 -0.8968727415327015
    outer loop
      vertex 10.775 -1.25 77.32262794416289
      vertex 10.645951775601599 -1.25 77.38626748576242
      vertex 10.645951775601599 1.25 77.38626748576242
    endloop
  endfacet
  facet normal -0.5555702330196156 0 -0.8314696123025362
    outer loop
      vertex 10.894637571909593 -1.25 77.24268867432036
      vertex 10.775 -1.25 77.32262794416289
      vertex 10.775 1.25 77.32262794416289
    endloop
  endfacet
  facet normal -0.6593458151000868 0 -0.7518398074789615
    outer loop
      vertex 11.002817459305202 -1.25 77.1478174593052
      vertex 10.894637571909593 -1.25 77.24268867432036
      vertex 10.894637571909593 1.25 77.24268867432036
    endloop
  endfacet
  facet normal -0.9469301294951046 0 0.32143946530316464
    outer loop
      vertex 11.287518408917975 -1.25 76.08529905038723
      vertex 11.287518408917975 1.25 76.08529905038723
      vertex 11.241267485762416 -1.25 75.94904822439841
    endloop
  endfacet
  facet normal -0.9807852804032318 0 0.19509032201612198
    outer loop
      vertex 11.31558934751119 -1.25 76.22642118855795
      vertex 11.31558934751119 1.25 76.22642118855795
      vertex 11.287518408917975 -1.25 76.08529905038723
    endloop
  endfacet
  facet normal -0.9978589232386035 0 0.06540312923014494
    outer loop
      vertex 11.325 -1.25 76.37
      vertex 11.325 1.25 76.37
      vertex 11.31558934751119 -1.25 76.22642118855795
    endloop
  endfacet
  facet normal -0.9978589232386035 0 -0.06540312923014494
    outer loop
      vertex 11.31558934751119 -1.25 76.51357881144206
      vertex 11.31558934751119 1.25 76.51357881144206
      vertex 11.325 -1.25 76.37
    endloop
  endfacet
  facet normal -0.8314696123025477 0 -0.5555702330195985
    outer loop
      vertex 11.09768867432036 -1.25 77.0396375719096
      vertex 11.09768867432036 1.25 77.0396375719096
      vertex 11.177627944162882 -1.25 76.92
    endloop
  endfacet
  facet normal -0.8968727415326894 0 -0.44228869021899936
    outer loop
      vertex 11.177627944162882 -1.25 76.92
      vertex 11.177627944162882 1.25 76.92
      vertex 11.241267485762416 -1.25 76.7909517756016
    endloop
  endfacet
  facet normal -0.9469301294951046 0 -0.32143946530316464
    outer loop
      vertex 11.241267485762416 -1.25 76.7909517756016
      vertex 11.241267485762416 1.25 76.7909517756016
      vertex 11.287518408917975 -1.25 76.65470094961277
    endloop
  endfacet
  facet normal -0.9807852804032318 0 -0.19509032201612198
    outer loop
      vertex 11.287518408917975 -1.25 76.65470094961277
      vertex 11.287518408917975 1.25 76.65470094961277
      vertex 11.31558934751119 -1.25 76.51357881144206
    endloop
  endfacet
  facet normal 0.8968727415326894 0 0.44228869021899936
    outer loop
      vertex 9.208732514237584 -1.25 75.94904822439841
      vertex 9.272372055837117 1.25 75.82000000000001
      vertex 9.208732514237584 1.25 75.94904822439841
    endloop
  endfacet
  facet normal 0.8314696123025477 0 0.5555702330195985
    outer loop
      vertex 9.272372055837117 -1.25 75.82000000000001
      vertex 9.35231132567964 1.25 75.70036242809041
      vertex 9.272372055837117 1.25 75.82000000000001
    endloop
  endfacet
  facet normal 0.7518398074789685 0 0.6593458151000792
    outer loop
      vertex 9.35231132567964 -1.25 75.70036242809041
      vertex 9.447182540694797 1.25 75.59218254069481
      vertex 9.35231132567964 1.25 75.70036242809041
    endloop
  endfacet
  facet normal 0.6593458151000868 0 0.7518398074789615
    outer loop
      vertex 9.447182540694797 -1.25 75.59218254069481
      vertex 9.555362428090406 1.25 75.49731132567965
      vertex 9.447182540694797 1.25 75.59218254069481
    endloop
  endfacet
  facet normal 0.5555702330196156 0 0.8314696123025362
    outer loop
      vertex 9.555362428090406 -1.25 75.49731132567965
      vertex 9.674999999999999 1.25 75.41737205583712
      vertex 9.555362428090406 1.25 75.49731132567965
    endloop
  endfacet
  facet normal 0.44228869021897443 0 0.8968727415327015
    outer loop
      vertex 9.674999999999999 -1.25 75.41737205583712
      vertex 9.8040482243984 1.25 75.35373251423759
      vertex 9.674999999999999 1.25 75.41737205583712
    endloop
  endfacet
  facet normal 0.9807852804032318 0 0.19509032201612198
    outer loop
      vertex 9.134410652488809 -1.25 76.22642118855795
      vertex 9.162481591082024 1.25 76.08529905038723
      vertex 9.134410652488809 1.25 76.22642118855795
    endloop
  endfacet
  facet normal 0.9469301294951046 0 0.32143946530316464
    outer loop
      vertex 9.162481591082024 -1.25 76.08529905038723
      vertex 9.208732514237584 1.25 75.94904822439841
      vertex 9.162481591082024 1.25 76.08529905038723
    endloop
  endfacet
  facet normal 0.9978589232386035 0 0.06540312923014494
    outer loop
      vertex 9.125 -1.25 76.37
      vertex 9.134410652488809 1.25 76.22642118855795
      vertex 9.125 1.25 76.37
    endloop
  endfacet
  facet normal 0.9978589232386035 0 -0.06540312923014494
    outer loop
      vertex 9.134410652488809 -1.25 76.51357881144206
      vertex 9.125 1.25 76.37
      vertex 9.134410652488809 1.25 76.51357881144206
    endloop
  endfacet
  facet normal 0.9807852804032318 0 -0.19509032201612198
    outer loop
      vertex 9.162481591082024 -1.25 76.65470094961277
      vertex 9.134410652488809 1.25 76.51357881144206
      vertex 9.162481591082024 1.25 76.65470094961277
    endloop
  endfacet
  facet normal 0.9469301294951046 0 -0.32143946530316464
    outer loop
      vertex 9.208732514237584 -1.25 76.7909517756016
      vertex 9.162481591082024 1.25 76.65470094961277
      vertex 9.208732514237584 1.25 76.7909517756016
    endloop
  endfacet
  facet normal 0.8968727415326894 0 -0.44228869021899936
    outer loop
      vertex 9.272372055837117 -1.25 76.92
      vertex 9.208732514237584 1.25 76.7909517756016
      vertex 9.272372055837117 1.25 76.92
    endloop
  endfacet
  facet normal 0.8314696123025477 0 -0.5555702330195985
    outer loop
      vertex 9.35231132567964 -1.25 77.0396375719096
      vertex 9.272372055837117 1.25 76.92
      vertex 9.35231132567964 1.25 77.0396375719096
    endloop
  endfacet
  facet normal 0.7518398074789685 0 -0.6593458151000792
    outer loop
      vertex 9.447182540694797 -1.25 77.1478174593052
      vertex 9.35231132567964 1.25 77.0396375719096
      vertex 9.447182540694797 1.25 77.1478174593052
    endloop
  endfacet
  facet normal 0.6593458151000868 0 -0.7518398074789615
    outer loop
      vertex 9.555362428090406 -1.25 77.24268867432036
      vertex 9.447182540694797 1.25 77.1478174593052
      vertex 9.555362428090406 1.25 77.24268867432036
    endloop
  endfacet
  facet normal 0.5555702330196156 0 -0.8314696123025362
    outer loop
      vertex 9.674999999999999 -1.25 77.32262794416289
      vertex 9.555362428090406 1.25 77.24268867432036
      vertex 9.674999999999999 1.25 77.32262794416289
    endloop
  endfacet
  facet normal 0.44228869021897443 0 -0.8968727415327015
    outer loop
      vertex 9.8040482243984 -1.25 77.38626748576242
      vertex 9.674999999999999 1.25 77.32262794416289
      vertex 9.8040482243984 1.25 77.38626748576242
    endloop
  endfacet
  facet normal 0.19509032201613147 0 0.9807852804032299
    outer loop
      vertex 9.940299050387226 -1.25 75.30748159108202
      vertex 10.081421188557943 1.25 75.2794106524888
      vertex 9.940299050387226 1.25 75.30748159108202
    endloop
  endfacet
  facet normal 0.32143946530321627 0 0.946930129495087
    outer loop
      vertex 9.8040482243984 -1.25 75.35373251423759
      vertex 9.940299050387226 1.25 75.30748159108202
      vertex 9.8040482243984 1.25 75.35373251423759
    endloop
  endfacet
  facet normal 0.06540312923005809 0 0.9978589232386091
    outer loop
      vertex 10.081421188557943 -1.25 75.2794106524888
      vertex 10.225 1.25 75.27000000000001
      vertex 10.081421188557943 1.25 75.2794106524888
    endloop
  endfacet
  facet normal -0.06540312923005809 0 0.9978589232386091
    outer loop
      vertex 10.225 -1.25 75.27000000000001
      vertex 10.368578811442056 1.25 75.2794106524888
      vertex 10.225 1.25 75.27000000000001
    endloop
  endfacet
  facet normal -0.19509032201613147 0 0.9807852804032299
    outer loop
      vertex 10.368578811442056 -1.25 75.2794106524888
      vertex 10.509700949612773 1.25 75.30748159108202
      vertex 10.368578811442056 1.25 75.2794106524888
    endloop
  endfacet
  facet normal -0.32143946530321627 0 0.946930129495087
    outer loop
      vertex 10.509700949612773 -1.25 75.30748159108202
      vertex 10.645951775601599 1.25 75.35373251423759
      vertex 10.509700949612773 1.25 75.30748159108202
    endloop
  endfacet
  facet normal 0.32143946530321627 0 -0.946930129495087
    outer loop
      vertex 9.940299050387226 -1.25 77.43251840891799
      vertex 9.8040482243984 1.25 77.38626748576242
      vertex 9.940299050387226 1.25 77.43251840891799
    endloop
  endfacet
  facet normal 0.19509032201613147 0 -0.9807852804032299
    outer loop
      vertex 10.081421188557943 -1.25 77.4605893475112
      vertex 9.940299050387226 1.25 77.43251840891799
      vertex 10.081421188557943 1.25 77.4605893475112
    endloop
  endfacet
  facet normal 0.06540312923005809 0 -0.9978589232386091
    outer loop
      vertex 10.225 -1.25 77.47
      vertex 10.081421188557943 1.25 77.4605893475112
      vertex 10.225 1.25 77.47
    endloop
  endfacet
  facet normal -0.06540312923005809 0 -0.9978589232386091
    outer loop
      vertex 10.368578811442056 -1.25 77.4605893475112
      vertex 10.225 1.25 77.47
      vertex 10.368578811442056 1.25 77.4605893475112
    endloop
  endfacet
  facet normal -0.19509032201613147 0 -0.9807852804032299
    outer loop
      vertex 10.509700949612773 -1.25 77.43251840891799
      vertex 10.368578811442056 1.25 77.4605893475112
      vertex 10.509700949612773 1.25 77.43251840891799
    endloop
  endfacet
  facet normal -0.32143946530321627 0 -0.946930129495087
    outer loop
      vertex 10.645951775601599 -1.25 77.38626748576242
      vertex 10.509700949612773 1.25 77.43251840891799
      vertex 10.645951775601599 1.25 77.38626748576242
    endloop
  endfacet
  facet normal -0.44228869021897443 0 0.8968727415327015
    outer loop
      vertex 10.645951775601599 -1.25 75.35373251423759
      vertex 10.775 1.25 75.41737205583712
      vertex 10.645951775601599 1.25 75.35373251423759
    endloop
  endfacet
  facet normal -0.5555702330196156 0 0.8314696123025362
    outer loop
      vertex 10.775 -1.25 75.41737205583712
      vertex 10.894637571909593 1.25 75.49731132567965
      vertex 10.775 1.25 75.41737205583712
    endloop
  endfacet
  facet normal -0.6593458151000868 0 0.7518398074789615
    outer loop
      vertex 10.894637571909593 -1.25 75.49731132567965
      vertex 11.002817459305202 1.25 75.59218254069481
      vertex 10.894637571909593 1.25 75.49731132567965
    endloop
  endfacet
  facet normal -0.7518398074789685 0 0.6593458151000792
    outer loop
      vertex 11.002817459305202 -1.25 75.59218254069481
      vertex 11.09768867432036 1.25 75.70036242809041
      vertex 11.002817459305202 1.25 75.59218254069481
    endloop
  endfacet
  facet normal -0.8314696123025477 0 0.5555702330195985
    outer loop
      vertex 11.09768867432036 -1.25 75.70036242809041
      vertex 11.177627944162882 1.25 75.82000000000001
      vertex 11.09768867432036 1.25 75.70036242809041
    endloop
  endfacet
  facet normal -0.8968727415326894 0 0.44228869021899936
    outer loop
      vertex 11.177627944162882 -1.25 75.82000000000001
      vertex 11.241267485762416 1.25 75.94904822439841
      vertex 11.177627944162882 1.25 75.82000000000001
    endloop
  endfacet
  facet normal -0.7518398074789685 0 -0.6593458151000792
    outer loop
      vertex 11.09768867432036 -1.25 77.0396375719096
      vertex 11.002817459305202 1.25 77.1478174593052
      vertex 11.09768867432036 1.25 77.0396375719096
    endloop
  endfacet
  facet normal -0.44228869021897443 0 -0.8968727415327015
    outer loop
      vertex 10.775 -1.25 77.32262794416289
      vertex 10.645951775601599 1.25 77.38626748576242
      vertex 10.775 1.25 77.32262794416289
    endloop
  endfacet
  facet normal -0.5555702330196156 0 -0.8314696123025362
    outer loop
      vertex 10.894637571909593 -1.25 77.24268867432036
      vertex 10.775 1.25 77.32262794416289
      vertex 10.894637571909593 1.25 77.24268867432036
    endloop
  endfacet
  facet normal -0.6593458151000868 0 -0.7518398074789615
    outer loop
      vertex 11.002817459305202 -1.25 77.1478174593052
      vertex 10.894637571909593 1.25 77.24268867432036
      vertex 11.002817459305202 1.25 77.1478174593052
    endloop
  endfacet
  facet normal -0.9469301294951046 0 0.32143946530316464
    outer loop
      vertex 11.241267485762416 -1.25 75.94904822439841
      vertex 11.287518408917975 1.25 76.08529905038723
      vertex 11.241267485762416 1.25 75.94904822439841
    endloop
  endfacet
  facet normal -0.9807852804032318 0 0.19509032201612198
    outer loop
      vertex 11.287518408917975 -1.25 76.08529905038723
      vertex 11.31558934751119 1.25 76.22642118855795
      vertex 11.287518408917975 1.25 76.08529905038723
    endloop
  endfacet
  facet normal -0.9978589232386035 0 0.06540312923014494
    outer loop
      vertex 11.31558934751119 -1.25 76.22642118855795
      vertex 11.325 1.25 76.37
      vertex 11.31558934751119 1.25 76.22642118855795
    endloop
  endfacet
  facet normal -0.9978589232386035 0 -0.06540312923014494
    outer loop
      vertex 11.325 -1.25 76.37
      vertex 11.31558934751119 1.25 76.51357881144206
      vertex 11.325 1.25 76.37
    endloop
  endfacet
  facet normal -0.8968727415326894 0 -0.44228869021899936
    outer loop
      vertex 11.241267485762416 -1.25 76.7909517756016
      vertex 11.177627944162882 1.25 76.92
      vertex 11.241267485762416 1.25 76.7909517756016
    endloop
  endfacet
  facet normal -0.8314696123025477 0 -0.5555702330195985
    outer loop
      vertex 11.177627944162882 -1.25 76.92
      vertex 11.09768867432036 1.25 77.0396375719096
      vertex 11.177627944162882 1.25 76.92
    endloop
  endfacet
  facet normal -0.9469301294951046 0 -0.32143946530316464
    outer loop
      vertex 11.287518408917975 -1.25 76.65470094961277
      vertex 11.241267485762416 1.25 76.7909517756016
      vertex 11.287518408917975 1.25 76.65470094961277
    endloop
  endfacet
  facet normal -0.9807852804032318 0 -0.19509032201612198
    outer loop
      vertex 11.31558934751119 -1.25 76.51357881144206
      vertex 11.287518408917975 1.25 76.65470094961277
      vertex 11.31558934751119 1.25 76.51357881144206
    endloop
  endfacet
  facet normal 0.8968727415326894 0 0.44228869021899936
    outer loop
      vertex -11.177627944162882 -1.25 75.82000000000001
      vertex -11.177627944162882 1.25 75.82000000000001
      vertex -11.241267485762416 -1.25 75.94904822439841
    endloop
  endfacet
  facet normal 0.8314696123025477 0 0.5555702330195985
    outer loop
      vertex -11.09768867432036 -1.25 75.70036242809041
      vertex -11.09768867432036 1.25 75.70036242809041
      vertex -11.177627944162882 -1.25 75.82000000000001
    endloop
  endfacet
  facet normal 0.7518398074789685 0 0.6593458151000792
    outer loop
      vertex -11.09768867432036 -1.25 75.70036242809041
      vertex -11.002817459305202 -1.25 75.59218254069481
      vertex -11.002817459305202 1.25 75.59218254069481
    endloop
  endfacet
  facet normal 0.6593458151000868 0 0.7518398074789615
    outer loop
      vertex -11.002817459305202 -1.25 75.59218254069481
      vertex -10.894637571909593 -1.25 75.49731132567965
      vertex -10.894637571909593 1.25 75.49731132567965
    endloop
  endfacet
  facet normal 0.5555702330196156 0 0.8314696123025362
    outer loop
      vertex -10.894637571909593 -1.25 75.49731132567965
      vertex -10.775 -1.25 75.41737205583712
      vertex -10.775 1.25 75.41737205583712
    endloop
  endfacet
  facet normal 0.44228869021897443 0 0.8968727415327015
    outer loop
      vertex -10.775 -1.25 75.41737205583712
      vertex -10.645951775601599 -1.25 75.35373251423759
      vertex -10.645951775601599 1.25 75.35373251423759
    endloop
  endfacet
  facet normal 0.9807852804032318 0 0.19509032201612198
    outer loop
      vertex -11.287518408917975 -1.25 76.08529905038723
      vertex -11.287518408917975 1.25 76.08529905038723
      vertex -11.31558934751119 -1.25 76.22642118855795
    endloop
  endfacet
  facet normal 0.9469301294951046 0 0.32143946530316464
    outer loop
      vertex -11.241267485762416 -1.25 75.94904822439841
      vertex -11.241267485762416 1.25 75.94904822439841
      vertex -11.287518408917975 -1.25 76.08529905038723
    endloop
  endfacet
  facet normal 0.9978589232386035 0 0.06540312923014494
    outer loop
      vertex -11.31558934751119 -1.25 76.22642118855795
      vertex -11.31558934751119 1.25 76.22642118855795
      vertex -11.325 -1.25 76.37
    endloop
  endfacet
  facet normal 0.9978589232386035 0 -0.06540312923014494
    outer loop
      vertex -11.325 -1.25 76.37
      vertex -11.325 1.25 76.37
      vertex -11.31558934751119 -1.25 76.51357881144206
    endloop
  endfacet
  facet normal 0.9807852804032318 0 -0.19509032201612198
    outer loop
      vertex -11.31558934751119 -1.25 76.51357881144206
      vertex -11.31558934751119 1.25 76.51357881144206
      vertex -11.287518408917975 -1.25 76.65470094961277
    endloop
  endfacet
  facet normal 0.9469301294951046 0 -0.32143946530316464
    outer loop
      vertex -11.287518408917975 -1.25 76.65470094961277
      vertex -11.287518408917975 1.25 76.65470094961277
      vertex -11.241267485762416 -1.25 76.7909517756016
    endloop
  endfacet
  facet normal 0.8968727415326894 0 -0.44228869021899936
    outer loop
      vertex -11.241267485762416 -1.25 76.7909517756016
      vertex -11.241267485762416 1.25 76.7909517756016
      vertex -11.177627944162882 -1.25 76.92
    endloop
  endfacet
  facet normal 0.8314696123025477 0 -0.5555702330195985
    outer loop
      vertex -11.177627944162882 -1.25 76.92
      vertex -11.177627944162882 1.25 76.92
      vertex -11.09768867432036 -1.25 77.0396375719096
    endloop
  endfacet
  facet normal 0.7518398074789685 0 -0.6593458151000792
    outer loop
      vertex -11.09768867432036 -1.25 77.0396375719096
      vertex -11.09768867432036 1.25 77.0396375719096
      vertex -11.002817459305202 -1.25 77.1478174593052
    endloop
  endfacet
  facet normal 0.6593458151000868 0 -0.7518398074789615
    outer loop
      vertex -11.002817459305202 -1.25 77.1478174593052
      vertex -11.002817459305202 1.25 77.1478174593052
      vertex -10.894637571909593 -1.25 77.24268867432036
    endloop
  endfacet
  facet normal 0.5555702330196156 0 -0.8314696123025362
    outer loop
      vertex -10.775 -1.25 77.32262794416289
      vertex -10.894637571909593 -1.25 77.24268867432036
      vertex -10.894637571909593 1.25 77.24268867432036
    endloop
  endfacet
  facet normal 0.44228869021897443 0 -0.8968727415327015
    outer loop
      vertex -10.645951775601599 -1.25 77.38626748576242
      vertex -10.775 -1.25 77.32262794416289
      vertex -10.775 1.25 77.32262794416289
    endloop
  endfacet
  facet normal 0.32143946530321627 0 0.946930129495087
    outer loop
      vertex -10.645951775601599 -1.25 75.35373251423759
      vertex -10.509700949612773 -1.25 75.30748159108202
      vertex -10.509700949612773 1.25 75.30748159108202
    endloop
  endfacet
  facet normal 0.19509032201613147 0 0.9807852804032299
    outer loop
      vertex -10.509700949612773 -1.25 75.30748159108202
      vertex -10.368578811442056 -1.25 75.2794106524888
      vertex -10.368578811442056 1.25 75.2794106524888
    endloop
  endfacet
  facet normal 0.06540312923005809 0 0.9978589232386091
    outer loop
      vertex -10.368578811442056 -1.25 75.2794106524888
      vertex -10.225 -1.25 75.27000000000001
      vertex -10.225 1.25 75.27000000000001
    endloop
  endfacet
  facet normal -0.06540312923005809 0 0.9978589232386091
    outer loop
      vertex -10.225 -1.25 75.27000000000001
      vertex -10.081421188557943 -1.25 75.2794106524888
      vertex -10.081421188557943 1.25 75.2794106524888
    endloop
  endfacet
  facet normal -0.19509032201613147 0 0.9807852804032299
    outer loop
      vertex -10.081421188557943 -1.25 75.2794106524888
      vertex -9.940299050387226 -1.25 75.30748159108202
      vertex -9.940299050387226 1.25 75.30748159108202
    endloop
  endfacet
  facet normal -0.32143946530321627 0 0.946930129495087
    outer loop
      vertex -9.940299050387226 -1.25 75.30748159108202
      vertex -9.8040482243984 -1.25 75.35373251423759
      vertex -9.8040482243984 1.25 75.35373251423759
    endloop
  endfacet
  facet normal 0.32143946530321627 0 -0.946930129495087
    outer loop
      vertex -10.509700949612773 -1.25 77.43251840891799
      vertex -10.645951775601599 -1.25 77.38626748576242
      vertex -10.645951775601599 1.25 77.38626748576242
    endloop
  endfacet
  facet normal 0.19509032201613147 0 -0.9807852804032299
    outer loop
      vertex -10.368578811442056 -1.25 77.4605893475112
      vertex -10.509700949612773 -1.25 77.43251840891799
      vertex -10.509700949612773 1.25 77.43251840891799
    endloop
  endfacet
  facet normal 0.06540312923005809 0 -0.9978589232386091
    outer loop
      vertex -10.225 -1.25 77.47
      vertex -10.368578811442056 -1.25 77.4605893475112
      vertex -10.368578811442056 1.25 77.4605893475112
    endloop
  endfacet
  facet normal -0.06540312923005809 0 -0.9978589232386091
    outer loop
      vertex -10.081421188557943 -1.25 77.4605893475112
      vertex -10.225 -1.25 77.47
      vertex -10.225 1.25 77.47
    endloop
  endfacet
  facet normal -0.19509032201613147 0 -0.9807852804032299
    outer loop
      vertex -9.940299050387226 -1.25 77.43251840891799
      vertex -10.081421188557943 -1.25 77.4605893475112
      vertex -10.081421188557943 1.25 77.4605893475112
    endloop
  endfacet
  facet normal -0.32143946530321627 0 -0.946930129495087
    outer loop
      vertex -9.8040482243984 -1.25 77.38626748576242
      vertex -9.940299050387226 -1.25 77.43251840891799
      vertex -9.940299050387226 1.25 77.43251840891799
    endloop
  endfacet
  facet normal -0.44228869021897443 0 0.8968727415327015
    outer loop
      vertex -9.8040482243984 -1.25 75.35373251423759
      vertex -9.674999999999999 -1.25 75.41737205583712
      vertex -9.674999999999999 1.25 75.41737205583712
    endloop
  endfacet
  facet normal -0.5555702330196156 0 0.8314696123025362
    outer loop
      vertex -9.674999999999999 -1.25 75.41737205583712
      vertex -9.555362428090406 -1.25 75.49731132567965
      vertex -9.555362428090406 1.25 75.49731132567965
    endloop
  endfacet
  facet normal -0.6593458151000868 0 0.7518398074789615
    outer loop
      vertex -9.555362428090406 -1.25 75.49731132567965
      vertex -9.447182540694797 -1.25 75.59218254069481
      vertex -9.447182540694797 1.25 75.59218254069481
    endloop
  endfacet
  facet normal -0.7518398074789685 0 0.6593458151000792
    outer loop
      vertex -9.35231132567964 -1.25 75.70036242809041
      vertex -9.35231132567964 1.25 75.70036242809041
      vertex -9.447182540694797 -1.25 75.59218254069481
    endloop
  endfacet
  facet normal -0.8314696123025477 0 0.5555702330195985
    outer loop
      vertex -9.272372055837117 -1.25 75.82000000000001
      vertex -9.272372055837117 1.25 75.82000000000001
      vertex -9.35231132567964 -1.25 75.70036242809041
    endloop
  endfacet
  facet normal -0.8968727415326894 0 0.44228869021899936
    outer loop
      vertex -9.208732514237584 -1.25 75.94904822439841
      vertex -9.208732514237584 1.25 75.94904822439841
      vertex -9.272372055837117 -1.25 75.82000000000001
    endloop
  endfacet
  facet normal -0.7518398074789685 0 -0.6593458151000792
    outer loop
      vertex -9.35231132567964 -1.25 77.0396375719096
      vertex -9.447182540694797 -1.25 77.1478174593052
      vertex -9.447182540694797 1.25 77.1478174593052
    endloop
  endfacet
  facet normal -0.44228869021897443 0 -0.8968727415327015
    outer loop
      vertex -9.674999999999999 -1.25 77.32262794416289
      vertex -9.8040482243984 -1.25 77.38626748576242
      vertex -9.8040482243984 1.25 77.38626748576242
    endloop
  endfacet
  facet normal -0.5555702330196156 0 -0.8314696123025362
    outer loop
      vertex -9.555362428090406 -1.25 77.24268867432036
      vertex -9.674999999999999 -1.25 77.32262794416289
      vertex -9.674999999999999 1.25 77.32262794416289
    endloop
  endfacet
  facet normal -0.6593458151000868 0 -0.7518398074789615
    outer loop
      vertex -9.447182540694797 -1.25 77.1478174593052
      vertex -9.555362428090406 -1.25 77.24268867432036
      vertex -9.555362428090406 1.25 77.24268867432036
    endloop
  endfacet
  facet normal -0.9469301294951046 0 0.32143946530316464
    outer loop
      vertex -9.162481591082024 -1.25 76.08529905038723
      vertex -9.162481591082024 1.25 76.08529905038723
      vertex -9.208732514237584 -1.25 75.94904822439841
    endloop
  endfacet
  facet normal -0.9807852804032318 0 0.19509032201612198
    outer loop
      vertex -9.134410652488809 -1.25 76.22642118855795
      vertex -9.134410652488809 1.25 76.22642118855795
      vertex -9.162481591082024 -1.25 76.08529905038723
    endloop
  endfacet
  facet normal -0.9978589232386035 0 0.06540312923014494
    outer loop
      vertex -9.125 -1.25 76.37
      vertex -9.125 1.25 76.37
      vertex -9.134410652488809 -1.25 76.22642118855795
    endloop
  endfacet
  facet normal -0.9978589232386035 0 -0.06540312923014494
    outer loop
      vertex -9.134410652488809 -1.25 76.51357881144206
      vertex -9.134410652488809 1.25 76.51357881144206
      vertex -9.125 -1.25 76.37
    endloop
  endfacet
  facet normal -0.8314696123025477 0 -0.5555702330195985
    outer loop
      vertex -9.35231132567964 -1.25 77.0396375719096
      vertex -9.35231132567964 1.25 77.0396375719096
      vertex -9.272372055837117 -1.25 76.92
    endloop
  endfacet
  facet normal -0.8968727415326894 0 -0.44228869021899936
    outer loop
      vertex -9.272372055837117 -1.25 76.92
      vertex -9.272372055837117 1.25 76.92
      vertex -9.208732514237584 -1.25 76.7909517756016
    endloop
  endfacet
  facet normal -0.9469301294951046 0 -0.32143946530316464
    outer loop
      vertex -9.208732514237584 -1.25 76.7909517756016
      vertex -9.208732514237584 1.25 76.7909517756016
      vertex -9.162481591082024 -1.25 76.65470094961277
    endloop
  endfacet
  facet normal -0.9807852804032318 0 -0.19509032201612198
    outer loop
      vertex -9.162481591082024 -1.25 76.65470094961277
      vertex -9.162481591082024 1.25 76.65470094961277
      vertex -9.134410652488809 -1.25 76.51357881144206
    endloop
  endfacet
  facet normal 0.8968727415326894 0 0.44228869021899936
    outer loop
      vertex -11.241267485762416 -1.25 75.94904822439841
      vertex -11.177627944162882 1.25 75.82000000000001
      vertex -11.241267485762416 1.25 75.94904822439841
    endloop
  endfacet
  facet normal 0.8314696123025477 0 0.5555702330195985
    outer loop
      vertex -11.177627944162882 -1.25 75.82000000000001
      vertex -11.09768867432036 1.25 75.70036242809041
      vertex -11.177627944162882 1.25 75.82000000000001
    endloop
  endfacet
  facet normal 0.7518398074789685 0 0.6593458151000792
    outer loop
      vertex -11.09768867432036 -1.25 75.70036242809041
      vertex -11.002817459305202 1.25 75.59218254069481
      vertex -11.09768867432036 1.25 75.70036242809041
    endloop
  endfacet
  facet normal 0.6593458151000868 0 0.7518398074789615
    outer loop
      vertex -11.002817459305202 -1.25 75.59218254069481
      vertex -10.894637571909593 1.25 75.49731132567965
      vertex -11.002817459305202 1.25 75.59218254069481
    endloop
  endfacet
  facet normal 0.5555702330196156 0 0.8314696123025362
    outer loop
      vertex -10.894637571909593 -1.25 75.49731132567965
      vertex -10.775 1.25 75.41737205583712
      vertex -10.894637571909593 1.25 75.49731132567965
    endloop
  endfacet
  facet normal 0.44228869021897443 0 0.8968727415327015
    outer loop
      vertex -10.775 -1.25 75.41737205583712
      vertex -10.645951775601599 1.25 75.35373251423759
      vertex -10.775 1.25 75.41737205583712
    endloop
  endfacet
  facet normal 0.9807852804032318 0 0.19509032201612198
    outer loop
      vertex -11.31558934751119 -1.25 76.22642118855795
      vertex -11.287518408917975 1.25 76.08529905038723
      vertex -11.31558934751119 1.25 76.22642118855795
    endloop
  endfacet
  facet normal 0.9469301294951046 0 0.32143946530316464
    outer loop
      vertex -11.287518408917975 -1.25 76.08529905038723
      vertex -11.241267485762416 1.25 75.94904822439841
      vertex -11.287518408917975 1.25 76.08529905038723
    endloop
  endfacet
  facet normal 0.9978589232386035 0 0.06540312923014494
    outer loop
      vertex -11.325 -1.25 76.37
      vertex -11.31558934751119 1.25 76.22642118855795
      vertex -11.325 1.25 76.37
    endloop
  endfacet
  facet normal 0.9978589232386035 0 -0.06540312923014494
    outer loop
      vertex -11.31558934751119 -1.25 76.51357881144206
      vertex -11.325 1.25 76.37
      vertex -11.31558934751119 1.25 76.51357881144206
    endloop
  endfacet
  facet normal 0.9807852804032318 0 -0.19509032201612198
    outer loop
      vertex -11.287518408917975 -1.25 76.65470094961277
      vertex -11.31558934751119 1.25 76.51357881144206
      vertex -11.287518408917975 1.25 76.65470094961277
    endloop
  endfacet
  facet normal 0.9469301294951046 0 -0.32143946530316464
    outer loop
      vertex -11.241267485762416 -1.25 76.7909517756016
      vertex -11.287518408917975 1.25 76.65470094961277
      vertex -11.241267485762416 1.25 76.7909517756016
    endloop
  endfacet
  facet normal 0.8968727415326894 0 -0.44228869021899936
    outer loop
      vertex -11.177627944162882 -1.25 76.92
      vertex -11.241267485762416 1.25 76.7909517756016
      vertex -11.177627944162882 1.25 76.92
    endloop
  endfacet
  facet normal 0.8314696123025477 0 -0.5555702330195985
    outer loop
      vertex -11.09768867432036 -1.25 77.0396375719096
      vertex -11.177627944162882 1.25 76.92
      vertex -11.09768867432036 1.25 77.0396375719096
    endloop
  endfacet
  facet normal 0.7518398074789685 0 -0.6593458151000792
    outer loop
      vertex -11.002817459305202 -1.25 77.1478174593052
      vertex -11.09768867432036 1.25 77.0396375719096
      vertex -11.002817459305202 1.25 77.1478174593052
    endloop
  endfacet
  facet normal 0.6593458151000868 0 -0.7518398074789615
    outer loop
      vertex -10.894637571909593 -1.25 77.24268867432036
      vertex -11.002817459305202 1.25 77.1478174593052
      vertex -10.894637571909593 1.25 77.24268867432036
    endloop
  endfacet
  facet normal 0.5555702330196156 0 -0.8314696123025362
    outer loop
      vertex -10.775 -1.25 77.32262794416289
      vertex -10.894637571909593 1.25 77.24268867432036
      vertex -10.775 1.25 77.32262794416289
    endloop
  endfacet
  facet normal 0.44228869021897443 0 -0.8968727415327015
    outer loop
      vertex -10.645951775601599 -1.25 77.38626748576242
      vertex -10.775 1.25 77.32262794416289
      vertex -10.645951775601599 1.25 77.38626748576242
    endloop
  endfacet
  facet normal 0.19509032201613147 0 0.9807852804032299
    outer loop
      vertex -10.509700949612773 -1.25 75.30748159108202
      vertex -10.368578811442056 1.25 75.2794106524888
      vertex -10.509700949612773 1.25 75.30748159108202
    endloop
  endfacet
  facet normal 0.32143946530321627 0 0.946930129495087
    outer loop
      vertex -10.645951775601599 -1.25 75.35373251423759
      vertex -10.509700949612773 1.25 75.30748159108202
      vertex -10.645951775601599 1.25 75.35373251423759
    endloop
  endfacet
  facet normal 0.06540312923005809 0 0.9978589232386091
    outer loop
      vertex -10.368578811442056 -1.25 75.2794106524888
      vertex -10.225 1.25 75.27000000000001
      vertex -10.368578811442056 1.25 75.2794106524888
    endloop
  endfacet
  facet normal -0.06540312923005809 0 0.9978589232386091
    outer loop
      vertex -10.225 -1.25 75.27000000000001
      vertex -10.081421188557943 1.25 75.2794106524888
      vertex -10.225 1.25 75.27000000000001
    endloop
  endfacet
  facet normal -0.19509032201613147 0 0.9807852804032299
    outer loop
      vertex -10.081421188557943 -1.25 75.2794106524888
      vertex -9.940299050387226 1.25 75.30748159108202
      vertex -10.081421188557943 1.25 75.2794106524888
    endloop
  endfacet
  facet normal -0.32143946530321627 0 0.946930129495087
    outer loop
      vertex -9.940299050387226 -1.25 75.30748159108202
      vertex -9.8040482243984 1.25 75.35373251423759
      vertex -9.940299050387226 1.25 75.30748159108202
    endloop
  endfacet
  facet normal 0.32143946530321627 0 -0.946930129495087
    outer loop
      vertex -10.509700949612773 -1.25 77.43251840891799
      vertex -10.645951775601599 1.25 77.38626748576242
      vertex -10.509700949612773 1.25 77.43251840891799
    endloop
  endfacet
  facet normal 0.19509032201613147 0 -0.9807852804032299
    outer loop
      vertex -10.368578811442056 -1.25 77.4605893475112
      vertex -10.509700949612773 1.25 77.43251840891799
      vertex -10.368578811442056 1.25 77.4605893475112
    endloop
  endfacet
  facet normal 0.06540312923005809 0 -0.9978589232386091
    outer loop
      vertex -10.225 -1.25 77.47
      vertex -10.368578811442056 1.25 77.4605893475112
      vertex -10.225 1.25 77.47
    endloop
  endfacet
  facet normal -0.06540312923005809 0 -0.9978589232386091
    outer loop
      vertex -10.081421188557943 -1.25 77.4605893475112
      vertex -10.225 1.25 77.47
      vertex -10.081421188557943 1.25 77.4605893475112
    endloop
  endfacet
  facet normal -0.19509032201613147 0 -0.9807852804032299
    outer loop
      vertex -9.940299050387226 -1.25 77.43251840891799
      vertex -10.081421188557943 1.25 77.4605893475112
      vertex -9.940299050387226 1.25 77.43251840891799
    endloop
  endfacet
  facet normal -0.32143946530321627 0 -0.946930129495087
    outer loop
      vertex -9.8040482243984 -1.25 77.38626748576242
      vertex -9.940299050387226 1.25 77.43251840891799
      vertex -9.8040482243984 1.25 77.38626748576242
    endloop
  endfacet
  facet normal -0.44228869021897443 0 0.8968727415327015
    outer loop
      vertex -9.8040482243984 -1.25 75.35373251423759
      vertex -9.674999999999999 1.25 75.41737205583712
      vertex -9.8040482243984 1.25 75.35373251423759
    endloop
  endfacet
  facet normal -0.5555702330196156 0 0.8314696123025362
    outer loop
      vertex -9.674999999999999 -1.25 75.41737205583712
      vertex -9.555362428090406 1.25 75.49731132567965
      vertex -9.674999999999999 1.25 75.41737205583712
    endloop
  endfacet
  facet normal -0.6593458151000868 0 0.7518398074789615
    outer loop
      vertex -9.555362428090406 -1.25 75.49731132567965
      vertex -9.447182540694797 1.25 75.59218254069481
      vertex -9.555362428090406 1.25 75.49731132567965
    endloop
  endfacet
  facet normal -0.7518398074789685 0 0.6593458151000792
    outer loop
      vertex -9.447182540694797 -1.25 75.59218254069481
      vertex -9.35231132567964 1.25 75.70036242809041
      vertex -9.447182540694797 1.25 75.59218254069481
    endloop
  endfacet
  facet normal -0.8314696123025477 0 0.5555702330195985
    outer loop
      vertex -9.35231132567964 -1.25 75.70036242809041
      vertex -9.272372055837117 1.25 75.82000000000001
      vertex -9.35231132567964 1.25 75.70036242809041
    endloop
  endfacet
  facet normal -0.8968727415326894 0 0.44228869021899936
    outer loop
      vertex -9.272372055837117 -1.25 75.82000000000001
      vertex -9.208732514237584 1.25 75.94904822439841
      vertex -9.272372055837117 1.25 75.82000000000001
    endloop
  endfacet
  facet normal -0.7518398074789685 0 -0.6593458151000792
    outer loop
      vertex -9.35231132567964 -1.25 77.0396375719096
      vertex -9.447182540694797 1.25 77.1478174593052
      vertex -9.35231132567964 1.25 77.0396375719096
    endloop
  endfacet
  facet normal -0.44228869021897443 0 -0.8968727415327015
    outer loop
      vertex -9.674999999999999 -1.25 77.32262794416289
      vertex -9.8040482243984 1.25 77.38626748576242
      vertex -9.674999999999999 1.25 77.32262794416289
    endloop
  endfacet
  facet normal -0.5555702330196156 0 -0.8314696123025362
    outer loop
      vertex -9.555362428090406 -1.25 77.24268867432036
      vertex -9.674999999999999 1.25 77.32262794416289
      vertex -9.555362428090406 1.25 77.24268867432036
    endloop
  endfacet
  facet normal -0.6593458151000868 0 -0.7518398074789615
    outer loop
      vertex -9.447182540694797 -1.25 77.1478174593052
      vertex -9.555362428090406 1.25 77.24268867432036
      vertex -9.447182540694797 1.25 77.1478174593052
    endloop
  endfacet
  facet normal -0.9469301294951046 0 0.32143946530316464
    outer loop
      vertex -9.208732514237584 -1.25 75.94904822439841
      vertex -9.162481591082024 1.25 76.08529905038723
      vertex -9.208732514237584 1.25 75.94904822439841
    endloop
  endfacet
  facet normal -0.9807852804032318 0 0.19509032201612198
    outer loop
      vertex -9.162481591082024 -1.25 76.08529905038723
      vertex -9.134410652488809 1.25 76.22642118855795
      vertex -9.162481591082024 1.25 76.08529905038723
    endloop
  endfacet
  facet normal -0.9978589232386035 0 0.06540312923014494
    outer loop
      vertex -9.134410652488809 -1.25 76.22642118855795
      vertex -9.125 1.25 76.37
      vertex -9.134410652488809 1.25 76.22642118855795
    endloop
  endfacet
  facet normal -0.9978589232386035 0 -0.06540312923014494
    outer loop
      vertex -9.125 -1.25 76.37
      vertex -9.134410652488809 1.25 76.51357881144206
      vertex -9.125 1.25 76.37
    endloop
  endfacet
  facet normal -0.8968727415326894 0 -0.44228869021899936
    outer loop
      vertex -9.208732514237584 -1.25 76.7909517756016
      vertex -9.272372055837117 1.25 76.92
      vertex -9.208732514237584 1.25 76.7909517756016
    endloop
  endfacet
  facet normal -0.8314696123025477 0 -0.5555702330195985
    outer loop
      vertex -9.272372055837117 -1.25 76.92
      vertex -9.35231132567964 1.25 77.0396375719096
      vertex -9.272372055837117 1.25 76.92
    endloop
  endfacet
  facet normal -0.9469301294951046 0 -0.32143946530316464
    outer loop
      vertex -9.162481591082024 -1.25 76.65470094961277
      vertex -9.208732514237584 1.25 76.7909517756016
      vertex -9.162481591082024 1.25 76.65470094961277
    endloop
  endfacet
  facet normal -0.9807852804032318 0 -0.19509032201612198
    outer loop
      vertex -9.134410652488809 -1.25 76.51357881144206
      vertex -9.162481591082024 1.25 76.65470094961277
      vertex -9.134410652488809 1.25 76.51357881144206
    endloop
  endfacet
endsolid OpenSCAD_Model
