solid OpenSCAD_Model
  facet normal -0.44773870004347854 0 0.8941644459960236
    outer loop
      vertex -14.225 9.5 2.5
      vertex -3.75 -15 7.745190528383289
      vertex -3.75 -13 7.745190528383289
    endloop
  endfacet
  facet normal -0.6058315733292338 -0.09799216966708171 0.7895350780309658
    outer loop
      vertex -14.225 7.5 2.5
      vertex -5.303300858899107 -15 6.553300858899107
      vertex -3.75 -15 7.745190528383289
    endloop
  endfacet
  facet normal -0.38241872148014777 0.03718826796348224 0.9232404639027502
    outer loop
      vertex -14.225 9.5 2.5
      vertex -3.75 -13 7.745190528383289
      vertex -4.227771575905914 -8.811645648476244 7.378583504101444
    endloop
  endfacet
  facet normal -0.12816394515889504 0.1893890762116992 0.9735018135437585
    outer loop
      vertex -14.225 9.5 2.5
      vertex -5.303300858899107 -5.297345409721348 6.553300858899107
      vertex -5.457721941462762 -4.3673993896019585 6.3520553860005435
    endloop
  endfacet
  facet normal -0.1281639451588947 0.18938907621169843 0.9735018135437589
    outer loop
      vertex -14.225 9.5 2.5
      vertex -4.227771575905914 -8.811645648476244 7.378583504101444
      vertex -5.303300858899107 -5.297345409721348 6.553300858899107
    endloop
  endfacet
  facet normal -0.8908379223035856 -0.2650450905005142 0.3689971492944152
    outer loop
      vertex -7.244443697168013 -15 3.1911428382689055
      vertex -6.495190528383289 -15 5
      vertex -14.225 7.5 2.5
    endloop
  endfacet
  facet normal -0.7772038185125374 -0.20074283444233154 0.5963694651049711
    outer loop
      vertex -14.225 7.5 2.5
      vertex -6.495190528383289 -15 5
      vertex -5.303300858899107 -15 6.553300858899107
    endloop
  endfacet
  facet normal 0 -1 0
    outer loop
      vertex -7.244443697168013 -15 3.1911428382689055
      vertex -7.5 -15 1.25
      vertex -7.244443697168013 -15 1.8669674922469097
    endloop
  endfacet
  facet normal -0.9486911980282224 -0.29049201172507944 0.12489756565959402
    outer loop
      vertex -7.244443697168013 -15 3.1911428382689055
      vertex -14.225 7.5 2.5
      vertex -7.5 -15 1.25
    endloop
  endfacet
  facet normal -0.44773870004347827 0 0.8941644459960237
    outer loop
      vertex -14.225 7.5 2.5
      vertex -3.75 -15 7.745190528383289
      vertex -14.225 9.5 2.5
    endloop
  endfacet
  facet normal -1 0 0
    outer loop
      vertex -14.225 7.5 2.5
      vertex -14.225 9.5 2.5
      vertex -14.225 7.5 0
    endloop
  endfacet
  facet normal -2.420278638350474e-16 0.26764386378609467 0.9635179096299407
    outer loop
      vertex -14.225 9.5 2.5
      vertex -5.457721941462762 -4.3673993896019585 6.3520553860005435
      vertex -6.495190528383289 0.4999999999999991 5
    endloop
  endfacet
  facet normal 0 0.2676438637860946 0.9635179096299407
    outer loop
      vertex -14.225 9.5 2.5
      vertex -6.495190528383289 0.4999999999999991 5
      vertex -7.244443697168013 7.01188578223194 3.1911428382689055
    endloop
  endfacet
  facet normal 1.2723796476512867e-16 0.26764386378609506 0.9635179096299405
    outer loop
      vertex -14.225 9.5 2.5
      vertex -7.244443697168013 7.01188578223194 3.1911428382689055
      vertex -7.262294101578314 7.5 3.0555555555555554
    endloop
  endfacet
  facet normal 0 -1 0
    outer loop
      vertex -3.75 -15 7.745190528383289
      vertex -5.303300858899107 -15 6.553300858899107
      vertex -3.75 -15 7.196699141100893
    endloop
  endfacet
  facet normal -0.3826834323650902 0 0.9238795325112865
    outer loop
      vertex -3.75 -15 7.745190528383289
      vertex -1.9411428382689055 -15 8.494443697168013
      vertex -3.75 -13 7.745190528383289
    endloop
  endfacet
  facet normal 0 -1 0
    outer loop
      vertex -1.9411428382689055 -15 8.494443697168013
      vertex -1.9411428382689055 -15 8.229872344092389
      vertex -1.9074982127268734 -15 8.238887394336023
    endloop
  endfacet
  facet normal -0.3826834323650902 0 0.9238795325112865
    outer loop
      vertex -3.75 -13 7.745190528383289
      vertex -1.9411428382689055 -15 8.494443697168013
      vertex -1.9411428382689055 -13 8.494443697168013
    endloop
  endfacet
  facet normal 0 -1 0
    outer loop
      vertex -3.75 -15 7.745190528383289
      vertex -1.872666733304391 -15 7.974316041260401
      vertex -1.9411428382689055 -15 8.229872344092389
    endloop
  endfacet
  facet normal 0 -1 0
    outer loop
      vertex -1.9411428382689055 -15 8.229872344092389
      vertex -1.872666733304391 -15 7.974316041260401
      vertex -1.9074982127268734 -15 8.238887394336023
    endloop
  endfacet
  facet normal 0 -1 0
    outer loop
      vertex -3.75 -15 7.745190528383289
      vertex -3.75 -15 7.196699141100893
      vertex -1.872666733304391 -15 7.974316041260401
    endloop
  endfacet
  facet normal 0 -1 0
    outer loop
      vertex -3.75 -15 7.196699141100893
      vertex -3.75 -15 5.909902576697319
      vertex -1.872666733304391 -15 7.974316041260401
    endloop
  endfacet
  facet normal -0.13052619222005138 0 0.9914448613738105
    outer loop
      vertex -1.9411428382689055 -15 8.494443697168013
      vertex 0 -13 8.75
      vertex -1.9411428382689055 -13 8.494443697168013
    endloop
  endfacet
  facet normal 0 -1 0
    outer loop
      vertex -1.9411428382689055 -15 8.494443697168013
      vertex -1.9074982127268734 -15 8.238887394336023
      vertex 0 -15 8.75
    endloop
  endfacet
  facet normal -0.13052619222005138 0 0.9914448613738105
    outer loop
      vertex -1.9411428382689055 -15 8.494443697168013
      vertex 0 -15 8.75
      vertex 0 -13 8.75
    endloop
  endfacet
  facet normal 0 -1 0
    outer loop
      vertex -3.75 -15 5.909902576697319
      vertex -0.4680443144646559 -15 4.3379785258278565
      vertex -1.872666733304391 -15 7.974316041260401
    endloop
  endfacet
  facet normal 0 -1 0
    outer loop
      vertex -1.872666733304391 -15 7.974316041260401
      vertex -0.4680443144646559 -15 4.3379785258278565
      vertex 0 -15 4.351966331600565
    endloop
  endfacet
  facet normal 0 -1 0
    outer loop
      vertex -1.872666733304391 -15 7.974316041260401
      vertex 0 -15 4.351966331600565
      vertex 0.45831872078729907 -15 4.233503899256171
    endloop
  endfacet
  facet normal 0 -1 0
    outer loop
      vertex -1.872666733304391 -15 7.974316041260401
      vertex 0.45831872078729907 -15 4.233503899256171
      vertex 0.7791260711839144 -15 4.157738083159895
    endloop
  endfacet
  facet normal 0 -1 0
    outer loop
      vertex -7.244443697168013 -15 1.8669674922469097
      vertex -5.303300858899107 -15 6.553300858899107
      vertex -6.495190528383289 -15 5
    endloop
  endfacet
  facet normal 0 -1 0
    outer loop
      vertex -7.244443697168013 -15 1.8669674922469097
      vertex -3.75 -15 5.909902576697319
      vertex -5.303300858899107 -15 6.553300858899107
    endloop
  endfacet
  facet normal 0 -1 0
    outer loop
      vertex -7.244443697168013 -15 3.1911428382689055
      vertex -7.244443697168013 -15 1.8669674922469097
      vertex -6.495190528383289 -15 5
    endloop
  endfacet
  facet normal 0 -1 0
    outer loop
      vertex -7.244443697168013 -15 1.8669674922469097
      vertex -3.055996487462147 -15 2.887456291051344
      vertex -3.75 -15 5.909902576697319
    endloop
  endfacet
  facet normal 0 -1 0
    outer loop
      vertex -7.244443697168013 -15 1.8669674922469097
      vertex -3.3611996294777655 -15 2.150630726318356
      vertex -3.055996487462147 -15 2.887456291051344
    endloop
  endfacet
  facet normal 0 -1 0
    outer loop
      vertex -7.244443697168013 -15 1.8669674922469097
      vertex -3.4797699140015275 -15 1.25
      vertex -3.3611996294777655 -15 2.150630726318356
    endloop
  endfacet
  facet normal 0 -1 0
    outer loop
      vertex -3.75 -15 5.909902576697319
      vertex -2.3878496764205326 -15 3.6378496764205326
      vertex -2.276831461117375 -15 3.7032648488782773
    endloop
  endfacet
  facet normal 0 -1 0
    outer loop
      vertex -3.75 -15 5.909902576697319
      vertex -2.994059031743967 -15 2.9942901738905743
      vertex -2.3878496764205326 -15 3.6378496764205326
    endloop
  endfacet
  facet normal 0 -1 0
    outer loop
      vertex -3.75 -15 5.909902576697319
      vertex -2.276831461117375 -15 3.7032648488782773
      vertex -1.6426375210341357 -15 4.095131644850113
    endloop
  endfacet
  facet normal 0 -1 0
    outer loop
      vertex -3.75 -15 5.909902576697319
      vertex -1.6426375210341357 -15 4.095131644850113
      vertex -1.4078111946857594 -15 4.160289323736109
    endloop
  endfacet
  facet normal 0 -1 0
    outer loop
      vertex -3.75 -15 5.909902576697319
      vertex -1.4078111946857594 -15 4.160289323736109
      vertex -0.8265698565861404 -15 4.334800700784396
    endloop
  endfacet
  facet normal 0 -1 0
    outer loop
      vertex -3.75 -15 5.909902576697319
      vertex -3.003881644850115 -15 2.9842918762679895
      vertex -2.994059031743967 -15 2.9942901738905743
    endloop
  endfacet
  facet normal 0 -1 0
    outer loop
      vertex -3.75 -15 5.909902576697319
      vertex -3.055996487462147 -15 2.887456291051344
      vertex -3.003881644850115 -15 2.9842918762679895
    endloop
  endfacet
  facet normal 0 -1 0
    outer loop
      vertex -3.75 -15 5.909902576697319
      vertex -0.8265698565861404 -15 4.334800700784396
      vertex -0.4680443144646559 -15 4.3379785258278565
    endloop
  endfacet
  facet normal 0 0.26764386378609456 0.9635179096299407
    outer loop
      vertex -14.225 9.5 2.5
      vertex -7.262294101578314 7.5 3.0555555555555554
      vertex 14.225 9.5 2.5
    endloop
  endfacet
  facet normal 0 -1 0
    outer loop
      vertex -7.5 -15 1.25
      vertex -7.244443697168013 -15 -0.6911428382689055
      vertex -7.244443697168013 -15 0.29625089363656576
    endloop
  endfacet
  facet normal -0.9486911980282223 -0.29049201172507944 -0.12489756565959399
    outer loop
      vertex -7.5 -15 1.25
      vertex -14.225 7.5 0
      vertex -7.244443697168013 -15 -0.6911428382689055
    endloop
  endfacet
  facet normal -0.8908379223035856 -0.2650450905005142 -0.3689971492944152
    outer loop
      vertex -7.244443697168013 -15 -0.6911428382689055
      vertex -14.225 7.5 0
      vertex -6.495190528383289 -15 -2.5
    endloop
  endfacet
  facet normal -0.7772038185125374 -0.20074283444233154 -0.5963694651049711
    outer loop
      vertex -14.225 7.5 0
      vertex -5.303300858899107 -15 -4.053300858899107
      vertex -6.495190528383289 -15 -2.5
    endloop
  endfacet
  facet normal -0.9581187899611284 -0.2863710605550484 0
    outer loop
      vertex -14.225 7.5 2.5
      vertex -14.225 7.5 0
      vertex -7.5 -15 1.25
    endloop
  endfacet
  facet normal -1 0 0
    outer loop
      vertex -14.225 9.5 2.5
      vertex -14.225 9.5 0
      vertex -14.225 7.5 0
    endloop
  endfacet
  facet normal -0.44773870004347827 0 -0.8941644459960237
    outer loop
      vertex -14.225 7.5 0
      vertex -14.225 9.5 0
      vertex -3.75 -15 -5.245190528383289
    endloop
  endfacet
  facet normal 0 0.2676438637860947 -0.9635179096299407
    outer loop
      vertex -14.225 9.5 0
      vertex -7.262294101578314 7.5 -0.5555555555555556
      vertex -7.244443697168013 7.01188578223194 -0.6911428382689055
    endloop
  endfacet
  facet normal -2.420278638350474e-16 0.26764386378609467 -0.9635179096299407
    outer loop
      vertex -14.225 9.5 0
      vertex -6.495190528383289 0.4999999999999991 -2.5
      vertex -5.457721941462762 -4.3673993896019585 -3.8520553860005435
    endloop
  endfacet
  facet normal 0 0.2676438637860946 -0.9635179096299407
    outer loop
      vertex -14.225 9.5 0
      vertex -7.244443697168013 7.01188578223194 -0.6911428382689055
      vertex -6.495190528383289 0.4999999999999991 -2.5
    endloop
  endfacet
  facet normal -0.6058315733292338 -0.09799216966708171 -0.7895350780309658
    outer loop
      vertex -14.225 7.5 0
      vertex -3.75 -15 -5.245190528383289
      vertex -5.303300858899107 -15 -4.053300858899107
    endloop
  endfacet
  facet normal -0.38241872148014777 0.03718826796348224 -0.9232404639027502
    outer loop
      vertex -14.225 9.5 0
      vertex -4.227771575905914 -8.811645648476244 -4.878583504101444
      vertex -3.75 -13 -5.245190528383289
    endloop
  endfacet
  facet normal -0.44773870004347854 0 -0.8941644459960236
    outer loop
      vertex -14.225 9.5 0
      vertex -3.75 -13 -5.245190528383289
      vertex -3.75 -15 -5.245190528383289
    endloop
  endfacet
  facet normal -0.12816394515889504 0.1893890762116992 -0.9735018135437585
    outer loop
      vertex -14.225 9.5 0
      vertex -5.457721941462762 -4.3673993896019585 -3.8520553860005435
      vertex -5.303300858899107 -5.297345409721348 -4.053300858899107
    endloop
  endfacet
  facet normal -0.1281639451588947 0.18938907621169843 -0.9735018135437589
    outer loop
      vertex -14.225 9.5 0
      vertex -5.303300858899107 -5.297345409721348 -4.053300858899107
      vertex -4.227771575905914 -8.811645648476244 -4.878583504101444
    endloop
  endfacet
  facet normal 0 -1 0
    outer loop
      vertex -7.244443697168013 -15 1.8669674922469097
      vertex -7.244443697168013 -15 0.29625089363656576
      vertex -6.495190528383289 -15 -2.5
    endloop
  endfacet
  facet normal 0 -1 0
    outer loop
      vertex -7.244443697168013 -15 1.8669674922469097
      vertex -3.3611996294777655 -15 0.34936927368164394
      vertex -3.4797699140015275 -15 1.25
    endloop
  endfacet
  facet normal 0 -1 0
    outer loop
      vertex -7.244443697168013 -15 1.8669674922469097
      vertex -3.3187722868657326 -15 0.24694060773222448
      vertex -3.3611996294777655 -15 0.34936927368164394
    endloop
  endfacet
  facet normal 0 -1 0
    outer loop
      vertex -7.244443697168013 -15 1.8669674922469097
      vertex -2.943881644850114 -15 -0.4496508601166116
      vertex -3.3187722868657326 -15 0.24694060773222448
    endloop
  endfacet
  facet normal 0 -1 0
    outer loop
      vertex -7.244443697168013 -15 0.29625089363656576
      vertex -7.244443697168013 -15 -0.6911428382689055
      vertex -6.495190528383289 -15 -2.5
    endloop
  endfacet
  facet normal 0 -1 0
    outer loop
      vertex -7.244443697168013 -15 1.8669674922469097
      vertex -6.495190528383289 -15 -2.5
      vertex -3.75 -15 -5.245190528383289
    endloop
  endfacet
  facet normal 0 -1 0
    outer loop
      vertex -7.244443697168013 -15 1.8669674922469097
      vertex 0 -15 -6.25
      vertex -2.943881644850114 -15 -0.4496508601166116
    endloop
  endfacet
  facet normal 0 -1 0
    outer loop
      vertex 0 -15 -6.25
      vertex -2.8732222021833014 -15 -0.5215740978532772
      vertex -2.943881644850114 -15 -0.4496508601166116
    endloop
  endfacet
  facet normal 0 0.26764386378609456 -0.9635179096299407
    outer loop
      vertex -14.225 9.5 0
      vertex 7.262294101578314 7.5 -0.5555555555555556
      vertex -7.262294101578314 7.5 -0.5555555555555556
    endloop
  endfacet
  facet normal 0 -1 0
    outer loop
      vertex -7.244443697168013 -15 1.8669674922469097
      vertex -3.75 -15 -5.245190528383289
      vertex -1.9772479687893572 -15 -5.720198003526813
    endloop
  endfacet
  facet normal 0 -1 0
    outer loop
      vertex -6.495190528383289 -15 -2.5
      vertex -5.303300858899107 -15 -4.053300858899107
      vertex -3.75 -15 -5.245190528383289
    endloop
  endfacet
  facet normal 0 -1 0
    outer loop
      vertex -7.244443697168013 -15 1.8669674922469097
      vertex -1.9772479687893572 -15 -5.720198003526813
      vertex 0 -15 -6.25
    endloop
  endfacet
  facet normal 0 -1 0
    outer loop
      vertex 0 -15 -6.25
      vertex -2.33885988156487 -15 -1.0888598815648698
      vertex -2.8732222021833014 -15 -0.5215740978532772
    endloop
  endfacet
  facet normal 0 -1 0
    outer loop
      vertex 0 -15 -6.25
      vertex -2.153050447531166 -15 -1.1983442228362513
      vertex -2.33885988156487 -15 -1.0888598815648698
    endloop
  endfacet
  facet normal 0 -1 0
    outer loop
      vertex 0 -15 -6.25
      vertex -1.6079965048827585 -15 -1.535131644850114
      vertex -2.153050447531166 -15 -1.1983442228362513
    endloop
  endfacet
  facet normal 0 -1 0
    outer loop
      vertex 0 -15 -6.25
      vertex -1.2895214685921064 -15 -1.6234994802224008
      vertex -1.6079965048827585 -15 -1.535131644850114
    endloop
  endfacet
  facet normal 0 -1 0
    outer loop
      vertex 0 -15 -6.25
      vertex -0.8086383471427797 -15 -1.7678793964853736
      vertex -1.2895214685921064 -15 -1.6234994802224008
    endloop
  endfacet
  facet normal 0 -1 0
    outer loop
      vertex 0 -15 -6.25
      vertex -0.3633071252138251 -15 -1.7718266318798346
      vertex -0.8086383471427797 -15 -1.7678793964853736
    endloop
  endfacet
  facet normal 0 -1 0
    outer loop
      vertex 0 -15 -6.25
      vertex 0 -15 -1.7826842992978111
      vertex -0.3633071252138251 -15 -1.7718266318798346
    endloop
  endfacet
  facet normal -0.3826834323650902 0 -0.9238795325112865
    outer loop
      vertex -3.75 -15 -5.245190528383289
      vertex -3.75 -13 -5.245190528383289
      vertex -1.9411428382689055 -13 -5.994443697168013
    endloop
  endfacet
  facet normal 0 -1 0
    outer loop
      vertex -1.9772479687893572 -15 -5.720198003526813
      vertex -1.9411428382689055 -15 -5.994443697168013
      vertex 0 -15 -6.25
    endloop
  endfacet
  facet normal -0.13052619222005138 0 -0.9914448613738105
    outer loop
      vertex -1.9411428382689055 -15 -5.994443697168013
      vertex -1.9411428382689055 -13 -5.994443697168013
      vertex 0 -15 -6.25
    endloop
  endfacet
  facet normal -0.13052619222005138 0 -0.9914448613738105
    outer loop
      vertex -1.9411428382689055 -13 -5.994443697168013
      vertex 0 -13 -6.25
      vertex 0 -15 -6.25
    endloop
  endfacet
  facet normal 0.13052619222005138 0 0.9914448613738105
    outer loop
      vertex 0 -15 8.75
      vertex 1.9411428382689055 -13 8.494443697168013
      vertex 0 -13 8.75
    endloop
  endfacet
  facet normal 0.13052619222005138 0 0.9914448613738105
    outer loop
      vertex 0 -15 8.75
      vertex 1.9411428382689055 -15 8.494443697168013
      vertex 1.9411428382689055 -13 8.494443697168013
    endloop
  endfacet
  facet normal 0 -1 0
    outer loop
      vertex 0 -15 8.75
      vertex 1.9772479687893572 -15 8.220198003526814
      vertex 1.9411428382689055 -15 8.494443697168013
    endloop
  endfacet
  facet normal 0 -1 0
    outer loop
      vertex 0 -15 8.75
      vertex 5.303300858899107 -15 6.553300858899107
      vertex 1.9772479687893572 -15 8.220198003526814
    endloop
  endfacet
  facet normal 0.3826834323650902 0 0.9238795325112865
    outer loop
      vertex 1.9411428382689055 -13 8.494443697168013
      vertex 3.75 -15 7.745190528383289
      vertex 3.75 -13 7.745190528383289
    endloop
  endfacet
  facet normal 0 -1 0
    outer loop
      vertex -1.872666733304391 -15 7.974316041260401
      vertex 7.244443697168013 -15 0.6330325077530902
      vertex 0 -15 8.75
    endloop
  endfacet
  facet normal 0 -1 0
    outer loop
      vertex 1.9772479687893572 -15 8.220198003526814
      vertex 5.303300858899107 -15 6.553300858899107
      vertex 3.75 -15 7.745190528383289
    endloop
  endfacet
  facet normal 0 -1 0
    outer loop
      vertex 0 -15 8.75
      vertex 7.244443697168013 -15 0.6330325077530902
      vertex 5.303300858899107 -15 6.553300858899107
    endloop
  endfacet
  facet normal 0 -1 0
    outer loop
      vertex 0.7791260711839144 -15 4.157738083159895
      vertex 1.2911280422000357 -15 3.8681537039777187
      vertex 1.4593288105664295 -15 3.7776316448501133
    endloop
  endfacet
  facet normal 0 -1 0
    outer loop
      vertex -1.872666733304391 -15 7.974316041260401
      vertex 0.7791260711839144 -15 4.157738083159895
      vertex 7.244443697168013 -15 0.6330325077530902
    endloop
  endfacet
  facet normal 0 -1 0
    outer loop
      vertex 7.244443697168013 -15 0.6330325077530902
      vertex 0.7791260711839144 -15 4.157738083159895
      vertex 1.4593288105664295 -15 3.7776316448501133
    endloop
  endfacet
  facet normal 0 -1 0
    outer loop
      vertex 7.244443697168013 -15 0.6330325077530902
      vertex 1.4593288105664295 -15 3.7776316448501133
      vertex 1.960856320344522 -15 3.284916697106203
    endloop
  endfacet
  facet normal 0 -1 0
    outer loop
      vertex 5.303300858899107 -15 6.553300858899107
      vertex 7.244443697168013 -15 1.8669674922469097
      vertex 6.495190528383289 -15 5
    endloop
  endfacet
  facet normal 0 -1 0
    outer loop
      vertex 6.495190528383289 -15 5
      vertex 7.244443697168013 -15 1.8669674922469097
      vertex 7.244443697168013 -15 3.1911428382689055
    endloop
  endfacet
  facet normal 0 -1 0
    outer loop
      vertex 7.244443697168013 -15 0.6330325077530902
      vertex 1.960856320344522 -15 3.284916697106203
      vertex 1.9989931797537037 -15 3.248993179753704
    endloop
  endfacet
  facet normal 0 -1 0
    outer loop
      vertex 7.244443697168013 -15 0.6330325077530902
      vertex 1.9989931797537037 -15 3.248993179753704
      vertex 2.1422179783980257 -15 3.005921718879427
    endloop
  endfacet
  facet normal 0 -1 0
    outer loop
      vertex 7.244443697168013 -15 0.6330325077530902
      vertex 2.1422179783980257 -15 3.005921718879427
      vertex 2.418256644850114 -15 2.6461811248738147
    endloop
  endfacet
  facet normal 0 -1 0
    outer loop
      vertex 7.244443697168013 -15 0.6330325077530902
      vertex 2.418256644850114 -15 2.6461811248738147
      vertex 2.6972148133858806 -15 1.972716531060008
    endloop
  endfacet
  facet normal 0 -1 0
    outer loop
      vertex 7.244443697168013 -15 0.6330325077530902
      vertex 2.6972148133858806 -15 1.972716531060008
      vertex 2.7923622497476295 -15 1.25
    endloop
  endfacet
  facet normal 0 -1 0
    outer loop
      vertex 5.303300858899107 -15 6.553300858899107
      vertex 7.244443697168013 -15 0.6330325077530902
      vertex 7.244443697168013 -15 1.8669674922469097
    endloop
  endfacet
  facet normal 0 0.2676438637860945 0.9635179096299407
    outer loop
      vertex -7.262294101578314 7.5 3.0555555555555554
      vertex 7.262294101578314 7.5 3.0555555555555554
      vertex 14.225 9.5 2.5
    endloop
  endfacet
  facet normal 0.44773870004347827 0 0.8941644459960237
    outer loop
      vertex 3.75 -15 7.745190528383289
      vertex 14.225 7.5 2.5
      vertex 3.75 -13 7.745190528383289
    endloop
  endfacet
  facet normal 0.6058315733292338 -0.09799216966708184 0.7895350780309657
    outer loop
      vertex 3.75 -15 7.745190528383289
      vertex 5.303300858899107 -15 6.553300858899107
      vertex 14.225 7.5 2.5
    endloop
  endfacet
  facet normal 0.3824187214801477 0.03718826796348229 0.9232404639027502
    outer loop
      vertex 3.75 -13 7.745190528383289
      vertex 14.225 9.5 2.5
      vertex 4.227771575905914 -8.811645648476244 7.378583504101444
    endloop
  endfacet
  facet normal 0.1281639451588945 0.18938907621169845 0.9735018135437589
    outer loop
      vertex 4.227771575905914 -8.811645648476244 7.378583504101444
      vertex 14.225 9.5 2.5
      vertex 5.303300858899107 -5.297345409721348 6.553300858899107
    endloop
  endfacet
  facet normal 0.1281639451588941 0.1893890762116988 0.9735018135437589
    outer loop
      vertex 5.303300858899107 -5.297345409721348 6.553300858899107
      vertex 14.225 9.5 2.5
      vertex 5.457721941462762 -4.3673993896019585 6.3520553860005435
    endloop
  endfacet
  facet normal 0.7772038185125374 -0.20074283444233149 0.5963694651049712
    outer loop
      vertex 5.303300858899107 -15 6.553300858899107
      vertex 6.495190528383289 -15 5
      vertex 14.225 7.5 2.5
    endloop
  endfacet
  facet normal 0.8908379223035856 -0.2650450905005142 0.3689971492944152
    outer loop
      vertex 6.495190528383289 -15 5
      vertex 7.244443697168013 -15 3.1911428382689055
      vertex 14.225 7.5 2.5
    endloop
  endfacet
  facet normal 0 -1 0
    outer loop
      vertex 7.244443697168013 -15 3.1911428382689055
      vertex 7.244443697168013 -15 1.8669674922469097
      vertex 7.5 -15 1.25
    endloop
  endfacet
  facet normal 0.9486911980282224 -0.29049201172507944 0.12489756565959402
    outer loop
      vertex 7.244443697168013 -15 3.1911428382689055
      vertex 7.5 -15 1.25
      vertex 14.225 7.5 2.5
    endloop
  endfacet
  facet normal 0 0.2676438637860946 0.9635179096299407
    outer loop
      vertex 5.457721941462762 -4.3673993896019585 6.3520553860005435
      vertex 14.225 9.5 2.5
      vertex 6.495190528383289 0.4999999999999991 5
    endloop
  endfacet
  facet normal 7.85253063587613e-17 0.2676438637860946 0.9635179096299407
    outer loop
      vertex 6.495190528383289 0.4999999999999991 5
      vertex 14.225 9.5 2.5
      vertex 7.244443697168013 7.01188578223194 3.1911428382689055
    endloop
  endfacet
  facet normal -1.4314271036076968e-16 0.26764386378609495 0.9635179096299405
    outer loop
      vertex 7.244443697168013 7.01188578223194 3.1911428382689055
      vertex 14.225 9.5 2.5
      vertex 7.262294101578314 7.5 3.0555555555555554
    endloop
  endfacet
  facet normal 0.4477387000434781 0 0.894164445996024
    outer loop
      vertex 3.75 -13 7.745190528383289
      vertex 14.225 7.5 2.5
      vertex 14.225 9.5 2.5
    endloop
  endfacet
  facet normal 1 0 0
    outer loop
      vertex 14.225 7.5 2.5
      vertex 14.225 7.5 0
      vertex 14.225 9.5 2.5
    endloop
  endfacet
  facet normal 0 -1 0
    outer loop
      vertex 0 -15 -6.25
      vertex 7.244443697168013 -15 0.6330325077530902
      vertex 1.9744982823258725 -15 -0.7244982823258725
    endloop
  endfacet
  facet normal 0 -1 0
    outer loop
      vertex 7.244443697168013 -15 0.6330325077530902
      vertex 2.7923622497476295 -15 1.25
      vertex 2.6972148133858806 -15 0.527283468939992
    endloop
  endfacet
  facet normal 0 -1 0
    outer loop
      vertex 7.244443697168013 -15 0.6330325077530902
      vertex 2.6972148133858806 -15 0.527283468939992
      vertex 2.418256644850114 -15 -0.14618112487381474
    endloop
  endfacet
  facet normal 0 -1 0
    outer loop
      vertex 7.244443697168013 -15 0.6330325077530902
      vertex 2.418256644850114 -15 -0.14618112487381474
      vertex 1.9744982823258725 -15 -0.7244982823258725
    endloop
  endfacet
  facet normal 0 -1 0
    outer loop
      vertex 5.303300858899107 -15 -4.053300858899107
      vertex 7.244443697168013 -15 -0.6911428382689055
      vertex 7.244443697168013 -15 0.6330325077530902
    endloop
  endfacet
  facet normal 0 -1 0
    outer loop
      vertex 5.303300858899107 -15 -4.053300858899107
      vertex 6.495190528383289 -15 -2.5
      vertex 7.244443697168013 -15 -0.6911428382689055
    endloop
  endfacet
  facet normal 0 0.26764386378609467 -0.9635179096299407
    outer loop
      vertex -14.225 9.5 0
      vertex 14.225 9.5 0
      vertex 7.262294101578314 7.5 -0.5555555555555556
    endloop
  endfacet
  facet normal 0 -1 0
    outer loop
      vertex 0 -15 -6.25
      vertex 0.7611945617405537 -15 -1.5908167788608711
      vertex 0.5423657068342516 -15 -1.6424980971252188
    endloop
  endfacet
  facet normal 0 -1 0
    outer loop
      vertex 0 -15 -6.25
      vertex 0.5423657068342516 -15 -1.6424980971252188
      vertex 0 -15 -1.7826842992978111
    endloop
  endfacet
  facet normal 0 -1 0
    outer loop
      vertex 0 -15 -6.25
      vertex 1.3487571618382224 -15 -1.258495888684863
      vertex 0.7611945617405537 -15 -1.5908167788608711
    endloop
  endfacet
  facet normal 0 -1 0
    outer loop
      vertex 0 -15 -6.25
      vertex 1.9744982823258725 -15 -0.7244982823258725
      vertex 1.7559217188794296 -15 -0.892217978398024
    endloop
  endfacet
  facet normal 0 -1 0
    outer loop
      vertex 0 -15 -6.25
      vertex 1.7559217188794296 -15 -0.892217978398024
      vertex 1.4246877944150527 -15 -1.2176316448501145
    endloop
  endfacet
  facet normal 0 -1 0
    outer loop
      vertex 0 -15 -6.25
      vertex 1.4246877944150527 -15 -1.2176316448501145
      vertex 1.3487571618382224 -15 -1.258495888684863
    endloop
  endfacet
  facet normal 0.13052619222005138 0 -0.9914448613738105
    outer loop
      vertex 0 -15 -6.25
      vertex 0 -13 -6.25
      vertex 1.9411428382689055 -13 -5.994443697168013
    endloop
  endfacet
  facet normal 0.13052619222005138 0 -0.9914448613738105
    outer loop
      vertex 0 -15 -6.25
      vertex 1.9411428382689055 -13 -5.994443697168013
      vertex 1.9411428382689055 -15 -5.994443697168013
    endloop
  endfacet
  facet normal 0 -1 0
    outer loop
      vertex 0 -15 -6.25
      vertex 3.75 -15 -5.245190528383289
      vertex 5.303300858899107 -15 -4.053300858899107
    endloop
  endfacet
  facet normal 0 -1 0
    outer loop
      vertex 0 -15 -6.25
      vertex 1.9411428382689055 -15 -5.994443697168013
      vertex 3.75 -15 -5.245190528383289
    endloop
  endfacet
  facet normal 0.3826834323650902 0 -0.9238795325112865
    outer loop
      vertex 1.9411428382689055 -13 -5.994443697168013
      vertex 3.75 -13 -5.245190528383289
      vertex 3.75 -15 -5.245190528383289
    endloop
  endfacet
  facet normal 0 -1 0
    outer loop
      vertex 0 -15 -6.25
      vertex 5.303300858899107 -15 -4.053300858899107
      vertex 7.244443697168013 -15 0.6330325077530902
    endloop
  endfacet
  facet normal 0 -1 0
    outer loop
      vertex 7.5 -15 1.25
      vertex 7.244443697168013 -15 0.6330325077530902
      vertex 7.244443697168013 -15 -0.6911428382689055
    endloop
  endfacet
  facet normal 0.9486911980282223 -0.29049201172507944 -0.12489756565959399
    outer loop
      vertex 7.5 -15 1.25
      vertex 7.244443697168013 -15 -0.6911428382689055
      vertex 14.225 7.5 0
    endloop
  endfacet
  facet normal 0.7772038185125374 -0.20074283444233149 -0.5963694651049712
    outer loop
      vertex 5.303300858899107 -15 -4.053300858899107
      vertex 14.225 7.5 0
      vertex 6.495190528383289 -15 -2.5
    endloop
  endfacet
  facet normal 0.8908379223035856 -0.2650450905005142 -0.3689971492944152
    outer loop
      vertex 6.495190528383289 -15 -2.5
      vertex 14.225 7.5 0
      vertex 7.244443697168013 -15 -0.6911428382689055
    endloop
  endfacet
  facet normal 1.590474559564108e-17 0.2676438637860946 -0.9635179096299407
    outer loop
      vertex 7.262294101578314 7.5 -0.5555555555555556
      vertex 14.225 9.5 0
      vertex 7.244443697168013 7.01188578223194 -0.6911428382689055
    endloop
  endfacet
  facet normal 0 0.2676438637860946 -0.9635179096299407
    outer loop
      vertex 5.457721941462762 -4.3673993896019585 -3.8520553860005435
      vertex 6.495190528383289 0.4999999999999991 -2.5
      vertex 14.225 9.5 0
    endloop
  endfacet
  facet normal 7.85253063587613e-17 0.2676438637860946 -0.9635179096299407
    outer loop
      vertex 6.495190528383289 0.4999999999999991 -2.5
      vertex 7.244443697168013 7.01188578223194 -0.6911428382689055
      vertex 14.225 9.5 0
    endloop
  endfacet
  facet normal 0.9581187899611284 -0.2863710605550484 0
    outer loop
      vertex 14.225 7.5 2.5
      vertex 7.5 -15 1.25
      vertex 14.225 7.5 0
    endloop
  endfacet
  facet normal 1 0 0
    outer loop
      vertex 14.225 9.5 2.5
      vertex 14.225 7.5 0
      vertex 14.225 9.5 0
    endloop
  endfacet
  facet normal 0.4477387000434781 0 -0.894164445996024
    outer loop
      vertex 3.75 -13 -5.245190528383289
      vertex 14.225 9.5 0
      vertex 14.225 7.5 0
    endloop
  endfacet
  facet normal 0.6058315733292338 -0.09799216966708184 -0.7895350780309657
    outer loop
      vertex 5.303300858899107 -15 -4.053300858899107
      vertex 3.75 -15 -5.245190528383289
      vertex 14.225 7.5 0
    endloop
  endfacet
  facet normal 0.3824187214801477 0.03718826796348229 -0.9232404639027502
    outer loop
      vertex 3.75 -13 -5.245190528383289
      vertex 4.227771575905914 -8.811645648476244 -4.878583504101444
      vertex 14.225 9.5 0
    endloop
  endfacet
  facet normal 0.44773870004347827 0 -0.8941644459960237
    outer loop
      vertex 3.75 -15 -5.245190528383289
      vertex 3.75 -13 -5.245190528383289
      vertex 14.225 7.5 0
    endloop
  endfacet
  facet normal 0.12816394515889462 0.18938907621169845 -0.9735018135437589
    outer loop
      vertex 5.303300858899107 -5.297345409721348 -4.053300858899107
      vertex 14.225 9.5 0
      vertex 4.227771575905914 -8.811645648476244 -4.878583504101444
    endloop
  endfacet
  facet normal 0.1281639451588941 0.1893890762116988 -0.9735018135437589
    outer loop
      vertex 5.303300858899107 -5.297345409721348 -4.053300858899107
      vertex 5.457721941462762 -4.3673993896019585 -3.8520553860005435
      vertex 14.225 9.5 0
    endloop
  endfacet
  facet normal 0 0 1
    outer loop
      vertex -14.225 9.5 2.5
      vertex -11.177627944162882 21.95 2.5
      vertex -11.287518408917975 22.215299050387227 2.5
    endloop
  endfacet
  facet normal 0 0 1
    outer loop
      vertex -14.225 9.5 2.5
      vertex -11.002817459305202 21.7221825406948 2.5
      vertex -11.177627944162882 21.95 2.5
    endloop
  endfacet
  facet normal 0 0 1
    outer loop
      vertex -14.225 9.5 2.5
      vertex -10.509700949612773 21.437481591082026 2.5
      vertex -10.775 21.54737205583712 2.5
    endloop
  endfacet
  facet normal 0 0 1
    outer loop
      vertex -14.225 9.5 2.5
      vertex -10.225 21.4 2.5
      vertex -10.509700949612773 21.437481591082026 2.5
    endloop
  endfacet
  facet normal 0 0 1
    outer loop
      vertex -14.225 9.5 2.5
      vertex -10.775 21.54737205583712 2.5
      vertex -11.002817459305202 21.7221825406948 2.5
    endloop
  endfacet
  facet normal 0 0 1
    outer loop
      vertex -14.225 9.5 2.5
      vertex -9.940299050387226 21.437481591082026 2.5
      vertex -10.225 21.4 2.5
    endloop
  endfacet
  facet normal 0 0 1
    outer loop
      vertex -14.225 9.5 2.5
      vertex -9.674999999999999 21.54737205583712 2.5
      vertex -9.940299050387226 21.437481591082026 2.5
    endloop
  endfacet
  facet normal 0 0 1
    outer loop
      vertex -14.225 9.5 2.5
      vertex -11.287518408917975 22.215299050387227 2.5
      vertex -14.225 38.37 2.5
    endloop
  endfacet
  facet normal -1 0 0
    outer loop
      vertex -14.225 9.5 2.5
      vertex -14.225 38.37 2.5
      vertex -14.225 9.5 0
    endloop
  endfacet
  facet normal 0 0 1
    outer loop
      vertex -14.225 38.37 2.5
      vertex -11.287518408917975 22.215299050387227 2.5
      vertex -11.325 22.5 2.5
    endloop
  endfacet
  facet normal 0 0 1
    outer loop
      vertex -14.225 38.37 2.5
      vertex -11.325 22.5 2.5
      vertex -11.287518408917975 22.784700949612773 2.5
    endloop
  endfacet
  facet normal 0 0 1
    outer loop
      vertex -14.225 38.37 2.5
      vertex -11.287518408917975 22.784700949612773 2.5
      vertex -11.177627944162882 23.05 2.5
    endloop
  endfacet
  facet normal 0 0 1
    outer loop
      vertex -11.177627944162882 23.05 2.5
      vertex -11.002817459305202 23.2778174593052 2.5
      vertex -11.177627944162882 35.82 2.5
    endloop
  endfacet
  facet normal 0 0 1
    outer loop
      vertex -11.002817459305202 23.2778174593052 2.5
      vertex -10.775 23.45262794416288 2.5
      vertex -11.002817459305202 35.59218254069479 2.5
    endloop
  endfacet
  facet normal 0 0 1
    outer loop
      vertex -10.509700949612773 23.562518408917974 2.5
      vertex -10.775 35.41737205583711 2.5
      vertex -10.775 23.45262794416288 2.5
    endloop
  endfacet
  facet normal 0 0 1
    outer loop
      vertex -11.002817459305202 23.2778174593052 2.5
      vertex -11.002817459305202 35.59218254069479 2.5
      vertex -11.177627944162882 35.82 2.5
    endloop
  endfacet
  facet normal 0 0 1
    outer loop
      vertex -11.002817459305202 35.59218254069479 2.5
      vertex -10.775 23.45262794416288 2.5
      vertex -10.775 35.41737205583711 2.5
    endloop
  endfacet
  facet normal 0 0 1
    outer loop
      vertex -14.225 38.37 2.5
      vertex -11.177627944162882 23.05 2.5
      vertex -11.177627944162882 35.82 2.5
    endloop
  endfacet
  facet normal 0 0 1
    outer loop
      vertex -14.225 38.37 2.5
      vertex -11.177627944162882 35.82 2.5
      vertex -11.287518408917975 36.08529905038723 2.5
    endloop
  endfacet
  facet normal 0 0 1
    outer loop
      vertex -14.225 38.37 2.5
      vertex -11.287518408917975 36.08529905038723 2.5
      vertex -11.325 36.37 2.5
    endloop
  endfacet
  facet normal 0 0 1
    outer loop
      vertex -14.225 38.37 2.5
      vertex -11.325 36.37 2.5
      vertex -11.287518408917975 36.65470094961277 2.5
    endloop
  endfacet
  facet normal 0 0 1
    outer loop
      vertex -14.225 38.37 2.5
      vertex -11.287518408917975 36.65470094961277 2.5
      vertex -11.177627944162882 36.919999999999995 2.5
    endloop
  endfacet
  facet normal 0 0 1
    outer loop
      vertex -14.225 38.37 2.5
      vertex -11.177627944162882 36.919999999999995 2.5
      vertex -11.002817459305202 37.1478174593052 2.5
    endloop
  endfacet
  facet normal 0 0 1
    outer loop
      vertex -14.225 38.37 2.5
      vertex -11.002817459305202 37.1478174593052 2.5
      vertex -10.775 37.32262794416288 2.5
    endloop
  endfacet
  facet normal 0 0 1
    outer loop
      vertex -14.225 38.37 2.5
      vertex -10.775 37.32262794416288 2.5
      vertex -10.509700949612773 37.43251840891797 2.5
    endloop
  endfacet
  facet normal 0 0 1
    outer loop
      vertex -14.225 38.37 2.5
      vertex -10.509700949612773 37.43251840891797 2.5
      vertex -10.225 37.47 2.5
    endloop
  endfacet
  facet normal 0 0 1
    outer loop
      vertex -10.225 23.6 2.5
      vertex -10.509700949612773 35.30748159108202 2.5
      vertex -10.509700949612773 23.562518408917974 2.5
    endloop
  endfacet
  facet normal 0 0 1
    outer loop
      vertex -9.940299050387226 23.562518408917974 2.5
      vertex -10.225 35.269999999999996 2.5
      vertex -10.225 23.6 2.5
    endloop
  endfacet
  facet normal 0 0 1
    outer loop
      vertex -9.674999999999999 23.45262794416288 2.5
      vertex -9.940299050387226 35.30748159108202 2.5
      vertex -9.940299050387226 23.562518408917974 2.5
    endloop
  endfacet
  facet normal 0 0 1
    outer loop
      vertex -9.447182540694797 23.2778174593052 2.5
      vertex -9.674999999999999 35.41737205583711 2.5
      vertex -9.674999999999999 23.45262794416288 2.5
    endloop
  endfacet
  facet normal 0 0 1
    outer loop
      vertex -10.775 35.41737205583711 2.5
      vertex -10.509700949612773 23.562518408917974 2.5
      vertex -10.509700949612773 35.30748159108202 2.5
    endloop
  endfacet
  facet normal 0 0 1
    outer loop
      vertex -10.225 23.6 2.5
      vertex -10.225 35.269999999999996 2.5
      vertex -10.509700949612773 35.30748159108202 2.5
    endloop
  endfacet
  facet normal 0 0 1
    outer loop
      vertex -9.940299050387226 23.562518408917974 2.5
      vertex -9.940299050387226 35.30748159108202 2.5
      vertex -10.225 35.269999999999996 2.5
    endloop
  endfacet
  facet normal 0 0 1
    outer loop
      vertex -9.674999999999999 23.45262794416288 2.5
      vertex -9.674999999999999 35.41737205583711 2.5
      vertex -9.940299050387226 35.30748159108202 2.5
    endloop
  endfacet
  facet normal 0 0 1
    outer loop
      vertex -9.447182540694797 23.2778174593052 2.5
      vertex -9.447182540694797 35.59218254069479 2.5
      vertex -9.674999999999999 35.41737205583711 2.5
    endloop
  endfacet
  facet normal 0 0 1
    outer loop
      vertex -14.225 9.5 2.5
      vertex 10.225 35.269999999999996 2.5
      vertex -9.674999999999999 21.54737205583712 2.5
    endloop
  endfacet
  facet normal 0 1 0
    outer loop
      vertex -14.225 38.37 2.5
      vertex 14.225 38.37 2.5
      vertex -14.225 38.37 0
    endloop
  endfacet
  facet normal 0 0 1
    outer loop
      vertex -9.674999999999999 21.54737205583712 2.5
      vertex 10.225 35.269999999999996 2.5
      vertex -9.447182540694797 21.7221825406948 2.5
    endloop
  endfacet
  facet normal 0 0 1
    outer loop
      vertex -9.272372055837117 21.95 2.5
      vertex -9.447182540694797 21.7221825406948 2.5
      vertex 10.225 35.269999999999996 2.5
    endloop
  endfacet
  facet normal 0 0 1
    outer loop
      vertex -9.162481591082024 22.215299050387227 2.5
      vertex -9.272372055837117 21.95 2.5
      vertex 9.940299050387226 35.30748159108202 2.5
    endloop
  endfacet
  facet normal 0 0 1
    outer loop
      vertex -9.125 22.5 2.5
      vertex -9.162481591082024 22.215299050387227 2.5
      vertex 9.940299050387226 35.30748159108202 2.5
    endloop
  endfacet
  facet normal 0 0 1
    outer loop
      vertex -9.447182540694797 23.2778174593052 2.5
      vertex -9.272372055837117 23.05 2.5
      vertex 9.272372055837117 35.82 2.5
    endloop
  endfacet
  facet normal 0 0 1
    outer loop
      vertex -9.272372055837117 23.05 2.5
      vertex -9.162481591082024 22.784700949612773 2.5
      vertex 9.447182540694797 35.59218254069479 2.5
    endloop
  endfacet
  facet normal 0 0 1
    outer loop
      vertex -9.162481591082024 22.784700949612773 2.5
      vertex -9.125 22.5 2.5
      vertex 9.674999999999999 35.41737205583711 2.5
    endloop
  endfacet
  facet normal 0 0 1
    outer loop
      vertex -9.447182540694797 35.59218254069479 2.5
      vertex -9.447182540694797 23.2778174593052 2.5
      vertex 9.272372055837117 35.82 2.5
    endloop
  endfacet
  facet normal 0 0 1
    outer loop
      vertex -9.272372055837117 35.82 2.5
      vertex -9.447182540694797 35.59218254069479 2.5
      vertex 9.272372055837117 35.82 2.5
    endloop
  endfacet
  facet normal 0 0 1
    outer loop
      vertex -9.162481591082024 36.08529905038723 2.5
      vertex -9.272372055837117 35.82 2.5
      vertex 9.162481591082024 36.08529905038723 2.5
    endloop
  endfacet
  facet normal 0 0 1
    outer loop
      vertex -9.125 36.37 2.5
      vertex -9.162481591082024 36.08529905038723 2.5
      vertex 9.125 36.37 2.5
    endloop
  endfacet
  facet normal 0 0 1
    outer loop
      vertex -9.162481591082024 36.65470094961277 2.5
      vertex -9.125 36.37 2.5
      vertex 9.162481591082024 36.65470094961277 2.5
    endloop
  endfacet
  facet normal 0 0 1
    outer loop
      vertex -9.674999999999999 37.32262794416288 2.5
      vertex 9.940299050387226 37.43251840891797 2.5
      vertex -9.940299050387226 37.43251840891797 2.5
    endloop
  endfacet
  facet normal 0 0 1
    outer loop
      vertex -9.447182540694797 37.1478174593052 2.5
      vertex 9.674999999999999 37.32262794416288 2.5
      vertex -9.674999999999999 37.32262794416288 2.5
    endloop
  endfacet
  facet normal 0 0 1
    outer loop
      vertex -14.225 38.37 2.5
      vertex -10.225 37.47 2.5
      vertex 14.225 38.37 2.5
    endloop
  endfacet
  facet normal 0 0 1
    outer loop
      vertex -9.272372055837117 36.919999999999995 2.5
      vertex -9.162481591082024 36.65470094961277 2.5
      vertex 9.272372055837117 36.919999999999995 2.5
    endloop
  endfacet
  facet normal 0 0 1
    outer loop
      vertex -9.447182540694797 37.1478174593052 2.5
      vertex -9.272372055837117 36.919999999999995 2.5
      vertex 9.447182540694797 37.1478174593052 2.5
    endloop
  endfacet
  facet normal 0 0 1
    outer loop
      vertex 14.225 38.37 2.5
      vertex -10.225 37.47 2.5
      vertex -9.940299050387226 37.43251840891797 2.5
    endloop
  endfacet
  facet normal 0 0 -1
    outer loop
      vertex -14.225 9.5 0
      vertex -11.287518408917975 22.215299050387227 0
      vertex -11.177627944162882 21.95 0
    endloop
  endfacet
  facet normal 0 0 -1
    outer loop
      vertex -14.225 9.5 0
      vertex -11.177627944162882 21.95 0
      vertex -11.002817459305202 21.7221825406948 0
    endloop
  endfacet
  facet normal 0 0 -1
    outer loop
      vertex -14.225 9.5 0
      vertex -10.775 21.54737205583712 0
      vertex -10.509700949612773 21.437481591082026 0
    endloop
  endfacet
  facet normal 0 0 -1
    outer loop
      vertex -14.225 9.5 0
      vertex -10.509700949612773 21.437481591082026 0
      vertex -10.225 21.4 0
    endloop
  endfacet
  facet normal 0 0 -1
    outer loop
      vertex -14.225 9.5 0
      vertex -11.002817459305202 21.7221825406948 0
      vertex -10.775 21.54737205583712 0
    endloop
  endfacet
  facet normal 0 0 -1
    outer loop
      vertex -14.225 9.5 0
      vertex -10.225 21.4 0
      vertex -9.940299050387226 21.437481591082026 0
    endloop
  endfacet
  facet normal 0 0 -1
    outer loop
      vertex -14.225 9.5 0
      vertex -9.940299050387226 21.437481591082026 0
      vertex -9.674999999999999 21.54737205583712 0
    endloop
  endfacet
  facet normal 0 0 -1
    outer loop
      vertex -14.225 9.5 0
      vertex -9.674999999999999 21.54737205583712 0
      vertex -9.447182540694797 21.7221825406948 0
    endloop
  endfacet
  facet normal 0 0 -1
    outer loop
      vertex -14.225 9.5 0
      vertex -14.225 38.37 0
      vertex -11.287518408917975 22.215299050387227 0
    endloop
  endfacet
  facet normal -1 0 0
    outer loop
      vertex -14.225 38.37 2.5
      vertex -14.225 38.37 0
      vertex -14.225 9.5 0
    endloop
  endfacet
  facet normal 0 0 -1
    outer loop
      vertex -14.225 38.37 0
      vertex -11.325 22.5 0
      vertex -11.287518408917975 22.215299050387227 0
    endloop
  endfacet
  facet normal 0 0 -1
    outer loop
      vertex -14.225 38.37 0
      vertex -11.287518408917975 22.784700949612773 0
      vertex -11.325 22.5 0
    endloop
  endfacet
  facet normal 0 0 -1
    outer loop
      vertex -14.225 38.37 0
      vertex -11.177627944162882 23.05 0
      vertex -11.287518408917975 22.784700949612773 0
    endloop
  endfacet
  facet normal 0 0 -1
    outer loop
      vertex -14.225 38.37 0
      vertex -11.002817459305202 23.2778174593052 0
      vertex -11.177627944162882 23.05 0
    endloop
  endfacet
  facet normal 0 0 -1
    outer loop
      vertex -14.225 38.37 0
      vertex -10.775 23.45262794416288 0
      vertex -11.002817459305202 23.2778174593052 0
    endloop
  endfacet
  facet normal 0 0 -1
    outer loop
      vertex -14.225 38.37 0
      vertex -10.509700949612773 23.562518408917974 0
      vertex -10.775 23.45262794416288 0
    endloop
  endfacet
  facet normal 0 0 -1
    outer loop
      vertex -14.225 38.37 0
      vertex -10.225 23.6 0
      vertex -10.509700949612773 23.562518408917974 0
    endloop
  endfacet
  facet normal 0 0 -1
    outer loop
      vertex -14.225 38.37 0
      vertex -9.940299050387226 23.562518408917974 0
      vertex -10.225 23.6 0
    endloop
  endfacet
  facet normal 0 0 -1
    outer loop
      vertex -14.225 38.37 0
      vertex -9.674999999999999 23.45262794416288 0
      vertex -9.940299050387226 23.562518408917974 0
    endloop
  endfacet
  facet normal 0 0 -1
    outer loop
      vertex -14.225 38.37 0
      vertex -11.177627944162882 35.82 0
      vertex -11.002817459305202 35.59218254069479 0
    endloop
  endfacet
  facet normal 0 0 -1
    outer loop
      vertex -14.225 38.37 0
      vertex -11.287518408917975 36.08529905038723 0
      vertex -11.177627944162882 35.82 0
    endloop
  endfacet
  facet normal 0 0 -1
    outer loop
      vertex -14.225 38.37 0
      vertex -11.325 36.37 0
      vertex -11.287518408917975 36.08529905038723 0
    endloop
  endfacet
  facet normal 0 0 -1
    outer loop
      vertex -14.225 38.37 0
      vertex -11.287518408917975 36.65470094961277 0
      vertex -11.325 36.37 0
    endloop
  endfacet
  facet normal 0 0 -1
    outer loop
      vertex -14.225 38.37 0
      vertex -11.177627944162882 36.919999999999995 0
      vertex -11.287518408917975 36.65470094961277 0
    endloop
  endfacet
  facet normal 0 0 -1
    outer loop
      vertex -14.225 38.37 0
      vertex -11.002817459305202 37.1478174593052 0
      vertex -11.177627944162882 36.919999999999995 0
    endloop
  endfacet
  facet normal 0 0 -1
    outer loop
      vertex -14.225 38.37 0
      vertex -10.775 37.32262794416288 0
      vertex -11.002817459305202 37.1478174593052 0
    endloop
  endfacet
  facet normal 0 0 -1
    outer loop
      vertex -14.225 38.37 0
      vertex -10.509700949612773 37.43251840891797 0
      vertex -10.775 37.32262794416288 0
    endloop
  endfacet
  facet normal 0 0 -1
    outer loop
      vertex -14.225 38.37 0
      vertex -10.225 37.47 0
      vertex -10.509700949612773 37.43251840891797 0
    endloop
  endfacet
  facet normal 0 0 -1
    outer loop
      vertex -14.225 9.5 0
      vertex -9.447182540694797 21.7221825406948 0
      vertex 14.225 9.5 0
    endloop
  endfacet
  facet normal 0 0 -1
    outer loop
      vertex 14.225 9.5 0
      vertex -9.447182540694797 21.7221825406948 0
      vertex -9.272372055837117 21.95 0
    endloop
  endfacet
  facet normal 0 0 -1
    outer loop
      vertex 14.225 9.5 0
      vertex -9.272372055837117 21.95 0
      vertex -9.162481591082024 22.215299050387227 0
    endloop
  endfacet
  facet normal 0 0 -1
    outer loop
      vertex 14.225 9.5 0
      vertex -9.162481591082024 22.215299050387227 0
      vertex -9.125 22.5 0
    endloop
  endfacet
  facet normal 0 0 -1
    outer loop
      vertex 14.225 9.5 0
      vertex -9.125 22.5 0
      vertex -9.162481591082024 22.784700949612773 0
    endloop
  endfacet
  facet normal 0 0 -1
    outer loop
      vertex -14.225 38.37 0
      vertex 14.225 9.5 0
      vertex -9.674999999999999 23.45262794416288 0
    endloop
  endfacet
  facet normal 0 0 -1
    outer loop
      vertex 14.225 9.5 0
      vertex -9.447182540694797 23.2778174593052 0
      vertex -9.674999999999999 23.45262794416288 0
    endloop
  endfacet
  facet normal 0 0 -1
    outer loop
      vertex 14.225 9.5 0
      vertex -9.272372055837117 23.05 0
      vertex -9.447182540694797 23.2778174593052 0
    endloop
  endfacet
  facet normal 0 0 -1
    outer loop
      vertex 14.225 9.5 0
      vertex -9.162481591082024 22.784700949612773 0
      vertex -9.272372055837117 23.05 0
    endloop
  endfacet
  facet normal 0 0 -1
    outer loop
      vertex -14.225 38.37 0
      vertex -11.002817459305202 35.59218254069479 0
      vertex 14.225 9.5 0
    endloop
  endfacet
  facet normal 0 0 -1
    outer loop
      vertex -10.225 35.269999999999996 0
      vertex 9.272372055837117 21.95 0
      vertex -10.509700949612773 35.30748159108202 0
    endloop
  endfacet
  facet normal 0 0 -1
    outer loop
      vertex -9.940299050387226 35.30748159108202 0
      vertex 9.162481591082024 22.215299050387227 0
      vertex -10.225 35.269999999999996 0
    endloop
  endfacet
  facet normal 0 0 -1
    outer loop
      vertex 14.225 9.5 0
      vertex -11.002817459305202 35.59218254069479 0
      vertex -10.775 35.41737205583711 0
    endloop
  endfacet
  facet normal 0 0 -1
    outer loop
      vertex 14.225 9.5 0
      vertex -10.775 35.41737205583711 0
      vertex -10.509700949612773 35.30748159108202 0
    endloop
  endfacet
  facet normal 0 0 -1
    outer loop
      vertex -9.674999999999999 35.41737205583711 0
      vertex 9.125 22.5 0
      vertex -9.940299050387226 35.30748159108202 0
    endloop
  endfacet
  facet normal 0 0 -1
    outer loop
      vertex -9.447182540694797 35.59218254069479 0
      vertex 9.162481591082024 22.784700949612773 0
      vertex -9.674999999999999 35.41737205583711 0
    endloop
  endfacet
  facet normal 0 0 -1
    outer loop
      vertex -9.447182540694797 35.59218254069479 0
      vertex -9.272372055837117 35.82 0
      vertex 9.272372055837117 23.05 0
    endloop
  endfacet
  facet normal 0 0 -1
    outer loop
      vertex -9.272372055837117 35.82 0
      vertex -9.162481591082024 36.08529905038723 0
      vertex 9.272372055837117 35.82 0
    endloop
  endfacet
  facet normal 0 0 -1
    outer loop
      vertex -9.162481591082024 36.08529905038723 0
      vertex -9.125 36.37 0
      vertex 9.162481591082024 36.08529905038723 0
    endloop
  endfacet
  facet normal 0 0 -1
    outer loop
      vertex -9.125 36.37 0
      vertex -9.162481591082024 36.65470094961277 0
      vertex 9.125 36.37 0
    endloop
  endfacet
  facet normal 0 0 -1
    outer loop
      vertex -10.225 37.47 0
      vertex 9.940299050387226 37.43251840891797 0
      vertex -9.940299050387226 37.43251840891797 0
    endloop
  endfacet
  facet normal 0 0 -1
    outer loop
      vertex -9.272372055837117 36.919999999999995 0
      vertex -9.447182540694797 37.1478174593052 0
      vertex 9.272372055837117 36.919999999999995 0
    endloop
  endfacet
  facet normal 0 0 -1
    outer loop
      vertex -9.674999999999999 37.32262794416288 0
      vertex 9.447182540694797 37.1478174593052 0
      vertex -9.447182540694797 37.1478174593052 0
    endloop
  endfacet
  facet normal 0 0 -1
    outer loop
      vertex -9.940299050387226 37.43251840891797 0
      vertex 9.674999999999999 37.32262794416288 0
      vertex -9.674999999999999 37.32262794416288 0
    endloop
  endfacet
  facet normal 0 0 -1
    outer loop
      vertex -14.225 38.37 0
      vertex 14.225 38.37 0
      vertex -10.225 37.47 0
    endloop
  endfacet
  facet normal 0 0 -1
    outer loop
      vertex -9.162481591082024 36.65470094961277 0
      vertex -9.272372055837117 36.919999999999995 0
      vertex 9.162481591082024 36.65470094961277 0
    endloop
  endfacet
  facet normal 0 0 1
    outer loop
      vertex -14.225 9.5 2.5
      vertex 9.272372055837117 21.95 2.5
      vertex 9.162481591082024 22.215299050387227 2.5
    endloop
  endfacet
  facet normal 0 0 1
    outer loop
      vertex -14.225 9.5 2.5
      vertex 9.447182540694797 21.7221825406948 2.5
      vertex 9.272372055837117 21.95 2.5
    endloop
  endfacet
  facet normal 0 0 1
    outer loop
      vertex -14.225 9.5 2.5
      vertex 9.162481591082024 22.215299050387227 2.5
      vertex 9.125 22.5 2.5
    endloop
  endfacet
  facet normal 0 0 1
    outer loop
      vertex -14.225 9.5 2.5
      vertex 9.125 22.5 2.5
      vertex 9.162481591082024 22.784700949612773 2.5
    endloop
  endfacet
  facet normal 0 0 1
    outer loop
      vertex -14.225 9.5 2.5
      vertex 9.674999999999999 21.54737205583712 2.5
      vertex 9.447182540694797 21.7221825406948 2.5
    endloop
  endfacet
  facet normal 0 0 1
    outer loop
      vertex -14.225 9.5 2.5
      vertex 14.225 9.5 2.5
      vertex 10.225 21.4 2.5
    endloop
  endfacet
  facet normal 0 0 1
    outer loop
      vertex -14.225 9.5 2.5
      vertex 9.940299050387226 21.437481591082026 2.5
      vertex 9.674999999999999 21.54737205583712 2.5
    endloop
  endfacet
  facet normal 0 0 1
    outer loop
      vertex -14.225 9.5 2.5
      vertex 10.225 21.4 2.5
      vertex 9.940299050387226 21.437481591082026 2.5
    endloop
  endfacet
  facet normal 0 0 1
    outer loop
      vertex -14.225 9.5 2.5
      vertex 9.162481591082024 22.784700949612773 2.5
      vertex 14.225 38.37 2.5
    endloop
  endfacet
  facet normal 0 0 1
    outer loop
      vertex -14.225 9.5 2.5
      vertex 10.509700949612773 35.30748159108202 2.5
      vertex 10.225 35.269999999999996 2.5
    endloop
  endfacet
  facet normal 0 0 1
    outer loop
      vertex -14.225 9.5 2.5
      vertex 10.775 35.41737205583711 2.5
      vertex 10.509700949612773 35.30748159108202 2.5
    endloop
  endfacet
  facet normal 0 0 1
    outer loop
      vertex -14.225 9.5 2.5
      vertex 11.002817459305202 35.59218254069479 2.5
      vertex 10.775 35.41737205583711 2.5
    endloop
  endfacet
  facet normal 0 0 1
    outer loop
      vertex -9.162481591082024 22.784700949612773 2.5
      vertex 9.674999999999999 35.41737205583711 2.5
      vertex 9.447182540694797 35.59218254069479 2.5
    endloop
  endfacet
  facet normal 0 0 1
    outer loop
      vertex -9.272372055837117 23.05 2.5
      vertex 9.447182540694797 35.59218254069479 2.5
      vertex 9.272372055837117 35.82 2.5
    endloop
  endfacet
  facet normal 0 0 1
    outer loop
      vertex -9.125 22.5 2.5
      vertex 9.940299050387226 35.30748159108202 2.5
      vertex 9.674999999999999 35.41737205583711 2.5
    endloop
  endfacet
  facet normal 0 0 1
    outer loop
      vertex -9.272372055837117 35.82 2.5
      vertex 9.272372055837117 35.82 2.5
      vertex 9.162481591082024 36.08529905038723 2.5
    endloop
  endfacet
  facet normal 0 0 1
    outer loop
      vertex -9.162481591082024 36.08529905038723 2.5
      vertex 9.162481591082024 36.08529905038723 2.5
      vertex 9.125 36.37 2.5
    endloop
  endfacet
  facet normal 0 0 1
    outer loop
      vertex -9.125 36.37 2.5
      vertex 9.125 36.37 2.5
      vertex 9.162481591082024 36.65470094961277 2.5
    endloop
  endfacet
  facet normal 0 0 1
    outer loop
      vertex -9.162481591082024 36.65470094961277 2.5
      vertex 9.162481591082024 36.65470094961277 2.5
      vertex 9.272372055837117 36.919999999999995 2.5
    endloop
  endfacet
  facet normal 0 0 1
    outer loop
      vertex -9.272372055837117 36.919999999999995 2.5
      vertex 9.272372055837117 36.919999999999995 2.5
      vertex 9.447182540694797 37.1478174593052 2.5
    endloop
  endfacet
  facet normal 0 0 1
    outer loop
      vertex -9.447182540694797 37.1478174593052 2.5
      vertex 9.447182540694797 37.1478174593052 2.5
      vertex 9.674999999999999 37.32262794416288 2.5
    endloop
  endfacet
  facet normal 0 0 1
    outer loop
      vertex -9.674999999999999 37.32262794416288 2.5
      vertex 9.674999999999999 37.32262794416288 2.5
      vertex 9.940299050387226 37.43251840891797 2.5
    endloop
  endfacet
  facet normal 0 0 1
    outer loop
      vertex -14.225 9.5 2.5
      vertex 14.225 38.37 2.5
      vertex 11.002817459305202 35.59218254069479 2.5
    endloop
  endfacet
  facet normal 0 0 1
    outer loop
      vertex -9.272372055837117 21.95 2.5
      vertex 10.225 35.269999999999996 2.5
      vertex 9.940299050387226 35.30748159108202 2.5
    endloop
  endfacet
  facet normal 0 0 1
    outer loop
      vertex 14.225 38.37 2.5
      vertex -9.940299050387226 37.43251840891797 2.5
      vertex 9.940299050387226 37.43251840891797 2.5
    endloop
  endfacet
  facet normal 0 0 1
    outer loop
      vertex 14.225 9.5 2.5
      vertex 10.509700949612773 21.437481591082026 2.5
      vertex 10.225 21.4 2.5
    endloop
  endfacet
  facet normal 0 0 1
    outer loop
      vertex 14.225 9.5 2.5
      vertex 10.775 21.54737205583712 2.5
      vertex 10.509700949612773 21.437481591082026 2.5
    endloop
  endfacet
  facet normal 0 0 1
    outer loop
      vertex 14.225 9.5 2.5
      vertex 11.002817459305202 21.7221825406948 2.5
      vertex 10.775 21.54737205583712 2.5
    endloop
  endfacet
  facet normal 0 0 1
    outer loop
      vertex 14.225 9.5 2.5
      vertex 11.177627944162882 21.95 2.5
      vertex 11.002817459305202 21.7221825406948 2.5
    endloop
  endfacet
  facet normal 0 0 1
    outer loop
      vertex 14.225 9.5 2.5
      vertex 11.287518408917975 22.215299050387227 2.5
      vertex 11.177627944162882 21.95 2.5
    endloop
  endfacet
  facet normal 0 0 1
    outer loop
      vertex 14.225 9.5 2.5
      vertex 14.225 38.37 2.5
      vertex 11.287518408917975 22.215299050387227 2.5
    endloop
  endfacet
  facet normal 0 0 1
    outer loop
      vertex 14.225 38.37 2.5
      vertex 9.162481591082024 22.784700949612773 2.5
      vertex 9.272372055837117 23.05 2.5
    endloop
  endfacet
  facet normal 0 0 1
    outer loop
      vertex 14.225 38.37 2.5
      vertex 9.272372055837117 23.05 2.5
      vertex 9.447182540694797 23.2778174593052 2.5
    endloop
  endfacet
  facet normal 0 0 1
    outer loop
      vertex 14.225 38.37 2.5
      vertex 11.002817459305202 23.2778174593052 2.5
      vertex 11.177627944162882 23.05 2.5
    endloop
  endfacet
  facet normal 0 0 1
    outer loop
      vertex 14.225 38.37 2.5
      vertex 11.325 22.5 2.5
      vertex 11.287518408917975 22.215299050387227 2.5
    endloop
  endfacet
  facet normal 0 0 1
    outer loop
      vertex 14.225 38.37 2.5
      vertex 11.287518408917975 22.784700949612773 2.5
      vertex 11.325 22.5 2.5
    endloop
  endfacet
  facet normal 0 0 1
    outer loop
      vertex 14.225 38.37 2.5
      vertex 11.177627944162882 23.05 2.5
      vertex 11.287518408917975 22.784700949612773 2.5
    endloop
  endfacet
  facet normal 0 0 1
    outer loop
      vertex 14.225 38.37 2.5
      vertex 9.447182540694797 23.2778174593052 2.5
      vertex 9.674999999999999 23.45262794416288 2.5
    endloop
  endfacet
  facet normal 0 0 1
    outer loop
      vertex 14.225 38.37 2.5
      vertex 9.674999999999999 23.45262794416288 2.5
      vertex 9.940299050387226 23.562518408917974 2.5
    endloop
  endfacet
  facet normal 0 0 1
    outer loop
      vertex 14.225 38.37 2.5
      vertex 9.940299050387226 23.562518408917974 2.5
      vertex 10.225 23.6 2.5
    endloop
  endfacet
  facet normal 0 0 1
    outer loop
      vertex 14.225 38.37 2.5
      vertex 10.225 23.6 2.5
      vertex 10.509700949612773 23.562518408917974 2.5
    endloop
  endfacet
  facet normal 0 0 1
    outer loop
      vertex 14.225 38.37 2.5
      vertex 10.509700949612773 23.562518408917974 2.5
      vertex 10.775 23.45262794416288 2.5
    endloop
  endfacet
  facet normal 0 0 1
    outer loop
      vertex 14.225 38.37 2.5
      vertex 10.775 23.45262794416288 2.5
      vertex 11.002817459305202 23.2778174593052 2.5
    endloop
  endfacet
  facet normal 1 0 0
    outer loop
      vertex 14.225 9.5 2.5
      vertex 14.225 38.37 0
      vertex 14.225 38.37 2.5
    endloop
  endfacet
  facet normal 0 0 1
    outer loop
      vertex 14.225 38.37 2.5
      vertex 9.940299050387226 37.43251840891797 2.5
      vertex 10.225 37.47 2.5
    endloop
  endfacet
  facet normal 0 0 1
    outer loop
      vertex 14.225 38.37 2.5
      vertex 11.177627944162882 35.82 2.5
      vertex 11.002817459305202 35.59218254069479 2.5
    endloop
  endfacet
  facet normal 0 0 1
    outer loop
      vertex 14.225 38.37 2.5
      vertex 10.225 37.47 2.5
      vertex 10.509700949612773 37.43251840891797 2.5
    endloop
  endfacet
  facet normal 0 0 1
    outer loop
      vertex 14.225 38.37 2.5
      vertex 10.509700949612773 37.43251840891797 2.5
      vertex 10.775 37.32262794416288 2.5
    endloop
  endfacet
  facet normal 0 0 1
    outer loop
      vertex 14.225 38.37 2.5
      vertex 10.775 37.32262794416288 2.5
      vertex 11.002817459305202 37.1478174593052 2.5
    endloop
  endfacet
  facet normal 0 0 1
    outer loop
      vertex 14.225 38.37 2.5
      vertex 11.002817459305202 37.1478174593052 2.5
      vertex 11.177627944162882 36.919999999999995 2.5
    endloop
  endfacet
  facet normal 0 0 1
    outer loop
      vertex 14.225 38.37 2.5
      vertex 11.287518408917975 36.08529905038723 2.5
      vertex 11.177627944162882 35.82 2.5
    endloop
  endfacet
  facet normal 0 0 1
    outer loop
      vertex 14.225 38.37 2.5
      vertex 11.325 36.37 2.5
      vertex 11.287518408917975 36.08529905038723 2.5
    endloop
  endfacet
  facet normal 0 0 1
    outer loop
      vertex 14.225 38.37 2.5
      vertex 11.287518408917975 36.65470094961277 2.5
      vertex 11.325 36.37 2.5
    endloop
  endfacet
  facet normal 0 0 1
    outer loop
      vertex 14.225 38.37 2.5
      vertex 11.177627944162882 36.919999999999995 2.5
      vertex 11.287518408917975 36.65470094961277 2.5
    endloop
  endfacet
  facet normal 0 0 -1
    outer loop
      vertex 14.225 9.5 0
      vertex -10.509700949612773 35.30748159108202 0
      vertex 9.447182540694797 21.7221825406948 0
    endloop
  endfacet
  facet normal 0 0 -1
    outer loop
      vertex -10.509700949612773 35.30748159108202 0
      vertex 9.272372055837117 21.95 0
      vertex 9.447182540694797 21.7221825406948 0
    endloop
  endfacet
  facet normal 0 0 -1
    outer loop
      vertex -10.225 35.269999999999996 0
      vertex 9.162481591082024 22.215299050387227 0
      vertex 9.272372055837117 21.95 0
    endloop
  endfacet
  facet normal 0 0 -1
    outer loop
      vertex -9.940299050387226 35.30748159108202 0
      vertex 9.125 22.5 0
      vertex 9.162481591082024 22.215299050387227 0
    endloop
  endfacet
  facet normal 0 0 -1
    outer loop
      vertex -9.674999999999999 35.41737205583711 0
      vertex 9.162481591082024 22.784700949612773 0
      vertex 9.125 22.5 0
    endloop
  endfacet
  facet normal 0 0 -1
    outer loop
      vertex -9.447182540694797 35.59218254069479 0
      vertex 9.272372055837117 23.05 0
      vertex 9.162481591082024 22.784700949612773 0
    endloop
  endfacet
  facet normal 0 0 -1
    outer loop
      vertex -9.272372055837117 35.82 0
      vertex 9.447182540694797 23.2778174593052 0
      vertex 9.272372055837117 23.05 0
    endloop
  endfacet
  facet normal 0 0 -1
    outer loop
      vertex -9.272372055837117 35.82 0
      vertex 9.447182540694797 35.59218254069479 0
      vertex 9.447182540694797 23.2778174593052 0
    endloop
  endfacet
  facet normal 0 0 -1
    outer loop
      vertex -9.162481591082024 36.08529905038723 0
      vertex 9.162481591082024 36.08529905038723 0
      vertex 9.272372055837117 35.82 0
    endloop
  endfacet
  facet normal 0 0 -1
    outer loop
      vertex -9.125 36.37 0
      vertex 9.125 36.37 0
      vertex 9.162481591082024 36.08529905038723 0
    endloop
  endfacet
  facet normal 0 0 -1
    outer loop
      vertex -9.162481591082024 36.65470094961277 0
      vertex 9.162481591082024 36.65470094961277 0
      vertex 9.125 36.37 0
    endloop
  endfacet
  facet normal 0 0 -1
    outer loop
      vertex -9.272372055837117 35.82 0
      vertex 9.272372055837117 35.82 0
      vertex 9.447182540694797 35.59218254069479 0
    endloop
  endfacet
  facet normal 0 0 -1
    outer loop
      vertex -9.272372055837117 36.919999999999995 0
      vertex 9.272372055837117 36.919999999999995 0
      vertex 9.162481591082024 36.65470094961277 0
    endloop
  endfacet
  facet normal 0 0 -1
    outer loop
      vertex -9.447182540694797 37.1478174593052 0
      vertex 9.447182540694797 37.1478174593052 0
      vertex 9.272372055837117 36.919999999999995 0
    endloop
  endfacet
  facet normal 0 0 -1
    outer loop
      vertex -9.674999999999999 37.32262794416288 0
      vertex 9.674999999999999 37.32262794416288 0
      vertex 9.447182540694797 37.1478174593052 0
    endloop
  endfacet
  facet normal 0 0 -1
    outer loop
      vertex -9.940299050387226 37.43251840891797 0
      vertex 9.940299050387226 37.43251840891797 0
      vertex 9.674999999999999 37.32262794416288 0
    endloop
  endfacet
  facet normal 0 0 -1
    outer loop
      vertex -10.225 37.47 0
      vertex 10.225 37.47 0
      vertex 9.940299050387226 37.43251840891797 0
    endloop
  endfacet
  facet normal 0 1 0
    outer loop
      vertex -14.225 38.37 0
      vertex 14.225 38.37 2.5
      vertex 14.225 38.37 0
    endloop
  endfacet
  facet normal 0 0 -1
    outer loop
      vertex 14.225 38.37 0
      vertex 10.225 37.47 0
      vertex -10.225 37.47 0
    endloop
  endfacet
  facet normal 0 0 -1
    outer loop
      vertex 14.225 9.5 0
      vertex 9.674999999999999 21.54737205583712 0
      vertex 9.940299050387226 21.437481591082026 0
    endloop
  endfacet
  facet normal 0 0 -1
    outer loop
      vertex 14.225 9.5 0
      vertex 9.940299050387226 21.437481591082026 0
      vertex 10.225 21.4 0
    endloop
  endfacet
  facet normal 0 0 -1
    outer loop
      vertex 14.225 9.5 0
      vertex 9.447182540694797 21.7221825406948 0
      vertex 9.674999999999999 21.54737205583712 0
    endloop
  endfacet
  facet normal 0 0 -1
    outer loop
      vertex 14.225 9.5 0
      vertex 10.225 21.4 0
      vertex 10.509700949612773 21.437481591082026 0
    endloop
  endfacet
  facet normal 0 0 -1
    outer loop
      vertex 14.225 9.5 0
      vertex 10.509700949612773 21.437481591082026 0
      vertex 10.775 21.54737205583712 0
    endloop
  endfacet
  facet normal 0 0 -1
    outer loop
      vertex 14.225 9.5 0
      vertex 10.775 21.54737205583712 0
      vertex 11.002817459305202 21.7221825406948 0
    endloop
  endfacet
  facet normal 0 0 -1
    outer loop
      vertex 14.225 9.5 0
      vertex 11.002817459305202 21.7221825406948 0
      vertex 11.177627944162882 21.95 0
    endloop
  endfacet
  facet normal 0 0 -1
    outer loop
      vertex 14.225 9.5 0
      vertex 11.177627944162882 21.95 0
      vertex 11.287518408917975 22.215299050387227 0
    endloop
  endfacet
  facet normal 0 0 -1
    outer loop
      vertex 14.225 9.5 0
      vertex 11.287518408917975 22.215299050387227 0
      vertex 11.325 22.5 0
    endloop
  endfacet
  facet normal 0 0 -1
    outer loop
      vertex 14.225 9.5 0
      vertex 11.325 22.5 0
      vertex 11.287518408917975 22.784700949612773 0
    endloop
  endfacet
  facet normal 1 0 0
    outer loop
      vertex 14.225 9.5 2.5
      vertex 14.225 9.5 0
      vertex 14.225 38.37 0
    endloop
  endfacet
  facet normal 0 0 -1
    outer loop
      vertex 14.225 9.5 0
      vertex 11.287518408917975 22.784700949612773 0
      vertex 14.225 38.37 0
    endloop
  endfacet
  facet normal 0 0 -1
    outer loop
      vertex 9.447182540694797 23.2778174593052 0
      vertex 9.674999999999999 35.41737205583711 0
      vertex 9.674999999999999 23.45262794416288 0
    endloop
  endfacet
  facet normal 0 0 -1
    outer loop
      vertex 9.674999999999999 23.45262794416288 0
      vertex 9.940299050387226 35.30748159108202 0
      vertex 9.940299050387226 23.562518408917974 0
    endloop
  endfacet
  facet normal 0 0 -1
    outer loop
      vertex 9.940299050387226 23.562518408917974 0
      vertex 10.225 35.269999999999996 0
      vertex 10.225 23.6 0
    endloop
  endfacet
  facet normal 0 0 -1
    outer loop
      vertex 10.225 23.6 0
      vertex 10.509700949612773 35.30748159108202 0
      vertex 10.509700949612773 23.562518408917974 0
    endloop
  endfacet
  facet normal 0 0 -1
    outer loop
      vertex 9.447182540694797 23.2778174593052 0
      vertex 9.447182540694797 35.59218254069479 0
      vertex 9.674999999999999 35.41737205583711 0
    endloop
  endfacet
  facet normal 0 0 -1
    outer loop
      vertex 9.674999999999999 23.45262794416288 0
      vertex 9.674999999999999 35.41737205583711 0
      vertex 9.940299050387226 35.30748159108202 0
    endloop
  endfacet
  facet normal 0 0 -1
    outer loop
      vertex 9.940299050387226 23.562518408917974 0
      vertex 9.940299050387226 35.30748159108202 0
      vertex 10.225 35.269999999999996 0
    endloop
  endfacet
  facet normal 0 0 -1
    outer loop
      vertex 10.225 23.6 0
      vertex 10.225 35.269999999999996 0
      vertex 10.509700949612773 35.30748159108202 0
    endloop
  endfacet
  facet normal 0 0 -1
    outer loop
      vertex 10.775 35.41737205583711 0
      vertex 10.509700949612773 23.562518408917974 0
      vertex 10.509700949612773 35.30748159108202 0
    endloop
  endfacet
  facet normal 0 0 -1
    outer loop
      vertex 10.509700949612773 23.562518408917974 0
      vertex 10.775 35.41737205583711 0
      vertex 10.775 23.45262794416288 0
    endloop
  endfacet
  facet normal 0 0 -1
    outer loop
      vertex 10.775 23.45262794416288 0
      vertex 11.002817459305202 35.59218254069479 0
      vertex 11.002817459305202 23.2778174593052 0
    endloop
  endfacet
  facet normal 0 0 -1
    outer loop
      vertex 11.177627944162882 23.05 0
      vertex 11.002817459305202 23.2778174593052 0
      vertex 11.177627944162882 35.82 0
    endloop
  endfacet
  facet normal 0 0 -1
    outer loop
      vertex 14.225 38.37 0
      vertex 11.287518408917975 22.784700949612773 0
      vertex 11.177627944162882 23.05 0
    endloop
  endfacet
  facet normal 0 0 -1
    outer loop
      vertex 11.002817459305202 35.59218254069479 0
      vertex 10.775 23.45262794416288 0
      vertex 10.775 35.41737205583711 0
    endloop
  endfacet
  facet normal 0 0 -1
    outer loop
      vertex 11.002817459305202 35.59218254069479 0
      vertex 11.177627944162882 35.82 0
      vertex 11.002817459305202 23.2778174593052 0
    endloop
  endfacet
  facet normal 0 0 -1
    outer loop
      vertex 14.225 38.37 0
      vertex 11.177627944162882 23.05 0
      vertex 11.177627944162882 35.82 0
    endloop
  endfacet
  facet normal 0 0 -1
    outer loop
      vertex 14.225 38.37 0
      vertex 10.509700949612773 37.43251840891797 0
      vertex 10.225 37.47 0
    endloop
  endfacet
  facet normal 0 0 -1
    outer loop
      vertex 14.225 38.37 0
      vertex 10.775 37.32262794416288 0
      vertex 10.509700949612773 37.43251840891797 0
    endloop
  endfacet
  facet normal 0 0 -1
    outer loop
      vertex 14.225 38.37 0
      vertex 11.002817459305202 37.1478174593052 0
      vertex 10.775 37.32262794416288 0
    endloop
  endfacet
  facet normal 0 0 -1
    outer loop
      vertex 14.225 38.37 0
      vertex 11.177627944162882 36.919999999999995 0
      vertex 11.002817459305202 37.1478174593052 0
    endloop
  endfacet
  facet normal 0 0 -1
    outer loop
      vertex 14.225 38.37 0
      vertex 11.177627944162882 35.82 0
      vertex 11.287518408917975 36.08529905038723 0
    endloop
  endfacet
  facet normal 0 0 -1
    outer loop
      vertex 14.225 38.37 0
      vertex 11.287518408917975 36.08529905038723 0
      vertex 11.325 36.37 0
    endloop
  endfacet
  facet normal 0 0 -1
    outer loop
      vertex 14.225 38.37 0
      vertex 11.325 36.37 0
      vertex 11.287518408917975 36.65470094961277 0
    endloop
  endfacet
  facet normal 0 0 -1
    outer loop
      vertex 14.225 38.37 0
      vertex 11.287518408917975 36.65470094961277 0
      vertex 11.177627944162882 36.919999999999995 0
    endloop
  endfacet
  facet normal -0.9914448613738105 0 0.13052619222005196
    outer loop
      vertex -7.244443697168013 7.01188578223194 3.1911428382689055
      vertex -7.244443697168013 7.5 3.1911428382689055
      vertex -7.262294101578314 7.5 3.0555555555555554
    endloop
  endfacet
  facet normal -0.6087614290087197 0 0.7933533402912359
    outer loop
      vertex -3.75 -13 7.745190528383289
      vertex -3.75 7.5 7.745190528383289
      vertex -4.227771575905914 -8.811645648476244 7.378583504101444
    endloop
  endfacet
  facet normal -0.6087614290087205 4.123873525898116e-17 0.7933533402912354
    outer loop
      vertex -4.227771575905914 -8.811645648476244 7.378583504101444
      vertex -3.75 7.5 7.745190528383289
      vertex -5.303300858899107 -5.297345409721348 6.553300858899107
    endloop
  endfacet
  facet normal 0 -1 0
    outer loop
      vertex -3.75 -15 7.196699141100893
      vertex -5.303300858899107 -15 6.553300858899107
      vertex -3.75 -15 5.909902576697319
    endloop
  endfacet
  facet normal 0 -1 0
    outer loop
      vertex -3.75 -15 7.745190528383289
      vertex -1.9411428382689055 -15 8.229872344092389
      vertex -1.9411428382689055 -15 8.494443697168013
    endloop
  endfacet
  facet normal 0 -1 0
    outer loop
      vertex -1.9074982127268734 -15 8.238887394336023
      vertex -1.872666733304391 -15 7.974316041260401
      vertex 0 -15 8.75
    endloop
  endfacet
  facet normal -0.3826834323650902 0 0.9238795325112864
    outer loop
      vertex -3.75 -13 7.745190528383289
      vertex -1.9411428382689055 -13 8.494443697168013
      vertex -3.75 7.5 7.745190528383289
    endloop
  endfacet
  facet normal -0.13052619222005138 0 0.9914448613738105
    outer loop
      vertex -1.9411428382689055 -13 8.494443697168013
      vertex 0 -13 8.75
      vertex -1.9411428382689055 7.5 8.494443697168013
    endloop
  endfacet
  facet normal -0.6087614290087202 0 0.7933533402912354
    outer loop
      vertex -5.303300858899107 -5.297345409721348 6.553300858899107
      vertex -3.75 7.5 7.745190528383289
      vertex -5.303300858899107 7.5 6.553300858899107
    endloop
  endfacet
  facet normal -0.7933533402912357 0 0.6087614290087199
    outer loop
      vertex -5.457721941462762 -4.3673993896019585 6.3520553860005435
      vertex -5.303300858899107 -5.297345409721348 6.553300858899107
      vertex -5.303300858899107 7.5 6.553300858899107
    endloop
  endfacet
  facet normal -0.7933533402912355 -1.075098514126327e-17 0.6087614290087202
    outer loop
      vertex -5.457721941462762 -4.3673993896019585 6.3520553860005435
      vertex -5.303300858899107 7.5 6.553300858899107
      vertex -6.495190528383289 7.5 5
    endloop
  endfacet
  facet normal -0.7933533402912355 0 0.6087614290087202
    outer loop
      vertex -5.457721941462762 -4.3673993896019585 6.3520553860005435
      vertex -6.495190528383289 7.5 5
      vertex -6.495190528383289 0.4999999999999991 5
    endloop
  endfacet
  facet normal 0 1 0
    outer loop
      vertex -7.262294101578314 7.5 3.0555555555555554
      vertex -5.303300858899107 7.5 6.553300858899107
      vertex -3.75 7.5 7.745190528383289
    endloop
  endfacet
  facet normal 0 1 0
    outer loop
      vertex -7.262294101578314 7.5 3.0555555555555554
      vertex -3.75 7.5 7.745190528383289
      vertex -1.9411428382689055 7.5 8.494443697168013
    endloop
  endfacet
  facet normal -0.3826834323650902 0 0.9238795325112864
    outer loop
      vertex -1.9411428382689055 -13 8.494443697168013
      vertex -1.9411428382689055 7.5 8.494443697168013
      vertex -3.75 7.5 7.745190528383289
    endloop
  endfacet
  facet normal -0.13052619222005138 0 0.9914448613738105
    outer loop
      vertex -1.9411428382689055 7.5 8.494443697168013
      vertex 0 -13 8.75
      vertex 0 7.5 8.75
    endloop
  endfacet
  facet normal 0 1 0
    outer loop
      vertex -7.262294101578314 7.5 3.0555555555555554
      vertex -1.9411428382689055 7.5 8.494443697168013
      vertex 0 7.5 8.75
    endloop
  endfacet
  facet normal 0 1 0
    outer loop
      vertex -7.262294101578314 7.5 3.0555555555555554
      vertex 0 7.5 8.75
      vertex 1.9411428382689055 7.5 8.494443697168013
    endloop
  endfacet
  facet normal 0 1 0
    outer loop
      vertex -7.262294101578314 7.5 3.0555555555555554
      vertex 1.9411428382689055 7.5 8.494443697168013
      vertex 3.75 7.5 7.745190528383289
    endloop
  endfacet
  facet normal -0.9238795325112866 0 0.3826834323650902
    outer loop
      vertex -7.244443697168013 7.01188578223194 3.1911428382689055
      vertex -6.495190528383289 0.4999999999999991 5
      vertex -7.244443697168013 7.5 3.1911428382689055
    endloop
  endfacet
  facet normal 0 1 0
    outer loop
      vertex -7.262294101578314 7.5 3.0555555555555554
      vertex -6.495190528383289 7.5 5
      vertex -5.303300858899107 7.5 6.553300858899107
    endloop
  endfacet
  facet normal -0.9238795325112865 0 0.3826834323650903
    outer loop
      vertex -7.244443697168013 7.5 3.1911428382689055
      vertex -6.495190528383289 0.4999999999999991 5
      vertex -6.495190528383289 7.5 5
    endloop
  endfacet
  facet normal 0 1 0
    outer loop
      vertex -7.244443697168013 7.5 3.1911428382689055
      vertex -6.495190528383289 7.5 5
      vertex -7.262294101578314 7.5 3.0555555555555554
    endloop
  endfacet
  facet normal 0 -1 0
    outer loop
      vertex -7.244443697168013 -15 1.8669674922469097
      vertex -7.5 -15 1.25
      vertex -7.244443697168013 -15 0.29625089363656576
    endloop
  endfacet
  facet normal -0.9914448613738105 0 -0.13052619222005218
    outer loop
      vertex -7.262294101578314 7.5 -0.5555555555555556
      vertex -7.244443697168013 7.5 -0.6911428382689055
      vertex -7.244443697168013 7.01188578223194 -0.6911428382689055
    endloop
  endfacet
  facet normal -0.9238795325112865 0 -0.3826834323650903
    outer loop
      vertex -7.244443697168013 7.01188578223194 -0.6911428382689055
      vertex -6.495190528383289 7.5 -2.5
      vertex -6.495190528383289 0.4999999999999991 -2.5
    endloop
  endfacet
  facet normal -0.9238795325112866 0 -0.3826834323650902
    outer loop
      vertex -7.244443697168013 7.01188578223194 -0.6911428382689055
      vertex -7.244443697168013 7.5 -0.6911428382689055
      vertex -6.495190528383289 7.5 -2.5
    endloop
  endfacet
  facet normal 0 1 0
    outer loop
      vertex -7.262294101578314 7.5 -0.5555555555555556
      vertex 7.262294101578314 7.5 -0.5555555555555556
      vertex -7.244443697168013 7.5 -0.6911428382689055
    endloop
  endfacet
  facet normal 0 1 0
    outer loop
      vertex -7.244443697168013 7.5 -0.6911428382689055
      vertex 7.262294101578314 7.5 -0.5555555555555556
      vertex -6.495190528383289 7.5 -2.5
    endloop
  endfacet
  facet normal 0 1 0
    outer loop
      vertex -6.495190528383289 7.5 -2.5
      vertex 7.262294101578314 7.5 -0.5555555555555556
      vertex -5.303300858899107 7.5 -4.053300858899107
    endloop
  endfacet
  facet normal -0.6087614290087207 0 -0.7933533402912352
    outer loop
      vertex -5.303300858899107 -5.297345409721348 -4.053300858899107
      vertex -5.303300858899107 7.5 -4.053300858899107
      vertex -4.227771575905914 -8.811645648476244 -4.878583504101444
    endloop
  endfacet
  facet normal -0.6087614290087197 0 -0.7933533402912359
    outer loop
      vertex -3.75 -13 -5.245190528383289
      vertex -4.227771575905914 -8.811645648476244 -4.878583504101444
      vertex -3.75 7.5 -5.245190528383289
    endloop
  endfacet
  facet normal 0 -1 0
    outer loop
      vertex -3.75 -15 -5.245190528383289
      vertex -1.9411428382689055 -15 -5.994443697168013
      vertex -1.9772479687893572 -15 -5.720198003526813
    endloop
  endfacet
  facet normal -0.3826834323650902 0 -0.9238795325112865
    outer loop
      vertex -3.75 -15 -5.245190528383289
      vertex -1.9411428382689055 -13 -5.994443697168013
      vertex -1.9411428382689055 -15 -5.994443697168013
    endloop
  endfacet
  facet normal -0.3826834323650902 0 -0.9238795325112864
    outer loop
      vertex -3.75 -13 -5.245190528383289
      vertex -1.9411428382689055 7.5 -5.994443697168013
      vertex -1.9411428382689055 -13 -5.994443697168013
    endloop
  endfacet
  facet normal -0.13052619222005138 0 -0.9914448613738105
    outer loop
      vertex -1.9411428382689055 -13 -5.994443697168013
      vertex 0 7.5 -6.25
      vertex 0 -13 -6.25
    endloop
  endfacet
  facet normal -0.7933533402912354 -1.1640569740665857e-17 -0.6087614290087202
    outer loop
      vertex -5.457721941462762 -4.3673993896019585 -3.8520553860005435
      vertex -6.495190528383289 0.4999999999999991 -2.5
      vertex -5.303300858899107 7.5 -4.053300858899107
    endloop
  endfacet
  facet normal -0.7933533402912357 0 -0.6087614290087199
    outer loop
      vertex -5.457721941462762 -4.3673993896019585 -3.8520553860005435
      vertex -5.303300858899107 7.5 -4.053300858899107
      vertex -5.303300858899107 -5.297345409721348 -4.053300858899107
    endloop
  endfacet
  facet normal -0.7933533402912354 0 -0.6087614290087202
    outer loop
      vertex -6.495190528383289 0.4999999999999991 -2.5
      vertex -6.495190528383289 7.5 -2.5
      vertex -5.303300858899107 7.5 -4.053300858899107
    endloop
  endfacet
  facet normal -0.6087614290087203 3.128715207590742e-17 -0.7933533402912355
    outer loop
      vertex -4.227771575905914 -8.811645648476244 -4.878583504101444
      vertex -5.303300858899107 7.5 -4.053300858899107
      vertex -3.75 7.5 -5.245190528383289
    endloop
  endfacet
  facet normal 0 1 0
    outer loop
      vertex -5.303300858899107 7.5 -4.053300858899107
      vertex 7.262294101578314 7.5 -0.5555555555555556
      vertex -3.75 7.5 -5.245190528383289
    endloop
  endfacet
  facet normal -0.3826834323650902 0 -0.9238795325112864
    outer loop
      vertex -3.75 -13 -5.245190528383289
      vertex -3.75 7.5 -5.245190528383289
      vertex -1.9411428382689055 7.5 -5.994443697168013
    endloop
  endfacet
  facet normal -0.13052619222005138 0 -0.9914448613738105
    outer loop
      vertex -1.9411428382689055 -13 -5.994443697168013
      vertex -1.9411428382689055 7.5 -5.994443697168013
      vertex 0 7.5 -6.25
    endloop
  endfacet
  facet normal 0.3826834323650902 0 0.9238795325112865
    outer loop
      vertex 1.9411428382689055 -15 8.494443697168013
      vertex 3.75 -15 7.745190528383289
      vertex 1.9411428382689055 -13 8.494443697168013
    endloop
  endfacet
  facet normal 0 -1 0
    outer loop
      vertex 1.9411428382689055 -15 8.494443697168013
      vertex 1.9772479687893572 -15 8.220198003526814
      vertex 3.75 -15 7.745190528383289
    endloop
  endfacet
  facet normal 0.13052619222005138 0 0.9914448613738105
    outer loop
      vertex 0 -13 8.75
      vertex 1.9411428382689055 -13 8.494443697168013
      vertex 0 7.5 8.75
    endloop
  endfacet
  facet normal 0.3826834323650902 0 0.9238795325112864
    outer loop
      vertex 1.9411428382689055 -13 8.494443697168013
      vertex 3.75 -13 7.745190528383289
      vertex 1.9411428382689055 7.5 8.494443697168013
    endloop
  endfacet
  facet normal 0.6087614290087197 0 0.7933533402912359
    outer loop
      vertex 3.75 -13 7.745190528383289
      vertex 4.227771575905914 -8.811645648476244 7.378583504101444
      vertex 3.75 7.5 7.745190528383289
    endloop
  endfacet
  facet normal 0.6087614290087207 0 0.7933533402912352
    outer loop
      vertex 4.227771575905914 -8.811645648476244 7.378583504101444
      vertex 5.303300858899107 -5.297345409721348 6.553300858899107
      vertex 5.303300858899107 7.5 6.553300858899107
    endloop
  endfacet
  facet normal 0.13052619222005138 0 0.9914448613738105
    outer loop
      vertex 1.9411428382689055 -13 8.494443697168013
      vertex 1.9411428382689055 7.5 8.494443697168013
      vertex 0 7.5 8.75
    endloop
  endfacet
  facet normal 0.3826834323650902 0 0.9238795325112864
    outer loop
      vertex 3.75 -13 7.745190528383289
      vertex 3.75 7.5 7.745190528383289
      vertex 1.9411428382689055 7.5 8.494443697168013
    endloop
  endfacet
  facet normal 0 1 0
    outer loop
      vertex -7.262294101578314 7.5 3.0555555555555554
      vertex 3.75 7.5 7.745190528383289
      vertex 5.303300858899107 7.5 6.553300858899107
    endloop
  endfacet
  facet normal 0.6087614290087203 3.128715207590742e-17 0.7933533402912355
    outer loop
      vertex 4.227771575905914 -8.811645648476244 7.378583504101444
      vertex 5.303300858899107 7.5 6.553300858899107
      vertex 3.75 7.5 7.745190528383289
    endloop
  endfacet
  facet normal 0.7933533402912357 0 0.6087614290087199
    outer loop
      vertex 5.303300858899107 -5.297345409721348 6.553300858899107
      vertex 5.457721941462762 -4.3673993896019585 6.3520553860005435
      vertex 5.303300858899107 7.5 6.553300858899107
    endloop
  endfacet
  facet normal 0.7933533402912354 -1.1640569740665857e-17 0.6087614290087202
    outer loop
      vertex 5.457721941462762 -4.3673993896019585 6.3520553860005435
      vertex 6.495190528383289 0.4999999999999991 5
      vertex 5.303300858899107 7.5 6.553300858899107
    endloop
  endfacet
  facet normal 0.7933533402912354 0 0.6087614290087202
    outer loop
      vertex 5.303300858899107 7.5 6.553300858899107
      vertex 6.495190528383289 0.4999999999999991 5
      vertex 6.495190528383289 7.5 5
    endloop
  endfacet
  facet normal 0 1 0
    outer loop
      vertex -7.262294101578314 7.5 3.0555555555555554
      vertex 5.303300858899107 7.5 6.553300858899107
      vertex 6.495190528383289 7.5 5
    endloop
  endfacet
  facet normal 0 1 0
    outer loop
      vertex -7.262294101578314 7.5 3.0555555555555554
      vertex 6.495190528383289 7.5 5
      vertex 7.244443697168013 7.5 3.1911428382689055
    endloop
  endfacet
  facet normal 0 1 0
    outer loop
      vertex -7.262294101578314 7.5 3.0555555555555554
      vertex 7.244443697168013 7.5 3.1911428382689055
      vertex 7.262294101578314 7.5 3.0555555555555554
    endloop
  endfacet
  facet normal 0.9238795325112865 0 0.3826834323650903
    outer loop
      vertex 6.495190528383289 0.4999999999999991 5
      vertex 7.244443697168013 7.01188578223194 3.1911428382689055
      vertex 6.495190528383289 7.5 5
    endloop
  endfacet
  facet normal 0.9238795325112866 0 0.3826834323650902
    outer loop
      vertex 6.495190528383289 7.5 5
      vertex 7.244443697168013 7.01188578223194 3.1911428382689055
      vertex 7.244443697168013 7.5 3.1911428382689055
    endloop
  endfacet
  facet normal 0.9914448613738105 0 0.13052619222005196
    outer loop
      vertex 7.244443697168013 7.01188578223194 3.1911428382689055
      vertex 7.262294101578314 7.5 3.0555555555555554
      vertex 7.244443697168013 7.5 3.1911428382689055
    endloop
  endfacet
  facet normal 0.9238795325112866 0 -0.38268343236509017
    outer loop
      vertex 6.495190528383289 0.4999999999999991 -2.5
      vertex 7.244443697168013 7.5 -0.6911428382689055
      vertex 7.244443697168013 7.01188578223194 -0.6911428382689055
    endloop
  endfacet
  facet normal 0 1 0
    outer loop
      vertex 6.495190528383289 7.5 -2.5
      vertex 7.262294101578314 7.5 -0.5555555555555556
      vertex 7.244443697168013 7.5 -0.6911428382689055
    endloop
  endfacet
  facet normal 0.9238795325112865 0 -0.3826834323650903
    outer loop
      vertex 6.495190528383289 0.4999999999999991 -2.5
      vertex 6.495190528383289 7.5 -2.5
      vertex 7.244443697168013 7.5 -0.6911428382689055
    endloop
  endfacet
  facet normal 0 1 0
    outer loop
      vertex 5.303300858899107 7.5 -4.053300858899107
      vertex 7.262294101578314 7.5 -0.5555555555555556
      vertex 6.495190528383289 7.5 -2.5
    endloop
  endfacet
  facet normal 0.3826834323650902 0 -0.9238795325112865
    outer loop
      vertex 1.9411428382689055 -15 -5.994443697168013
      vertex 1.9411428382689055 -13 -5.994443697168013
      vertex 3.75 -15 -5.245190528383289
    endloop
  endfacet
  facet normal 0.13052619222005138 0 -0.9914448613738105
    outer loop
      vertex 0 -13 -6.25
      vertex 1.9411428382689055 7.5 -5.994443697168013
      vertex 1.9411428382689055 -13 -5.994443697168013
    endloop
  endfacet
  facet normal 0.3826834323650902 0 -0.9238795325112864
    outer loop
      vertex 1.9411428382689055 -13 -5.994443697168013
      vertex 3.75 7.5 -5.245190528383289
      vertex 3.75 -13 -5.245190528383289
    endloop
  endfacet
  facet normal 0.6087614290087205 4.582081695442352e-17 -0.7933533402912353
    outer loop
      vertex 5.303300858899107 -5.297345409721348 -4.053300858899107
      vertex 4.227771575905914 -8.811645648476244 -4.878583504101444
      vertex 3.75 7.5 -5.245190528383289
    endloop
  endfacet
  facet normal 0.6087614290087197 0 -0.7933533402912359
    outer loop
      vertex 3.75 -13 -5.245190528383289
      vertex 3.75 7.5 -5.245190528383289
      vertex 4.227771575905914 -8.811645648476244 -4.878583504101444
    endloop
  endfacet
  facet normal 0 1 0
    outer loop
      vertex -3.75 7.5 -5.245190528383289
      vertex 7.262294101578314 7.5 -0.5555555555555556
      vertex -1.9411428382689055 7.5 -5.994443697168013
    endloop
  endfacet
  facet normal 0 1 0
    outer loop
      vertex -1.9411428382689055 7.5 -5.994443697168013
      vertex 7.262294101578314 7.5 -0.5555555555555556
      vertex 0 7.5 -6.25
    endloop
  endfacet
  facet normal 0 1 0
    outer loop
      vertex 0 7.5 -6.25
      vertex 7.262294101578314 7.5 -0.5555555555555556
      vertex 1.9411428382689055 7.5 -5.994443697168013
    endloop
  endfacet
  facet normal 0.13052619222005138 0 -0.9914448613738105
    outer loop
      vertex 0 -13 -6.25
      vertex 0 7.5 -6.25
      vertex 1.9411428382689055 7.5 -5.994443697168013
    endloop
  endfacet
  facet normal 0.3826834323650902 0 -0.9238795325112864
    outer loop
      vertex 1.9411428382689055 -13 -5.994443697168013
      vertex 1.9411428382689055 7.5 -5.994443697168013
      vertex 3.75 7.5 -5.245190528383289
    endloop
  endfacet
  facet normal 0.7933533402912355 0 -0.6087614290087202
    outer loop
      vertex 5.457721941462762 -4.3673993896019585 -3.8520553860005435
      vertex 6.495190528383289 7.5 -2.5
      vertex 6.495190528383289 0.4999999999999991 -2.5
    endloop
  endfacet
  facet normal 0.7933533402912357 0 -0.6087614290087199
    outer loop
      vertex 5.303300858899107 -5.297345409721348 -4.053300858899107
      vertex 5.303300858899107 7.5 -4.053300858899107
      vertex 5.457721941462762 -4.3673993896019585 -3.8520553860005435
    endloop
  endfacet
  facet normal 0.7933533402912355 -1.075098514126327e-17 -0.6087614290087202
    outer loop
      vertex 5.457721941462762 -4.3673993896019585 -3.8520553860005435
      vertex 5.303300858899107 7.5 -4.053300858899107
      vertex 6.495190528383289 7.5 -2.5
    endloop
  endfacet
  facet normal 0 1 0
    outer loop
      vertex 1.9411428382689055 7.5 -5.994443697168013
      vertex 7.262294101578314 7.5 -0.5555555555555556
      vertex 3.75 7.5 -5.245190528383289
    endloop
  endfacet
  facet normal 0 1 0
    outer loop
      vertex 5.303300858899107 7.5 -4.053300858899107
      vertex 3.75 7.5 -5.245190528383289
      vertex 7.262294101578314 7.5 -0.5555555555555556
    endloop
  endfacet
  facet normal 0.6087614290087202 0 -0.7933533402912354
    outer loop
      vertex 5.303300858899107 -5.297345409721348 -4.053300858899107
      vertex 3.75 7.5 -5.245190528383289
      vertex 5.303300858899107 7.5 -4.053300858899107
    endloop
  endfacet
  facet normal 0 -1 0
    outer loop
      vertex 7.244443697168013 -15 1.8669674922469097
      vertex 7.244443697168013 -15 0.6330325077530902
      vertex 7.5 -15 1.25
    endloop
  endfacet
  facet normal 0.9914448613738105 0 -0.13052619222005218
    outer loop
      vertex 7.262294101578314 7.5 -0.5555555555555556
      vertex 7.244443697168013 7.01188578223194 -0.6911428382689055
      vertex 7.244443697168013 7.5 -0.6911428382689055
    endloop
  endfacet
  facet normal 0.6087614290087212 0.7933533402912347 0
    outer loop
      vertex 9.447182540694797 21.7221825406948 2.5
      vertex 9.674999999999999 21.54737205583712 2.5
      vertex 9.674999999999999 21.54737205583712 0
    endloop
  endfacet
  facet normal 0.38268343236509095 0.9238795325112863 0
    outer loop
      vertex 9.674999999999999 21.54737205583712 2.5
      vertex 9.940299050387226 21.437481591082026 2.5
      vertex 9.940299050387226 21.437481591082026 0
    endloop
  endfacet
  facet normal 0.13052619222006007 0.9914448613738093 0
    outer loop
      vertex 9.940299050387226 21.437481591082026 2.5
      vertex 10.225 21.4 2.5
      vertex 10.225 21.4 0
    endloop
  endfacet
  facet normal -0.13052619222006007 0.9914448613738093 0
    outer loop
      vertex 10.225 21.4 2.5
      vertex 10.509700949612773 21.437481591082026 2.5
      vertex 10.509700949612773 21.437481591082026 0
    endloop
  endfacet
  facet normal 0.9238795325112863 0.38268343236509095 0
    outer loop
      vertex 9.272372055837117 21.95 2.5
      vertex 9.272372055837117 21.95 0
      vertex 9.162481591082024 22.215299050387227 2.5
    endloop
  endfacet
  facet normal 0.9914448613738109 0.13052619222004794 0
    outer loop
      vertex 9.162481591082024 22.215299050387227 2.5
      vertex 9.162481591082024 22.215299050387227 0
      vertex 9.125 22.5 2.5
    endloop
  endfacet
  facet normal 0.9914448613738109 -0.13052619222004794 0
    outer loop
      vertex 9.125 22.5 2.5
      vertex 9.125 22.5 0
      vertex 9.162481591082024 22.784700949612773 2.5
    endloop
  endfacet
  facet normal 0.9238795325112863 -0.38268343236509095 0
    outer loop
      vertex 9.162481591082024 22.784700949612773 2.5
      vertex 9.162481591082024 22.784700949612773 0
      vertex 9.272372055837117 23.05 2.5
    endloop
  endfacet
  facet normal 0.7933533402912325 -0.6087614290087242 0
    outer loop
      vertex 9.272372055837117 23.05 2.5
      vertex 9.272372055837117 23.05 0
      vertex 9.447182540694797 23.2778174593052 2.5
    endloop
  endfacet
  facet normal 0.7933533402912325 0.6087614290087242 0
    outer loop
      vertex 9.447182540694797 21.7221825406948 2.5
      vertex 9.447182540694797 21.7221825406948 0
      vertex 9.272372055837117 21.95 2.5
    endloop
  endfacet
  facet normal 0.6087614290087212 -0.7933533402912347 0
    outer loop
      vertex 9.447182540694797 23.2778174593052 2.5
      vertex 9.447182540694797 23.2778174593052 0
      vertex 9.674999999999999 23.45262794416288 2.5
    endloop
  endfacet
  facet normal 0.38268343236509095 -0.9238795325112863 0
    outer loop
      vertex 9.940299050387226 23.562518408917974 2.5
      vertex 9.674999999999999 23.45262794416288 2.5
      vertex 9.674999999999999 23.45262794416288 0
    endloop
  endfacet
  facet normal 0.13052619222006007 -0.9914448613738093 0
    outer loop
      vertex 10.225 23.6 2.5
      vertex 9.940299050387226 23.562518408917974 2.5
      vertex 9.940299050387226 23.562518408917974 0
    endloop
  endfacet
  facet normal -0.13052619222006007 -0.9914448613738093 0
    outer loop
      vertex 10.509700949612773 23.562518408917974 2.5
      vertex 10.225 23.6 2.5
      vertex 10.225 23.6 0
    endloop
  endfacet
  facet normal -0.38268343236509095 -0.9238795325112863 0
    outer loop
      vertex 10.775 23.45262794416288 2.5
      vertex 10.509700949612773 23.562518408917974 2.5
      vertex 10.509700949612773 23.562518408917974 0
    endloop
  endfacet
  facet normal -0.38268343236509095 0.9238795325112863 0
    outer loop
      vertex 10.509700949612773 21.437481591082026 2.5
      vertex 10.775 21.54737205583712 2.5
      vertex 10.775 21.54737205583712 0
    endloop
  endfacet
  facet normal -0.6087614290087212 0.7933533402912347 0
    outer loop
      vertex 10.775 21.54737205583712 2.5
      vertex 11.002817459305202 21.7221825406948 2.5
      vertex 11.002817459305202 21.7221825406948 0
    endloop
  endfacet
  facet normal -0.7933533402912325 -0.6087614290087242 0
    outer loop
      vertex 11.002817459305202 23.2778174593052 2.5
      vertex 11.002817459305202 23.2778174593052 0
      vertex 11.177627944162882 23.05 2.5
    endloop
  endfacet
  facet normal -0.7933533402912325 0.6087614290087242 0
    outer loop
      vertex 11.177627944162882 21.95 2.5
      vertex 11.177627944162882 21.95 0
      vertex 11.002817459305202 21.7221825406948 2.5
    endloop
  endfacet
  facet normal -0.9238795325112863 0.38268343236509095 0
    outer loop
      vertex 11.287518408917975 22.215299050387227 2.5
      vertex 11.287518408917975 22.215299050387227 0
      vertex 11.177627944162882 21.95 2.5
    endloop
  endfacet
  facet normal -0.9914448613738109 0.13052619222004794 0
    outer loop
      vertex 11.325 22.5 2.5
      vertex 11.325 22.5 0
      vertex 11.287518408917975 22.215299050387227 2.5
    endloop
  endfacet
  facet normal -0.9914448613738109 -0.13052619222004794 0
    outer loop
      vertex 11.287518408917975 22.784700949612773 2.5
      vertex 11.287518408917975 22.784700949612773 0
      vertex 11.325 22.5 2.5
    endloop
  endfacet
  facet normal -0.9238795325112863 -0.38268343236509095 0
    outer loop
      vertex 11.177627944162882 23.05 2.5
      vertex 11.177627944162882 23.05 0
      vertex 11.287518408917975 22.784700949612773 2.5
    endloop
  endfacet
  facet normal -0.6087614290087212 -0.7933533402912347 0
    outer loop
      vertex 11.002817459305202 23.2778174593052 2.5
      vertex 10.775 23.45262794416288 2.5
      vertex 10.775 23.45262794416288 0
    endloop
  endfacet
  facet normal 0.6087614290087212 0.7933533402912347 0
    outer loop
      vertex 9.447182540694797 21.7221825406948 2.5
      vertex 9.674999999999999 21.54737205583712 0
      vertex 9.447182540694797 21.7221825406948 0
    endloop
  endfacet
  facet normal 0.38268343236509095 0.9238795325112863 0
    outer loop
      vertex 9.674999999999999 21.54737205583712 2.5
      vertex 9.940299050387226 21.437481591082026 0
      vertex 9.674999999999999 21.54737205583712 0
    endloop
  endfacet
  facet normal 0.13052619222006007 0.9914448613738093 0
    outer loop
      vertex 9.940299050387226 21.437481591082026 2.5
      vertex 10.225 21.4 0
      vertex 9.940299050387226 21.437481591082026 0
    endloop
  endfacet
  facet normal -0.13052619222006007 0.9914448613738093 0
    outer loop
      vertex 10.225 21.4 2.5
      vertex 10.509700949612773 21.437481591082026 0
      vertex 10.225 21.4 0
    endloop
  endfacet
  facet normal -0.38268343236509095 0.9238795325112863 0
    outer loop
      vertex 10.509700949612773 21.437481591082026 2.5
      vertex 10.775 21.54737205583712 0
      vertex 10.509700949612773 21.437481591082026 0
    endloop
  endfacet
  facet normal 0.7933533402912325 0.6087614290087242 0
    outer loop
      vertex 9.272372055837117 21.95 2.5
      vertex 9.447182540694797 21.7221825406948 0
      vertex 9.272372055837117 21.95 0
    endloop
  endfacet
  facet normal 0.9238795325112863 0.38268343236509095 0
    outer loop
      vertex 9.162481591082024 22.215299050387227 2.5
      vertex 9.272372055837117 21.95 0
      vertex 9.162481591082024 22.215299050387227 0
    endloop
  endfacet
  facet normal 0.9914448613738109 0.13052619222004794 0
    outer loop
      vertex 9.125 22.5 2.5
      vertex 9.162481591082024 22.215299050387227 0
      vertex 9.125 22.5 0
    endloop
  endfacet
  facet normal 0.9914448613738109 -0.13052619222004794 0
    outer loop
      vertex 9.162481591082024 22.784700949612773 2.5
      vertex 9.125 22.5 0
      vertex 9.162481591082024 22.784700949612773 0
    endloop
  endfacet
  facet normal 0.9238795325112863 -0.38268343236509095 0
    outer loop
      vertex 9.272372055837117 23.05 2.5
      vertex 9.162481591082024 22.784700949612773 0
      vertex 9.272372055837117 23.05 0
    endloop
  endfacet
  facet normal 0.7933533402912325 -0.6087614290087242 0
    outer loop
      vertex 9.447182540694797 23.2778174593052 2.5
      vertex 9.272372055837117 23.05 0
      vertex 9.447182540694797 23.2778174593052 0
    endloop
  endfacet
  facet normal 0.6087614290087212 -0.7933533402912347 0
    outer loop
      vertex 9.674999999999999 23.45262794416288 2.5
      vertex 9.447182540694797 23.2778174593052 0
      vertex 9.674999999999999 23.45262794416288 0
    endloop
  endfacet
  facet normal 0.38268343236509095 -0.9238795325112863 0
    outer loop
      vertex 9.940299050387226 23.562518408917974 2.5
      vertex 9.674999999999999 23.45262794416288 0
      vertex 9.940299050387226 23.562518408917974 0
    endloop
  endfacet
  facet normal 0.13052619222006007 -0.9914448613738093 0
    outer loop
      vertex 10.225 23.6 2.5
      vertex 9.940299050387226 23.562518408917974 0
      vertex 10.225 23.6 0
    endloop
  endfacet
  facet normal -0.13052619222006007 -0.9914448613738093 0
    outer loop
      vertex 10.509700949612773 23.562518408917974 2.5
      vertex 10.225 23.6 0
      vertex 10.509700949612773 23.562518408917974 0
    endloop
  endfacet
  facet normal -0.6087614290087212 0.7933533402912347 0
    outer loop
      vertex 10.775 21.54737205583712 2.5
      vertex 11.002817459305202 21.7221825406948 0
      vertex 10.775 21.54737205583712 0
    endloop
  endfacet
  facet normal -0.7933533402912325 0.6087614290087242 0
    outer loop
      vertex 11.002817459305202 21.7221825406948 2.5
      vertex 11.177627944162882 21.95 0
      vertex 11.002817459305202 21.7221825406948 0
    endloop
  endfacet
  facet normal -0.6087614290087212 -0.7933533402912347 0
    outer loop
      vertex 11.002817459305202 23.2778174593052 2.5
      vertex 10.775 23.45262794416288 0
      vertex 11.002817459305202 23.2778174593052 0
    endloop
  endfacet
  facet normal -0.9238795325112863 0.38268343236509095 0
    outer loop
      vertex 11.177627944162882 21.95 2.5
      vertex 11.287518408917975 22.215299050387227 0
      vertex 11.177627944162882 21.95 0
    endloop
  endfacet
  facet normal -0.9914448613738109 0.13052619222004794 0
    outer loop
      vertex 11.287518408917975 22.215299050387227 2.5
      vertex 11.325 22.5 0
      vertex 11.287518408917975 22.215299050387227 0
    endloop
  endfacet
  facet normal -0.9914448613738109 -0.13052619222004794 0
    outer loop
      vertex 11.325 22.5 2.5
      vertex 11.287518408917975 22.784700949612773 0
      vertex 11.325 22.5 0
    endloop
  endfacet
  facet normal -0.9238795325112863 -0.38268343236509095 0
    outer loop
      vertex 11.287518408917975 22.784700949612773 2.5
      vertex 11.177627944162882 23.05 0
      vertex 11.287518408917975 22.784700949612773 0
    endloop
  endfacet
  facet normal -0.7933533402912325 -0.6087614290087242 0
    outer loop
      vertex 11.177627944162882 23.05 2.5
      vertex 11.002817459305202 23.2778174593052 0
      vertex 11.177627944162882 23.05 0
    endloop
  endfacet
  facet normal -0.38268343236509095 -0.9238795325112863 0
    outer loop
      vertex 10.775 23.45262794416288 2.5
      vertex 10.509700949612773 23.562518408917974 0
      vertex 10.775 23.45262794416288 0
    endloop
  endfacet
  facet normal 0.6087614290087212 0.7933533402912347 0
    outer loop
      vertex -11.002817459305202 21.7221825406948 2.5
      vertex -10.775 21.54737205583712 2.5
      vertex -10.775 21.54737205583712 0
    endloop
  endfacet
  facet normal 0.9238795325112863 0.38268343236509095 0
    outer loop
      vertex -11.177627944162882 21.95 2.5
      vertex -11.177627944162882 21.95 0
      vertex -11.287518408917975 22.215299050387227 2.5
    endloop
  endfacet
  facet normal 0.9914448613738109 0.13052619222004794 0
    outer loop
      vertex -11.287518408917975 22.215299050387227 2.5
      vertex -11.287518408917975 22.215299050387227 0
      vertex -11.325 22.5 2.5
    endloop
  endfacet
  facet normal 0.9914448613738109 -0.13052619222004794 0
    outer loop
      vertex -11.325 22.5 2.5
      vertex -11.325 22.5 0
      vertex -11.287518408917975 22.784700949612773 2.5
    endloop
  endfacet
  facet normal 0.9238795325112863 -0.38268343236509095 0
    outer loop
      vertex -11.287518408917975 22.784700949612773 2.5
      vertex -11.287518408917975 22.784700949612773 0
      vertex -11.177627944162882 23.05 2.5
    endloop
  endfacet
  facet normal 0.7933533402912325 -0.6087614290087242 0
    outer loop
      vertex -11.177627944162882 23.05 2.5
      vertex -11.177627944162882 23.05 0
      vertex -11.002817459305202 23.2778174593052 2.5
    endloop
  endfacet
  facet normal 0.7933533402912325 0.6087614290087242 0
    outer loop
      vertex -11.177627944162882 21.95 2.5
      vertex -11.002817459305202 21.7221825406948 2.5
      vertex -11.002817459305202 21.7221825406948 0
    endloop
  endfacet
  facet normal 0.6087614290087212 -0.7933533402912347 0
    outer loop
      vertex -11.002817459305202 23.2778174593052 2.5
      vertex -11.002817459305202 23.2778174593052 0
      vertex -10.775 23.45262794416288 2.5
    endloop
  endfacet
  facet normal 0.38268343236509095 -0.9238795325112863 0
    outer loop
      vertex -10.509700949612773 23.562518408917974 2.5
      vertex -10.775 23.45262794416288 2.5
      vertex -10.775 23.45262794416288 0
    endloop
  endfacet
  facet normal 0.38268343236509095 0.9238795325112863 0
    outer loop
      vertex -10.775 21.54737205583712 2.5
      vertex -10.509700949612773 21.437481591082026 2.5
      vertex -10.509700949612773 21.437481591082026 0
    endloop
  endfacet
  facet normal 0.13052619222006007 0.9914448613738093 0
    outer loop
      vertex -10.509700949612773 21.437481591082026 2.5
      vertex -10.225 21.4 2.5
      vertex -10.225 21.4 0
    endloop
  endfacet
  facet normal -0.13052619222006007 0.9914448613738093 0
    outer loop
      vertex -10.225 21.4 2.5
      vertex -9.940299050387226 21.437481591082026 2.5
      vertex -9.940299050387226 21.437481591082026 0
    endloop
  endfacet
  facet normal -0.38268343236509095 0.9238795325112863 0
    outer loop
      vertex -9.940299050387226 21.437481591082026 2.5
      vertex -9.674999999999999 21.54737205583712 2.5
      vertex -9.674999999999999 21.54737205583712 0
    endloop
  endfacet
  facet normal -0.6087614290087212 0.7933533402912347 0
    outer loop
      vertex -9.674999999999999 21.54737205583712 2.5
      vertex -9.447182540694797 21.7221825406948 2.5
      vertex -9.447182540694797 21.7221825406948 0
    endloop
  endfacet
  facet normal 0.13052619222006007 -0.9914448613738093 0
    outer loop
      vertex -10.225 23.6 2.5
      vertex -10.509700949612773 23.562518408917974 2.5
      vertex -10.509700949612773 23.562518408917974 0
    endloop
  endfacet
  facet normal -0.13052619222006007 -0.9914448613738093 0
    outer loop
      vertex -9.940299050387226 23.562518408917974 2.5
      vertex -10.225 23.6 2.5
      vertex -10.225 23.6 0
    endloop
  endfacet
  facet normal -0.38268343236509095 -0.9238795325112863 0
    outer loop
      vertex -9.674999999999999 23.45262794416288 2.5
      vertex -9.940299050387226 23.562518408917974 2.5
      vertex -9.940299050387226 23.562518408917974 0
    endloop
  endfacet
  facet normal -0.7933533402912325 -0.6087614290087242 0
    outer loop
      vertex -9.447182540694797 23.2778174593052 2.5
      vertex -9.447182540694797 23.2778174593052 0
      vertex -9.272372055837117 23.05 2.5
    endloop
  endfacet
  facet normal -0.7933533402912325 0.6087614290087242 0
    outer loop
      vertex -9.272372055837117 21.95 2.5
      vertex -9.272372055837117 21.95 0
      vertex -9.447182540694797 21.7221825406948 2.5
    endloop
  endfacet
  facet normal -0.9238795325112863 0.38268343236509095 0
    outer loop
      vertex -9.162481591082024 22.215299050387227 2.5
      vertex -9.162481591082024 22.215299050387227 0
      vertex -9.272372055837117 21.95 2.5
    endloop
  endfacet
  facet normal -0.9914448613738109 0.13052619222004794 0
    outer loop
      vertex -9.125 22.5 2.5
      vertex -9.125 22.5 0
      vertex -9.162481591082024 22.215299050387227 2.5
    endloop
  endfacet
  facet normal -0.9914448613738109 -0.13052619222004794 0
    outer loop
      vertex -9.162481591082024 22.784700949612773 2.5
      vertex -9.162481591082024 22.784700949612773 0
      vertex -9.125 22.5 2.5
    endloop
  endfacet
  facet normal -0.9238795325112863 -0.38268343236509095 0
    outer loop
      vertex -9.272372055837117 23.05 2.5
      vertex -9.272372055837117 23.05 0
      vertex -9.162481591082024 22.784700949612773 2.5
    endloop
  endfacet
  facet normal -0.6087614290087212 -0.7933533402912347 0
    outer loop
      vertex -9.447182540694797 23.2778174593052 2.5
      vertex -9.674999999999999 23.45262794416288 2.5
      vertex -9.674999999999999 23.45262794416288 0
    endloop
  endfacet
  facet normal 0.6087614290087212 0.7933533402912347 0
    outer loop
      vertex -11.002817459305202 21.7221825406948 2.5
      vertex -10.775 21.54737205583712 0
      vertex -11.002817459305202 21.7221825406948 0
    endloop
  endfacet
  facet normal 0.38268343236509095 0.9238795325112863 0
    outer loop
      vertex -10.775 21.54737205583712 2.5
      vertex -10.509700949612773 21.437481591082026 0
      vertex -10.775 21.54737205583712 0
    endloop
  endfacet
  facet normal 0.7933533402912325 0.6087614290087242 0
    outer loop
      vertex -11.177627944162882 21.95 2.5
      vertex -11.002817459305202 21.7221825406948 0
      vertex -11.177627944162882 21.95 0
    endloop
  endfacet
  facet normal 0.9238795325112863 0.38268343236509095 0
    outer loop
      vertex -11.287518408917975 22.215299050387227 2.5
      vertex -11.177627944162882 21.95 0
      vertex -11.287518408917975 22.215299050387227 0
    endloop
  endfacet
  facet normal 0.9914448613738109 0.13052619222004794 0
    outer loop
      vertex -11.325 22.5 2.5
      vertex -11.287518408917975 22.215299050387227 0
      vertex -11.325 22.5 0
    endloop
  endfacet
  facet normal 0.9914448613738109 -0.13052619222004794 0
    outer loop
      vertex -11.287518408917975 22.784700949612773 2.5
      vertex -11.325 22.5 0
      vertex -11.287518408917975 22.784700949612773 0
    endloop
  endfacet
  facet normal 0.9238795325112863 -0.38268343236509095 0
    outer loop
      vertex -11.177627944162882 23.05 2.5
      vertex -11.287518408917975 22.784700949612773 0
      vertex -11.177627944162882 23.05 0
    endloop
  endfacet
  facet normal 0.7933533402912325 -0.6087614290087242 0
    outer loop
      vertex -11.002817459305202 23.2778174593052 2.5
      vertex -11.177627944162882 23.05 0
      vertex -11.002817459305202 23.2778174593052 0
    endloop
  endfacet
  facet normal 0.6087614290087212 -0.7933533402912347 0
    outer loop
      vertex -10.775 23.45262794416288 2.5
      vertex -11.002817459305202 23.2778174593052 0
      vertex -10.775 23.45262794416288 0
    endloop
  endfacet
  facet normal 0.13052619222006007 0.9914448613738093 0
    outer loop
      vertex -10.509700949612773 21.437481591082026 2.5
      vertex -10.225 21.4 0
      vertex -10.509700949612773 21.437481591082026 0
    endloop
  endfacet
  facet normal -0.13052619222006007 0.9914448613738093 0
    outer loop
      vertex -10.225 21.4 2.5
      vertex -9.940299050387226 21.437481591082026 0
      vertex -10.225 21.4 0
    endloop
  endfacet
  facet normal -0.38268343236509095 0.9238795325112863 0
    outer loop
      vertex -9.940299050387226 21.437481591082026 2.5
      vertex -9.674999999999999 21.54737205583712 0
      vertex -9.940299050387226 21.437481591082026 0
    endloop
  endfacet
  facet normal -0.6087614290087212 0.7933533402912347 0
    outer loop
      vertex -9.674999999999999 21.54737205583712 2.5
      vertex -9.447182540694797 21.7221825406948 0
      vertex -9.674999999999999 21.54737205583712 0
    endloop
  endfacet
  facet normal 0.38268343236509095 -0.9238795325112863 0
    outer loop
      vertex -10.509700949612773 23.562518408917974 2.5
      vertex -10.775 23.45262794416288 0
      vertex -10.509700949612773 23.562518408917974 0
    endloop
  endfacet
  facet normal 0.13052619222006007 -0.9914448613738093 0
    outer loop
      vertex -10.225 23.6 2.5
      vertex -10.509700949612773 23.562518408917974 0
      vertex -10.225 23.6 0
    endloop
  endfacet
  facet normal -0.13052619222006007 -0.9914448613738093 0
    outer loop
      vertex -9.940299050387226 23.562518408917974 2.5
      vertex -10.225 23.6 0
      vertex -9.940299050387226 23.562518408917974 0
    endloop
  endfacet
  facet normal -0.7933533402912325 0.6087614290087242 0
    outer loop
      vertex -9.447182540694797 21.7221825406948 2.5
      vertex -9.272372055837117 21.95 0
      vertex -9.447182540694797 21.7221825406948 0
    endloop
  endfacet
  facet normal -0.6087614290087212 -0.7933533402912347 0
    outer loop
      vertex -9.447182540694797 23.2778174593052 2.5
      vertex -9.674999999999999 23.45262794416288 0
      vertex -9.447182540694797 23.2778174593052 0
    endloop
  endfacet
  facet normal -0.9238795325112863 0.38268343236509095 0
    outer loop
      vertex -9.272372055837117 21.95 2.5
      vertex -9.162481591082024 22.215299050387227 0
      vertex -9.272372055837117 21.95 0
    endloop
  endfacet
  facet normal -0.9914448613738109 0.13052619222004794 0
    outer loop
      vertex -9.162481591082024 22.215299050387227 2.5
      vertex -9.125 22.5 0
      vertex -9.162481591082024 22.215299050387227 0
    endloop
  endfacet
  facet normal -0.9914448613738109 -0.13052619222004794 0
    outer loop
      vertex -9.125 22.5 2.5
      vertex -9.162481591082024 22.784700949612773 0
      vertex -9.125 22.5 0
    endloop
  endfacet
  facet normal -0.9238795325112863 -0.38268343236509095 0
    outer loop
      vertex -9.162481591082024 22.784700949612773 2.5
      vertex -9.272372055837117 23.05 0
      vertex -9.162481591082024 22.784700949612773 0
    endloop
  endfacet
  facet normal -0.7933533402912325 -0.6087614290087242 0
    outer loop
      vertex -9.272372055837117 23.05 2.5
      vertex -9.447182540694797 23.2778174593052 0
      vertex -9.272372055837117 23.05 0
    endloop
  endfacet
  facet normal -0.38268343236509095 -0.9238795325112863 0
    outer loop
      vertex -9.674999999999999 23.45262794416288 2.5
      vertex -9.940299050387226 23.562518408917974 0
      vertex -9.674999999999999 23.45262794416288 0
    endloop
  endfacet
  facet normal 0.9914448613738107 0.13052619222004952 0
    outer loop
      vertex 9.162481591082024 36.08529905038723 2.5
      vertex 9.162481591082024 36.08529905038723 0
      vertex 9.125 36.37 2.5
    endloop
  endfacet
  facet normal 0.9238795325112863 0.38268343236509095 0
    outer loop
      vertex 9.272372055837117 35.82 2.5
      vertex 9.272372055837117 35.82 0
      vertex 9.162481591082024 36.08529905038723 2.5
    endloop
  endfacet
  facet normal 0.9914448613738107 -0.13052619222004952 0
    outer loop
      vertex 9.125 36.37 2.5
      vertex 9.125 36.37 0
      vertex 9.162481591082024 36.65470094961277 2.5
    endloop
  endfacet
  facet normal 0.7933533402912416 0.6087614290087123 0
    outer loop
      vertex 9.272372055837117 35.82 2.5
      vertex 9.447182540694797 35.59218254069479 2.5
      vertex 9.447182540694797 35.59218254069479 0
    endloop
  endfacet
  facet normal 0.6087614290087212 0.7933533402912347 0
    outer loop
      vertex 9.447182540694797 35.59218254069479 2.5
      vertex 9.674999999999999 35.41737205583711 2.5
      vertex 9.674999999999999 35.41737205583711 0
    endloop
  endfacet
  facet normal 0.9238795325112863 -0.38268343236509095 0
    outer loop
      vertex 9.162481591082024 36.65470094961277 2.5
      vertex 9.162481591082024 36.65470094961277 0
      vertex 9.272372055837117 36.919999999999995 2.5
    endloop
  endfacet
  facet normal 0.7933533402912416 -0.6087614290087123 0
    outer loop
      vertex 9.272372055837117 36.919999999999995 2.5
      vertex 9.272372055837117 36.919999999999995 0
      vertex 9.447182540694797 37.1478174593052 2.5
    endloop
  endfacet
  facet normal 0.6087614290087212 -0.7933533402912347 0
    outer loop
      vertex 9.447182540694797 37.1478174593052 2.5
      vertex 9.447182540694797 37.1478174593052 0
      vertex 9.674999999999999 37.32262794416288 2.5
    endloop
  endfacet
  facet normal 0.3826834323650804 -0.9238795325112906 0
    outer loop
      vertex 9.940299050387226 37.43251840891797 2.5
      vertex 9.674999999999999 37.32262794416288 2.5
      vertex 9.674999999999999 37.32262794416288 0
    endloop
  endfacet
  facet normal 0.3826834323650804 0.9238795325112906 0
    outer loop
      vertex 9.674999999999999 35.41737205583711 2.5
      vertex 9.940299050387226 35.30748159108202 2.5
      vertex 9.940299050387226 35.30748159108202 0
    endloop
  endfacet
  facet normal 0.13052619222006007 0.9914448613738093 0
    outer loop
      vertex 9.940299050387226 35.30748159108202 2.5
      vertex 10.225 35.269999999999996 2.5
      vertex 10.225 35.269999999999996 0
    endloop
  endfacet
  facet normal -0.13052619222006007 0.9914448613738093 0
    outer loop
      vertex 10.225 35.269999999999996 2.5
      vertex 10.509700949612773 35.30748159108202 2.5
      vertex 10.509700949612773 35.30748159108202 0
    endloop
  endfacet
  facet normal 0.13052619222006007 -0.9914448613738093 0
    outer loop
      vertex 10.225 37.47 2.5
      vertex 9.940299050387226 37.43251840891797 2.5
      vertex 9.940299050387226 37.43251840891797 0
    endloop
  endfacet
  facet normal -0.13052619222006007 -0.9914448613738093 0
    outer loop
      vertex 10.509700949612773 37.43251840891797 2.5
      vertex 10.225 37.47 2.5
      vertex 10.225 37.47 0
    endloop
  endfacet
  facet normal -0.3826834323650804 -0.9238795325112906 0
    outer loop
      vertex 10.775 37.32262794416288 2.5
      vertex 10.509700949612773 37.43251840891797 2.5
      vertex 10.509700949612773 37.43251840891797 0
    endloop
  endfacet
  facet normal -0.3826834323650804 0.9238795325112906 0
    outer loop
      vertex 10.509700949612773 35.30748159108202 2.5
      vertex 10.775 35.41737205583711 2.5
      vertex 10.775 35.41737205583711 0
    endloop
  endfacet
  facet normal -0.6087614290087212 0.7933533402912347 0
    outer loop
      vertex 10.775 35.41737205583711 2.5
      vertex 11.002817459305202 35.59218254069479 2.5
      vertex 11.002817459305202 35.59218254069479 0
    endloop
  endfacet
  facet normal -0.7933533402912416 0.6087614290087123 0
    outer loop
      vertex 11.177627944162882 35.82 2.5
      vertex 11.177627944162882 35.82 0
      vertex 11.002817459305202 35.59218254069479 2.5
    endloop
  endfacet
  facet normal -0.9238795325112863 0.38268343236509095 0
    outer loop
      vertex 11.287518408917975 36.08529905038723 2.5
      vertex 11.287518408917975 36.08529905038723 0
      vertex 11.177627944162882 35.82 2.5
    endloop
  endfacet
  facet normal -0.9914448613738107 0.13052619222004952 0
    outer loop
      vertex 11.325 36.37 2.5
      vertex 11.325 36.37 0
      vertex 11.287518408917975 36.08529905038723 2.5
    endloop
  endfacet
  facet normal -0.9914448613738107 -0.13052619222004952 0
    outer loop
      vertex 11.287518408917975 36.65470094961277 2.5
      vertex 11.287518408917975 36.65470094961277 0
      vertex 11.325 36.37 2.5
    endloop
  endfacet
  facet normal -0.6087614290087212 -0.7933533402912347 0
    outer loop
      vertex 11.002817459305202 37.1478174593052 2.5
      vertex 10.775 37.32262794416288 2.5
      vertex 10.775 37.32262794416288 0
    endloop
  endfacet
  facet normal -0.7933533402912416 -0.6087614290087123 0
    outer loop
      vertex 11.002817459305202 37.1478174593052 2.5
      vertex 11.002817459305202 37.1478174593052 0
      vertex 11.177627944162882 36.919999999999995 2.5
    endloop
  endfacet
  facet normal -0.9238795325112863 -0.38268343236509095 0
    outer loop
      vertex 11.177627944162882 36.919999999999995 2.5
      vertex 11.177627944162882 36.919999999999995 0
      vertex 11.287518408917975 36.65470094961277 2.5
    endloop
  endfacet
  facet normal 0.7933533402912416 0.6087614290087123 0
    outer loop
      vertex 9.272372055837117 35.82 2.5
      vertex 9.447182540694797 35.59218254069479 0
      vertex 9.272372055837117 35.82 0
    endloop
  endfacet
  facet normal 0.9238795325112863 0.38268343236509095 0
    outer loop
      vertex 9.162481591082024 36.08529905038723 2.5
      vertex 9.272372055837117 35.82 0
      vertex 9.162481591082024 36.08529905038723 0
    endloop
  endfacet
  facet normal 0.9914448613738107 0.13052619222004952 0
    outer loop
      vertex 9.125 36.37 2.5
      vertex 9.162481591082024 36.08529905038723 0
      vertex 9.125 36.37 0
    endloop
  endfacet
  facet normal 0.9914448613738107 -0.13052619222004952 0
    outer loop
      vertex 9.162481591082024 36.65470094961277 2.5
      vertex 9.125 36.37 0
      vertex 9.162481591082024 36.65470094961277 0
    endloop
  endfacet
  facet normal 0.6087614290087212 0.7933533402912347 0
    outer loop
      vertex 9.447182540694797 35.59218254069479 2.5
      vertex 9.674999999999999 35.41737205583711 0
      vertex 9.447182540694797 35.59218254069479 0
    endloop
  endfacet
  facet normal 0.3826834323650804 0.9238795325112906 0
    outer loop
      vertex 9.674999999999999 35.41737205583711 2.5
      vertex 9.940299050387226 35.30748159108202 0
      vertex 9.674999999999999 35.41737205583711 0
    endloop
  endfacet
  facet normal 0.9238795325112863 -0.38268343236509095 0
    outer loop
      vertex 9.272372055837117 36.919999999999995 2.5
      vertex 9.162481591082024 36.65470094961277 0
      vertex 9.272372055837117 36.919999999999995 0
    endloop
  endfacet
  facet normal 0.7933533402912416 -0.6087614290087123 0
    outer loop
      vertex 9.447182540694797 37.1478174593052 2.5
      vertex 9.272372055837117 36.919999999999995 0
      vertex 9.447182540694797 37.1478174593052 0
    endloop
  endfacet
  facet normal 0.6087614290087212 -0.7933533402912347 0
    outer loop
      vertex 9.674999999999999 37.32262794416288 2.5
      vertex 9.447182540694797 37.1478174593052 0
      vertex 9.674999999999999 37.32262794416288 0
    endloop
  endfacet
  facet normal 0.13052619222006007 0.9914448613738093 0
    outer loop
      vertex 9.940299050387226 35.30748159108202 2.5
      vertex 10.225 35.269999999999996 0
      vertex 9.940299050387226 35.30748159108202 0
    endloop
  endfacet
  facet normal -0.13052619222006007 0.9914448613738093 0
    outer loop
      vertex 10.225 35.269999999999996 2.5
      vertex 10.509700949612773 35.30748159108202 0
      vertex 10.225 35.269999999999996 0
    endloop
  endfacet
  facet normal -0.3826834323650804 0.9238795325112906 0
    outer loop
      vertex 10.509700949612773 35.30748159108202 2.5
      vertex 10.775 35.41737205583711 0
      vertex 10.509700949612773 35.30748159108202 0
    endloop
  endfacet
  facet normal 0.3826834323650804 -0.9238795325112906 0
    outer loop
      vertex 9.940299050387226 37.43251840891797 2.5
      vertex 9.674999999999999 37.32262794416288 0
      vertex 9.940299050387226 37.43251840891797 0
    endloop
  endfacet
  facet normal 0.13052619222006007 -0.9914448613738093 0
    outer loop
      vertex 10.225 37.47 2.5
      vertex 9.940299050387226 37.43251840891797 0
      vertex 10.225 37.47 0
    endloop
  endfacet
  facet normal -0.13052619222006007 -0.9914448613738093 0
    outer loop
      vertex 10.509700949612773 37.43251840891797 2.5
      vertex 10.225 37.47 0
      vertex 10.509700949612773 37.43251840891797 0
    endloop
  endfacet
  facet normal -0.6087614290087212 0.7933533402912347 0
    outer loop
      vertex 10.775 35.41737205583711 2.5
      vertex 11.002817459305202 35.59218254069479 0
      vertex 10.775 35.41737205583711 0
    endloop
  endfacet
  facet normal -0.7933533402912416 0.6087614290087123 0
    outer loop
      vertex 11.002817459305202 35.59218254069479 2.5
      vertex 11.177627944162882 35.82 0
      vertex 11.002817459305202 35.59218254069479 0
    endloop
  endfacet
  facet normal -0.9238795325112863 0.38268343236509095 0
    outer loop
      vertex 11.177627944162882 35.82 2.5
      vertex 11.287518408917975 36.08529905038723 0
      vertex 11.177627944162882 35.82 0
    endloop
  endfacet
  facet normal -0.9914448613738107 0.13052619222004952 0
    outer loop
      vertex 11.287518408917975 36.08529905038723 2.5
      vertex 11.325 36.37 0
      vertex 11.287518408917975 36.08529905038723 0
    endloop
  endfacet
  facet normal -0.9914448613738107 -0.13052619222004952 0
    outer loop
      vertex 11.325 36.37 2.5
      vertex 11.287518408917975 36.65470094961277 0
      vertex 11.325 36.37 0
    endloop
  endfacet
  facet normal -0.3826834323650804 -0.9238795325112906 0
    outer loop
      vertex 10.775 37.32262794416288 2.5
      vertex 10.509700949612773 37.43251840891797 0
      vertex 10.775 37.32262794416288 0
    endloop
  endfacet
  facet normal -0.6087614290087212 -0.7933533402912347 0
    outer loop
      vertex 11.002817459305202 37.1478174593052 2.5
      vertex 10.775 37.32262794416288 0
      vertex 11.002817459305202 37.1478174593052 0
    endloop
  endfacet
  facet normal -0.7933533402912416 -0.6087614290087123 0
    outer loop
      vertex 11.177627944162882 36.919999999999995 2.5
      vertex 11.002817459305202 37.1478174593052 0
      vertex 11.177627944162882 36.919999999999995 0
    endloop
  endfacet
  facet normal -0.9238795325112863 -0.38268343236509095 0
    outer loop
      vertex 11.287518408917975 36.65470094961277 2.5
      vertex 11.177627944162882 36.919999999999995 0
      vertex 11.287518408917975 36.65470094961277 0
    endloop
  endfacet
  facet normal 0.9914448613738107 0.13052619222004952 0
    outer loop
      vertex -11.287518408917975 36.08529905038723 2.5
      vertex -11.287518408917975 36.08529905038723 0
      vertex -11.325 36.37 2.5
    endloop
  endfacet
  facet normal 0.9238795325112863 0.38268343236509095 0
    outer loop
      vertex -11.177627944162882 35.82 2.5
      vertex -11.177627944162882 35.82 0
      vertex -11.287518408917975 36.08529905038723 2.5
    endloop
  endfacet
  facet normal 0.9914448613738107 -0.13052619222004952 0
    outer loop
      vertex -11.325 36.37 2.5
      vertex -11.325 36.37 0
      vertex -11.287518408917975 36.65470094961277 2.5
    endloop
  endfacet
  facet normal 0.7933533402912416 0.6087614290087123 0
    outer loop
      vertex -11.177627944162882 35.82 2.5
      vertex -11.002817459305202 35.59218254069479 2.5
      vertex -11.002817459305202 35.59218254069479 0
    endloop
  endfacet
  facet normal 0.6087614290087212 0.7933533402912347 0
    outer loop
      vertex -11.002817459305202 35.59218254069479 2.5
      vertex -10.775 35.41737205583711 2.5
      vertex -10.775 35.41737205583711 0
    endloop
  endfacet
  facet normal 0.9238795325112863 -0.38268343236509095 0
    outer loop
      vertex -11.287518408917975 36.65470094961277 2.5
      vertex -11.287518408917975 36.65470094961277 0
      vertex -11.177627944162882 36.919999999999995 2.5
    endloop
  endfacet
  facet normal 0.7933533402912416 -0.6087614290087123 0
    outer loop
      vertex -11.177627944162882 36.919999999999995 2.5
      vertex -11.177627944162882 36.919999999999995 0
      vertex -11.002817459305202 37.1478174593052 2.5
    endloop
  endfacet
  facet normal 0.6087614290087212 -0.7933533402912347 0
    outer loop
      vertex -11.002817459305202 37.1478174593052 2.5
      vertex -11.002817459305202 37.1478174593052 0
      vertex -10.775 37.32262794416288 2.5
    endloop
  endfacet
  facet normal 0.3826834323650804 -0.9238795325112906 0
    outer loop
      vertex -10.509700949612773 37.43251840891797 2.5
      vertex -10.775 37.32262794416288 2.5
      vertex -10.775 37.32262794416288 0
    endloop
  endfacet
  facet normal 0.3826834323650804 0.9238795325112906 0
    outer loop
      vertex -10.775 35.41737205583711 2.5
      vertex -10.509700949612773 35.30748159108202 2.5
      vertex -10.509700949612773 35.30748159108202 0
    endloop
  endfacet
  facet normal 0.13052619222006007 0.9914448613738093 0
    outer loop
      vertex -10.509700949612773 35.30748159108202 2.5
      vertex -10.225 35.269999999999996 2.5
      vertex -10.225 35.269999999999996 0
    endloop
  endfacet
  facet normal -0.13052619222006007 0.9914448613738093 0
    outer loop
      vertex -10.225 35.269999999999996 2.5
      vertex -9.940299050387226 35.30748159108202 2.5
      vertex -9.940299050387226 35.30748159108202 0
    endloop
  endfacet
  facet normal 0.13052619222006007 -0.9914448613738093 0
    outer loop
      vertex -10.225 37.47 2.5
      vertex -10.509700949612773 37.43251840891797 2.5
      vertex -10.509700949612773 37.43251840891797 0
    endloop
  endfacet
  facet normal -0.13052619222006007 -0.9914448613738093 0
    outer loop
      vertex -9.940299050387226 37.43251840891797 2.5
      vertex -10.225 37.47 2.5
      vertex -10.225 37.47 0
    endloop
  endfacet
  facet normal -0.3826834323650804 -0.9238795325112906 0
    outer loop
      vertex -9.674999999999999 37.32262794416288 2.5
      vertex -9.940299050387226 37.43251840891797 2.5
      vertex -9.940299050387226 37.43251840891797 0
    endloop
  endfacet
  facet normal -0.3826834323650804 0.9238795325112906 0
    outer loop
      vertex -9.940299050387226 35.30748159108202 2.5
      vertex -9.674999999999999 35.41737205583711 2.5
      vertex -9.674999999999999 35.41737205583711 0
    endloop
  endfacet
  facet normal -0.6087614290087212 0.7933533402912347 0
    outer loop
      vertex -9.674999999999999 35.41737205583711 2.5
      vertex -9.447182540694797 35.59218254069479 2.5
      vertex -9.447182540694797 35.59218254069479 0
    endloop
  endfacet
  facet normal -0.7933533402912416 0.6087614290087123 0
    outer loop
      vertex -9.272372055837117 35.82 2.5
      vertex -9.272372055837117 35.82 0
      vertex -9.447182540694797 35.59218254069479 2.5
    endloop
  endfacet
  facet normal -0.9238795325112863 0.38268343236509095 0
    outer loop
      vertex -9.162481591082024 36.08529905038723 2.5
      vertex -9.162481591082024 36.08529905038723 0
      vertex -9.272372055837117 35.82 2.5
    endloop
  endfacet
  facet normal -0.9914448613738107 0.13052619222004952 0
    outer loop
      vertex -9.125 36.37 2.5
      vertex -9.125 36.37 0
      vertex -9.162481591082024 36.08529905038723 2.5
    endloop
  endfacet
  facet normal -0.9914448613738107 -0.13052619222004952 0
    outer loop
      vertex -9.162481591082024 36.65470094961277 2.5
      vertex -9.162481591082024 36.65470094961277 0
      vertex -9.125 36.37 2.5
    endloop
  endfacet
  facet normal -0.6087614290087212 -0.7933533402912347 0
    outer loop
      vertex -9.447182540694797 37.1478174593052 2.5
      vertex -9.674999999999999 37.32262794416288 2.5
      vertex -9.674999999999999 37.32262794416288 0
    endloop
  endfacet
  facet normal -0.7933533402912416 -0.6087614290087123 0
    outer loop
      vertex -9.447182540694797 37.1478174593052 2.5
      vertex -9.447182540694797 37.1478174593052 0
      vertex -9.272372055837117 36.919999999999995 2.5
    endloop
  endfacet
  facet normal -0.9238795325112863 -0.38268343236509095 0
    outer loop
      vertex -9.272372055837117 36.919999999999995 2.5
      vertex -9.272372055837117 36.919999999999995 0
      vertex -9.162481591082024 36.65470094961277 2.5
    endloop
  endfacet
  facet normal 0.7933533402912416 0.6087614290087123 0
    outer loop
      vertex -11.177627944162882 35.82 2.5
      vertex -11.002817459305202 35.59218254069479 0
      vertex -11.177627944162882 35.82 0
    endloop
  endfacet
  facet normal 0.9238795325112863 0.38268343236509095 0
    outer loop
      vertex -11.287518408917975 36.08529905038723 2.5
      vertex -11.177627944162882 35.82 0
      vertex -11.287518408917975 36.08529905038723 0
    endloop
  endfacet
  facet normal 0.9914448613738107 0.13052619222004952 0
    outer loop
      vertex -11.325 36.37 2.5
      vertex -11.287518408917975 36.08529905038723 0
      vertex -11.325 36.37 0
    endloop
  endfacet
  facet normal 0.9914448613738107 -0.13052619222004952 0
    outer loop
      vertex -11.287518408917975 36.65470094961277 2.5
      vertex -11.325 36.37 0
      vertex -11.287518408917975 36.65470094961277 0
    endloop
  endfacet
  facet normal 0.6087614290087212 0.7933533402912347 0
    outer loop
      vertex -11.002817459305202 35.59218254069479 2.5
      vertex -10.775 35.41737205583711 0
      vertex -11.002817459305202 35.59218254069479 0
    endloop
  endfacet
  facet normal 0.3826834323650804 0.9238795325112906 0
    outer loop
      vertex -10.775 35.41737205583711 2.5
      vertex -10.509700949612773 35.30748159108202 0
      vertex -10.775 35.41737205583711 0
    endloop
  endfacet
  facet normal 0.9238795325112863 -0.38268343236509095 0
    outer loop
      vertex -11.177627944162882 36.919999999999995 2.5
      vertex -11.287518408917975 36.65470094961277 0
      vertex -11.177627944162882 36.919999999999995 0
    endloop
  endfacet
  facet normal 0.7933533402912416 -0.6087614290087123 0
    outer loop
      vertex -11.002817459305202 37.1478174593052 2.5
      vertex -11.177627944162882 36.919999999999995 0
      vertex -11.002817459305202 37.1478174593052 0
    endloop
  endfacet
  facet normal 0.6087614290087212 -0.7933533402912347 0
    outer loop
      vertex -10.775 37.32262794416288 2.5
      vertex -11.002817459305202 37.1478174593052 0
      vertex -10.775 37.32262794416288 0
    endloop
  endfacet
  facet normal 0.13052619222006007 0.9914448613738093 0
    outer loop
      vertex -10.509700949612773 35.30748159108202 2.5
      vertex -10.225 35.269999999999996 0
      vertex -10.509700949612773 35.30748159108202 0
    endloop
  endfacet
  facet normal -0.13052619222006007 0.9914448613738093 0
    outer loop
      vertex -10.225 35.269999999999996 2.5
      vertex -9.940299050387226 35.30748159108202 0
      vertex -10.225 35.269999999999996 0
    endloop
  endfacet
  facet normal -0.3826834323650804 0.9238795325112906 0
    outer loop
      vertex -9.940299050387226 35.30748159108202 2.5
      vertex -9.674999999999999 35.41737205583711 0
      vertex -9.940299050387226 35.30748159108202 0
    endloop
  endfacet
  facet normal 0.3826834323650804 -0.9238795325112906 0
    outer loop
      vertex -10.509700949612773 37.43251840891797 2.5
      vertex -10.775 37.32262794416288 0
      vertex -10.509700949612773 37.43251840891797 0
    endloop
  endfacet
  facet normal 0.13052619222006007 -0.9914448613738093 0
    outer loop
      vertex -10.225 37.47 2.5
      vertex -10.509700949612773 37.43251840891797 0
      vertex -10.225 37.47 0
    endloop
  endfacet
  facet normal -0.13052619222006007 -0.9914448613738093 0
    outer loop
      vertex -9.940299050387226 37.43251840891797 2.5
      vertex -10.225 37.47 0
      vertex -9.940299050387226 37.43251840891797 0
    endloop
  endfacet
  facet normal -0.6087614290087212 0.7933533402912347 0
    outer loop
      vertex -9.674999999999999 35.41737205583711 2.5
      vertex -9.447182540694797 35.59218254069479 0
      vertex -9.674999999999999 35.41737205583711 0
    endloop
  endfacet
  facet normal -0.7933533402912416 0.6087614290087123 0
    outer loop
      vertex -9.447182540694797 35.59218254069479 2.5
      vertex -9.272372055837117 35.82 0
      vertex -9.447182540694797 35.59218254069479 0
    endloop
  endfacet
  facet normal -0.9238795325112863 0.38268343236509095 0
    outer loop
      vertex -9.272372055837117 35.82 2.5
      vertex -9.162481591082024 36.08529905038723 0
      vertex -9.272372055837117 35.82 0
    endloop
  endfacet
  facet normal -0.9914448613738107 0.13052619222004952 0
    outer loop
      vertex -9.162481591082024 36.08529905038723 2.5
      vertex -9.125 36.37 0
      vertex -9.162481591082024 36.08529905038723 0
    endloop
  endfacet
  facet normal -0.9914448613738107 -0.13052619222004952 0
    outer loop
      vertex -9.125 36.37 2.5
      vertex -9.162481591082024 36.65470094961277 0
      vertex -9.125 36.37 0
    endloop
  endfacet
  facet normal -0.3826834323650804 -0.9238795325112906 0
    outer loop
      vertex -9.674999999999999 37.32262794416288 2.5
      vertex -9.940299050387226 37.43251840891797 0
      vertex -9.674999999999999 37.32262794416288 0
    endloop
  endfacet
  facet normal -0.6087614290087212 -0.7933533402912347 0
    outer loop
      vertex -9.447182540694797 37.1478174593052 2.5
      vertex -9.674999999999999 37.32262794416288 0
      vertex -9.447182540694797 37.1478174593052 0
    endloop
  endfacet
  facet normal -0.7933533402912416 -0.6087614290087123 0
    outer loop
      vertex -9.272372055837117 36.919999999999995 2.5
      vertex -9.447182540694797 37.1478174593052 0
      vertex -9.272372055837117 36.919999999999995 0
    endloop
  endfacet
  facet normal -0.9238795325112863 -0.38268343236509095 0
    outer loop
      vertex -9.162481591082024 36.65470094961277 2.5
      vertex -9.272372055837117 36.919999999999995 0
      vertex -9.162481591082024 36.65470094961277 0
    endloop
  endfacet
  facet normal 0.6087614290087209 0 -0.7933533402912349
    outer loop
      vertex -1.7398849570007637 -14.887708333333332 4.2635691448501145
      vertex -2.4605689031594093 -14.781875 3.7105689031594093
      vertex -1.7398849570007637 -14.728958333333333 4.2635691448501145
    endloop
  endfacet
  facet normal 0.6087614290087209 0 -0.7933533402912349
    outer loop
      vertex -1.7398849570007637 -13.617708333333333 4.2635691448501145
      vertex -2.4605689031594093 -13.511875 3.7105689031594093
      vertex -1.7398849570007637 -13.458958333333333 4.2635691448501145
    endloop
  endfacet
  facet normal 0.6087614290087209 0 -0.7933533402912349
    outer loop
      vertex -1.7398849570007637 -12.347708333333333 4.2635691448501145
      vertex -2.4605689031594093 -12.241875 3.7105689031594093
      vertex -1.7398849570007637 -12.188958333333334 4.2635691448501145
    endloop
  endfacet
  facet normal 0.6087614290087209 0 -0.793353340291235
    outer loop
      vertex -1.7398849570007637 -11.077708333333334 4.2635691448501145
      vertex -2.4605689031594093 -10.575992187499999 3.7105689031594093
      vertex -1.7398849570007637 -10.523075520833334 4.2635691448501145
    endloop
  endfacet
  facet normal 0.6087614290087209 0 -0.7933533402912349
    outer loop
      vertex -1.7398849570007637 -10.523075520833334 4.2635691448501145
      vertex -2.4605689031594093 -10.461890624999999 3.7105689031594093
      vertex -1.7398849570007637 -10.408973958333334 4.2635691448501145
    endloop
  endfacet
  facet normal 0.608761429008721 0 -0.793353340291235
    outer loop
      vertex -1.7398849570007637 -10.408973958333334 4.2635691448501145
      vertex -2.4605689031594093 -10.370609375 3.7105689031594093
      vertex -1.7398849570007637 -10.317692708333333 4.2635691448501145
    endloop
  endfacet
  facet normal 0.6087614290087209 0 -0.7933533402912349
    outer loop
      vertex -1.7398849570007637 -10.317692708333333 4.2635691448501145
      vertex -2.4605689031594093 -10.2565078125 3.7105689031594093
      vertex -1.7398849570007637 -10.203591145833332 4.2635691448501145
    endloop
  endfacet
  facet normal 0.608761429008721 0 -0.7933533402912349
    outer loop
      vertex -1.7398849570007637 -10.203591145833332 4.2635691448501145
      vertex -2.4605689031594093 -10.1 3.7105689031594093
      vertex -1.7398849570007637 -10.1 4.2635691448501145
    endloop
  endfacet
  facet normal 0.36407891642539314 0.8659287334633542 -0.34294893377449476
    outer loop
      vertex -3.013569144850114 -14.993541666666667 2.989884957000764
      vertex -2.4605689031594093 -14.940624999999999 3.7105689031594093
      vertex -2.994059031743967 -15 2.9942901738905743
    endloop
  endfacet
  facet normal 0.793353340291235 0 -0.6087614290087208
    outer loop
      vertex -3.013569144850114 -14.993541666666667 2.989884957000764
      vertex -3.013569144850114 -14.834791666666666 2.989884957000764
      vertex -2.4605689031594093 -14.940624999999999 3.7105689031594093
    endloop
  endfacet
  facet normal 0.793353340291235 0 -0.6087614290087208
    outer loop
      vertex -3.013569144850114 -13.723541666666666 2.989884957000764
      vertex -3.013569144850114 -13.564791666666666 2.989884957000764
      vertex -2.4605689031594093 -13.670625 3.7105689031594093
    endloop
  endfacet
  facet normal 0.793353340291235 0 -0.6087614290087208
    outer loop
      vertex -3.013569144850114 -12.453541666666666 2.989884957000764
      vertex -3.013569144850114 -12.294791666666667 2.989884957000764
      vertex -2.4605689031594093 -12.400625 3.7105689031594093
    endloop
  endfacet
  facet normal 0.2600075147575261 0.8588826153131763 -0.44126720406394715
    outer loop
      vertex -2.4605689031594093 -14.940624999999999 3.7105689031594093
      vertex -2.276831461117375 -15 3.7032648488782773
      vertex -2.3878496764205326 -15 3.6378496764205326
    endloop
  endfacet
  facet normal 0.6087614290087209 0 -0.7933533402912349
    outer loop
      vertex -1.7398849570007637 -14.887708333333332 4.2635691448501145
      vertex -2.4605689031594093 -14.940624999999999 3.7105689031594093
      vertex -2.4605689031594093 -14.781875 3.7105689031594093
    endloop
  endfacet
  facet normal 0.2629115126241926 0.8659287334633481 -0.42549378972227175
    outer loop
      vertex -1.7398849570007637 -14.887708333333332 4.2635691448501145
      vertex -2.276831461117375 -15 3.7032648488782773
      vertex -2.4605689031594093 -14.940624999999999 3.7105689031594093
    endloop
  endfacet
  facet normal 0.2629115126241916 0.8659287334633489 -0.42549378972227103
    outer loop
      vertex -1.7398849570007637 -14.887708333333332 4.2635691448501145
      vertex -1.6426375210341357 -15 4.095131644850113
      vertex -2.276831461117375 -15 3.7032648488782773
    endloop
  endfacet
  facet normal 0.6087614290087209 0 -0.7933533402912349
    outer loop
      vertex -1.7398849570007637 -13.617708333333333 4.2635691448501145
      vertex -2.4605689031594093 -13.670625 3.7105689031594093
      vertex -2.4605689031594093 -13.511875 3.7105689031594093
    endloop
  endfacet
  facet normal 0.26291151262419127 0.8659287334633493 -0.42549378972227025
    outer loop
      vertex -1.7398849570007637 -13.617708333333333 4.2635691448501145
      vertex -1.3961811248738147 -14.014583333333333 3.668256644850114
      vertex -2.4605689031594093 -13.670625 3.7105689031594093
    endloop
  endfacet
  facet normal 0.3429489337744988 -0.8659287334633491 -0.36407891642540147
    outer loop
      vertex -1.7398849570007637 -14.728958333333333 4.2635691448501145
      vertex -2.4605689031594093 -14.781875 3.7105689031594093
      vertex -1.9744982823258725 -14.385 3.2244982823258725
    endloop
  endfacet
  facet normal 0.3429489337744988 -0.8659287334633491 -0.36407891642540147
    outer loop
      vertex -1.7398849570007637 -13.458958333333333 4.2635691448501145
      vertex -2.4605689031594093 -13.511875 3.7105689031594093
      vertex -1.9744982823258725 -13.115 3.2244982823258725
    endloop
  endfacet
  facet normal 0.6087614290087209 0 -0.7933533402912349
    outer loop
      vertex -1.7398849570007637 -12.347708333333333 4.2635691448501145
      vertex -2.4605689031594093 -12.400625 3.7105689031594093
      vertex -2.4605689031594093 -12.241875 3.7105689031594093
    endloop
  endfacet
  facet normal 0.26291151262419127 0.8659287334633493 -0.42549378972227025
    outer loop
      vertex -1.7398849570007637 -12.347708333333333 4.2635691448501145
      vertex -1.3961811248738147 -12.744583333333333 3.668256644850114
      vertex -2.4605689031594093 -12.400625 3.7105689031594093
    endloop
  endfacet
  facet normal 0.34294893377449975 -0.8659287334633482 -0.36407891642540285
    outer loop
      vertex -1.7398849570007637 -12.188958333333334 4.2635691448501145
      vertex -2.4605689031594093 -12.241875 3.7105689031594093
      vertex -1.9744982823258725 -11.844999999999999 3.2244982823258725
    endloop
  endfacet
  facet normal 0.36407891642540124 0.8659287334633486 -0.3429489337745004
    outer loop
      vertex -2.4605689031594093 -14.940624999999999 3.7105689031594093
      vertex -2.3878496764205326 -15 3.6378496764205326
      vertex -2.994059031743967 -15 2.9942901738905743
    endloop
  endfacet
  facet normal 0.793353340291235 0 -0.6087614290087208
    outer loop
      vertex -3.013569144850114 -14.834791666666666 2.989884957000764
      vertex -2.4605689031594093 -14.781875 3.7105689031594093
      vertex -2.4605689031594093 -14.940624999999999 3.7105689031594093
    endloop
  endfacet
  facet normal 0.793353340291235 0 -0.6087614290087208
    outer loop
      vertex -3.013569144850114 -13.564791666666666 2.989884957000764
      vertex -2.4605689031594093 -13.511875 3.7105689031594093
      vertex -2.4605689031594093 -13.670625 3.7105689031594093
    endloop
  endfacet
  facet normal 0.44126720406394737 -0.8588826153131768 -0.2600075147575245
    outer loop
      vertex -2.4605689031594093 -14.781875 3.7105689031594093
      vertex -2.418256644850114 -14.437916666666666 2.6461811248738147
      vertex -1.9744982823258725 -14.385 3.2244982823258725
    endloop
  endfacet
  facet normal 0.3640789164254016 0.8659287334633492 -0.34294893377449875
    outer loop
      vertex -3.013569144850114 -13.723541666666666 2.989884957000764
      vertex -2.4605689031594093 -13.670625 3.7105689031594093
      vertex -1.9744982823258725 -14.067499999999999 3.2244982823258725
    endloop
  endfacet
  facet normal 0.6087614290087205 0 -0.7933533402912352
    outer loop
      vertex -1.9744982823258725 -14.385 3.2244982823258725
      vertex -1.9744982823258725 -14.067499999999999 3.2244982823258725
      vertex -1.3961811248738147 -14.332083333333333 3.668256644850114
    endloop
  endfacet
  facet normal 0.2600075147575245 0.8588826153131768 -0.44126720406394737
    outer loop
      vertex -2.4605689031594093 -13.670625 3.7105689031594093
      vertex -1.3961811248738147 -14.014583333333333 3.668256644850114
      vertex -1.9744982823258725 -14.067499999999999 3.2244982823258725
    endloop
  endfacet
  facet normal 0.793353340291235 0 -0.6087614290087208
    outer loop
      vertex -3.013569144850114 -12.294791666666667 2.989884957000764
      vertex -2.4605689031594093 -12.241875 3.7105689031594093
      vertex -2.4605689031594093 -12.400625 3.7105689031594093
    endloop
  endfacet
  facet normal 0.3640789164254016 0.8659287334633492 -0.34294893377449875
    outer loop
      vertex -3.013569144850114 -12.453541666666666 2.989884957000764
      vertex -2.4605689031594093 -12.400625 3.7105689031594093
      vertex -1.9744982823258725 -12.7975 3.2244982823258725
    endloop
  endfacet
  facet normal 0.44126720406394737 -0.8588826153131768 -0.2600075147575245
    outer loop
      vertex -2.4605689031594093 -13.511875 3.7105689031594093
      vertex -2.418256644850114 -13.167916666666667 2.6461811248738147
      vertex -1.9744982823258725 -13.115 3.2244982823258725
    endloop
  endfacet
  facet normal 0.44126720406395 -0.8588826153131756 -0.2600075147575239
    outer loop
      vertex -2.4605689031594093 -12.241875 3.7105689031594093
      vertex -2.418256644850114 -11.897916666666667 2.6461811248738147
      vertex -1.9744982823258725 -11.844999999999999 3.2244982823258725
    endloop
  endfacet
  facet normal 0.2600075147575245 0.8588826153131768 -0.44126720406394737
    outer loop
      vertex -2.4605689031594093 -12.400625 3.7105689031594093
      vertex -1.3961811248738147 -12.744583333333333 3.668256644850114
      vertex -1.9744982823258725 -12.7975 3.2244982823258725
    endloop
  endfacet
  facet normal 0.6087614290087205 0 -0.7933533402912352
    outer loop
      vertex -1.9744982823258725 -13.115 3.2244982823258725
      vertex -1.9744982823258725 -12.7975 3.2244982823258725
      vertex -1.3961811248738147 -13.062083333333334 3.668256644850114
    endloop
  endfacet
  facet normal 0.6087614290087207 0 -0.7933533402912352
    outer loop
      vertex -1.9744982823258725 -11.844999999999999 3.2244982823258725
      vertex -1.9744982823258725 -11.5275 3.2244982823258725
      vertex -1.3961811248738147 -11.792083333333334 3.668256644850114
    endloop
  endfacet
  facet normal 0.793353340291235 0 -0.6087614290087208
    outer loop
      vertex -3.013569144850114 -11.183541666666667 2.989884957000764
      vertex -3.013569144850114 -10.628908854166667 2.989884957000764
      vertex -2.4605689031594093 -11.130625 3.7105689031594093
    endloop
  endfacet
  facet normal 0.793353340291235 0 -0.6087614290087207
    outer loop
      vertex -3.013569144850114 -10.628908854166667 2.989884957000764
      vertex -3.013569144850114 -10.514807291666667 2.989884957000764
      vertex -2.4605689031594093 -10.575992187499999 3.7105689031594093
    endloop
  endfacet
  facet normal 0.793353340291235 0 -0.6087614290087207
    outer loop
      vertex -3.013569144850114 -10.514807291666667 2.989884957000764
      vertex -3.013569144850114 -10.423526041666666 2.989884957000764
      vertex -2.4605689031594093 -10.461890624999999 3.7105689031594093
    endloop
  endfacet
  facet normal 0.793353340291235 0 -0.6087614290087207
    outer loop
      vertex -3.013569144850114 -10.423526041666666 2.989884957000764
      vertex -3.013569144850114 -10.309424479166665 2.989884957000764
      vertex -2.4605689031594093 -10.370609375 3.7105689031594093
    endloop
  endfacet
  facet normal 0.793353340291235 0 -0.6087614290087208
    outer loop
      vertex -3.013569144850114 -10.309424479166665 2.989884957000764
      vertex -3.013569144850114 -10.1 2.989884957000764
      vertex -2.4605689031594093 -10.2565078125 3.7105689031594093
    endloop
  endfacet
  facet normal 0.6087614290087209 0 -0.7933533402912348
    outer loop
      vertex -1.7398849570007637 -11.077708333333334 4.2635691448501145
      vertex -2.4605689031594093 -11.130625 3.7105689031594093
      vertex -2.4605689031594093 -10.575992187499999 3.7105689031594093
    endloop
  endfacet
  facet normal 0.26291151262419127 0.8659287334633493 -0.42549378972227025
    outer loop
      vertex -1.7398849570007637 -11.077708333333334 4.2635691448501145
      vertex -1.3961811248738147 -11.474583333333333 3.668256644850114
      vertex -2.4605689031594093 -11.130625 3.7105689031594093
    endloop
  endfacet
  facet normal 0.6087614290087209 0 -0.7933533402912349
    outer loop
      vertex -1.7398849570007637 -10.523075520833334 4.2635691448501145
      vertex -2.4605689031594093 -10.575992187499999 3.7105689031594093
      vertex -2.4605689031594093 -10.461890624999999 3.7105689031594093
    endloop
  endfacet
  facet normal 0.608761429008721 0 -0.7933533402912349
    outer loop
      vertex -1.7398849570007637 -10.408973958333334 4.2635691448501145
      vertex -2.4605689031594093 -10.461890624999999 3.7105689031594093
      vertex -2.4605689031594093 -10.370609375 3.7105689031594093
    endloop
  endfacet
  facet normal 0.6087614290087209 0 -0.7933533402912349
    outer loop
      vertex -1.7398849570007637 -10.317692708333333 4.2635691448501145
      vertex -2.4605689031594093 -10.370609375 3.7105689031594093
      vertex -2.4605689031594093 -10.2565078125 3.7105689031594093
    endloop
  endfacet
  facet normal 0.608761429008721 0 -0.7933533402912348
    outer loop
      vertex -1.7398849570007637 -10.203591145833332 4.2635691448501145
      vertex -2.4605689031594093 -10.2565078125 3.7105689031594093
      vertex -2.4605689031594093 -10.1 3.7105689031594093
    endloop
  endfacet
  facet normal 0.7933533402912349 0 -0.6087614290087208
    outer loop
      vertex -3.013569144850114 -10.628908854166667 2.989884957000764
      vertex -2.4605689031594093 -10.575992187499999 3.7105689031594093
      vertex -2.4605689031594093 -11.130625 3.7105689031594093
    endloop
  endfacet
  facet normal 0.7933533402912352 0 -0.6087614290087207
    outer loop
      vertex -3.013569144850114 -10.514807291666667 2.989884957000764
      vertex -2.4605689031594093 -10.461890624999999 3.7105689031594093
      vertex -2.4605689031594093 -10.575992187499999 3.7105689031594093
    endloop
  endfacet
  facet normal 0.7933533402912352 0 -0.6087614290087208
    outer loop
      vertex -3.013569144850114 -10.423526041666666 2.989884957000764
      vertex -2.4605689031594093 -10.370609375 3.7105689031594093
      vertex -2.4605689031594093 -10.461890624999999 3.7105689031594093
    endloop
  endfacet
  facet normal 0.7933533402912352 0 -0.6087614290087207
    outer loop
      vertex -3.013569144850114 -10.309424479166665 2.989884957000764
      vertex -2.4605689031594093 -10.2565078125 3.7105689031594093
      vertex -2.4605689031594093 -10.370609375 3.7105689031594093
    endloop
  endfacet
  facet normal 0.7933533402912352 0 -0.6087614290087208
    outer loop
      vertex -3.013569144850114 -10.1 2.989884957000764
      vertex -2.4605689031594093 -10.1 3.7105689031594093
      vertex -2.4605689031594093 -10.2565078125 3.7105689031594093
    endloop
  endfacet
  facet normal 0.3640789164254016 0.8659287334633492 -0.34294893377449875
    outer loop
      vertex -3.013569144850114 -11.183541666666667 2.989884957000764
      vertex -2.4605689031594093 -11.130625 3.7105689031594093
      vertex -1.9744982823258725 -11.5275 3.2244982823258725
    endloop
  endfacet
  facet normal 0.2600075147575245 0.8588826153131768 -0.44126720406394737
    outer loop
      vertex -2.4605689031594093 -11.130625 3.7105689031594093
      vertex -1.3961811248738147 -11.474583333333333 3.668256644850114
      vertex -1.9744982823258725 -11.5275 3.2244982823258725
    endloop
  endfacet
  facet normal 0.382683432365089 0 -0.9238795325112871
    outer loop
      vertex -1.7398849570007637 -14.887708333333332 4.2635691448501145
      vertex -1.7398849570007637 -14.728958333333333 4.2635691448501145
      vertex -0.9006307263183561 -14.834791666666666 4.611199629477765
    endloop
  endfacet
  facet normal 0.1438271237194596 0.865928733463349 -0.479041947062204
    outer loop
      vertex -1.7398849570007637 -14.887708333333332 4.2635691448501145
      vertex -0.9006307263183561 -14.834791666666666 4.611199629477765
      vertex -1.4078111946857594 -15 4.160289323736109
    endloop
  endfacet
  facet normal 0.382683432365089 0 -0.9238795325112871
    outer loop
      vertex -1.7398849570007637 -13.617708333333333 4.2635691448501145
      vertex -1.7398849570007637 -13.458958333333333 4.2635691448501145
      vertex -0.9006307263183561 -13.564791666666666 4.611199629477765
    endloop
  endfacet
  facet normal 0.1369396171426383 0.8588826153131764 -0.49352628538875803
    outer loop
      vertex -1.7398849570007637 -14.887708333333332 4.2635691448501145
      vertex -1.4078111946857594 -15 4.160289323736109
      vertex -1.6426375210341357 -15 4.095131644850113
    endloop
  endfacet
  facet normal 0.23703267473990428 -0.8659287334633492 -0.440434943741078
    outer loop
      vertex -1.7398849570007637 -14.728958333333333 4.2635691448501145
      vertex -1.3961811248738147 -14.332083333333333 3.668256644850114
      vertex -0.9006307263183561 -14.676041666666666 4.611199629477765
    endloop
  endfacet
  facet normal 0.38268343236508895 0 -0.9238795325112871
    outer loop
      vertex -1.7398849570007637 -14.728958333333333 4.2635691448501145
      vertex -0.9006307263183561 -14.676041666666666 4.611199629477765
      vertex -0.9006307263183561 -14.834791666666666 4.611199629477765
    endloop
  endfacet
  facet normal 0.14382712371945944 0.8659287334633492 -0.4790419470622038
    outer loop
      vertex -0.9006307263183561 -14.834791666666666 4.611199629477765
      vertex -0.8265698565861404 -15 4.334800700784396
      vertex -1.4078111946857594 -15 4.160289323736109
    endloop
  endfacet
  facet normal 0.38268343236508895 0 -0.9238795325112871
    outer loop
      vertex -1.7398849570007637 -13.458958333333333 4.2635691448501145
      vertex -0.9006307263183561 -13.406041666666667 4.611199629477765
      vertex -0.9006307263183561 -13.564791666666666 4.611199629477765
    endloop
  endfacet
  facet normal 0.2521448511975481 -0.8588826153131766 -0.4458067149868473
    outer loop
      vertex -0.9006307263183561 -14.676041666666666 4.611199629477765
      vertex -1.3961811248738147 -14.332083333333333 3.668256644850114
      vertex -0.722716531060008 -14.279166666666667 3.9472148133858806
    endloop
  endfacet
  facet normal 0.14382712371945963 0.8659287334633491 -0.47904194706220404
    outer loop
      vertex -1.7398849570007637 -13.617708333333333 4.2635691448501145
      vertex -0.9006307263183561 -13.564791666666666 4.611199629477765
      vertex -0.722716531060008 -13.961666666666666 3.9472148133858806
    endloop
  endfacet
  facet normal 0.382683432365089 0 -0.9238795325112871
    outer loop
      vertex -1.7398849570007637 -12.347708333333333 4.2635691448501145
      vertex -1.7398849570007637 -12.188958333333334 4.2635691448501145
      vertex -0.9006307263183561 -12.294791666666667 4.611199629477765
    endloop
  endfacet
  facet normal 0.23703267473990428 -0.8659287334633492 -0.440434943741078
    outer loop
      vertex -1.7398849570007637 -13.458958333333333 4.2635691448501145
      vertex -1.3961811248738147 -13.062083333333334 3.668256644850114
      vertex -0.9006307263183561 -13.406041666666667 4.611199629477765
    endloop
  endfacet
  facet normal 0.23703267473990428 -0.8659287334633492 -0.440434943741078
    outer loop
      vertex -1.7398849570007637 -12.188958333333334 4.2635691448501145
      vertex -1.3961811248738147 -11.792083333333334 3.668256644850114
      vertex -0.9006307263183561 -12.136041666666667 4.611199629477765
    endloop
  endfacet
  facet normal 0.38268343236508895 0 -0.9238795325112871
    outer loop
      vertex -1.7398849570007637 -12.188958333333334 4.2635691448501145
      vertex -0.9006307263183561 -12.136041666666667 4.611199629477765
      vertex -0.9006307263183561 -12.294791666666667 4.611199629477765
    endloop
  endfacet
  facet normal 0.2521448511975507 -0.8588826153131756 -0.4458067149868483
    outer loop
      vertex -0.9006307263183561 -13.406041666666667 4.611199629477765
      vertex -1.3961811248738147 -13.062083333333334 3.668256644850114
      vertex -0.722716531060008 -13.009166666666665 3.9472148133858806
    endloop
  endfacet
  facet normal 0.14382712371945963 0.8659287334633491 -0.47904194706220404
    outer loop
      vertex -1.7398849570007637 -12.347708333333333 4.2635691448501145
      vertex -0.9006307263183561 -12.294791666666667 4.611199629477765
      vertex -0.722716531060008 -12.691666666666666 3.9472148133858806
    endloop
  endfacet
  facet normal 0.2521448511975507 -0.8588826153131756 -0.4458067149868483
    outer loop
      vertex -0.9006307263183561 -12.136041666666667 4.611199629477765
      vertex -1.3961811248738147 -11.792083333333334 3.668256644850114
      vertex -0.722716531060008 -11.739166666666666 3.9472148133858806
    endloop
  endfacet
  facet normal 0.13052619222005254 0 -0.9914448613738103
    outer loop
      vertex -0.9006307263183561 -14.834791666666666 4.611199629477765
      vertex -0.9006307263183561 -14.676041666666666 4.611199629477765
      vertex 0 -14.781875 4.729769914001528
    endloop
  endfacet
  facet normal 0.014941154018808082 0.865928733463349 -0.49994418736409624
    outer loop
      vertex -0.9006307263183561 -14.834791666666666 4.611199629477765
      vertex 0 -14.781875 4.729769914001528
      vertex -0.4680443144646559 -15 4.3379785258278565
    endloop
  endfacet
  facet normal 0.13052619222005254 0 -0.9914448613738103
    outer loop
      vertex -0.9006307263183561 -13.564791666666666 4.611199629477765
      vertex -0.9006307263183561 -13.406041666666667 4.611199629477765
      vertex 0 -13.511875 4.729769914001528
    endloop
  endfacet
  facet normal 0.13052619222005254 0 -0.9914448613738103
    outer loop
      vertex -0.9006307263183561 -14.676041666666666 4.611199629477765
      vertex 0 -14.623125 4.729769914001528
      vertex 0 -14.781875 4.729769914001528
    endloop
  endfacet
  facet normal 0.13052619222005254 0 -0.9914448613738103
    outer loop
      vertex -0.9006307263183561 -13.406041666666667 4.611199629477765
      vertex 0 -13.353125 4.729769914001528
      vertex 0 -13.511875 4.729769914001528
    endloop
  endfacet
  facet normal 0.13052619222005254 0 -0.9914448613738103
    outer loop
      vertex -0.9006307263183561 -12.294791666666667 4.611199629477765
      vertex -0.9006307263183561 -12.136041666666667 4.611199629477765
      vertex 0 -12.241875 4.729769914001528
    endloop
  endfacet
  facet normal 0.13052619222005257 0 -0.9914448613738104
    outer loop
      vertex -0.9006307263183561 -12.136041666666667 4.611199629477765
      vertex 0 -12.083124999999999 4.729769914001528
      vertex 0 -12.241875 4.729769914001528
    endloop
  endfacet
  facet normal 0.0045395109229008305 0.8588826153131769 -0.5121523659550723
    outer loop
      vertex -0.9006307263183561 -14.834791666666666 4.611199629477765
      vertex -0.4680443144646559 -15 4.3379785258278565
      vertex -0.8265698565861404 -15 4.334800700784396
    endloop
  endfacet
  facet normal 0.11496303063680263 -0.865928733463349 -0.48677605749395875
    outer loop
      vertex -0.9006307263183561 -14.676041666666666 4.611199629477765
      vertex -0.722716531060008 -14.279166666666667 3.9472148133858806
      vertex 0 -14.623125 4.729769914001528
    endloop
  endfacet
  facet normal 0.0045395109228999215 0.8588826153131767 -0.5121523659550727
    outer loop
      vertex -0.9006307263183561 -13.564791666666666 4.611199629477765
      vertex 0 -13.90875 4.0423622497476295
      vertex -0.722716531060008 -13.961666666666666 3.9472148133858806
    endloop
  endfacet
  facet normal 0.014941154018807237 0.8659287334633495 -0.49994418736409546
    outer loop
      vertex 0 -14.781875 4.729769914001528
      vertex 0 -15 4.351966331600565
      vertex -0.4680443144646559 -15 4.3379785258278565
    endloop
  endfacet
  facet normal 0.014941154018808 0.8659287334633493 -0.4999441873640958
    outer loop
      vertex -0.9006307263183561 -13.564791666666666 4.611199629477765
      vertex 0 -13.511875 4.729769914001528
      vertex 0 -13.90875 4.0423622497476295
    endloop
  endfacet
  facet normal 0.1281699554643383 -0.858882615313177 -0.49587610915335184
    outer loop
      vertex -0.722716531060008 -14.279166666666667 3.9472148133858806
      vertex 0 -14.22625 4.0423622497476295
      vertex 0 -14.623125 4.729769914001528
    endloop
  endfacet
  facet normal 0.11496303063680278 -0.865928733463348 -0.4867760574939604
    outer loop
      vertex -0.9006307263183561 -13.406041666666667 4.611199629477765
      vertex -0.722716531060008 -13.009166666666665 3.9472148133858806
      vertex 0 -13.353125 4.729769914001528
    endloop
  endfacet
  facet normal 0.11496303063680445 -0.8659287334633481 -0.48677605749396
    outer loop
      vertex -0.9006307263183561 -12.136041666666667 4.611199629477765
      vertex -0.722716531060008 -11.739166666666666 3.9472148133858806
      vertex 0 -12.083124999999999 4.729769914001528
    endloop
  endfacet
  facet normal 0.0045395109228999215 0.8588826153131767 -0.5121523659550727
    outer loop
      vertex -0.9006307263183561 -12.294791666666667 4.611199629477765
      vertex 0 -12.63875 4.0423622497476295
      vertex -0.722716531060008 -12.691666666666666 3.9472148133858806
    endloop
  endfacet
  facet normal 0.014941154018808 0.8659287334633493 -0.4999441873640958
    outer loop
      vertex -0.9006307263183561 -12.294791666666667 4.611199629477765
      vertex 0 -12.241875 4.729769914001528
      vertex 0 -12.63875 4.0423622497476295
    endloop
  endfacet
  facet normal 0.1281699554643362 -0.8588826153131772 -0.49587610915335195
    outer loop
      vertex -0.722716531060008 -13.009166666666665 3.9472148133858806
      vertex 0 -12.95625 4.0423622497476295
      vertex 0 -13.353125 4.729769914001528
    endloop
  endfacet
  facet normal 0.1281699554643383 -0.858882615313177 -0.49587610915335184
    outer loop
      vertex -0.722716531060008 -11.739166666666666 3.9472148133858806
      vertex 0 -11.68625 4.0423622497476295
      vertex 0 -12.083124999999999 4.729769914001528
    endloop
  endfacet
  facet normal 0.38268343236508906 0 -0.9238795325112872
    outer loop
      vertex -1.7398849570007637 -11.077708333333334 4.2635691448501145
      vertex -1.7398849570007637 -10.523075520833334 4.2635691448501145
      vertex -0.9006307263183561 -11.024791666666665 4.611199629477765
    endloop
  endfacet
  facet normal 0.38268343236508906 0 -0.9238795325112871
    outer loop
      vertex -1.7398849570007637 -10.523075520833334 4.2635691448501145
      vertex -1.7398849570007637 -10.408973958333334 4.2635691448501145
      vertex -0.9006307263183561 -10.470158854166666 4.611199629477765
    endloop
  endfacet
  facet normal 0.382683432365089 0 -0.9238795325112871
    outer loop
      vertex -1.7398849570007637 -10.408973958333334 4.2635691448501145
      vertex -1.7398849570007637 -10.317692708333333 4.2635691448501145
      vertex -0.9006307263183561 -10.356057291666666 4.611199629477765
    endloop
  endfacet
  facet normal 0.38268343236508906 0 -0.9238795325112871
    outer loop
      vertex -1.7398849570007637 -10.317692708333333 4.2635691448501145
      vertex -1.7398849570007637 -10.203591145833332 4.2635691448501145
      vertex -0.9006307263183561 -10.264776041666666 4.611199629477765
    endloop
  endfacet
  facet normal 0.382683432365089 0 -0.9238795325112871
    outer loop
      vertex -1.7398849570007637 -10.203591145833332 4.2635691448501145
      vertex -1.7398849570007637 -10.1 4.2635691448501145
      vertex -0.9006307263183561 -10.150674479166666 4.611199629477765
    endloop
  endfacet
  facet normal 0.382683432365089 0 -0.9238795325112872
    outer loop
      vertex -1.7398849570007637 -10.523075520833334 4.2635691448501145
      vertex -0.9006307263183561 -10.470158854166666 4.611199629477765
      vertex -0.9006307263183561 -11.024791666666665 4.611199629477765
    endloop
  endfacet
  facet normal 0.382683432365089 0 -0.9238795325112871
    outer loop
      vertex -1.7398849570007637 -10.408973958333334 4.2635691448501145
      vertex -0.9006307263183561 -10.356057291666666 4.611199629477765
      vertex -0.9006307263183561 -10.470158854166666 4.611199629477765
    endloop
  endfacet
  facet normal 0.382683432365089 0 -0.9238795325112871
    outer loop
      vertex -1.7398849570007637 -10.317692708333333 4.2635691448501145
      vertex -0.9006307263183561 -10.264776041666666 4.611199629477765
      vertex -0.9006307263183561 -10.356057291666666 4.611199629477765
    endloop
  endfacet
  facet normal 0.382683432365089 0 -0.9238795325112871
    outer loop
      vertex -1.7398849570007637 -10.203591145833332 4.2635691448501145
      vertex -0.9006307263183561 -10.150674479166666 4.611199629477765
      vertex -0.9006307263183561 -10.264776041666666 4.611199629477765
    endloop
  endfacet
  facet normal 0.382683432365089 0 -0.9238795325112871
    outer loop
      vertex -1.7398849570007637 -10.1 4.2635691448501145
      vertex -0.9006307263183561 -10.1 4.611199629477765
      vertex -0.9006307263183561 -10.150674479166666 4.611199629477765
    endloop
  endfacet
  facet normal 0.14382712371945872 0.8659287334633482 -0.4790419470622061
    outer loop
      vertex -1.7398849570007637 -11.077708333333334 4.2635691448501145
      vertex -0.9006307263183561 -11.024791666666665 4.611199629477765
      vertex -0.722716531060008 -11.421666666666667 3.9472148133858806
    endloop
  endfacet
  facet normal 0.13052619222005254 0 -0.9914448613738102
    outer loop
      vertex -0.9006307263183561 -11.024791666666665 4.611199629477765
      vertex -0.9006307263183561 -10.470158854166666 4.611199629477765
      vertex 0 -10.971875 4.729769914001528
    endloop
  endfacet
  facet normal 0.13052619222005254 0 -0.9914448613738103
    outer loop
      vertex -0.9006307263183561 -10.470158854166666 4.611199629477765
      vertex -0.9006307263183561 -10.356057291666666 4.611199629477765
      vertex 0 -10.417242187500001 4.729769914001528
    endloop
  endfacet
  facet normal 0.13052619222005254 0 -0.9914448613738102
    outer loop
      vertex -0.9006307263183561 -10.356057291666666 4.611199629477765
      vertex -0.9006307263183561 -10.264776041666666 4.611199629477765
      vertex 0 -10.303140625000001 4.729769914001528
    endloop
  endfacet
  facet normal 0.13052619222005254 0 -0.9914448613738103
    outer loop
      vertex -0.9006307263183561 -10.264776041666666 4.611199629477765
      vertex -0.9006307263183561 -10.150674479166666 4.611199629477765
      vertex 0 -10.211859375 4.729769914001528
    endloop
  endfacet
  facet normal 0.13052619222005257 0 -0.9914448613738104
    outer loop
      vertex -0.9006307263183561 -10.150674479166666 4.611199629477765
      vertex -0.9006307263183561 -10.1 4.611199629477765
      vertex 0 -10.1 4.729769914001528
    endloop
  endfacet
  facet normal 0.13052619222005254 0 -0.9914448613738102
    outer loop
      vertex -0.9006307263183561 -10.470158854166666 4.611199629477765
      vertex 0 -10.417242187500001 4.729769914001528
      vertex 0 -10.971875 4.729769914001528
    endloop
  endfacet
  facet normal 0.13052619222005257 0 -0.9914448613738103
    outer loop
      vertex -0.9006307263183561 -10.356057291666666 4.611199629477765
      vertex 0 -10.303140625000001 4.729769914001528
      vertex 0 -10.417242187500001 4.729769914001528
    endloop
  endfacet
  facet normal 0.13052619222005254 0 -0.9914448613738102
    outer loop
      vertex -0.9006307263183561 -10.264776041666666 4.611199629477765
      vertex 0 -10.211859375 4.729769914001528
      vertex 0 -10.303140625000001 4.729769914001528
    endloop
  endfacet
  facet normal 0.13052619222005254 0 -0.9914448613738103
    outer loop
      vertex -0.9006307263183561 -10.150674479166666 4.611199629477765
      vertex 0 -10.1 4.729769914001528
      vertex 0 -10.211859375 4.729769914001528
    endloop
  endfacet
  facet normal 0.004539510922900204 0.8588826153131757 -0.5121523659550743
    outer loop
      vertex -0.9006307263183561 -11.024791666666665 4.611199629477765
      vertex 0 -11.36875 4.0423622497476295
      vertex -0.722716531060008 -11.421666666666667 3.9472148133858806
    endloop
  endfacet
  facet normal 0.014941154018809718 0.8659287334633493 -0.4999441873640958
    outer loop
      vertex -0.9006307263183561 -11.024791666666665 4.611199629477765
      vertex 0 -10.971875 4.729769914001528
      vertex 0 -11.36875 4.0423622497476295
    endloop
  endfacet
  facet normal 0.3589364920107129 -0.8588826153131768 -0.3653563299244188
    outer loop
      vertex -1.7398849570007637 -14.728958333333333 4.2635691448501145
      vertex -1.9744982823258725 -14.385 3.2244982823258725
      vertex -1.3961811248738147 -14.332083333333333 3.668256644850114
    endloop
  endfacet
  facet normal 0.13693961714263891 0.8588826153131769 -0.49352628538875704
    outer loop
      vertex -1.7398849570007637 -13.617708333333333 4.2635691448501145
      vertex -0.722716531060008 -13.961666666666666 3.9472148133858806
      vertex -1.3961811248738147 -14.014583333333333 3.668256644850114
    endloop
  endfacet
  facet normal 0.3826834323650899 0 -0.9238795325112867
    outer loop
      vertex -0.722716531060008 -14.279166666666667 3.9472148133858806
      vertex -1.3961811248738147 -14.014583333333333 3.668256644850114
      vertex -0.722716531060008 -13.961666666666666 3.9472148133858806
    endloop
  endfacet
  facet normal 0.38268343236508995 0 -0.9238795325112867
    outer loop
      vertex -0.722716531060008 -14.279166666666667 3.9472148133858806
      vertex -1.3961811248738147 -14.332083333333333 3.668256644850114
      vertex -1.3961811248738147 -14.014583333333333 3.668256644850114
    endloop
  endfacet
  facet normal 0.3589364920107129 -0.8588826153131768 -0.3653563299244188
    outer loop
      vertex -1.7398849570007637 -13.458958333333333 4.2635691448501145
      vertex -1.9744982823258725 -13.115 3.2244982823258725
      vertex -1.3961811248738147 -13.062083333333334 3.668256644850114
    endloop
  endfacet
  facet normal 0.3589364920107112 -0.8588826153131771 -0.36535632992442
    outer loop
      vertex -1.7398849570007637 -12.188958333333334 4.2635691448501145
      vertex -1.9744982823258725 -11.844999999999999 3.2244982823258725
      vertex -1.3961811248738147 -11.792083333333334 3.668256644850114
    endloop
  endfacet
  facet normal 0.13693961714263891 0.8588826153131769 -0.49352628538875704
    outer loop
      vertex -1.7398849570007637 -12.347708333333333 4.2635691448501145
      vertex -0.722716531060008 -12.691666666666666 3.9472148133858806
      vertex -1.3961811248738147 -12.744583333333333 3.668256644850114
    endloop
  endfacet
  facet normal 0.38268343236508995 0 -0.9238795325112866
    outer loop
      vertex -0.722716531060008 -13.009166666666665 3.9472148133858806
      vertex -1.3961811248738147 -12.744583333333333 3.668256644850114
      vertex -0.722716531060008 -12.691666666666666 3.9472148133858806
    endloop
  endfacet
  facet normal 0.38268343236508995 0 -0.9238795325112866
    outer loop
      vertex -0.722716531060008 -13.009166666666665 3.9472148133858806
      vertex -1.3961811248738147 -13.062083333333334 3.668256644850114
      vertex -1.3961811248738147 -12.744583333333333 3.668256644850114
    endloop
  endfacet
  facet normal 0.38268343236508995 0 -0.9238795325112866
    outer loop
      vertex -0.722716531060008 -11.739166666666666 3.9472148133858806
      vertex -1.3961811248738147 -11.792083333333334 3.668256644850114
      vertex -1.3961811248738147 -11.474583333333333 3.668256644850114
    endloop
  endfacet
  facet normal 0.6087614290087205 0 -0.7933533402912352
    outer loop
      vertex -1.9744982823258725 -14.067499999999999 3.2244982823258725
      vertex -1.3961811248738147 -14.014583333333333 3.668256644850114
      vertex -1.3961811248738147 -14.332083333333333 3.668256644850114
    endloop
  endfacet
  facet normal 0.6087614290087205 0 -0.7933533402912352
    outer loop
      vertex -1.3961811248738147 -13.062083333333334 3.668256644850114
      vertex -1.9744982823258725 -12.7975 3.2244982823258725
      vertex -1.3961811248738147 -12.744583333333333 3.668256644850114
    endloop
  endfacet
  facet normal 0.13052619222005163 0 -0.9914448613738104
    outer loop
      vertex -0.722716531060008 -14.279166666666667 3.9472148133858806
      vertex -0.722716531060008 -13.961666666666666 3.9472148133858806
      vertex 0 -14.22625 4.0423622497476295
    endloop
  endfacet
  facet normal 0.13052619222005163 0 -0.9914448613738104
    outer loop
      vertex -0.722716531060008 -13.961666666666666 3.9472148133858806
      vertex 0 -13.90875 4.0423622497476295
      vertex 0 -14.22625 4.0423622497476295
    endloop
  endfacet
  facet normal 0.13052619222005163 0 -0.9914448613738104
    outer loop
      vertex -0.722716531060008 -13.009166666666665 3.9472148133858806
      vertex -0.722716531060008 -12.691666666666666 3.9472148133858806
      vertex 0 -12.95625 4.0423622497476295
    endloop
  endfacet
  facet normal 0.13052619222005163 0 -0.9914448613738104
    outer loop
      vertex -0.722716531060008 -12.691666666666666 3.9472148133858806
      vertex 0 -12.63875 4.0423622497476295
      vertex 0 -12.95625 4.0423622497476295
    endloop
  endfacet
  facet normal 0.13693961714263891 0.8588826153131769 -0.49352628538875704
    outer loop
      vertex -1.7398849570007637 -11.077708333333334 4.2635691448501145
      vertex -0.722716531060008 -11.421666666666667 3.9472148133858806
      vertex -1.3961811248738147 -11.474583333333333 3.668256644850114
    endloop
  endfacet
  facet normal 0.38268343236508995 0 -0.9238795325112866
    outer loop
      vertex -0.722716531060008 -11.739166666666666 3.9472148133858806
      vertex -1.3961811248738147 -11.474583333333333 3.668256644850114
      vertex -0.722716531060008 -11.421666666666667 3.9472148133858806
    endloop
  endfacet
  facet normal 0.6087614290087205 0 -0.7933533402912352
    outer loop
      vertex -1.9744982823258725 -11.5275 3.2244982823258725
      vertex -1.3961811248738147 -11.474583333333333 3.668256644850114
      vertex -1.3961811248738147 -11.792083333333334 3.668256644850114
    endloop
  endfacet
  facet normal 0.13052619222005163 0 -0.9914448613738104
    outer loop
      vertex -0.722716531060008 -11.739166666666666 3.9472148133858806
      vertex -0.722716531060008 -11.421666666666667 3.9472148133858806
      vertex 0 -11.68625 4.0423622497476295
    endloop
  endfacet
  facet normal 0.13052619222005163 0 -0.9914448613738104
    outer loop
      vertex -0.722716531060008 -11.421666666666667 3.9472148133858806
      vertex 0 -11.36875 4.0423622497476295
      vertex 0 -11.68625 4.0423622497476295
    endloop
  endfacet
  facet normal 0 -1 0
    outer loop
      vertex -1.7398849570007637 -10.1 4.2635691448501145
      vertex 0 -10.1 1.25
      vertex -0.9006307263183561 -10.1 4.611199629477765
    endloop
  endfacet
  facet normal 0 -1 0
    outer loop
      vertex -0.9006307263183561 -10.1 4.611199629477765
      vertex 0 -10.1 1.25
      vertex 0 -10.1 4.729769914001528
    endloop
  endfacet
  facet normal 0.9238795325112867 0 -0.3826834323650898
    outer loop
      vertex -3.013569144850114 -14.993541666666667 2.989884957000764
      vertex -3.3611996294777655 -14.887708333333332 2.150630726318356
      vertex -3.013569144850114 -14.834791666666666 2.989884957000764
    endloop
  endfacet
  facet normal 0.9238795325112866 -1.971243830140084e-15 -0.38268343236509
    outer loop
      vertex -3.013569144850114 -14.993541666666667 2.989884957000764
      vertex -3.055996487462147 -15 2.887456291051344
      vertex -3.3611996294777655 -14.887708333333332 2.150630726318356
    endloop
  endfacet
  facet normal 0.9238795325112867 0 -0.3826834323650898
    outer loop
      vertex -3.013569144850114 -13.723541666666666 2.989884957000764
      vertex -3.3611996294777655 -13.617708333333333 2.150630726318356
      vertex -3.013569144850114 -13.564791666666666 2.989884957000764
    endloop
  endfacet
  facet normal 0.3653563299244101 0.858882615313182 -0.35893649201070954
    outer loop
      vertex -3.013569144850114 -14.993541666666667 2.989884957000764
      vertex -2.994059031743967 -15 2.9942901738905743
      vertex -3.003881644850115 -15 2.9842918762679895
    endloop
  endfacet
  facet normal 0.4404349437410724 0.8659287334633528 -0.23703267473990255
    outer loop
      vertex -3.013569144850114 -14.993541666666667 2.989884957000764
      vertex -3.003881644850115 -15 2.9842918762679895
      vertex -3.055996487462147 -15 2.887456291051344
    endloop
  endfacet
  facet normal 0.9238795325112867 0 -0.3826834323650898
    outer loop
      vertex -3.013569144850114 -12.453541666666666 2.989884957000764
      vertex -3.3611996294777655 -12.347708333333333 2.150630726318356
      vertex -3.013569144850114 -12.294791666666667 2.989884957000764
    endloop
  endfacet
  facet normal 0.9238795325112867 0 -0.38268343236508984
    outer loop
      vertex -3.013569144850114 -13.723541666666666 2.989884957000764
      vertex -3.3611996294777655 -13.776458333333334 2.150630726318356
      vertex -3.3611996294777655 -13.617708333333333 2.150630726318356
    endloop
  endfacet
  facet normal 0.9238795325112867 0 -0.3826834323650898
    outer loop
      vertex -3.3611996294777655 -14.887708333333332 2.150630726318356
      vertex -3.055996487462147 -15 2.887456291051344
      vertex -3.3611996294777655 -15 2.150630726318356
    endloop
  endfacet
  facet normal 0.4935262853887572 -0.8588826153131768 -0.136939617142639
    outer loop
      vertex -3.013569144850114 -14.834791666666666 2.989884957000764
      vertex -2.6972148133858806 -14.490833333333333 1.972716531060008
      vertex -2.418256644850114 -14.437916666666666 2.6461811248738147
    endloop
  endfacet
  facet normal 0.4404349437410787 0.8659287334633482 -0.23703267473990672
    outer loop
      vertex -3.013569144850114 -13.723541666666666 2.989884957000764
      vertex -2.418256644850114 -14.120416666666667 2.6461811248738147
      vertex -3.3611996294777655 -13.776458333333334 2.150630726318356
    endloop
  endfacet
  facet normal 0.47904194706220377 -0.8659287334633491 -0.14382712371946
    outer loop
      vertex -3.013569144850114 -14.834791666666666 2.989884957000764
      vertex -3.3611996294777655 -14.887708333333332 2.150630726318356
      vertex -2.6972148133858806 -14.490833333333333 1.972716531060008
    endloop
  endfacet
  facet normal 0.47904194706220377 -0.8659287334633491 -0.14382712371946
    outer loop
      vertex -3.013569144850114 -13.564791666666666 2.989884957000764
      vertex -3.3611996294777655 -13.617708333333333 2.150630726318356
      vertex -2.6972148133858806 -13.220833333333333 1.972716531060008
    endloop
  endfacet
  facet normal 0.4458067149868472 0.8588826153131768 -0.2521448511975481
    outer loop
      vertex -3.3611996294777655 -13.776458333333334 2.150630726318356
      vertex -2.418256644850114 -14.120416666666667 2.6461811248738147
      vertex -2.6972148133858806 -14.173333333333334 1.972716531060008
    endloop
  endfacet
  facet normal 0.9238795325112867 0 -0.38268343236508984
    outer loop
      vertex -3.013569144850114 -12.453541666666666 2.989884957000764
      vertex -3.3611996294777655 -12.506458333333333 2.150630726318356
      vertex -3.3611996294777655 -12.347708333333333 2.150630726318356
    endloop
  endfacet
  facet normal 0.44043494374107794 0.8659287334633491 -0.23703267473990466
    outer loop
      vertex -3.013569144850114 -12.453541666666666 2.989884957000764
      vertex -2.418256644850114 -12.850416666666666 2.6461811248738147
      vertex -3.3611996294777655 -12.506458333333333 2.150630726318356
    endloop
  endfacet
  facet normal 0.4935262853887572 -0.8588826153131768 -0.136939617142639
    outer loop
      vertex -3.013569144850114 -13.564791666666666 2.989884957000764
      vertex -2.6972148133858806 -13.220833333333333 1.972716531060008
      vertex -2.418256644850114 -13.167916666666667 2.6461811248738147
    endloop
  endfacet
  facet normal 0.4935262853887572 -0.8588826153131768 -0.136939617142639
    outer loop
      vertex -3.013569144850114 -12.294791666666667 2.989884957000764
      vertex -2.6972148133858806 -11.950833333333334 1.972716531060008
      vertex -2.418256644850114 -11.897916666666667 2.6461811248738147
    endloop
  endfacet
  facet normal 0.4458067149868472 0.8588826153131768 -0.2521448511975481
    outer loop
      vertex -3.3611996294777655 -12.506458333333333 2.150630726318356
      vertex -2.418256644850114 -12.850416666666666 2.6461811248738147
      vertex -2.6972148133858806 -12.903333333333332 1.972716531060008
    endloop
  endfacet
  facet normal 0.47904194706220377 -0.8659287334633491 -0.14382712371946
    outer loop
      vertex -3.013569144850114 -12.294791666666667 2.989884957000764
      vertex -3.3611996294777655 -12.347708333333333 2.150630726318356
      vertex -2.6972148133858806 -11.950833333333334 1.972716531060008
    endloop
  endfacet
  facet normal 0.4254937897222704 -0.8659287334633492 -0.26291151262419127
    outer loop
      vertex -3.013569144850114 -14.834791666666666 2.989884957000764
      vertex -2.418256644850114 -14.437916666666666 2.6461811248738147
      vertex -2.4605689031594093 -14.781875 3.7105689031594093
    endloop
  endfacet
  facet normal 0.4254937897222704 -0.8659287334633492 -0.26291151262419127
    outer loop
      vertex -3.013569144850114 -13.564791666666666 2.989884957000764
      vertex -2.418256644850114 -13.167916666666667 2.6461811248738147
      vertex -2.4605689031594093 -13.511875 3.7105689031594093
    endloop
  endfacet
  facet normal 0.3653563299244191 0.8588826153131756 -0.35893649201071576
    outer loop
      vertex -3.013569144850114 -13.723541666666666 2.989884957000764
      vertex -1.9744982823258725 -14.067499999999999 3.2244982823258725
      vertex -2.418256644850114 -14.120416666666667 2.6461811248738147
    endloop
  endfacet
  facet normal 0.7933533402912352 0 -0.6087614290087207
    outer loop
      vertex -1.9744982823258725 -14.385 3.2244982823258725
      vertex -2.418256644850114 -14.437916666666666 2.6461811248738147
      vertex -2.418256644850114 -14.120416666666667 2.6461811248738147
    endloop
  endfacet
  facet normal 0.7933533402912352 0 -0.6087614290087205
    outer loop
      vertex -1.9744982823258725 -14.385 3.2244982823258725
      vertex -2.418256644850114 -14.120416666666667 2.6461811248738147
      vertex -1.9744982823258725 -14.067499999999999 3.2244982823258725
    endloop
  endfacet
  facet normal 0.3653563299244189 0.8588826153131769 -0.35893649201071304
    outer loop
      vertex -3.013569144850114 -12.453541666666666 2.989884957000764
      vertex -1.9744982823258725 -12.7975 3.2244982823258725
      vertex -2.418256644850114 -12.850416666666666 2.6461811248738147
    endloop
  endfacet
  facet normal 0.4254937897222704 -0.8659287334633492 -0.26291151262419127
    outer loop
      vertex -3.013569144850114 -12.294791666666667 2.989884957000764
      vertex -2.418256644850114 -11.897916666666667 2.6461811248738147
      vertex -2.4605689031594093 -12.241875 3.7105689031594093
    endloop
  endfacet
  facet normal 0.7933533402912352 0 -0.6087614290087205
    outer loop
      vertex -1.9744982823258725 -13.115 3.2244982823258725
      vertex -2.418256644850114 -13.167916666666667 2.6461811248738147
      vertex -2.418256644850114 -12.850416666666666 2.6461811248738147
    endloop
  endfacet
  facet normal 0.7933533402912352 0 -0.6087614290087205
    outer loop
      vertex -1.9744982823258725 -11.844999999999999 3.2244982823258725
      vertex -2.418256644850114 -11.897916666666667 2.6461811248738147
      vertex -2.418256644850114 -11.580416666666666 2.6461811248738147
    endloop
  endfacet
  facet normal 0.7933533402912352 0 -0.6087614290087205
    outer loop
      vertex -1.9744982823258725 -13.115 3.2244982823258725
      vertex -2.418256644850114 -12.850416666666666 2.6461811248738147
      vertex -1.9744982823258725 -12.7975 3.2244982823258725
    endloop
  endfacet
  facet normal 0.9238795325112866 0 -0.38268343236509
    outer loop
      vertex -2.418256644850114 -14.437916666666666 2.6461811248738147
      vertex -2.6972148133858806 -14.173333333333334 1.972716531060008
      vertex -2.418256644850114 -14.120416666666667 2.6461811248738147
    endloop
  endfacet
  facet normal 0.9238795325112866 0 -0.38268343236509
    outer loop
      vertex -2.418256644850114 -14.437916666666666 2.6461811248738147
      vertex -2.6972148133858806 -14.490833333333333 1.972716531060008
      vertex -2.6972148133858806 -14.173333333333334 1.972716531060008
    endloop
  endfacet
  facet normal 0.9238795325112867 0 -0.38268343236509
    outer loop
      vertex -2.418256644850114 -13.167916666666667 2.6461811248738147
      vertex -2.6972148133858806 -12.903333333333332 1.972716531060008
      vertex -2.418256644850114 -12.850416666666666 2.6461811248738147
    endloop
  endfacet
  facet normal 0.9238795325112867 0 -0.38268343236509
    outer loop
      vertex -2.418256644850114 -13.167916666666667 2.6461811248738147
      vertex -2.6972148133858806 -13.220833333333333 1.972716531060008
      vertex -2.6972148133858806 -12.903333333333332 1.972716531060008
    endloop
  endfacet
  facet normal 0.9238795325112867 0 -0.38268343236509
    outer loop
      vertex -2.418256644850114 -11.897916666666667 2.6461811248738147
      vertex -2.6972148133858806 -11.633333333333333 1.972716531060008
      vertex -2.418256644850114 -11.580416666666666 2.6461811248738147
    endloop
  endfacet
  facet normal 0.9238795325112867 0 -0.38268343236509
    outer loop
      vertex -2.418256644850114 -11.897916666666667 2.6461811248738147
      vertex -2.6972148133858806 -11.950833333333334 1.972716531060008
      vertex -2.6972148133858806 -11.633333333333333 1.972716531060008
    endloop
  endfacet
  facet normal 0.9238795325112868 0 -0.38268343236508984
    outer loop
      vertex -3.013569144850114 -11.183541666666667 2.989884957000764
      vertex -3.3611996294777655 -10.681825520833334 2.150630726318356
      vertex -3.013569144850114 -10.628908854166667 2.989884957000764
    endloop
  endfacet
  facet normal 0.9238795325112867 0 -0.3826834323650898
    outer loop
      vertex -3.013569144850114 -10.628908854166667 2.989884957000764
      vertex -3.3611996294777655 -10.567723958333334 2.150630726318356
      vertex -3.013569144850114 -10.514807291666667 2.989884957000764
    endloop
  endfacet
  facet normal 0.9238795325112867 0 -0.3826834323650897
    outer loop
      vertex -3.013569144850114 -10.514807291666667 2.989884957000764
      vertex -3.3611996294777655 -10.476442708333334 2.150630726318356
      vertex -3.013569144850114 -10.423526041666666 2.989884957000764
    endloop
  endfacet
  facet normal 0.9238795325112867 0 -0.3826834323650898
    outer loop
      vertex -3.013569144850114 -10.423526041666666 2.989884957000764
      vertex -3.3611996294777655 -10.362341145833334 2.150630726318356
      vertex -3.013569144850114 -10.309424479166665 2.989884957000764
    endloop
  endfacet
  facet normal 0.9238795325112867 0 -0.3826834323650898
    outer loop
      vertex -3.013569144850114 -10.309424479166665 2.989884957000764
      vertex -3.3611996294777655 -10.1 2.150630726318356
      vertex -3.013569144850114 -10.1 2.989884957000764
    endloop
  endfacet
  facet normal 0.9238795325112867 0 -0.3826834323650899
    outer loop
      vertex -3.013569144850114 -11.183541666666667 2.989884957000764
      vertex -3.3611996294777655 -11.236458333333333 2.150630726318356
      vertex -3.3611996294777655 -10.681825520833334 2.150630726318356
    endloop
  endfacet
  facet normal 0.9238795325112867 0 -0.3826834323650898
    outer loop
      vertex -3.013569144850114 -10.628908854166667 2.989884957000764
      vertex -3.3611996294777655 -10.681825520833334 2.150630726318356
      vertex -3.3611996294777655 -10.567723958333334 2.150630726318356
    endloop
  endfacet
  facet normal 0.9238795325112867 0 -0.3826834323650898
    outer loop
      vertex -3.013569144850114 -10.514807291666667 2.989884957000764
      vertex -3.3611996294777655 -10.567723958333334 2.150630726318356
      vertex -3.3611996294777655 -10.476442708333334 2.150630726318356
    endloop
  endfacet
  facet normal 0.9238795325112867 0 -0.3826834323650898
    outer loop
      vertex -3.013569144850114 -10.423526041666666 2.989884957000764
      vertex -3.3611996294777655 -10.476442708333334 2.150630726318356
      vertex -3.3611996294777655 -10.362341145833334 2.150630726318356
    endloop
  endfacet
  facet normal 0.9238795325112867 0 -0.3826834323650898
    outer loop
      vertex -3.013569144850114 -10.309424479166665 2.989884957000764
      vertex -3.3611996294777655 -10.362341145833334 2.150630726318356
      vertex -3.3611996294777655 -10.1 2.150630726318356
    endloop
  endfacet
  facet normal 0.44043494374107794 0.8659287334633491 -0.23703267473990466
    outer loop
      vertex -3.013569144850114 -11.183541666666667 2.989884957000764
      vertex -2.418256644850114 -11.580416666666666 2.6461811248738147
      vertex -3.3611996294777655 -11.236458333333333 2.150630726318356
    endloop
  endfacet
  facet normal 0.4458067149868472 0.8588826153131768 -0.2521448511975481
    outer loop
      vertex -3.3611996294777655 -11.236458333333333 2.150630726318356
      vertex -2.418256644850114 -11.580416666666666 2.6461811248738147
      vertex -2.6972148133858806 -11.633333333333333 1.972716531060008
    endloop
  endfacet
  facet normal 0.3653563299244189 0.8588826153131769 -0.35893649201071304
    outer loop
      vertex -3.013569144850114 -11.183541666666667 2.989884957000764
      vertex -1.9744982823258725 -11.5275 3.2244982823258725
      vertex -2.418256644850114 -11.580416666666666 2.6461811248738147
    endloop
  endfacet
  facet normal 0.7933533402912352 0 -0.6087614290087207
    outer loop
      vertex -1.9744982823258725 -11.844999999999999 3.2244982823258725
      vertex -2.418256644850114 -11.580416666666666 2.6461811248738147
      vertex -1.9744982823258725 -11.5275 3.2244982823258725
    endloop
  endfacet
  facet normal 0 -1 0
    outer loop
      vertex -3.013569144850114 -10.1 2.989884957000764
      vertex 0 -10.1 1.25
      vertex -2.4605689031594093 -10.1 3.7105689031594093
    endloop
  endfacet
  facet normal 0.9914448613738104 0 -0.13052619222005157
    outer loop
      vertex -3.3611996294777655 -14.887708333333332 2.150630726318356
      vertex -3.3611996294777655 -15 2.150630726318356
      vertex -3.4797699140015275 -14.940624999999999 1.25
    endloop
  endfacet
  facet normal 0.9914448613738104 0 -0.13052619222005157
    outer loop
      vertex -3.3611996294777655 -13.776458333333334 2.150630726318356
      vertex -3.4797699140015275 -13.670625 1.25
      vertex -3.3611996294777655 -13.617708333333333 2.150630726318356
    endloop
  endfacet
  facet normal 0.48677605749395914 0.8659287334633491 -0.11496303063680048
    outer loop
      vertex -3.3611996294777655 -13.776458333333334 2.150630726318356
      vertex -2.6972148133858806 -14.173333333333334 1.972716531060008
      vertex -3.4797699140015275 -13.829374999999999 1.25
    endloop
  endfacet
  facet normal 0.5121523659550725 -0.8588826153131768 -0.004539510922899919
    outer loop
      vertex -3.3611996294777655 -14.887708333333332 2.150630726318356
      vertex -2.7923622497476295 -14.54375 1.25
      vertex -2.6972148133858806 -14.490833333333333 1.972716531060008
    endloop
  endfacet
  facet normal 0.9914448613738104 0 -0.1305261922200516
    outer loop
      vertex -2.6972148133858806 -14.490833333333333 1.972716531060008
      vertex -2.7923622497476295 -14.22625 1.25
      vertex -2.6972148133858806 -14.173333333333334 1.972716531060008
    endloop
  endfacet
  facet normal 0.5121523659550725 -0.8588826153131768 -0.004539510922899919
    outer loop
      vertex -3.3611996294777655 -13.617708333333333 2.150630726318356
      vertex -2.7923622497476295 -13.27375 1.25
      vertex -2.6972148133858806 -13.220833333333333 1.972716531060008
    endloop
  endfacet
  facet normal 0.4867760574939587 0.8659287334633491 -0.11496303063680213
    outer loop
      vertex -3.3611996294777655 -12.506458333333333 2.150630726318356
      vertex -2.6972148133858806 -12.903333333333332 1.972716531060008
      vertex -3.4797699140015275 -12.559375 1.25
    endloop
  endfacet
  facet normal 0.9914448613738105 0 -0.13052619222005157
    outer loop
      vertex -3.3611996294777655 -12.506458333333333 2.150630726318356
      vertex -3.4797699140015275 -12.400625 1.25
      vertex -3.3611996294777655 -12.347708333333333 2.150630726318356
    endloop
  endfacet
  facet normal 0.9914448613738105 0 -0.13052619222005163
    outer loop
      vertex -2.6972148133858806 -13.220833333333333 1.972716531060008
      vertex -2.7923622497476295 -12.95625 1.25
      vertex -2.6972148133858806 -12.903333333333332 1.972716531060008
    endloop
  endfacet
  facet normal 0.5121523659550725 -0.8588826153131768 -0.004539510922899919
    outer loop
      vertex -3.3611996294777655 -12.347708333333333 2.150630726318356
      vertex -2.7923622497476295 -12.00375 1.25
      vertex -2.6972148133858806 -11.950833333333334 1.972716531060008
    endloop
  endfacet
  facet normal 0.9914448613738105 0 -0.13052619222005163
    outer loop
      vertex -2.6972148133858806 -11.950833333333334 1.972716531060008
      vertex -2.7923622497476295 -11.68625 1.25
      vertex -2.6972148133858806 -11.633333333333333 1.972716531060008
    endloop
  endfacet
  facet normal 0.9914448613738104 0 -0.13052619222005157
    outer loop
      vertex -3.4797699140015275 -14.940624999999999 1.25
      vertex -3.3611996294777655 -15 2.150630726318356
      vertex -3.4797699140015275 -15 1.25
    endloop
  endfacet
  facet normal 0.49994418736409596 -0.8659287334633491 -0.014941154018807546
    outer loop
      vertex -3.3611996294777655 -14.887708333333332 2.150630726318356
      vertex -3.4797699140015275 -14.940624999999999 1.25
      vertex -2.7923622497476295 -14.54375 1.25
    endloop
  endfacet
  facet normal 0.9914448613738105 0 -0.13052619222005157
    outer loop
      vertex -3.3611996294777655 -13.776458333333334 2.150630726318356
      vertex -3.4797699140015275 -13.829374999999999 1.25
      vertex -3.4797699140015275 -13.670625 1.25
    endloop
  endfacet
  facet normal 0.49994418736409596 -0.8659287334633491 -0.014941154018807546
    outer loop
      vertex -3.3611996294777655 -13.617708333333333 2.150630726318356
      vertex -3.4797699140015275 -13.670625 1.25
      vertex -2.7923622497476295 -13.27375 1.25
    endloop
  endfacet
  facet normal 0.9914448613738104 0 -0.1305261922200516
    outer loop
      vertex -2.6972148133858806 -14.490833333333333 1.972716531060008
      vertex -2.7923622497476295 -14.54375 1.25
      vertex -2.7923622497476295 -14.22625 1.25
    endloop
  endfacet
  facet normal 0.4958761091533537 0.8588826153131758 -0.12816995546433843
    outer loop
      vertex -2.6972148133858806 -14.173333333333334 1.972716531060008
      vertex -2.7923622497476295 -14.22625 1.25
      vertex -3.4797699140015275 -13.829374999999999 1.25
    endloop
  endfacet
  facet normal 0.9914448613738105 0 -0.13052619222005157
    outer loop
      vertex -3.3611996294777655 -12.506458333333333 2.150630726318356
      vertex -3.4797699140015275 -12.559375 1.25
      vertex -3.4797699140015275 -12.400625 1.25
    endloop
  endfacet
  facet normal 0.49994418736409596 -0.8659287334633491 -0.014941154018807546
    outer loop
      vertex -3.3611996294777655 -12.347708333333333 2.150630726318356
      vertex -3.4797699140015275 -12.400625 1.25
      vertex -2.7923622497476295 -12.00375 1.25
    endloop
  endfacet
  facet normal 0.49587610915335356 0.8588826153131757 -0.12816995546434054
    outer loop
      vertex -2.6972148133858806 -12.903333333333332 1.972716531060008
      vertex -2.7923622497476295 -12.95625 1.25
      vertex -3.4797699140015275 -12.559375 1.25
    endloop
  endfacet
  facet normal 0.9914448613738104 0 -0.1305261922200516
    outer loop
      vertex -2.6972148133858806 -13.220833333333333 1.972716531060008
      vertex -2.7923622497476295 -13.27375 1.25
      vertex -2.7923622497476295 -12.95625 1.25
    endloop
  endfacet
  facet normal 0.9914448613738104 0 -0.13052619222005157
    outer loop
      vertex -2.6972148133858806 -11.950833333333334 1.972716531060008
      vertex -2.7923622497476295 -12.00375 1.25
      vertex -2.7923622497476295 -11.68625 1.25
    endloop
  endfacet
  facet normal 0.9914448613738105 0 -0.1305261922200516
    outer loop
      vertex -3.3611996294777655 -11.236458333333333 2.150630726318356
      vertex -3.4797699140015275 -10.7347421875 1.25
      vertex -3.3611996294777655 -10.681825520833334 2.150630726318356
    endloop
  endfacet
  facet normal 0.4867760574939587 0.8659287334633491 -0.11496303063680213
    outer loop
      vertex -3.3611996294777655 -11.236458333333333 2.150630726318356
      vertex -2.6972148133858806 -11.633333333333333 1.972716531060008
      vertex -3.4797699140015275 -11.289375 1.25
    endloop
  endfacet
  facet normal 0.9914448613738105 0 -0.1305261922200516
    outer loop
      vertex -3.3611996294777655 -10.681825520833334 2.150630726318356
      vertex -3.4797699140015275 -10.620640625 1.25
      vertex -3.3611996294777655 -10.567723958333334 2.150630726318356
    endloop
  endfacet
  facet normal 0.9914448613738104 0 -0.13052619222005157
    outer loop
      vertex -3.3611996294777655 -10.567723958333334 2.150630726318356
      vertex -3.4797699140015275 -10.529359374999999 1.25
      vertex -3.3611996294777655 -10.476442708333334 2.150630726318356
    endloop
  endfacet
  facet normal 0.9914448613738105 0 -0.1305261922200516
    outer loop
      vertex -3.3611996294777655 -10.476442708333334 2.150630726318356
      vertex -3.4797699140015275 -10.415257812499998 1.25
      vertex -3.3611996294777655 -10.362341145833334 2.150630726318356
    endloop
  endfacet
  facet normal 0.9914448613738104 0 -0.1305261922200516
    outer loop
      vertex -3.3611996294777655 -10.362341145833334 2.150630726318356
      vertex -3.4797699140015275 -10.1 1.25
      vertex -3.3611996294777655 -10.1 2.150630726318356
    endloop
  endfacet
  facet normal 0.9914448613738105 0 -0.1305261922200516
    outer loop
      vertex -3.3611996294777655 -11.236458333333333 2.150630726318356
      vertex -3.4797699140015275 -11.289375 1.25
      vertex -3.4797699140015275 -10.7347421875 1.25
    endloop
  endfacet
  facet normal 0.9914448613738105 0 -0.13052619222005157
    outer loop
      vertex -3.3611996294777655 -10.681825520833334 2.150630726318356
      vertex -3.4797699140015275 -10.7347421875 1.25
      vertex -3.4797699140015275 -10.620640625 1.25
    endloop
  endfacet
  facet normal 0.9914448613738104 0 -0.13052619222005157
    outer loop
      vertex -3.3611996294777655 -10.567723958333334 2.150630726318356
      vertex -3.4797699140015275 -10.620640625 1.25
      vertex -3.4797699140015275 -10.529359374999999 1.25
    endloop
  endfacet
  facet normal 0.9914448613738105 0 -0.13052619222005157
    outer loop
      vertex -3.3611996294777655 -10.476442708333334 2.150630726318356
      vertex -3.4797699140015275 -10.529359374999999 1.25
      vertex -3.4797699140015275 -10.415257812499998 1.25
    endloop
  endfacet
  facet normal 0.9914448613738104 0 -0.1305261922200516
    outer loop
      vertex -3.3611996294777655 -10.362341145833334 2.150630726318356
      vertex -3.4797699140015275 -10.415257812499998 1.25
      vertex -3.4797699140015275 -10.1 1.25
    endloop
  endfacet
  facet normal 0.495876109153352 0.8588826153131768 -0.1281699554643383
    outer loop
      vertex -2.6972148133858806 -11.633333333333333 1.972716531060008
      vertex -2.7923622497476295 -11.68625 1.25
      vertex -3.4797699140015275 -11.289375 1.25
    endloop
  endfacet
  facet normal 0 -1 0
    outer loop
      vertex -3.013569144850114 -10.1 2.989884957000764
      vertex -3.3611996294777655 -10.1 2.150630726318356
      vertex 0 -10.1 1.25
    endloop
  endfacet
  facet normal 0 -1 0
    outer loop
      vertex -3.3611996294777655 -10.1 2.150630726318356
      vertex -3.4797699140015275 -10.1 1.25
      vertex 0 -10.1 1.25
    endloop
  endfacet
  facet normal 0 -1 0
    outer loop
      vertex -1.7398849570007637 -10.1 4.2635691448501145
      vertex -2.4605689031594093 -10.1 3.7105689031594093
      vertex 0 -10.1 1.25
    endloop
  endfacet
  facet normal 0.9914448613738105 0 0.1305261922200516
    outer loop
      vertex -3.4797699140015275 -14.940624999999999 1.25
      vertex -3.4797699140015275 -15 1.25
      vertex -3.3611996294777655 -14.993541666666667 0.34936927368164394
    endloop
  endfacet
  facet normal 0.9914448613738105 0 0.13052619222005157
    outer loop
      vertex -3.4797699140015275 -13.829374999999999 1.25
      vertex -3.3611996294777655 -13.723541666666666 0.34936927368164394
      vertex -3.4797699140015275 -13.670625 1.25
    endloop
  endfacet
  facet normal 0.49994418736409774 0.8659287334633483 0.014941154018806123
    outer loop
      vertex -3.4797699140015275 -13.829374999999999 1.25
      vertex -2.7923622497476295 -14.22625 1.25
      vertex -3.3611996294777655 -13.882291666666667 0.34936927368164394
    endloop
  endfacet
  facet normal 0.4958761091533521 -0.8588826153131768 0.12816995546433832
    outer loop
      vertex -3.4797699140015275 -14.940624999999999 1.25
      vertex -2.6972148133858806 -14.596666666666666 0.527283468939992
      vertex -2.7923622497476295 -14.54375 1.25
    endloop
  endfacet
  facet normal 0.9914448613738104 0 0.13052619222005163
    outer loop
      vertex -2.7923622497476295 -14.54375 1.25
      vertex -2.6972148133858806 -14.279166666666667 0.527283468939992
      vertex -2.7923622497476295 -14.22625 1.25
    endloop
  endfacet
  facet normal 0.4958761091533521 -0.8588826153131768 0.12816995546433832
    outer loop
      vertex -3.4797699140015275 -13.670625 1.25
      vertex -2.6972148133858806 -13.326666666666666 0.527283468939992
      vertex -2.7923622497476295 -13.27375 1.25
    endloop
  endfacet
  facet normal 0.49994418736409774 0.8659287334633483 0.014941154018806123
    outer loop
      vertex -3.4797699140015275 -12.559375 1.25
      vertex -2.7923622497476295 -12.95625 1.25
      vertex -3.3611996294777655 -12.612291666666668 0.34936927368164394
    endloop
  endfacet
  facet normal 0.9914448613738105 0 0.13052619222005157
    outer loop
      vertex -3.4797699140015275 -12.559375 1.25
      vertex -3.3611996294777655 -12.453541666666666 0.34936927368164394
      vertex -3.4797699140015275 -12.400625 1.25
    endloop
  endfacet
  facet normal 0.9914448613738104 0 0.13052619222005163
    outer loop
      vertex -2.7923622497476295 -13.27375 1.25
      vertex -2.6972148133858806 -13.009166666666665 0.527283468939992
      vertex -2.7923622497476295 -12.95625 1.25
    endloop
  endfacet
  facet normal 0.4958761091533521 -0.8588826153131768 0.12816995546433832
    outer loop
      vertex -3.4797699140015275 -12.400625 1.25
      vertex -2.6972148133858806 -12.056666666666667 0.527283468939992
      vertex -2.7923622497476295 -12.00375 1.25
    endloop
  endfacet
  facet normal 0.9914448613738104 0 0.13052619222005163
    outer loop
      vertex -2.7923622497476295 -12.00375 1.25
      vertex -2.6972148133858806 -11.739166666666666 0.527283468939992
      vertex -2.7923622497476295 -11.68625 1.25
    endloop
  endfacet
  facet normal 0.9914448613738104 0 0.13052619222005157
    outer loop
      vertex -3.3611996294777655 -14.993541666666667 0.34936927368164394
      vertex -3.4797699140015275 -15 1.25
      vertex -3.3611996294777655 -15 0.34936927368164394
    endloop
  endfacet
  facet normal 0.48677605749395986 -0.8659287334633481 0.11496303063680395
    outer loop
      vertex -3.4797699140015275 -14.940624999999999 1.25
      vertex -3.3611996294777655 -14.993541666666667 0.34936927368164394
      vertex -2.6972148133858806 -14.596666666666666 0.527283468939992
    endloop
  endfacet
  facet normal 0.9914448613738104 0 0.1305261922200516
    outer loop
      vertex -3.4797699140015275 -13.829374999999999 1.25
      vertex -3.3611996294777655 -13.882291666666667 0.34936927368164394
      vertex -3.3611996294777655 -13.723541666666666 0.34936927368164394
    endloop
  endfacet
  facet normal 0.4867760574939586 -0.8659287334633491 0.11496303063680213
    outer loop
      vertex -3.4797699140015275 -13.670625 1.25
      vertex -3.3611996294777655 -13.723541666666666 0.34936927368164394
      vertex -2.6972148133858806 -13.326666666666666 0.527283468939992
    endloop
  endfacet
  facet normal 0.9238795325112862 0 0.38268343236509117
    outer loop
      vertex -3.3611996294777655 -14.993541666666667 0.34936927368164394
      vertex -3.3611996294777655 -15 0.34936927368164394
      vertex -3.3187722868657326 -15 0.24694060773222448
    endloop
  endfacet
  facet normal 0.9914448613738104 0 0.13052619222005163
    outer loop
      vertex -2.7923622497476295 -14.54375 1.25
      vertex -2.6972148133858806 -14.596666666666666 0.527283468939992
      vertex -2.6972148133858806 -14.279166666666667 0.527283468939992
    endloop
  endfacet
  facet normal 0.5121523659550724 0.8588826153131768 0.004539510922899919
    outer loop
      vertex -3.3611996294777655 -13.882291666666667 0.34936927368164394
      vertex -2.7923622497476295 -14.22625 1.25
      vertex -2.6972148133858806 -14.279166666666667 0.527283468939992
    endloop
  endfacet
  facet normal 0.9914448613738104 0 0.1305261922200516
    outer loop
      vertex -3.4797699140015275 -12.559375 1.25
      vertex -3.3611996294777655 -12.612291666666668 0.34936927368164394
      vertex -3.3611996294777655 -12.453541666666666 0.34936927368164394
    endloop
  endfacet
  facet normal 0.4867760574939586 -0.8659287334633491 0.11496303063680213
    outer loop
      vertex -3.4797699140015275 -12.400625 1.25
      vertex -3.3611996294777655 -12.453541666666666 0.34936927368164394
      vertex -2.6972148133858806 -12.056666666666667 0.527283468939992
    endloop
  endfacet
  facet normal 0.5121523659550703 0.8588826153131779 0.004539510922901652
    outer loop
      vertex -3.3611996294777655 -12.612291666666668 0.34936927368164394
      vertex -2.7923622497476295 -12.95625 1.25
      vertex -2.6972148133858806 -13.009166666666665 0.527283468939992
    endloop
  endfacet
  facet normal 0.9914448613738104 0 0.13052619222005163
    outer loop
      vertex -2.7923622497476295 -13.27375 1.25
      vertex -2.6972148133858806 -13.326666666666666 0.527283468939992
      vertex -2.6972148133858806 -13.009166666666665 0.527283468939992
    endloop
  endfacet
  facet normal 0.9914448613738104 0 0.13052619222005163
    outer loop
      vertex -2.7923622497476295 -12.00375 1.25
      vertex -2.6972148133858806 -12.056666666666667 0.527283468939992
      vertex -2.6972148133858806 -11.739166666666666 0.527283468939992
    endloop
  endfacet
  facet normal 0.9914448613738104 0 0.1305261922200516
    outer loop
      vertex -3.4797699140015275 -11.289375 1.25
      vertex -3.3611996294777655 -10.787658854166667 0.34936927368164394
      vertex -3.4797699140015275 -10.7347421875 1.25
    endloop
  endfacet
  facet normal 0.49994418736409596 0.8659287334633491 0.014941154018807554
    outer loop
      vertex -3.4797699140015275 -11.289375 1.25
      vertex -2.7923622497476295 -11.68625 1.25
      vertex -3.3611996294777655 -11.342291666666666 0.34936927368164394
    endloop
  endfacet
  facet normal 0.9914448613738105 0 0.1305261922200516
    outer loop
      vertex -3.4797699140015275 -10.7347421875 1.25
      vertex -3.3611996294777655 -10.673557291666667 0.34936927368164394
      vertex -3.4797699140015275 -10.620640625 1.25
    endloop
  endfacet
  facet normal 0.9914448613738104 0 0.1305261922200516
    outer loop
      vertex -3.4797699140015275 -10.620640625 1.25
      vertex -3.3611996294777655 -10.582276041666667 0.34936927368164394
      vertex -3.4797699140015275 -10.529359374999999 1.25
    endloop
  endfacet
  facet normal 0.9914448613738105 0 0.1305261922200516
    outer loop
      vertex -3.4797699140015275 -10.529359374999999 1.25
      vertex -3.3611996294777655 -10.468174479166667 0.34936927368164394
      vertex -3.4797699140015275 -10.415257812499998 1.25
    endloop
  endfacet
  facet normal 0.9914448613738104 0 0.1305261922200516
    outer loop
      vertex -3.4797699140015275 -10.415257812499998 1.25
      vertex -3.3611996294777655 -10.1 0.34936927368164394
      vertex -3.4797699140015275 -10.1 1.25
    endloop
  endfacet
  facet normal 0.9914448613738104 0 0.1305261922200516
    outer loop
      vertex -3.4797699140015275 -11.289375 1.25
      vertex -3.3611996294777655 -11.342291666666666 0.34936927368164394
      vertex -3.3611996294777655 -10.787658854166667 0.34936927368164394
    endloop
  endfacet
  facet normal 0.9914448613738105 0 0.1305261922200516
    outer loop
      vertex -3.4797699140015275 -10.7347421875 1.25
      vertex -3.3611996294777655 -10.787658854166667 0.34936927368164394
      vertex -3.3611996294777655 -10.673557291666667 0.34936927368164394
    endloop
  endfacet
  facet normal 0.9914448613738104 0 0.13052619222005157
    outer loop
      vertex -3.4797699140015275 -10.620640625 1.25
      vertex -3.3611996294777655 -10.673557291666667 0.34936927368164394
      vertex -3.3611996294777655 -10.582276041666667 0.34936927368164394
    endloop
  endfacet
  facet normal 0.9914448613738105 0 0.1305261922200516
    outer loop
      vertex -3.4797699140015275 -10.529359374999999 1.25
      vertex -3.3611996294777655 -10.582276041666667 0.34936927368164394
      vertex -3.3611996294777655 -10.468174479166667 0.34936927368164394
    endloop
  endfacet
  facet normal 0.9914448613738104 0 0.1305261922200516
    outer loop
      vertex -3.4797699140015275 -10.415257812499998 1.25
      vertex -3.3611996294777655 -10.468174479166667 0.34936927368164394
      vertex -3.3611996294777655 -10.1 0.34936927368164394
    endloop
  endfacet
  facet normal 0.5121523659550724 0.8588826153131768 0.004539510922899919
    outer loop
      vertex -3.3611996294777655 -11.342291666666666 0.34936927368164394
      vertex -2.7923622497476295 -11.68625 1.25
      vertex -2.6972148133858806 -11.739166666666666 0.527283468939992
    endloop
  endfacet
  facet normal 0 -1 0
    outer loop
      vertex -3.4797699140015275 -10.1 1.25
      vertex -3.3611996294777655 -10.1 0.34936927368164394
      vertex 0 -10.1 1.25
    endloop
  endfacet
  facet normal 0 -1 0
    outer loop
      vertex -3.3611996294777655 -10.1 0.34936927368164394
      vertex -3.013569144850114 -10.1 -0.48988495700076373
      vertex 0 -10.1 1.25
    endloop
  endfacet
  facet normal 0.44043494374108555 -0.8659287334633443 0.23703267473990827
    outer loop
      vertex -3.3611996294777655 -14.993541666666667 0.34936927368164394
      vertex -3.3187722868657326 -15 0.24694060773222448
      vertex -2.943881644850114 -15 -0.4496508601166116
    endloop
  endfacet
  facet normal 0.9238795325112867 0 0.38268343236508984
    outer loop
      vertex -3.3611996294777655 -13.882291666666667 0.34936927368164394
      vertex -3.013569144850114 -13.776458333333332 -0.48988495700076373
      vertex -3.3611996294777655 -13.723541666666666 0.34936927368164394
    endloop
  endfacet
  facet normal 0.4458067149868487 -0.8588826153131758 0.2521448511975487
    outer loop
      vertex -3.3611996294777655 -14.993541666666667 0.34936927368164394
      vertex -2.418256644850114 -14.649583333333332 -0.14618112487381474
      vertex -2.6972148133858806 -14.596666666666666 0.527283468939992
    endloop
  endfacet
  facet normal 0.47904194706220377 0.8659287334633492 0.14382712371946005
    outer loop
      vertex -3.3611996294777655 -13.882291666666667 0.34936927368164394
      vertex -2.6972148133858806 -14.279166666666667 0.527283468939992
      vertex -3.013569144850114 -13.935208333333334 -0.48988495700076373
    endloop
  endfacet
  facet normal 0.4458067149868471 -0.8588826153131768 0.25214485119754804
    outer loop
      vertex -3.3611996294777655 -13.723541666666666 0.34936927368164394
      vertex -2.418256644850114 -13.379583333333333 -0.14618112487381474
      vertex -2.6972148133858806 -13.326666666666666 0.527283468939992
    endloop
  endfacet
  facet normal 0.44043494374107955 -0.8659287334633482 0.23703267473990516
    outer loop
      vertex -3.3611996294777655 -14.993541666666667 0.34936927368164394
      vertex -2.943881644850114 -15 -0.4496508601166116
      vertex -2.418256644850114 -14.649583333333332 -0.14618112487381474
    endloop
  endfacet
  facet normal 0.4935262853887572 0.8588826153131768 0.13693961714263897
    outer loop
      vertex -3.013569144850114 -13.935208333333334 -0.48988495700076373
      vertex -2.6972148133858806 -14.279166666666667 0.527283468939992
      vertex -2.418256644850114 -14.332083333333333 -0.14618112487381474
    endloop
  endfacet
  facet normal 0.440434943741078 -0.8659287334633491 0.23703267473990472
    outer loop
      vertex -3.3611996294777655 -13.723541666666666 0.34936927368164394
      vertex -3.013569144850114 -13.776458333333332 -0.48988495700076373
      vertex -2.418256644850114 -13.379583333333333 -0.14618112487381474
    endloop
  endfacet
  facet normal 0.9238795325112867 0 0.38268343236508984
    outer loop
      vertex -3.3611996294777655 -12.612291666666668 0.34936927368164394
      vertex -3.013569144850114 -12.506458333333333 -0.48988495700076373
      vertex -3.3611996294777655 -12.453541666666666 0.34936927368164394
    endloop
  endfacet
  facet normal 0.4790419470622017 0.8659287334633502 0.143827123719461
    outer loop
      vertex -3.3611996294777655 -12.612291666666668 0.34936927368164394
      vertex -2.6972148133858806 -13.009166666666665 0.527283468939992
      vertex -3.013569144850114 -12.665208333333332 -0.48988495700076373
    endloop
  endfacet
  facet normal 0.4458067149868471 -0.8588826153131768 0.25214485119754804
    outer loop
      vertex -3.3611996294777655 -12.453541666666666 0.34936927368164394
      vertex -2.418256644850114 -12.109583333333333 -0.14618112487381474
      vertex -2.6972148133858806 -12.056666666666667 0.527283468939992
    endloop
  endfacet
  facet normal 0.4935262853887596 0.8588826153131756 0.13693961714263783
    outer loop
      vertex -3.013569144850114 -12.665208333333332 -0.48988495700076373
      vertex -2.6972148133858806 -13.009166666666665 0.527283468939992
      vertex -2.418256644850114 -13.062083333333334 -0.14618112487381474
    endloop
  endfacet
  facet normal 0.440434943741078 -0.8659287334633491 0.23703267473990472
    outer loop
      vertex -3.3611996294777655 -12.453541666666666 0.34936927368164394
      vertex -3.013569144850114 -12.506458333333333 -0.48988495700076373
      vertex -2.418256644850114 -12.109583333333333 -0.14618112487381474
    endloop
  endfacet
  facet normal 0.9238795325112867 0 0.3826834323650899
    outer loop
      vertex -3.3611996294777655 -13.882291666666667 0.34936927368164394
      vertex -3.013569144850114 -13.935208333333334 -0.48988495700076373
      vertex -3.013569144850114 -13.776458333333332 -0.48988495700076373
    endloop
  endfacet
  facet normal 0.3653563299244189 -0.8588826153131754 0.35893649201071615
    outer loop
      vertex -2.418256644850114 -14.649583333333332 -0.14618112487381474
      vertex -2.943881644850114 -15 -0.4496508601166116
      vertex -2.8732222021833014 -15 -0.5215740978532772
    endloop
  endfacet
  facet normal 0.9238795325112866 0 0.3826834323650899
    outer loop
      vertex -3.3611996294777655 -12.612291666666668 0.34936927368164394
      vertex -3.013569144850114 -12.665208333333332 -0.48988495700076373
      vertex -3.013569144850114 -12.506458333333333 -0.48988495700076373
    endloop
  endfacet
  facet normal 0.9238795325112866 0 0.38268343236508995
    outer loop
      vertex -2.6972148133858806 -14.596666666666666 0.527283468939992
      vertex -2.418256644850114 -14.332083333333333 -0.14618112487381474
      vertex -2.6972148133858806 -14.279166666666667 0.527283468939992
    endloop
  endfacet
  facet normal 0.9238795325112866 0 0.38268343236508995
    outer loop
      vertex -2.6972148133858806 -14.596666666666666 0.527283468939992
      vertex -2.418256644850114 -14.649583333333332 -0.14618112487381474
      vertex -2.418256644850114 -14.332083333333333 -0.14618112487381474
    endloop
  endfacet
  facet normal 0.9238795325112867 0 0.3826834323650899
    outer loop
      vertex -2.6972148133858806 -13.326666666666666 0.527283468939992
      vertex -2.418256644850114 -13.062083333333334 -0.14618112487381474
      vertex -2.6972148133858806 -13.009166666666665 0.527283468939992
    endloop
  endfacet
  facet normal 0.9238795325112866 0 0.38268343236508995
    outer loop
      vertex -2.6972148133858806 -13.326666666666666 0.527283468939992
      vertex -2.418256644850114 -13.379583333333333 -0.14618112487381474
      vertex -2.418256644850114 -13.062083333333334 -0.14618112487381474
    endloop
  endfacet
  facet normal 0.9238795325112867 0 0.3826834323650899
    outer loop
      vertex -2.6972148133858806 -12.056666666666667 0.527283468939992
      vertex -2.418256644850114 -11.792083333333334 -0.14618112487381474
      vertex -2.6972148133858806 -11.739166666666666 0.527283468939992
    endloop
  endfacet
  facet normal 0.9238795325112866 0 0.38268343236508995
    outer loop
      vertex -2.6972148133858806 -12.056666666666667 0.527283468939992
      vertex -2.418256644850114 -12.109583333333333 -0.14618112487381474
      vertex -2.418256644850114 -11.792083333333334 -0.14618112487381474
    endloop
  endfacet
  facet normal 0.7933533402912352 0 0.6087614290087207
    outer loop
      vertex -2.418256644850114 -14.649583333333332 -0.14618112487381474
      vertex -1.9744982823258725 -14.385 -0.7244982823258725
      vertex -2.418256644850114 -14.332083333333333 -0.14618112487381474
    endloop
  endfacet
  facet normal 0.36535632992441913 -0.8588826153131757 0.35893649201071576
    outer loop
      vertex -2.418256644850114 -14.649583333333332 -0.14618112487381474
      vertex -2.8732222021833014 -15 -0.5215740978532772
      vertex -1.9744982823258725 -14.7025 -0.7244982823258725
    endloop
  endfacet
  facet normal 0.36535632992441897 -0.8588826153131768 0.35893649201071304
    outer loop
      vertex -3.013569144850114 -13.776458333333332 -0.48988495700076373
      vertex -1.9744982823258725 -13.4325 -0.7244982823258725
      vertex -2.418256644850114 -13.379583333333333 -0.14618112487381474
    endloop
  endfacet
  facet normal 0.42549378972227053 0.8659287334633491 0.26291151262419127
    outer loop
      vertex -3.013569144850114 -13.935208333333334 -0.48988495700076373
      vertex -2.418256644850114 -14.332083333333333 -0.14618112487381474
      vertex -2.4605689031594093 -13.988125 -1.2105689031594093
    endloop
  endfacet
  facet normal 0.7933533402912352 0 0.6087614290087205
    outer loop
      vertex -2.418256644850114 -14.649583333333332 -0.14618112487381474
      vertex -1.9744982823258725 -14.7025 -0.7244982823258725
      vertex -1.9744982823258725 -14.385 -0.7244982823258725
    endloop
  endfacet
  facet normal 0.7933533402912352 0 0.6087614290087207
    outer loop
      vertex -2.418256644850114 -13.379583333333333 -0.14618112487381474
      vertex -1.9744982823258725 -13.115 -0.7244982823258725
      vertex -2.418256644850114 -13.062083333333334 -0.14618112487381474
    endloop
  endfacet
  facet normal 0.7933533402912352 0 0.6087614290087207
    outer loop
      vertex -2.418256644850114 -12.109583333333333 -0.14618112487381474
      vertex -1.9744982823258725 -11.844999999999999 -0.7244982823258725
      vertex -2.418256644850114 -11.792083333333334 -0.14618112487381474
    endloop
  endfacet
  facet normal 0.42549378972227275 0.8659287334633483 0.2629115126241909
    outer loop
      vertex -3.013569144850114 -12.665208333333332 -0.48988495700076373
      vertex -2.418256644850114 -13.062083333333334 -0.14618112487381474
      vertex -2.4605689031594093 -12.718125 -1.2105689031594093
    endloop
  endfacet
  facet normal 0.36535632992441897 -0.8588826153131768 0.35893649201071304
    outer loop
      vertex -3.013569144850114 -12.506458333333333 -0.48988495700076373
      vertex -1.9744982823258725 -12.1625 -0.7244982823258725
      vertex -2.418256644850114 -12.109583333333333 -0.14618112487381474
    endloop
  endfacet
  facet normal 0.7933533402912352 0 0.6087614290087207
    outer loop
      vertex -2.418256644850114 -13.379583333333333 -0.14618112487381474
      vertex -1.9744982823258725 -13.4325 -0.7244982823258725
      vertex -1.9744982823258725 -13.115 -0.7244982823258725
    endloop
  endfacet
  facet normal 0.7933533402912352 0 0.6087614290087205
    outer loop
      vertex -2.418256644850114 -12.109583333333333 -0.14618112487381474
      vertex -1.9744982823258725 -12.1625 -0.7244982823258725
      vertex -1.9744982823258725 -11.844999999999999 -0.7244982823258725
    endloop
  endfacet
  facet normal 0.9238795325112867 0 0.38268343236508984
    outer loop
      vertex -3.3611996294777655 -11.342291666666666 0.34936927368164394
      vertex -3.013569144850114 -10.840575520833333 -0.48988495700076373
      vertex -3.3611996294777655 -10.787658854166667 0.34936927368164394
    endloop
  endfacet
  facet normal 0.9238795325112867 0 0.38268343236508984
    outer loop
      vertex -3.3611996294777655 -10.787658854166667 0.34936927368164394
      vertex -3.013569144850114 -10.726473958333333 -0.48988495700076373
      vertex -3.3611996294777655 -10.673557291666667 0.34936927368164394
    endloop
  endfacet
  facet normal 0.9238795325112867 0 0.3826834323650898
    outer loop
      vertex -3.3611996294777655 -10.673557291666667 0.34936927368164394
      vertex -3.013569144850114 -10.635192708333333 -0.48988495700076373
      vertex -3.3611996294777655 -10.582276041666667 0.34936927368164394
    endloop
  endfacet
  facet normal 0.9238795325112867 0 0.38268343236508984
    outer loop
      vertex -3.3611996294777655 -10.582276041666667 0.34936927368164394
      vertex -3.013569144850114 -10.521091145833333 -0.48988495700076373
      vertex -3.3611996294777655 -10.468174479166667 0.34936927368164394
    endloop
  endfacet
  facet normal 0.9238795325112866 0 0.3826834323650898
    outer loop
      vertex -3.3611996294777655 -10.468174479166667 0.34936927368164394
      vertex -3.013569144850114 -10.1 -0.48988495700076373
      vertex -3.3611996294777655 -10.1 0.34936927368164394
    endloop
  endfacet
  facet normal 0.47904194706220377 0.8659287334633492 0.14382712371946005
    outer loop
      vertex -3.3611996294777655 -11.342291666666666 0.34936927368164394
      vertex -2.6972148133858806 -11.739166666666666 0.527283468939992
      vertex -3.013569144850114 -11.395208333333333 -0.48988495700076373
    endloop
  endfacet
  facet normal 0.4935262853887596 0.8588826153131756 0.13693961714263783
    outer loop
      vertex -3.013569144850114 -11.395208333333333 -0.48988495700076373
      vertex -2.6972148133858806 -11.739166666666666 0.527283468939992
      vertex -2.418256644850114 -11.792083333333334 -0.14618112487381474
    endloop
  endfacet
  facet normal 0.9238795325112866 0 0.3826834323650899
    outer loop
      vertex -3.3611996294777655 -11.342291666666666 0.34936927368164394
      vertex -3.013569144850114 -11.395208333333333 -0.48988495700076373
      vertex -3.013569144850114 -10.840575520833333 -0.48988495700076373
    endloop
  endfacet
  facet normal 0.9238795325112867 0 0.3826834323650898
    outer loop
      vertex -3.3611996294777655 -10.787658854166667 0.34936927368164394
      vertex -3.013569144850114 -10.840575520833333 -0.48988495700076373
      vertex -3.013569144850114 -10.726473958333333 -0.48988495700076373
    endloop
  endfacet
  facet normal 0.9238795325112867 0 0.3826834323650898
    outer loop
      vertex -3.3611996294777655 -10.673557291666667 0.34936927368164394
      vertex -3.013569144850114 -10.726473958333333 -0.48988495700076373
      vertex -3.013569144850114 -10.635192708333333 -0.48988495700076373
    endloop
  endfacet
  facet normal 0.9238795325112867 0 0.3826834323650898
    outer loop
      vertex -3.3611996294777655 -10.582276041666667 0.34936927368164394
      vertex -3.013569144850114 -10.635192708333333 -0.48988495700076373
      vertex -3.013569144850114 -10.521091145833333 -0.48988495700076373
    endloop
  endfacet
  facet normal 0.9238795325112867 0 0.38268343236508984
    outer loop
      vertex -3.3611996294777655 -10.468174479166667 0.34936927368164394
      vertex -3.013569144850114 -10.521091145833333 -0.48988495700076373
      vertex -3.013569144850114 -10.1 -0.48988495700076373
    endloop
  endfacet
  facet normal 0.22024695580827408 0 0.9754441442015981
    outer loop
      vertex -3.013569144850114 -10.840575520833333 -0.48988495700076373
      vertex -1.9744982823258725 -10.8925 -0.7244982823258725
      vertex -3.013569144850114 -10.726473958333333 -0.48988495700076373
    endloop
  endfacet
  facet normal 0.2202469558082741 0 0.9754441442015981
    outer loop
      vertex -3.013569144850114 -10.726473958333333 -0.48988495700076373
      vertex -1.9744982823258725 -10.575 -0.7244982823258725
      vertex -3.013569144850114 -10.635192708333333 -0.48988495700076373
    endloop
  endfacet
  facet normal 0.22024695580827408 0 0.9754441442015981
    outer loop
      vertex -3.013569144850114 -10.635192708333333 -0.48988495700076373
      vertex -1.9744982823258725 -10.575 -0.7244982823258725
      vertex -3.013569144850114 -10.521091145833333 -0.48988495700076373
    endloop
  endfacet
  facet normal 0 -1 0
    outer loop
      vertex -3.013569144850114 -10.1 -0.48988495700076373
      vertex -2.4605689031594093 -10.1 -1.2105689031594093
      vertex 0 -10.1 1.25
    endloop
  endfacet
  facet normal 0.4254937897222718 0.8659287334633481 0.2629115126241923
    outer loop
      vertex -3.013569144850114 -11.395208333333333 -0.48988495700076373
      vertex -2.418256644850114 -11.792083333333334 -0.14618112487381474
      vertex -2.4605689031594093 -11.448125 -1.2105689031594093
    endloop
  endfacet
  facet normal 0 -1 0
    outer loop
      vertex -2.4605689031594093 -10.1 -1.2105689031594093
      vertex -1.7398849570007637 -10.1 -1.763569144850114
      vertex 0 -10.1 1.25
    endloop
  endfacet
  facet normal 0.7933533402912353 0 0.6087614290087207
    outer loop
      vertex -3.013569144850114 -13.935208333333334 -0.48988495700076373
      vertex -2.4605689031594093 -13.829374999999999 -1.2105689031594093
      vertex -3.013569144850114 -13.776458333333332 -0.48988495700076373
    endloop
  endfacet
  facet normal 0.7933533402912353 0 0.6087614290087205
    outer loop
      vertex -3.013569144850114 -12.665208333333332 -0.48988495700076373
      vertex -2.4605689031594093 -12.559375 -1.2105689031594093
      vertex -3.013569144850114 -12.506458333333333 -0.48988495700076373
    endloop
  endfacet
  facet normal 0.44126720406394737 0.8588826153131768 0.2600075147575245
    outer loop
      vertex -2.418256644850114 -14.332083333333333 -0.14618112487381474
      vertex -1.9744982823258725 -14.385 -0.7244982823258725
      vertex -2.4605689031594093 -13.988125 -1.2105689031594093
    endloop
  endfacet
  facet normal 0.3640789164254015 -0.8659287334633491 0.34294893377449875
    outer loop
      vertex -1.9744982823258725 -14.7025 -0.7244982823258725
      vertex -2.8732222021833014 -15 -0.5215740978532772
      vertex -2.33885988156487 -15 -1.0888598815648698
    endloop
  endfacet
  facet normal 0.36407891642540163 -0.8659287334633492 0.3429489337744987
    outer loop
      vertex -3.013569144850114 -13.776458333333332 -0.48988495700076373
      vertex -2.4605689031594093 -13.829374999999999 -1.2105689031594093
      vertex -1.9744982823258725 -13.4325 -0.7244982823258725
    endloop
  endfacet
  facet normal 0.7933533402912353 0 0.6087614290087207
    outer loop
      vertex -3.013569144850114 -13.935208333333334 -0.48988495700076373
      vertex -2.4605689031594093 -13.988125 -1.2105689031594093
      vertex -2.4605689031594093 -13.829374999999999 -1.2105689031594093
    endloop
  endfacet
  facet normal 0.2600075147575246 -0.8588826153131768 0.44126720406394737
    outer loop
      vertex -1.9744982823258725 -14.7025 -0.7244982823258725
      vertex -2.33885988156487 -15 -1.0888598815648698
      vertex -2.153050447531166 -15 -1.1983442228362513
    endloop
  endfacet
  facet normal 0.6087614290087205 0 0.7933533402912352
    outer loop
      vertex -1.9744982823258725 -14.7025 -0.7244982823258725
      vertex -1.3961811248738147 -14.437916666666666 -1.1682566448501142
      vertex -1.9744982823258725 -14.385 -0.7244982823258725
    endloop
  endfacet
  facet normal 0.2600075147575244 -0.8588826153131768 0.44126720406394726
    outer loop
      vertex -1.9744982823258725 -14.7025 -0.7244982823258725
      vertex -2.153050447531166 -15 -1.1983442228362513
      vertex -1.3961811248738147 -14.755416666666667 -1.1682566448501142
    endloop
  endfacet
  facet normal 0.2600075147575245 -0.8588826153131768 0.44126720406394737
    outer loop
      vertex -2.4605689031594093 -13.829374999999999 -1.2105689031594093
      vertex -1.3961811248738147 -13.485416666666666 -1.1682566448501142
      vertex -1.9744982823258725 -13.4325 -0.7244982823258725
    endloop
  endfacet
  facet normal 0.44126720406394737 0.8588826153131768 0.2600075147575245
    outer loop
      vertex -2.418256644850114 -13.062083333333334 -0.14618112487381474
      vertex -1.9744982823258725 -13.115 -0.7244982823258725
      vertex -2.4605689031594093 -12.718125 -1.2105689031594093
    endloop
  endfacet
  facet normal 0.36407891642540163 -0.8659287334633492 0.3429489337744987
    outer loop
      vertex -3.013569144850114 -12.506458333333333 -0.48988495700076373
      vertex -2.4605689031594093 -12.559375 -1.2105689031594093
      vertex -1.9744982823258725 -12.1625 -0.7244982823258725
    endloop
  endfacet
  facet normal 0.44126720406394593 0.858882615313177 0.260007514757526
    outer loop
      vertex -2.418256644850114 -11.792083333333334 -0.14618112487381474
      vertex -1.9744982823258725 -11.844999999999999 -0.7244982823258725
      vertex -2.4605689031594093 -11.448125 -1.2105689031594093
    endloop
  endfacet
  facet normal 0.7933533402912353 0 0.6087614290087207
    outer loop
      vertex -3.013569144850114 -12.665208333333332 -0.48988495700076373
      vertex -2.4605689031594093 -12.718125 -1.2105689031594093
      vertex -2.4605689031594093 -12.559375 -1.2105689031594093
    endloop
  endfacet
  facet normal 0.6087614290087207 0 0.7933533402912352
    outer loop
      vertex -1.9744982823258725 -13.4325 -0.7244982823258725
      vertex -1.3961811248738147 -13.167916666666667 -1.1682566448501142
      vertex -1.9744982823258725 -13.115 -0.7244982823258725
    endloop
  endfacet
  facet normal 0.6087614290087205 0 0.7933533402912352
    outer loop
      vertex -1.9744982823258725 -12.1625 -0.7244982823258725
      vertex -1.3961811248738147 -11.897916666666667 -1.1682566448501142
      vertex -1.9744982823258725 -11.844999999999999 -0.7244982823258725
    endloop
  endfacet
  facet normal 0.2600075147575245 -0.8588826153131768 0.44126720406394737
    outer loop
      vertex -2.4605689031594093 -12.559375 -1.2105689031594093
      vertex -1.3961811248738147 -12.215416666666666 -1.1682566448501142
      vertex -1.9744982823258725 -12.1625 -0.7244982823258725
    endloop
  endfacet
  facet normal 0.3429489337744987 0.8659287334633492 0.3640789164254017
    outer loop
      vertex -2.4605689031594093 -13.988125 -1.2105689031594093
      vertex -1.9744982823258725 -14.385 -0.7244982823258725
      vertex -1.7398849570007637 -14.041041666666667 -1.763569144850114
    endloop
  endfacet
  facet normal 0.6087614290087207 0 0.7933533402912353
    outer loop
      vertex -2.4605689031594093 -13.988125 -1.2105689031594093
      vertex -1.7398849570007637 -13.882291666666667 -1.763569144850114
      vertex -2.4605689031594093 -13.829374999999999 -1.2105689031594093
    endloop
  endfacet
  facet normal 0.2629115126241909 -0.8659287334633483 0.42549378972227275
    outer loop
      vertex -2.4605689031594093 -13.829374999999999 -1.2105689031594093
      vertex -1.7398849570007637 -13.882291666666667 -1.763569144850114
      vertex -1.3961811248738147 -13.485416666666666 -1.1682566448501142
    endloop
  endfacet
  facet normal 0.3429489337744987 0.8659287334633492 0.3640789164254017
    outer loop
      vertex -1.9744982823258725 -13.115 -0.7244982823258725
      vertex -1.7398849570007637 -12.771041666666667 -1.763569144850114
      vertex -2.4605689031594093 -12.718125 -1.2105689031594093
    endloop
  endfacet
  facet normal 0.6087614290087207 0 0.7933533402912353
    outer loop
      vertex -2.4605689031594093 -12.718125 -1.2105689031594093
      vertex -1.7398849570007637 -12.612291666666666 -1.763569144850114
      vertex -2.4605689031594093 -12.559375 -1.2105689031594093
    endloop
  endfacet
  facet normal 0.26291151262419127 -0.8659287334633492 0.4254937897222706
    outer loop
      vertex -2.4605689031594093 -12.559375 -1.2105689031594093
      vertex -1.7398849570007637 -12.612291666666666 -1.763569144850114
      vertex -1.3961811248738147 -12.215416666666666 -1.1682566448501142
    endloop
  endfacet
  facet normal 0.7933533402912353 0 0.6087614290087207
    outer loop
      vertex -3.013569144850114 -11.395208333333333 -0.48988495700076373
      vertex -2.4605689031594093 -11.289375 -1.2105689031594093
      vertex -3.013569144850114 -10.840575520833333 -0.48988495700076373
    endloop
  endfacet
  facet normal 0.7933533402912352 0 0.6087614290087207
    outer loop
      vertex -3.013569144850114 -10.521091145833333 -0.48988495700076373
      vertex -2.4605689031594093 -10.1 -1.2105689031594093
      vertex -3.013569144850114 -10.1 -0.48988495700076373
    endloop
  endfacet
  facet normal 0.08916773319196361 -0.8133370057819052 0.5749191511709556
    outer loop
      vertex -3.013569144850114 -10.840575520833333 -0.48988495700076373
      vertex -2.4605689031594093 -11.289375 -1.2105689031594093
      vertex -1.9744982823258725 -10.8925 -0.7244982823258725
    endloop
  endfacet
  facet normal 0.16137672255146296 0.8373451760375925 0.5223127507395557
    outer loop
      vertex -3.013569144850114 -10.521091145833333 -0.48988495700076373
      vertex -1.9744982823258725 -10.575 -0.7244982823258725
      vertex -2.4605689031594093 -10.178125 -1.2105689031594093
    endloop
  endfacet
  facet normal 0.2202469558082741 0 0.9754441442015982
    outer loop
      vertex -3.013569144850114 -10.726473958333333 -0.48988495700076373
      vertex -1.9744982823258725 -10.8925 -0.7244982823258725
      vertex -1.9744982823258725 -10.575 -0.7244982823258725
    endloop
  endfacet
  facet normal 0.7933533402912353 0 0.6087614290087205
    outer loop
      vertex -3.013569144850114 -11.395208333333333 -0.48988495700076373
      vertex -2.4605689031594093 -11.448125 -1.2105689031594093
      vertex -2.4605689031594093 -11.289375 -1.2105689031594093
    endloop
  endfacet
  facet normal 0.7933533402912353 0 0.6087614290087207
    outer loop
      vertex -3.013569144850114 -10.521091145833333 -0.48988495700076373
      vertex -2.4605689031594093 -10.178125 -1.2105689031594093
      vertex -2.4605689031594093 -10.1 -1.2105689031594093
    endloop
  endfacet
  facet normal 0.2600075147575245 -0.8588826153131768 0.44126720406394737
    outer loop
      vertex -2.4605689031594093 -11.289375 -1.2105689031594093
      vertex -1.3961811248738147 -10.945416666666667 -1.1682566448501142
      vertex -1.9744982823258725 -10.8925 -0.7244982823258725
    endloop
  endfacet
  facet normal 0.6087614290087205 0 0.7933533402912352
    outer loop
      vertex -1.9744982823258725 -10.8925 -0.7244982823258725
      vertex -1.3961811248738147 -10.627916666666666 -1.1682566448501142
      vertex -1.9744982823258725 -10.575 -0.7244982823258725
    endloop
  endfacet
  facet normal 0.3429489337744987 0.8659287334633492 0.3640789164254017
    outer loop
      vertex -2.4605689031594093 -11.448125 -1.2105689031594093
      vertex -1.9744982823258725 -11.844999999999999 -0.7244982823258725
      vertex -1.7398849570007637 -11.501041666666666 -1.763569144850114
    endloop
  endfacet
  facet normal 0.3429489337744987 0.8659287334633492 0.3640789164254017
    outer loop
      vertex -2.4605689031594093 -10.178125 -1.2105689031594093
      vertex -1.9744982823258725 -10.575 -0.7244982823258725
      vertex -1.7398849570007637 -10.231041666666666 -1.763569144850114
    endloop
  endfacet
  facet normal 0.6087614290087205 0 0.7933533402912353
    outer loop
      vertex -2.4605689031594093 -11.448125 -1.2105689031594093
      vertex -1.7398849570007637 -11.342291666666666 -1.763569144850114
      vertex -2.4605689031594093 -11.289375 -1.2105689031594093
    endloop
  endfacet
  facet normal 0.26291151262419127 -0.8659287334633492 0.4254937897222706
    outer loop
      vertex -2.4605689031594093 -11.289375 -1.2105689031594093
      vertex -1.7398849570007637 -11.342291666666666 -1.763569144850114
      vertex -1.3961811248738147 -10.945416666666667 -1.1682566448501142
    endloop
  endfacet
  facet normal 0.6087614290087205 0 0.7933533402912352
    outer loop
      vertex -2.4605689031594093 -10.178125 -1.2105689031594093
      vertex -1.7398849570007637 -10.1 -1.763569144850114
      vertex -2.4605689031594093 -10.1 -1.2105689031594093
    endloop
  endfacet
  facet normal 0.6087614290087205 0 0.7933533402912353
    outer loop
      vertex -2.4605689031594093 -13.988125 -1.2105689031594093
      vertex -1.7398849570007637 -14.041041666666667 -1.763569144850114
      vertex -1.7398849570007637 -13.882291666666667 -1.763569144850114
    endloop
  endfacet
  facet normal 0.6087614290087207 0 0.7933533402912353
    outer loop
      vertex -2.4605689031594093 -12.718125 -1.2105689031594093
      vertex -1.7398849570007637 -12.771041666666667 -1.763569144850114
      vertex -1.7398849570007637 -12.612291666666666 -1.763569144850114
    endloop
  endfacet
  facet normal 0.6087614290087205 0 0.7933533402912353
    outer loop
      vertex -2.4605689031594093 -11.448125 -1.2105689031594093
      vertex -1.7398849570007637 -11.501041666666666 -1.763569144850114
      vertex -1.7398849570007637 -11.342291666666666 -1.763569144850114
    endloop
  endfacet
  facet normal 0.6087614290087205 0 0.7933533402912353
    outer loop
      vertex -2.4605689031594093 -10.178125 -1.2105689031594093
      vertex -1.7398849570007637 -10.231041666666666 -1.763569144850114
      vertex -1.7398849570007637 -10.1 -1.763569144850114
    endloop
  endfacet
  facet normal 0.6087614290087205 0 0.7933533402912352
    outer loop
      vertex -1.9744982823258725 -14.7025 -0.7244982823258725
      vertex -1.3961811248738147 -14.755416666666667 -1.1682566448501142
      vertex -1.3961811248738147 -14.437916666666666 -1.1682566448501142
    endloop
  endfacet
  facet normal 0.6087614290087207 0 0.7933533402912352
    outer loop
      vertex -1.9744982823258725 -13.4325 -0.7244982823258725
      vertex -1.3961811248738147 -13.485416666666666 -1.1682566448501142
      vertex -1.3961811248738147 -13.167916666666667 -1.1682566448501142
    endloop
  endfacet
  facet normal 0.6087614290087207 0 0.7933533402912352
    outer loop
      vertex -1.9744982823258725 -12.1625 -0.7244982823258725
      vertex -1.3961811248738147 -12.215416666666666 -1.1682566448501142
      vertex -1.3961811248738147 -11.897916666666667 -1.1682566448501142
    endloop
  endfacet
  facet normal 0.26291151262419127 -0.8659287334633491 0.4254937897222703
    outer loop
      vertex -1.3961811248738147 -14.755416666666667 -1.1682566448501142
      vertex -2.153050447531166 -15 -1.1983442228362513
      vertex -1.6079965048827585 -15 -1.535131644850114
    endloop
  endfacet
  facet normal 0.35893649201071304 0.8588826153131768 0.36535632992441897
    outer loop
      vertex -1.9744982823258725 -14.385 -0.7244982823258725
      vertex -1.3961811248738147 -14.437916666666666 -1.1682566448501142
      vertex -1.7398849570007637 -14.041041666666667 -1.763569144850114
    endloop
  endfacet
  facet normal 0.13693961714263886 -0.8588826153131768 0.4935262853887571
    outer loop
      vertex -1.3961811248738147 -14.755416666666667 -1.1682566448501142
      vertex -1.6079965048827585 -15 -1.535131644850114
      vertex -1.2895214685921064 -15 -1.6234994802224008
    endloop
  endfacet
  facet normal 0.3826834323650899 0 0.9238795325112867
    outer loop
      vertex -1.3961811248738147 -14.755416666666667 -1.1682566448501142
      vertex -0.722716531060008 -14.490833333333333 -1.4472148133858806
      vertex -1.3961811248738147 -14.437916666666666 -1.1682566448501142
    endloop
  endfacet
  facet normal 0.13693961714263897 -0.8588826153131769 0.4935262853887571
    outer loop
      vertex -1.3961811248738147 -14.755416666666667 -1.1682566448501142
      vertex -1.2895214685921064 -15 -1.6234994802224008
      vertex -0.722716531060008 -14.808333333333334 -1.4472148133858806
    endloop
  endfacet
  facet normal 0.38268343236508995 0 0.9238795325112867
    outer loop
      vertex -1.3961811248738147 -14.755416666666667 -1.1682566448501142
      vertex -0.722716531060008 -14.808333333333334 -1.4472148133858806
      vertex -0.722716531060008 -14.490833333333333 -1.4472148133858806
    endloop
  endfacet
  facet normal 0.13693961714263786 -0.8588826153131757 0.4935262853887597
    outer loop
      vertex -1.3961811248738147 -13.485416666666666 -1.1682566448501142
      vertex -1.7398849570007637 -13.882291666666667 -1.763569144850114
      vertex -0.722716531060008 -13.538333333333334 -1.4472148133858806
    endloop
  endfacet
  facet normal 0.38268343236508995 0 0.9238795325112866
    outer loop
      vertex -1.3961811248738147 -13.485416666666666 -1.1682566448501142
      vertex -0.722716531060008 -13.538333333333334 -1.4472148133858806
      vertex -0.722716531060008 -13.220833333333333 -1.4472148133858806
    endloop
  endfacet
  facet normal 0.35893649201071304 0.8588826153131768 0.36535632992441897
    outer loop
      vertex -1.9744982823258725 -13.115 -0.7244982823258725
      vertex -1.3961811248738147 -13.167916666666667 -1.1682566448501142
      vertex -1.7398849570007637 -12.771041666666667 -1.763569144850114
    endloop
  endfacet
  facet normal 0.35893649201071576 0.8588826153131756 0.3653563299244192
    outer loop
      vertex -1.9744982823258725 -11.844999999999999 -0.7244982823258725
      vertex -1.3961811248738147 -11.897916666666667 -1.1682566448501142
      vertex -1.7398849570007637 -11.501041666666666 -1.763569144850114
    endloop
  endfacet
  facet normal 0.38268343236508995 0 0.9238795325112866
    outer loop
      vertex -1.3961811248738147 -13.485416666666666 -1.1682566448501142
      vertex -0.722716531060008 -13.220833333333333 -1.4472148133858806
      vertex -1.3961811248738147 -13.167916666666667 -1.1682566448501142
    endloop
  endfacet
  facet normal 0.38268343236508995 0 0.9238795325112866
    outer loop
      vertex -1.3961811248738147 -12.215416666666666 -1.1682566448501142
      vertex -0.722716531060008 -11.950833333333334 -1.4472148133858806
      vertex -1.3961811248738147 -11.897916666666667 -1.1682566448501142
    endloop
  endfacet
  facet normal 0.13693961714263903 -0.8588826153131768 0.4935262853887572
    outer loop
      vertex -1.3961811248738147 -12.215416666666666 -1.1682566448501142
      vertex -1.7398849570007637 -12.612291666666666 -1.763569144850114
      vertex -0.722716531060008 -12.268333333333333 -1.4472148133858806
    endloop
  endfacet
  facet normal 0.38268343236508995 0 0.9238795325112866
    outer loop
      vertex -1.3961811248738147 -12.215416666666666 -1.1682566448501142
      vertex -0.722716531060008 -12.268333333333333 -1.4472148133858806
      vertex -0.722716531060008 -11.950833333333334 -1.4472148133858806
    endloop
  endfacet
  facet normal 0.13052619222005163 0 0.9914448613738104
    outer loop
      vertex -0.722716531060008 -14.808333333333334 -1.4472148133858806
      vertex 0 -14.54375 -1.5423622497476295
      vertex -0.722716531060008 -14.490833333333333 -1.4472148133858806
    endloop
  endfacet
  facet normal 0.13052619222005163 0 0.9914448613738104
    outer loop
      vertex -0.722716531060008 -13.538333333333334 -1.4472148133858806
      vertex 0 -13.27375 -1.5423622497476295
      vertex -0.722716531060008 -13.220833333333333 -1.4472148133858806
    endloop
  endfacet
  facet normal 0.13052619222005163 0 0.9914448613738104
    outer loop
      vertex -0.722716531060008 -14.808333333333334 -1.4472148133858806
      vertex 0 -14.86125 -1.5423622497476295
      vertex 0 -14.54375 -1.5423622497476295
    endloop
  endfacet
  facet normal 0.13052619222005163 0 0.9914448613738104
    outer loop
      vertex -0.722716531060008 -13.538333333333334 -1.4472148133858806
      vertex 0 -13.59125 -1.5423622497476295
      vertex 0 -13.27375 -1.5423622497476295
    endloop
  endfacet
  facet normal 0.13052619222005163 0 0.9914448613738104
    outer loop
      vertex -0.722716531060008 -12.268333333333333 -1.4472148133858806
      vertex 0 -12.00375 -1.5423622497476295
      vertex -0.722716531060008 -11.950833333333334 -1.4472148133858806
    endloop
  endfacet
  facet normal 0.13052619222005163 0 0.9914448613738104
    outer loop
      vertex -0.722716531060008 -12.268333333333333 -1.4472148133858806
      vertex 0 -12.32125 -1.5423622497476295
      vertex 0 -12.00375 -1.5423622497476295
    endloop
  endfacet
  facet normal 0.6087614290087205 0 0.7933533402912352
    outer loop
      vertex -1.9744982823258725 -10.8925 -0.7244982823258725
      vertex -1.3961811248738147 -10.945416666666667 -1.1682566448501142
      vertex -1.3961811248738147 -10.627916666666666 -1.1682566448501142
    endloop
  endfacet
  facet normal 0.35893649201071304 0.8588826153131768 0.36535632992441897
    outer loop
      vertex -1.9744982823258725 -10.575 -0.7244982823258725
      vertex -1.3961811248738147 -10.627916666666666 -1.1682566448501142
      vertex -1.7398849570007637 -10.231041666666666 -1.763569144850114
    endloop
  endfacet
  facet normal 0.3826834323650899 0 0.9238795325112867
    outer loop
      vertex -1.3961811248738147 -10.945416666666667 -1.1682566448501142
      vertex -0.722716531060008 -10.680833333333332 -1.4472148133858806
      vertex -1.3961811248738147 -10.627916666666666 -1.1682566448501142
    endloop
  endfacet
  facet normal 0.13693961714263903 -0.8588826153131768 0.4935262853887572
    outer loop
      vertex -1.3961811248738147 -10.945416666666667 -1.1682566448501142
      vertex -1.7398849570007637 -11.342291666666666 -1.763569144850114
      vertex -0.722716531060008 -10.998333333333333 -1.4472148133858806
    endloop
  endfacet
  facet normal 0.38268343236508995 0 0.9238795325112867
    outer loop
      vertex -1.3961811248738147 -10.945416666666667 -1.1682566448501142
      vertex -0.722716531060008 -10.998333333333333 -1.4472148133858806
      vertex -0.722716531060008 -10.680833333333332 -1.4472148133858806
    endloop
  endfacet
  facet normal 0 -1 0
    outer loop
      vertex -1.7398849570007637 -10.1 -1.763569144850114
      vertex -0.9006307263183561 -10.1 -2.1111996294777655
      vertex 0 -10.1 1.25
    endloop
  endfacet
  facet normal 0 -1 0
    outer loop
      vertex -0.9006307263183561 -10.1 -2.1111996294777655
      vertex 0 -10.1 -2.2297699140015275
      vertex 0 -10.1 1.25
    endloop
  endfacet
  facet normal 0.13052619222005163 0 0.9914448613738104
    outer loop
      vertex -0.722716531060008 -10.998333333333333 -1.4472148133858806
      vertex 0 -10.73375 -1.5423622497476295
      vertex -0.722716531060008 -10.680833333333332 -1.4472148133858806
    endloop
  endfacet
  facet normal 0.13052619222005163 0 0.9914448613738104
    outer loop
      vertex -0.722716531060008 -10.998333333333333 -1.4472148133858806
      vertex 0 -11.05125 -1.5423622497476295
      vertex 0 -10.73375 -1.5423622497476295
    endloop
  endfacet
  facet normal 0.23703267473990472 0.8659287334633492 0.4404349437410781
    outer loop
      vertex -1.3961811248738147 -14.437916666666666 -1.1682566448501142
      vertex -0.9006307263183561 -14.093958333333333 -2.1111996294777655
      vertex -1.7398849570007637 -14.041041666666667 -1.763569144850114
    endloop
  endfacet
  facet normal 0.38268343236508984 0 0.9238795325112866
    outer loop
      vertex -1.7398849570007637 -14.041041666666667 -1.763569144850114
      vertex -0.9006307263183561 -13.935208333333334 -2.1111996294777655
      vertex -1.7398849570007637 -13.882291666666667 -1.763569144850114
    endloop
  endfacet
  facet normal 0.14382712371946002 -0.8659287334633492 0.47904194706220354
    outer loop
      vertex -0.722716531060008 -14.808333333333334 -1.4472148133858806
      vertex -1.2895214685921064 -15 -1.6234994802224008
      vertex -0.8086383471427797 -15 -1.7678793964853736
    endloop
  endfacet
  facet normal 0.2521448511975481 0.8588826153131768 0.4458067149868471
    outer loop
      vertex -1.3961811248738147 -14.437916666666666 -1.1682566448501142
      vertex -0.722716531060008 -14.490833333333333 -1.4472148133858806
      vertex -0.9006307263183561 -14.093958333333333 -2.1111996294777655
    endloop
  endfacet
  facet normal 0.14382712371946 -0.8659287334633491 0.4790419470622037
    outer loop
      vertex -1.7398849570007637 -13.882291666666667 -1.763569144850114
      vertex -0.9006307263183561 -13.935208333333334 -2.1111996294777655
      vertex -0.722716531060008 -13.538333333333334 -1.4472148133858806
    endloop
  endfacet
  facet normal 0.38268343236508984 0 0.9238795325112867
    outer loop
      vertex -1.7398849570007637 -14.041041666666667 -1.763569144850114
      vertex -0.9006307263183561 -14.093958333333333 -2.1111996294777655
      vertex -0.9006307263183561 -13.935208333333334 -2.1111996294777655
    endloop
  endfacet
  facet normal 0.23703267473990472 0.8659287334633492 0.4404349437410781
    outer loop
      vertex -1.3961811248738147 -13.167916666666667 -1.1682566448501142
      vertex -0.9006307263183561 -12.823958333333334 -2.1111996294777655
      vertex -1.7398849570007637 -12.771041666666667 -1.763569144850114
    endloop
  endfacet
  facet normal 0.38268343236508984 0 0.9238795325112867
    outer loop
      vertex -1.7398849570007637 -12.771041666666667 -1.763569144850114
      vertex -0.9006307263183561 -12.665208333333332 -2.1111996294777655
      vertex -1.7398849570007637 -12.612291666666666 -1.763569144850114
    endloop
  endfacet
  facet normal 0.14382712371946 -0.8659287334633491 0.4790419470622037
    outer loop
      vertex -1.7398849570007637 -12.612291666666666 -1.763569144850114
      vertex -0.9006307263183561 -12.665208333333332 -2.1111996294777655
      vertex -0.722716531060008 -12.268333333333333 -1.4472148133858806
    endloop
  endfacet
  facet normal 0.2521448511975481 0.8588826153131768 0.4458067149868471
    outer loop
      vertex -1.3961811248738147 -13.167916666666667 -1.1682566448501142
      vertex -0.722716531060008 -13.220833333333333 -1.4472148133858806
      vertex -0.9006307263183561 -12.823958333333334 -2.1111996294777655
    endloop
  endfacet
  facet normal 0.2521448511975481 0.8588826153131768 0.4458067149868471
    outer loop
      vertex -1.3961811248738147 -11.897916666666667 -1.1682566448501142
      vertex -0.722716531060008 -11.950833333333334 -1.4472148133858806
      vertex -0.9006307263183561 -11.553958333333334 -2.1111996294777655
    endloop
  endfacet
  facet normal 0.3826834323650899 0 0.9238795325112867
    outer loop
      vertex -1.7398849570007637 -12.771041666666667 -1.763569144850114
      vertex -0.9006307263183561 -12.823958333333334 -2.1111996294777655
      vertex -0.9006307263183561 -12.665208333333332 -2.1111996294777655
    endloop
  endfacet
  facet normal 0.0045395109228997255 -0.8588826153131768 0.5121523659550723
    outer loop
      vertex -0.722716531060008 -14.808333333333334 -1.4472148133858806
      vertex -0.8086383471427797 -15 -1.7678793964853736
      vertex -0.3633071252138251 -15 -1.7718266318798346
    endloop
  endfacet
  facet normal 0.0045395109228998955 -0.8588826153131768 0.5121523659550725
    outer loop
      vertex -0.722716531060008 -13.538333333333334 -1.4472148133858806
      vertex -0.9006307263183561 -13.935208333333334 -2.1111996294777655
      vertex 0 -13.59125 -1.5423622497476295
    endloop
  endfacet
  facet normal 0.11496303063680215 0.8659287334633492 0.4867760574939587
    outer loop
      vertex -0.722716531060008 -14.490833333333333 -1.4472148133858806
      vertex 0 -14.146875 -2.2297699140015275
      vertex -0.9006307263183561 -14.093958333333333 -2.1111996294777655
    endloop
  endfacet
  facet normal 0.004539510922899896 -0.8588826153131768 0.5121523659550725
    outer loop
      vertex -0.722716531060008 -14.808333333333334 -1.4472148133858806
      vertex -0.3633071252138251 -15 -1.7718266318798346
      vertex 0 -14.86125 -1.5423622497476295
    endloop
  endfacet
  facet normal 0.12816995546433832 0.8588826153131768 0.495876109153352
    outer loop
      vertex -0.722716531060008 -14.490833333333333 -1.4472148133858806
      vertex 0 -14.54375 -1.5423622497476295
      vertex 0 -14.146875 -2.2297699140015275
    endloop
  endfacet
  facet normal 0.014941154018807412 -0.8659287334633491 0.4999441873640962
    outer loop
      vertex 0 -14.86125 -1.5423622497476295
      vertex -0.3633071252138251 -15 -1.7718266318798346
      vertex 0 -15 -1.7826842992978111
    endloop
  endfacet
  facet normal 0.014941154018807551 -0.8659287334633492 0.499944187364096
    outer loop
      vertex -0.9006307263183561 -13.935208333333334 -2.1111996294777655
      vertex 0 -13.988125 -2.2297699140015275
      vertex 0 -13.59125 -1.5423622497476295
    endloop
  endfacet
  facet normal 0.0045395109228998955 -0.8588826153131768 0.5121523659550725
    outer loop
      vertex -0.722716531060008 -12.268333333333333 -1.4472148133858806
      vertex -0.9006307263183561 -12.665208333333332 -2.1111996294777655
      vertex 0 -12.32125 -1.5423622497476295
    endloop
  endfacet
  facet normal 0.11496303063680215 0.8659287334633492 0.4867760574939587
    outer loop
      vertex -0.722716531060008 -13.220833333333333 -1.4472148133858806
      vertex 0 -12.876875 -2.2297699140015275
      vertex -0.9006307263183561 -12.823958333333334 -2.1111996294777655
    endloop
  endfacet
  facet normal 0.1149630306368005 0.8659287334633491 0.4867760574939591
    outer loop
      vertex -0.722716531060008 -11.950833333333334 -1.4472148133858806
      vertex 0 -11.606874999999999 -2.2297699140015275
      vertex -0.9006307263183561 -11.553958333333334 -2.1111996294777655
    endloop
  endfacet
  facet normal 0.12816995546433832 0.8588826153131768 0.495876109153352
    outer loop
      vertex -0.722716531060008 -13.220833333333333 -1.4472148133858806
      vertex 0 -13.27375 -1.5423622497476295
      vertex 0 -12.876875 -2.2297699140015275
    endloop
  endfacet
  facet normal 0.1281699554643385 0.8588826153131759 0.4958761091533538
    outer loop
      vertex -0.722716531060008 -11.950833333333334 -1.4472148133858806
      vertex 0 -12.00375 -1.5423622497476295
      vertex 0 -11.606874999999999 -2.2297699140015275
    endloop
  endfacet
  facet normal 0.014941154018806116 -0.8659287334633481 0.4999441873640976
    outer loop
      vertex -0.9006307263183561 -12.665208333333332 -2.1111996294777655
      vertex 0 -12.718125 -2.2297699140015275
      vertex 0 -12.32125 -1.5423622497476295
    endloop
  endfacet
  facet normal 0.13052619222005157 0 0.9914448613738105
    outer loop
      vertex -0.9006307263183561 -14.093958333333333 -2.1111996294777655
      vertex 0 -13.988125 -2.2297699140015275
      vertex -0.9006307263183561 -13.935208333333334 -2.1111996294777655
    endloop
  endfacet
  facet normal 0.1305261922200516 0 0.9914448613738105
    outer loop
      vertex -0.9006307263183561 -14.093958333333333 -2.1111996294777655
      vertex 0 -14.146875 -2.2297699140015275
      vertex 0 -13.988125 -2.2297699140015275
    endloop
  endfacet
  facet normal 0.1305261922200516 0 0.9914448613738104
    outer loop
      vertex -0.9006307263183561 -12.823958333333334 -2.1111996294777655
      vertex 0 -12.718125 -2.2297699140015275
      vertex -0.9006307263183561 -12.665208333333332 -2.1111996294777655
    endloop
  endfacet
  facet normal 0.1305261922200516 0 0.9914448613738105
    outer loop
      vertex -0.9006307263183561 -12.823958333333334 -2.1111996294777655
      vertex 0 -12.876875 -2.2297699140015275
      vertex 0 -12.718125 -2.2297699140015275
    endloop
  endfacet
  facet normal 0.23703267473990686 0.8659287334633481 0.4404349437410788
    outer loop
      vertex -1.3961811248738147 -11.897916666666667 -1.1682566448501142
      vertex -0.9006307263183561 -11.553958333333334 -2.1111996294777655
      vertex -1.7398849570007637 -11.501041666666666 -1.763569144850114
    endloop
  endfacet
  facet normal 0.23703267473990622 0.8659287334633492 0.4404349437410772
    outer loop
      vertex -1.3961811248738147 -10.627916666666666 -1.1682566448501142
      vertex -0.9006307263183561 -10.283958333333334 -2.1111996294777655
      vertex -1.7398849570007637 -10.231041666666666 -1.763569144850114
    endloop
  endfacet
  facet normal 0.38268343236508984 0 0.9238795325112866
    outer loop
      vertex -1.7398849570007637 -11.501041666666666 -1.763569144850114
      vertex -0.9006307263183561 -11.395208333333333 -2.1111996294777655
      vertex -1.7398849570007637 -11.342291666666666 -1.763569144850114
    endloop
  endfacet
  facet normal 0.3826834323650899 0 0.9238795325112867
    outer loop
      vertex -1.7398849570007637 -10.231041666666666 -1.763569144850114
      vertex -0.9006307263183561 -10.1 -2.1111996294777655
      vertex -1.7398849570007637 -10.1 -1.763569144850114
    endloop
  endfacet
  facet normal 0.14382712371946 -0.8659287334633491 0.4790419470622037
    outer loop
      vertex -1.7398849570007637 -11.342291666666666 -1.763569144850114
      vertex -0.9006307263183561 -11.395208333333333 -2.1111996294777655
      vertex -0.722716531060008 -10.998333333333333 -1.4472148133858806
    endloop
  endfacet
  facet normal 0.2521448511975475 0.8588826153131778 0.4458067149868456
    outer loop
      vertex -1.3961811248738147 -10.627916666666666 -1.1682566448501142
      vertex -0.722716531060008 -10.680833333333332 -1.4472148133858806
      vertex -0.9006307263183561 -10.283958333333334 -2.1111996294777655
    endloop
  endfacet
  facet normal 0.3826834323650899 0 0.9238795325112867
    outer loop
      vertex -1.7398849570007637 -11.501041666666666 -1.763569144850114
      vertex -0.9006307263183561 -11.553958333333334 -2.1111996294777655
      vertex -0.9006307263183561 -11.395208333333333 -2.1111996294777655
    endloop
  endfacet
  facet normal 0.38268343236508984 0 0.9238795325112867
    outer loop
      vertex -1.7398849570007637 -10.231041666666666 -1.763569144850114
      vertex -0.9006307263183561 -10.283958333333334 -2.1111996294777655
      vertex -0.9006307263183561 -10.1 -2.1111996294777655
    endloop
  endfacet
  facet normal 0.0045395109228998955 -0.8588826153131768 0.5121523659550725
    outer loop
      vertex -0.722716531060008 -10.998333333333333 -1.4472148133858806
      vertex -0.9006307263183561 -11.395208333333333 -2.1111996294777655
      vertex 0 -11.05125 -1.5423622497476295
    endloop
  endfacet
  facet normal 0.11496303063680033 0.8659287334633501 0.4867760574939574
    outer loop
      vertex -0.722716531060008 -10.680833333333332 -1.4472148133858806
      vertex 0 -10.336875 -2.2297699140015275
      vertex -0.9006307263183561 -10.283958333333334 -2.1111996294777655
    endloop
  endfacet
  facet normal 0.12816995546434054 0.8588826153131756 0.49587610915335356
    outer loop
      vertex -0.722716531060008 -10.680833333333332 -1.4472148133858806
      vertex 0 -10.73375 -1.5423622497476295
      vertex 0 -10.336875 -2.2297699140015275
    endloop
  endfacet
  facet normal 0.014941154018807551 -0.8659287334633492 0.499944187364096
    outer loop
      vertex -0.9006307263183561 -11.395208333333333 -2.1111996294777655
      vertex 0 -11.448125 -2.2297699140015275
      vertex 0 -11.05125 -1.5423622497476295
    endloop
  endfacet
  facet normal 0.1305261922200516 0 0.9914448613738104
    outer loop
      vertex -0.9006307263183561 -11.553958333333334 -2.1111996294777655
      vertex 0 -11.448125 -2.2297699140015275
      vertex -0.9006307263183561 -11.395208333333333 -2.1111996294777655
    endloop
  endfacet
  facet normal 0.1305261922200516 0 0.9914448613738104
    outer loop
      vertex -0.9006307263183561 -10.283958333333334 -2.1111996294777655
      vertex 0 -10.1 -2.2297699140015275
      vertex -0.9006307263183561 -10.1 -2.1111996294777655
    endloop
  endfacet
  facet normal 0.1305261922200516 0 0.9914448613738105
    outer loop
      vertex -0.9006307263183561 -11.553958333333334 -2.1111996294777655
      vertex 0 -11.606874999999999 -2.2297699140015275
      vertex 0 -11.448125 -2.2297699140015275
    endloop
  endfacet
  facet normal 0.1305261922200516 0 0.9914448613738104
    outer loop
      vertex -0.9006307263183561 -10.283958333333334 -2.1111996294777655
      vertex 0 -10.336875 -2.2297699140015275
      vertex 0 -10.1 -2.2297699140015275
    endloop
  endfacet
  facet normal -0.13052619222005254 0 -0.9914448613738103
    outer loop
      vertex 0 -14.781875 4.729769914001528
      vertex 0 -14.623125 4.729769914001528
      vertex 0.9006307263183561 -14.728958333333333 4.611199629477765
    endloop
  endfacet
  facet normal -0.13052619222005254 0 -0.9914448613738103
    outer loop
      vertex 0 -13.511875 4.729769914001528
      vertex 0 -13.353125 4.729769914001528
      vertex 0.9006307263183561 -13.458958333333333 4.611199629477765
    endloop
  endfacet
  facet normal -0.13052619222005254 0 -0.9914448613738103
    outer loop
      vertex 0 -14.623125 4.729769914001528
      vertex 0.9006307263183561 -14.570208333333333 4.611199629477765
      vertex 0.9006307263183561 -14.728958333333333 4.611199629477765
    endloop
  endfacet
  facet normal -0.13052619222005254 0 -0.9914448613738103
    outer loop
      vertex 0 -13.353125 4.729769914001528
      vertex 0.9006307263183561 -13.300208333333334 4.611199629477765
      vertex 0.9006307263183561 -13.458958333333333 4.611199629477765
    endloop
  endfacet
  facet normal -0.13052619222005257 0 -0.9914448613738104
    outer loop
      vertex 0 -12.241875 4.729769914001528
      vertex 0 -12.083124999999999 4.729769914001528
      vertex 0.9006307263183561 -12.188958333333334 4.611199629477765
    endloop
  endfacet
  facet normal -0.13052619222005257 0 -0.9914448613738103
    outer loop
      vertex 0 -12.083124999999999 4.729769914001528
      vertex 0.9006307263183561 -12.030208333333334 4.611199629477765
      vertex 0.9006307263183561 -12.188958333333334 4.611199629477765
    endloop
  endfacet
  facet normal -0.12816995546433765 0.8588826153131772 -0.49587610915335156
    outer loop
      vertex 0 -14.781875 4.729769914001528
      vertex 0.45831872078729907 -15 4.233503899256171
      vertex 0 -15 4.351966331600565
    endloop
  endfacet
  facet normal -0.014941154018808005 -0.8659287334633493 -0.4999441873640958
    outer loop
      vertex 0 -14.623125 4.729769914001528
      vertex 0 -14.22625 4.0423622497476295
      vertex 0.9006307263183561 -14.570208333333333 4.611199629477765
    endloop
  endfacet
  facet normal -0.1281699554643383 0.8588826153131769 -0.49587610915335184
    outer loop
      vertex 0 -13.511875 4.729769914001528
      vertex 0.722716531060008 -13.855833333333333 3.9472148133858806
      vertex 0 -13.90875 4.0423622497476295
    endloop
  endfacet
  facet normal -0.11496303063680266 0.8659287334633489 -0.48677605749395897
    outer loop
      vertex 0 -14.781875 4.729769914001528
      vertex 0.9006307263183561 -14.728958333333333 4.611199629477765
      vertex 0.45831872078729907 -15 4.233503899256171
    endloop
  endfacet
  facet normal -0.11496303063680205 0.8659287334633486 -0.4867760574939596
    outer loop
      vertex 0.9006307263183561 -14.728958333333333 4.611199629477765
      vertex 0.7791260711839144 -15 4.157738083159895
      vertex 0.45831872078729907 -15 4.233503899256171
    endloop
  endfacet
  facet normal -0.11496303063680263 0.865928733463349 -0.48677605749395875
    outer loop
      vertex 0 -13.511875 4.729769914001528
      vertex 0.9006307263183561 -13.458958333333333 4.611199629477765
      vertex 0.722716531060008 -13.855833333333333 3.9472148133858806
    endloop
  endfacet
  facet normal -0.0045395109228999215 -0.8588826153131767 -0.5121523659550727
    outer loop
      vertex 0.9006307263183561 -14.570208333333333 4.611199629477765
      vertex 0 -14.22625 4.0423622497476295
      vertex 0.722716531060008 -14.173333333333334 3.9472148133858806
    endloop
  endfacet
  facet normal -0.014941154018808005 -0.8659287334633493 -0.4999441873640958
    outer loop
      vertex 0 -13.353125 4.729769914001528
      vertex 0 -12.95625 4.0423622497476295
      vertex 0.9006307263183561 -13.300208333333334 4.611199629477765
    endloop
  endfacet
  facet normal -0.014941154018809712 -0.8659287334633493 -0.4999441873640958
    outer loop
      vertex 0 -12.083124999999999 4.729769914001528
      vertex 0 -11.68625 4.0423622497476295
      vertex 0.9006307263183561 -12.030208333333334 4.611199629477765
    endloop
  endfacet
  facet normal -0.1281699554643383 0.8588826153131769 -0.49587610915335184
    outer loop
      vertex 0 -12.241875 4.729769914001528
      vertex 0.722716531060008 -12.585833333333333 3.9472148133858806
      vertex 0 -12.63875 4.0423622497476295
    endloop
  endfacet
  facet normal -0.11496303063680263 0.865928733463349 -0.48677605749395875
    outer loop
      vertex 0 -12.241875 4.729769914001528
      vertex 0.9006307263183561 -12.188958333333334 4.611199629477765
      vertex 0.722716531060008 -12.585833333333333 3.9472148133858806
    endloop
  endfacet
  facet normal -0.004539510922898139 -0.8588826153131753 -0.5121523659550747
    outer loop
      vertex 0.9006307263183561 -13.300208333333334 4.611199629477765
      vertex 0 -12.95625 4.0423622497476295
      vertex 0.722716531060008 -12.903333333333332 3.9472148133858806
    endloop
  endfacet
  facet normal -0.004539510922900204 -0.8588826153131757 -0.5121523659550743
    outer loop
      vertex 0.9006307263183561 -12.030208333333334 4.611199629477765
      vertex 0 -11.68625 4.0423622497476295
      vertex 0.722716531060008 -11.633333333333333 3.9472148133858806
    endloop
  endfacet
  facet normal -0.382683432365089 0 -0.9238795325112871
    outer loop
      vertex 0.9006307263183561 -14.728958333333333 4.611199629477765
      vertex 0.9006307263183561 -14.570208333333333 4.611199629477765
      vertex 1.7398849570007637 -14.676041666666666 4.2635691448501145
    endloop
  endfacet
  facet normal -0.382683432365089 0 -0.9238795325112871
    outer loop
      vertex 0.9006307263183561 -13.458958333333333 4.611199629477765
      vertex 0.9006307263183561 -13.300208333333334 4.611199629477765
      vertex 1.7398849570007637 -13.406041666666667 4.2635691448501145
    endloop
  endfacet
  facet normal -0.25214485119754904 0.8588826153131761 -0.44580671498684765
    outer loop
      vertex 0.9006307263183561 -14.728958333333333 4.611199629477765
      vertex 1.2911280422000357 -15 3.8681537039777187
      vertex 0.7791260711839144 -15 4.157738083159895
    endloop
  endfacet
  facet normal -0.23703267473990425 0.8659287334633492 -0.440434943741078
    outer loop
      vertex 0.9006307263183561 -14.728958333333333 4.611199629477765
      vertex 1.7398849570007637 -14.676041666666666 4.2635691448501145
      vertex 1.2911280422000357 -15 3.8681537039777187
    endloop
  endfacet
  facet normal -0.14382712371945963 -0.865928733463349 -0.47904194706220404
    outer loop
      vertex 0.9006307263183561 -14.570208333333333 4.611199629477765
      vertex 0.722716531060008 -14.173333333333334 3.9472148133858806
      vertex 1.7398849570007637 -14.517291666666667 4.2635691448501145
    endloop
  endfacet
  facet normal -0.2521448511975481 0.8588826153131766 -0.4458067149868473
    outer loop
      vertex 0.9006307263183561 -13.458958333333333 4.611199629477765
      vertex 1.3961811248738147 -13.802916666666667 3.668256644850114
      vertex 0.722716531060008 -13.855833333333333 3.9472148133858806
    endloop
  endfacet
  facet normal -0.38268343236508895 0 -0.9238795325112871
    outer loop
      vertex 0.9006307263183561 -14.570208333333333 4.611199629477765
      vertex 1.7398849570007637 -14.517291666666667 4.2635691448501145
      vertex 1.7398849570007637 -14.676041666666666 4.2635691448501145
    endloop
  endfacet
  facet normal -0.23703267473990428 0.8659287334633492 -0.440434943741078
    outer loop
      vertex 0.9006307263183561 -13.458958333333333 4.611199629477765
      vertex 1.7398849570007637 -13.406041666666667 4.2635691448501145
      vertex 1.3961811248738147 -13.802916666666667 3.668256644850114
    endloop
  endfacet
  facet normal -0.382683432365089 0 -0.9238795325112871
    outer loop
      vertex 0.9006307263183561 -12.188958333333334 4.611199629477765
      vertex 0.9006307263183561 -12.030208333333334 4.611199629477765
      vertex 1.7398849570007637 -12.136041666666667 4.2635691448501145
    endloop
  endfacet
  facet normal -0.14382712371945872 -0.8659287334633481 -0.4790419470622061
    outer loop
      vertex 0.9006307263183561 -13.300208333333334 4.611199629477765
      vertex 0.722716531060008 -12.903333333333332 3.9472148133858806
      vertex 1.7398849570007637 -13.247291666666666 4.2635691448501145
    endloop
  endfacet
  facet normal -0.2521448511975501 0.8588826153131763 -0.44580671498684665
    outer loop
      vertex 0.9006307263183561 -12.188958333333334 4.611199629477765
      vertex 1.3961811248738147 -12.532916666666665 3.668256644850114
      vertex 0.722716531060008 -12.585833333333333 3.9472148133858806
    endloop
  endfacet
  facet normal -0.14382712371945872 -0.8659287334633481 -0.4790419470622061
    outer loop
      vertex 0.9006307263183561 -12.030208333333334 4.611199629477765
      vertex 0.722716531060008 -11.633333333333333 3.9472148133858806
      vertex 1.7398849570007637 -11.977291666666666 4.2635691448501145
    endloop
  endfacet
  facet normal -0.38268343236508895 0 -0.923879532511287
    outer loop
      vertex 0.9006307263183561 -13.300208333333334 4.611199629477765
      vertex 1.7398849570007637 -13.247291666666666 4.2635691448501145
      vertex 1.7398849570007637 -13.406041666666667 4.2635691448501145
    endloop
  endfacet
  facet normal -0.38268343236508895 0 -0.923879532511287
    outer loop
      vertex 0.9006307263183561 -12.030208333333334 4.611199629477765
      vertex 1.7398849570007637 -11.977291666666666 4.2635691448501145
      vertex 1.7398849570007637 -12.136041666666667 4.2635691448501145
    endloop
  endfacet
  facet normal -0.23703267473990366 0.8659287334633502 -0.4404349437410764
    outer loop
      vertex 0.9006307263183561 -12.188958333333334 4.611199629477765
      vertex 1.7398849570007637 -12.136041666666667 4.2635691448501145
      vertex 1.3961811248738147 -12.532916666666665 3.668256644850114
    endloop
  endfacet
  facet normal -0.13052619222005254 0 -0.9914448613738102
    outer loop
      vertex 0 -10.971875 4.729769914001528
      vertex 0 -10.417242187500001 4.729769914001528
      vertex 0.9006307263183561 -10.918958333333332 4.611199629477765
    endloop
  endfacet
  facet normal -0.13052619222005254 0 -0.9914448613738103
    outer loop
      vertex 0 -10.417242187500001 4.729769914001528
      vertex 0 -10.303140625000001 4.729769914001528
      vertex 0.9006307263183561 -10.364325520833333 4.611199629477765
    endloop
  endfacet
  facet normal -0.13052619222005254 0 -0.9914448613738102
    outer loop
      vertex 0 -10.303140625000001 4.729769914001528
      vertex 0 -10.211859375 4.729769914001528
      vertex 0.9006307263183561 -10.250223958333333 4.611199629477765
    endloop
  endfacet
  facet normal -0.13052619222005257 0 -0.9914448613738103
    outer loop
      vertex 0 -10.211859375 4.729769914001528
      vertex 0 -10.1 4.729769914001528
      vertex 0.9006307263183561 -10.158942708333333 4.611199629477765
    endloop
  endfacet
  facet normal -0.13052619222005254 0 -0.9914448613738102
    outer loop
      vertex 0 -10.417242187500001 4.729769914001528
      vertex 0.9006307263183561 -10.364325520833333 4.611199629477765
      vertex 0.9006307263183561 -10.918958333333332 4.611199629477765
    endloop
  endfacet
  facet normal -0.13052619222005257 0 -0.9914448613738103
    outer loop
      vertex 0 -10.303140625000001 4.729769914001528
      vertex 0.9006307263183561 -10.250223958333333 4.611199629477765
      vertex 0.9006307263183561 -10.364325520833333 4.611199629477765
    endloop
  endfacet
  facet normal -0.13052619222005254 0 -0.9914448613738102
    outer loop
      vertex 0 -10.211859375 4.729769914001528
      vertex 0.9006307263183561 -10.158942708333333 4.611199629477765
      vertex 0.9006307263183561 -10.250223958333333 4.611199629477765
    endloop
  endfacet
  facet normal -0.13052619222005254 0 -0.9914448613738103
    outer loop
      vertex 0 -10.1 4.729769914001528
      vertex 0.9006307263183561 -10.1 4.611199629477765
      vertex 0.9006307263183561 -10.158942708333333 4.611199629477765
    endloop
  endfacet
  facet normal -0.1281699554643383 0.8588826153131769 -0.49587610915335184
    outer loop
      vertex 0 -10.971875 4.729769914001528
      vertex 0.722716531060008 -11.315833333333334 3.9472148133858806
      vertex 0 -11.36875 4.0423622497476295
    endloop
  endfacet
  facet normal -0.11496303063680445 0.8659287334633481 -0.48677605749396
    outer loop
      vertex 0 -10.971875 4.729769914001528
      vertex 0.9006307263183561 -10.918958333333332 4.611199629477765
      vertex 0.722716531060008 -11.315833333333334 3.9472148133858806
    endloop
  endfacet
  facet normal -0.38268343236508906 0 -0.9238795325112872
    outer loop
      vertex 0.9006307263183561 -10.918958333333332 4.611199629477765
      vertex 0.9006307263183561 -10.364325520833333 4.611199629477765
      vertex 1.7398849570007637 -10.866041666666666 4.2635691448501145
    endloop
  endfacet
  facet normal -0.38268343236508906 0 -0.9238795325112871
    outer loop
      vertex 0.9006307263183561 -10.364325520833333 4.611199629477765
      vertex 0.9006307263183561 -10.250223958333333 4.611199629477765
      vertex 1.7398849570007637 -10.311408854166666 4.2635691448501145
    endloop
  endfacet
  facet normal -0.382683432365089 0 -0.9238795325112871
    outer loop
      vertex 0.9006307263183561 -10.250223958333333 4.611199629477765
      vertex 0.9006307263183561 -10.158942708333333 4.611199629477765
      vertex 1.7398849570007637 -10.197307291666666 4.2635691448501145
    endloop
  endfacet
  facet normal -0.38268343236508895 0 -0.9238795325112871
    outer loop
      vertex 0.9006307263183561 -10.158942708333333 4.611199629477765
      vertex 0.9006307263183561 -10.1 4.611199629477765
      vertex 1.7398849570007637 -10.106026041666667 4.2635691448501145
    endloop
  endfacet
  facet normal -0.2521448511975507 0.8588826153131756 -0.4458067149868483
    outer loop
      vertex 0.9006307263183561 -10.918958333333332 4.611199629477765
      vertex 1.3961811248738147 -11.262916666666666 3.668256644850114
      vertex 0.722716531060008 -11.315833333333334 3.9472148133858806
    endloop
  endfacet
  facet normal -0.38268343236508906 0 -0.9238795325112871
    outer loop
      vertex 0.9006307263183561 -10.364325520833333 4.611199629477765
      vertex 1.7398849570007637 -10.311408854166666 4.2635691448501145
      vertex 1.7398849570007637 -10.866041666666666 4.2635691448501145
    endloop
  endfacet
  facet normal -0.382683432365089 0 -0.9238795325112871
    outer loop
      vertex 0.9006307263183561 -10.250223958333333 4.611199629477765
      vertex 1.7398849570007637 -10.197307291666666 4.2635691448501145
      vertex 1.7398849570007637 -10.311408854166666 4.2635691448501145
    endloop
  endfacet
  facet normal -0.382683432365089 0 -0.9238795325112871
    outer loop
      vertex 0.9006307263183561 -10.158942708333333 4.611199629477765
      vertex 1.7398849570007637 -10.106026041666667 4.2635691448501145
      vertex 1.7398849570007637 -10.197307291666666 4.2635691448501145
    endloop
  endfacet
  facet normal -0.382683432365089 0 -0.9238795325112871
    outer loop
      vertex 0.9006307263183561 -10.1 4.611199629477765
      vertex 1.7398849570007637 -10.1 4.2635691448501145
      vertex 1.7398849570007637 -10.106026041666667 4.2635691448501145
    endloop
  endfacet
  facet normal -0.23703267473990428 0.8659287334633492 -0.440434943741078
    outer loop
      vertex 0.9006307263183561 -10.918958333333332 4.611199629477765
      vertex 1.7398849570007637 -10.866041666666666 4.2635691448501145
      vertex 1.3961811248738147 -11.262916666666666 3.668256644850114
    endloop
  endfacet
  facet normal -0.13052619222005163 0 -0.9914448613738104
    outer loop
      vertex 0 -14.22625 4.0423622497476295
      vertex 0 -13.90875 4.0423622497476295
      vertex 0.722716531060008 -14.173333333333334 3.9472148133858806
    endloop
  endfacet
  facet normal -0.13052619222005163 0 -0.9914448613738104
    outer loop
      vertex 0 -13.90875 4.0423622497476295
      vertex 0.722716531060008 -13.855833333333333 3.9472148133858806
      vertex 0.722716531060008 -14.173333333333334 3.9472148133858806
    endloop
  endfacet
  facet normal -0.13052619222005163 0 -0.9914448613738104
    outer loop
      vertex 0 -12.95625 4.0423622497476295
      vertex 0 -12.63875 4.0423622497476295
      vertex 0.722716531060008 -12.903333333333332 3.9472148133858806
    endloop
  endfacet
  facet normal -0.13052619222005163 0 -0.9914448613738104
    outer loop
      vertex 0 -12.63875 4.0423622497476295
      vertex 0.722716531060008 -12.585833333333333 3.9472148133858806
      vertex 0.722716531060008 -12.903333333333332 3.9472148133858806
    endloop
  endfacet
  facet normal -0.13693961714263891 -0.8588826153131769 -0.4935262853887569
    outer loop
      vertex 0.722716531060008 -14.173333333333334 3.9472148133858806
      vertex 1.3961811248738147 -14.120416666666667 3.668256644850114
      vertex 1.7398849570007637 -14.517291666666667 4.2635691448501145
    endloop
  endfacet
  facet normal -0.3826834323650899 0 -0.9238795325112867
    outer loop
      vertex 0.722716531060008 -14.173333333333334 3.9472148133858806
      vertex 0.722716531060008 -13.855833333333333 3.9472148133858806
      vertex 1.3961811248738147 -14.120416666666667 3.668256644850114
    endloop
  endfacet
  facet normal -0.38268343236508995 0 -0.9238795325112867
    outer loop
      vertex 0.722716531060008 -13.855833333333333 3.9472148133858806
      vertex 1.3961811248738147 -13.802916666666667 3.668256644850114
      vertex 1.3961811248738147 -14.120416666666667 3.668256644850114
    endloop
  endfacet
  facet normal -0.23703267473990441 0.8659287334633493 -0.44043494374107767
    outer loop
      vertex 1.7398849570007637 -14.676041666666666 4.2635691448501145
      vertex 1.4593288105664295 -15 3.7776316448501133
      vertex 1.2911280422000357 -15 3.8681537039777187
    endloop
  endfacet
  facet normal -0.3589364920107127 0.8588826153131771 -0.3653563299244189
    outer loop
      vertex 1.7398849570007637 -14.676041666666666 4.2635691448501145
      vertex 1.960856320344522 -15 3.284916697106203
      vertex 1.4593288105664295 -15 3.7776316448501133
    endloop
  endfacet
  facet normal -0.3589364920107129 0.8588826153131768 -0.3653563299244188
    outer loop
      vertex 1.7398849570007637 -13.406041666666667 4.2635691448501145
      vertex 1.9744982823258725 -13.75 3.2244982823258725
      vertex 1.3961811248738147 -13.802916666666667 3.668256644850114
    endloop
  endfacet
  facet normal -0.38268343236508995 0 -0.9238795325112866
    outer loop
      vertex 0.722716531060008 -12.903333333333332 3.9472148133858806
      vertex 0.722716531060008 -12.585833333333333 3.9472148133858806
      vertex 1.3961811248738147 -12.850416666666666 3.668256644850114
    endloop
  endfacet
  facet normal -0.13693961714263891 -0.8588826153131769 -0.49352628538875704
    outer loop
      vertex 1.7398849570007637 -13.247291666666666 4.2635691448501145
      vertex 0.722716531060008 -12.903333333333332 3.9472148133858806
      vertex 1.3961811248738147 -12.850416666666666 3.668256644850114
    endloop
  endfacet
  facet normal -0.13693961714263891 -0.8588826153131769 -0.4935262853887569
    outer loop
      vertex 0.722716531060008 -11.633333333333333 3.9472148133858806
      vertex 1.3961811248738147 -11.580416666666666 3.668256644850114
      vertex 1.7398849570007637 -11.977291666666666 4.2635691448501145
    endloop
  endfacet
  facet normal -0.38268343236508995 0 -0.9238795325112866
    outer loop
      vertex 0.722716531060008 -12.585833333333333 3.9472148133858806
      vertex 1.3961811248738147 -12.532916666666665 3.668256644850114
      vertex 1.3961811248738147 -12.850416666666666 3.668256644850114
    endloop
  endfacet
  facet normal -0.3589364920107103 0.8588826153131781 -0.36535632992441863
    outer loop
      vertex 1.7398849570007637 -12.136041666666667 4.2635691448501145
      vertex 1.9744982823258725 -12.48 3.2244982823258725
      vertex 1.3961811248738147 -12.532916666666665 3.668256644850114
    endloop
  endfacet
  facet normal -0.6087614290087205 0 -0.7933533402912352
    outer loop
      vertex 1.3961811248738147 -14.120416666666667 3.668256644850114
      vertex 1.3961811248738147 -13.802916666666667 3.668256644850114
      vertex 1.9744982823258725 -14.067499999999999 3.2244982823258725
    endloop
  endfacet
  facet normal -0.6087614290087205 0 -0.7933533402912352
    outer loop
      vertex 1.3961811248738147 -12.850416666666666 3.668256644850114
      vertex 1.3961811248738147 -12.532916666666665 3.668256644850114
      vertex 1.9744982823258725 -12.7975 3.2244982823258725
    endloop
  endfacet
  facet normal -0.13052619222005163 0 -0.9914448613738104
    outer loop
      vertex 0 -11.68625 4.0423622497476295
      vertex 0 -11.36875 4.0423622497476295
      vertex 0.722716531060008 -11.633333333333333 3.9472148133858806
    endloop
  endfacet
  facet normal -0.13052619222005163 0 -0.9914448613738104
    outer loop
      vertex 0 -11.36875 4.0423622497476295
      vertex 0.722716531060008 -11.315833333333334 3.9472148133858806
      vertex 0.722716531060008 -11.633333333333333 3.9472148133858806
    endloop
  endfacet
  facet normal 0 -1 0
    outer loop
      vertex 0 -10.1 4.729769914001528
      vertex 0 -10.1 1.25
      vertex 0.9006307263183561 -10.1 4.611199629477765
    endloop
  endfacet
  facet normal 0 -1 0
    outer loop
      vertex 0.9006307263183561 -10.1 4.611199629477765
      vertex 0 -10.1 1.25
      vertex 1.7398849570007637 -10.1 4.2635691448501145
    endloop
  endfacet
  facet normal -0.38268343236508995 0 -0.9238795325112866
    outer loop
      vertex 0.722716531060008 -11.633333333333333 3.9472148133858806
      vertex 0.722716531060008 -11.315833333333334 3.9472148133858806
      vertex 1.3961811248738147 -11.580416666666666 3.668256644850114
    endloop
  endfacet
  facet normal -0.38268343236508995 0 -0.9238795325112866
    outer loop
      vertex 0.722716531060008 -11.315833333333334 3.9472148133858806
      vertex 1.3961811248738147 -11.262916666666666 3.668256644850114
      vertex 1.3961811248738147 -11.580416666666666 3.668256644850114
    endloop
  endfacet
  facet normal -0.3589364920107129 0.8588826153131768 -0.3653563299244188
    outer loop
      vertex 1.7398849570007637 -10.866041666666666 4.2635691448501145
      vertex 1.9744982823258725 -11.209999999999999 3.2244982823258725
      vertex 1.3961811248738147 -11.262916666666666 3.668256644850114
    endloop
  endfacet
  facet normal -0.6087614290087205 0 -0.7933533402912352
    outer loop
      vertex 1.3961811248738147 -11.580416666666666 3.668256644850114
      vertex 1.3961811248738147 -11.262916666666666 3.668256644850114
      vertex 1.9744982823258725 -11.5275 3.2244982823258725
    endloop
  endfacet
  facet normal -0.6087614290087209 0 -0.7933533402912349
    outer loop
      vertex 1.7398849570007637 -14.676041666666666 4.2635691448501145
      vertex 1.7398849570007637 -14.517291666666667 4.2635691448501145
      vertex 2.4605689031594093 -14.623125 3.7105689031594093
    endloop
  endfacet
  facet normal -0.6087614290087209 0 -0.7933533402912349
    outer loop
      vertex 1.7398849570007637 -13.406041666666667 4.2635691448501145
      vertex 1.7398849570007637 -13.247291666666666 4.2635691448501145
      vertex 2.4605689031594093 -13.353125 3.7105689031594093
    endloop
  endfacet
  facet normal -0.6087614290087209 0 -0.7933533402912349
    outer loop
      vertex 1.7398849570007637 -12.136041666666667 4.2635691448501145
      vertex 1.7398849570007637 -11.977291666666666 4.2635691448501145
      vertex 2.4605689031594093 -12.083124999999999 3.7105689031594093
    endloop
  endfacet
  facet normal -0.6087614290087209 0 -0.793353340291235
    outer loop
      vertex 1.7398849570007637 -10.866041666666666 4.2635691448501145
      vertex 1.7398849570007637 -10.311408854166666 4.2635691448501145
      vertex 2.4605689031594093 -10.813125 3.7105689031594093
    endloop
  endfacet
  facet normal -0.6087614290087209 0 -0.7933533402912349
    outer loop
      vertex 1.7398849570007637 -10.311408854166666 4.2635691448501145
      vertex 1.7398849570007637 -10.197307291666666 4.2635691448501145
      vertex 2.4605689031594093 -10.2584921875 3.7105689031594093
    endloop
  endfacet
  facet normal -0.6087614290087209 0 -0.793353340291235
    outer loop
      vertex 1.7398849570007637 -10.197307291666666 4.2635691448501145
      vertex 1.7398849570007637 -10.106026041666667 4.2635691448501145
      vertex 2.4605689031594093 -10.144390625 3.7105689031594093
    endloop
  endfacet
  facet normal -0.6087614290087209 0 -0.7933533402912348
    outer loop
      vertex 1.7398849570007637 -10.106026041666667 4.2635691448501145
      vertex 1.7398849570007637 -10.1 4.2635691448501145
      vertex 2.4605689031594093 -10.1 3.7105689031594093
    endloop
  endfacet
  facet normal -0.26291151262419127 -0.8659287334633493 -0.42549378972227025
    outer loop
      vertex 1.7398849570007637 -14.517291666666667 4.2635691448501145
      vertex 1.3961811248738147 -14.120416666666667 3.668256644850114
      vertex 2.4605689031594093 -14.464375 3.7105689031594093
    endloop
  endfacet
  facet normal -0.6087614290087209 0 -0.7933533402912349
    outer loop
      vertex 1.7398849570007637 -14.517291666666667 4.2635691448501145
      vertex 2.4605689031594093 -14.464375 3.7105689031594093
      vertex 2.4605689031594093 -14.623125 3.7105689031594093
    endloop
  endfacet
  facet normal -0.3429489337744988 0.8659287334633491 -0.3640789164254015
    outer loop
      vertex 1.7398849570007637 -14.676041666666666 4.2635691448501145
      vertex 2.4605689031594093 -14.623125 3.7105689031594093
      vertex 1.960856320344522 -15 3.284916697106203
    endloop
  endfacet
  facet normal -0.3429489337744988 0.8659287334633491 -0.36407891642540147
    outer loop
      vertex 1.7398849570007637 -13.406041666666667 4.2635691448501145
      vertex 2.4605689031594093 -13.353125 3.7105689031594093
      vertex 1.9744982823258725 -13.75 3.2244982823258725
    endloop
  endfacet
  facet normal -0.26291151262419127 -0.8659287334633493 -0.42549378972227025
    outer loop
      vertex 1.7398849570007637 -13.247291666666666 4.2635691448501145
      vertex 1.3961811248738147 -12.850416666666666 3.668256644850114
      vertex 2.4605689031594093 -13.194374999999999 3.7105689031594093
    endloop
  endfacet
  facet normal -0.6087614290087209 0 -0.7933533402912349
    outer loop
      vertex 1.7398849570007637 -13.247291666666666 4.2635691448501145
      vertex 2.4605689031594093 -13.194374999999999 3.7105689031594093
      vertex 2.4605689031594093 -13.353125 3.7105689031594093
    endloop
  endfacet
  facet normal -0.26291151262419127 -0.8659287334633493 -0.42549378972227025
    outer loop
      vertex 1.7398849570007637 -11.977291666666666 4.2635691448501145
      vertex 1.3961811248738147 -11.580416666666666 3.668256644850114
      vertex 2.4605689031594093 -11.924375 3.7105689031594093
    endloop
  endfacet
  facet normal -0.6087614290087209 0 -0.7933533402912349
    outer loop
      vertex 1.7398849570007637 -11.977291666666666 4.2635691448501145
      vertex 2.4605689031594093 -11.924375 3.7105689031594093
      vertex 2.4605689031594093 -12.083124999999999 3.7105689031594093
    endloop
  endfacet
  facet normal -0.34294893377450103 0.8659287334633482 -0.3640789164254017
    outer loop
      vertex 1.7398849570007637 -12.136041666666667 4.2635691448501145
      vertex 2.4605689031594093 -12.083124999999999 3.7105689031594093
      vertex 1.9744982823258725 -12.48 3.2244982823258725
    endloop
  endfacet
  facet normal -0.2600075147575239 -0.8588826153131756 -0.44126720406395
    outer loop
      vertex 1.3961811248738147 -14.120416666666667 3.668256644850114
      vertex 1.9744982823258725 -14.067499999999999 3.2244982823258725
      vertex 2.4605689031594093 -14.464375 3.7105689031594093
    endloop
  endfacet
  facet normal -0.34294893377449975 0.8659287334633495 -0.3640789164254001
    outer loop
      vertex 2.4605689031594093 -14.623125 3.7105689031594093
      vertex 1.9989931797537037 -15 3.248993179753704
      vertex 1.960856320344522 -15 3.284916697106203
    endloop
  endfacet
  facet normal -0.6087614290087207 0 -0.7933533402912352
    outer loop
      vertex 1.3961811248738147 -13.802916666666667 3.668256644850114
      vertex 1.9744982823258725 -13.75 3.2244982823258725
      vertex 1.9744982823258725 -14.067499999999999 3.2244982823258725
    endloop
  endfacet
  facet normal -0.44126720406394676 0.8588826153131769 -0.26000751475752504
    outer loop
      vertex 2.4605689031594093 -14.623125 3.7105689031594093
      vertex 2.1422179783980257 -15 3.005921718879427
      vertex 1.9989931797537037 -15 3.248993179753704
    endloop
  endfacet
  facet normal -0.793353340291235 0 -0.6087614290087208
    outer loop
      vertex 2.4605689031594093 -14.623125 3.7105689031594093
      vertex 2.4605689031594093 -14.464375 3.7105689031594093
      vertex 3.013569144850114 -14.570208333333333 2.989884957000764
    endloop
  endfacet
  facet normal -0.3640789164254029 -0.8659287334633481 -0.34294893377449975
    outer loop
      vertex 1.9744982823258725 -14.067499999999999 3.2244982823258725
      vertex 3.013569144850114 -14.411458333333334 2.989884957000764
      vertex 2.4605689031594093 -14.464375 3.7105689031594093
    endloop
  endfacet
  facet normal -0.44126720406394737 0.8588826153131768 -0.2600075147575245
    outer loop
      vertex 1.9744982823258725 -13.75 3.2244982823258725
      vertex 2.4605689031594093 -13.353125 3.7105689031594093
      vertex 2.418256644850114 -13.697083333333333 2.6461811248738147
    endloop
  endfacet
  facet normal -0.2600075147575245 -0.8588826153131768 -0.44126720406394737
    outer loop
      vertex 2.4605689031594093 -13.194374999999999 3.7105689031594093
      vertex 1.3961811248738147 -12.850416666666666 3.668256644850114
      vertex 1.9744982823258725 -12.7975 3.2244982823258725
    endloop
  endfacet
  facet normal -0.6087614290087205 0 -0.7933533402912353
    outer loop
      vertex 1.3961811248738147 -12.532916666666665 3.668256644850114
      vertex 1.9744982823258725 -12.48 3.2244982823258725
      vertex 1.9744982823258725 -12.7975 3.2244982823258725
    endloop
  endfacet
  facet normal -0.2600075147575245 -0.8588826153131768 -0.44126720406394737
    outer loop
      vertex 1.3961811248738147 -11.580416666666666 3.668256644850114
      vertex 1.9744982823258725 -11.5275 3.2244982823258725
      vertex 2.4605689031594093 -11.924375 3.7105689031594093
    endloop
  endfacet
  facet normal -0.793353340291235 0 -0.6087614290087208
    outer loop
      vertex 2.4605689031594093 -13.353125 3.7105689031594093
      vertex 2.4605689031594093 -13.194374999999999 3.7105689031594093
      vertex 3.013569144850114 -13.300208333333334 2.989884957000764
    endloop
  endfacet
  facet normal -0.793353340291235 0 -0.6087614290087208
    outer loop
      vertex 2.4605689031594093 -12.083124999999999 3.7105689031594093
      vertex 2.4605689031594093 -11.924375 3.7105689031594093
      vertex 3.013569144850114 -12.030208333333334 2.989884957000764
    endloop
  endfacet
  facet normal -0.3640789164254015 -0.8659287334633491 -0.3429489337744987
    outer loop
      vertex 2.4605689031594093 -13.194374999999999 3.7105689031594093
      vertex 1.9744982823258725 -12.7975 3.2244982823258725
      vertex 3.013569144850114 -13.141458333333333 2.989884957000764
    endloop
  endfacet
  facet normal -0.4412672040639486 0.8588826153131758 -0.2600075147575255
    outer loop
      vertex 1.9744982823258725 -12.48 3.2244982823258725
      vertex 2.4605689031594093 -12.083124999999999 3.7105689031594093
      vertex 2.418256644850114 -12.427083333333334 2.6461811248738147
    endloop
  endfacet
  facet normal -0.3640789164254016 -0.8659287334633492 -0.34294893377449875
    outer loop
      vertex 1.9744982823258725 -11.5275 3.2244982823258725
      vertex 3.013569144850114 -11.871458333333333 2.989884957000764
      vertex 2.4605689031594093 -11.924375 3.7105689031594093
    endloop
  endfacet
  facet normal -0.793353340291235 0 -0.6087614290087208
    outer loop
      vertex 2.4605689031594093 -14.464375 3.7105689031594093
      vertex 3.013569144850114 -14.411458333333334 2.989884957000764
      vertex 3.013569144850114 -14.570208333333333 2.989884957000764
    endloop
  endfacet
  facet normal -0.793353340291235 0 -0.6087614290087208
    outer loop
      vertex 2.4605689031594093 -13.194374999999999 3.7105689031594093
      vertex 3.013569144850114 -13.141458333333333 2.989884957000764
      vertex 3.013569144850114 -13.300208333333334 2.989884957000764
    endloop
  endfacet
  facet normal -0.793353340291235 0 -0.6087614290087208
    outer loop
      vertex 2.4605689031594093 -11.924375 3.7105689031594093
      vertex 3.013569144850114 -11.871458333333333 2.989884957000764
      vertex 3.013569144850114 -12.030208333333334 2.989884957000764
    endloop
  endfacet
  facet normal -0.608761429008721 0 -0.7933533402912349
    outer loop
      vertex 1.7398849570007637 -10.311408854166666 4.2635691448501145
      vertex 2.4605689031594093 -10.2584921875 3.7105689031594093
      vertex 2.4605689031594093 -10.813125 3.7105689031594093
    endloop
  endfacet
  facet normal -0.6087614290087209 0 -0.7933533402912349
    outer loop
      vertex 1.7398849570007637 -10.197307291666666 4.2635691448501145
      vertex 2.4605689031594093 -10.144390625 3.7105689031594093
      vertex 2.4605689031594093 -10.2584921875 3.7105689031594093
    endloop
  endfacet
  facet normal -0.6087614290087209 0 -0.7933533402912349
    outer loop
      vertex 1.7398849570007637 -10.106026041666667 4.2635691448501145
      vertex 2.4605689031594093 -10.1 3.7105689031594093
      vertex 2.4605689031594093 -10.144390625 3.7105689031594093
    endloop
  endfacet
  facet normal -0.3429489337744988 0.8659287334633491 -0.36407891642540147
    outer loop
      vertex 1.7398849570007637 -10.866041666666666 4.2635691448501145
      vertex 2.4605689031594093 -10.813125 3.7105689031594093
      vertex 1.9744982823258725 -11.209999999999999 3.2244982823258725
    endloop
  endfacet
  facet normal -0.6087614290087205 0 -0.7933533402912352
    outer loop
      vertex 1.3961811248738147 -11.262916666666666 3.668256644850114
      vertex 1.9744982823258725 -11.209999999999999 3.2244982823258725
      vertex 1.9744982823258725 -11.5275 3.2244982823258725
    endloop
  endfacet
  facet normal -0.793353340291235 0 -0.6087614290087208
    outer loop
      vertex 2.4605689031594093 -10.813125 3.7105689031594093
      vertex 2.4605689031594093 -10.2584921875 3.7105689031594093
      vertex 3.013569144850114 -10.760208333333333 2.989884957000764
    endloop
  endfacet
  facet normal -0.793353340291235 0 -0.6087614290087207
    outer loop
      vertex 2.4605689031594093 -10.2584921875 3.7105689031594093
      vertex 2.4605689031594093 -10.144390625 3.7105689031594093
      vertex 3.013569144850114 -10.205575520833333 2.989884957000764
    endloop
  endfacet
  facet normal -0.793353340291235 0 -0.6087614290087208
    outer loop
      vertex 2.4605689031594093 -10.144390625 3.7105689031594093
      vertex 2.4605689031594093 -10.1 3.7105689031594093
      vertex 3.013569144850114 -10.1 2.989884957000764
    endloop
  endfacet
  facet normal -0.44126720406394737 0.8588826153131768 -0.2600075147575245
    outer loop
      vertex 1.9744982823258725 -11.209999999999999 3.2244982823258725
      vertex 2.4605689031594093 -10.813125 3.7105689031594093
      vertex 2.418256644850114 -11.157083333333333 2.6461811248738147
    endloop
  endfacet
  facet normal -0.793353340291235 0 -0.6087614290087208
    outer loop
      vertex 2.4605689031594093 -10.2584921875 3.7105689031594093
      vertex 3.013569144850114 -10.205575520833333 2.989884957000764
      vertex 3.013569144850114 -10.760208333333333 2.989884957000764
    endloop
  endfacet
  facet normal -0.793353340291235 0 -0.6087614290087208
    outer loop
      vertex 2.4605689031594093 -10.144390625 3.7105689031594093
      vertex 3.013569144850114 -10.1 2.989884957000764
      vertex 3.013569144850114 -10.205575520833333 2.989884957000764
    endloop
  endfacet
  facet normal 0 -1 0
    outer loop
      vertex 1.7398849570007637 -10.1 4.2635691448501145
      vertex 0 -10.1 1.25
      vertex 2.4605689031594093 -10.1 3.7105689031594093
    endloop
  endfacet
  facet normal -0.7933533402912352 0 -0.6087614290087207
    outer loop
      vertex 1.9744982823258725 -14.067499999999999 3.2244982823258725
      vertex 1.9744982823258725 -13.75 3.2244982823258725
      vertex 2.418256644850114 -14.014583333333333 2.6461811248738147
    endloop
  endfacet
  facet normal -0.44126720406394787 0.8588826153131766 -0.26000751475752437
    outer loop
      vertex 2.4605689031594093 -14.623125 3.7105689031594093
      vertex 2.418256644850114 -14.967083333333333 2.6461811248738147
      vertex 2.1422179783980257 -15 3.005921718879427
    endloop
  endfacet
  facet normal -0.4254937897222704 0.8659287334633492 -0.26291151262419127
    outer loop
      vertex 2.4605689031594093 -14.623125 3.7105689031594093
      vertex 3.013569144850114 -14.570208333333333 2.989884957000764
      vertex 2.418256644850114 -14.967083333333333 2.6461811248738147
    endloop
  endfacet
  facet normal -0.4254937897222704 0.8659287334633492 -0.26291151262419127
    outer loop
      vertex 2.4605689031594093 -13.353125 3.7105689031594093
      vertex 3.013569144850114 -13.300208333333334 2.989884957000764
      vertex 2.418256644850114 -13.697083333333333 2.6461811248738147
    endloop
  endfacet
  facet normal -0.3653563299244202 -0.8588826153131758 -0.358936492010714
    outer loop
      vertex 1.9744982823258725 -14.067499999999999 3.2244982823258725
      vertex 2.418256644850114 -14.014583333333333 2.6461811248738147
      vertex 3.013569144850114 -14.411458333333334 2.989884957000764
    endloop
  endfacet
  facet normal -0.7933533402912352 0 -0.6087614290087207
    outer loop
      vertex 2.418256644850114 -14.967083333333333 2.6461811248738147
      vertex 2.418256644850114 -15 2.6461811248738147
      vertex 2.1422179783980257 -15 3.005921718879427
    endloop
  endfacet
  facet normal -0.7933533402912352 0 -0.6087614290087207
    outer loop
      vertex 1.9744982823258725 -13.75 3.2244982823258725
      vertex 2.418256644850114 -13.697083333333333 2.6461811248738147
      vertex 2.418256644850114 -14.014583333333333 2.6461811248738147
    endloop
  endfacet
  facet normal -0.7933533402912352 0 -0.6087614290087207
    outer loop
      vertex 1.9744982823258725 -12.7975 3.2244982823258725
      vertex 1.9744982823258725 -12.48 3.2244982823258725
      vertex 2.418256644850114 -12.744583333333333 2.6461811248738147
    endloop
  endfacet
  facet normal -0.3653563299244188 -0.8588826153131768 -0.358936492010713
    outer loop
      vertex 1.9744982823258725 -12.7975 3.2244982823258725
      vertex 2.418256644850114 -12.744583333333333 2.6461811248738147
      vertex 3.013569144850114 -13.141458333333333 2.989884957000764
    endloop
  endfacet
  facet normal -0.4254937897222696 0.8659287334633492 -0.26291151262419277
    outer loop
      vertex 2.4605689031594093 -12.083124999999999 3.7105689031594093
      vertex 3.013569144850114 -12.030208333333334 2.989884957000764
      vertex 2.418256644850114 -12.427083333333334 2.6461811248738147
    endloop
  endfacet
  facet normal -0.7933533402912352 0 -0.6087614290087207
    outer loop
      vertex 1.9744982823258725 -12.48 3.2244982823258725
      vertex 2.418256644850114 -12.427083333333334 2.6461811248738147
      vertex 2.418256644850114 -12.744583333333333 2.6461811248738147
    endloop
  endfacet
  facet normal -0.9238795325112866 0 -0.38268343236508995
    outer loop
      vertex 2.418256644850114 -14.967083333333333 2.6461811248738147
      vertex 2.6972148133858806 -15 1.972716531060008
      vertex 2.418256644850114 -15 2.6461811248738147
    endloop
  endfacet
  facet normal -0.9238795325112867 0 -0.38268343236509
    outer loop
      vertex 2.418256644850114 -14.967083333333333 2.6461811248738147
      vertex 2.6972148133858806 -14.914166666666667 1.972716531060008
      vertex 2.6972148133858806 -15 1.972716531060008
    endloop
  endfacet
  facet normal -0.9238795325112866 0 -0.38268343236509
    outer loop
      vertex 2.418256644850114 -14.014583333333333 2.6461811248738147
      vertex 2.418256644850114 -13.697083333333333 2.6461811248738147
      vertex 2.6972148133858806 -13.961666666666666 1.972716531060008
    endloop
  endfacet
  facet normal -0.9238795325112866 0 -0.38268343236509
    outer loop
      vertex 2.418256644850114 -13.697083333333333 2.6461811248738147
      vertex 2.6972148133858806 -13.644166666666667 1.972716531060008
      vertex 2.6972148133858806 -13.961666666666666 1.972716531060008
    endloop
  endfacet
  facet normal -0.9238795325112866 0 -0.38268343236509
    outer loop
      vertex 2.418256644850114 -12.744583333333333 2.6461811248738147
      vertex 2.418256644850114 -12.427083333333334 2.6461811248738147
      vertex 2.6972148133858806 -12.691666666666666 1.972716531060008
    endloop
  endfacet
  facet normal -0.9238795325112867 0 -0.38268343236509006
    outer loop
      vertex 2.418256644850114 -12.427083333333334 2.6461811248738147
      vertex 2.6972148133858806 -12.374166666666666 1.972716531060008
      vertex 2.6972148133858806 -12.691666666666666 1.972716531060008
    endloop
  endfacet
  facet normal -0.9238795325112867 0 -0.3826834323650898
    outer loop
      vertex 3.013569144850114 -14.570208333333333 2.989884957000764
      vertex 3.013569144850114 -14.411458333333334 2.989884957000764
      vertex 3.3611996294777655 -14.517291666666667 2.150630726318356
    endloop
  endfacet
  facet normal -0.9238795325112867 0 -0.3826834323650898
    outer loop
      vertex 3.013569144850114 -13.300208333333334 2.989884957000764
      vertex 3.013569144850114 -13.141458333333333 2.989884957000764
      vertex 3.3611996294777655 -13.247291666666666 2.150630726318356
    endloop
  endfacet
  facet normal -0.9238795325112867 0 -0.3826834323650898
    outer loop
      vertex 3.013569144850114 -12.030208333333334 2.989884957000764
      vertex 3.013569144850114 -11.871458333333333 2.989884957000764
      vertex 3.3611996294777655 -11.977291666666666 2.150630726318356
    endloop
  endfacet
  facet normal -0.4935262853887571 0.8588826153131768 -0.13693961714263903
    outer loop
      vertex 2.418256644850114 -14.967083333333333 2.6461811248738147
      vertex 3.013569144850114 -14.570208333333333 2.989884957000764
      vertex 2.6972148133858806 -14.914166666666667 1.972716531060008
    endloop
  endfacet
  facet normal -0.4404349437410787 -0.8659287334633482 -0.23703267473990677
    outer loop
      vertex 2.418256644850114 -14.014583333333333 2.6461811248738147
      vertex 3.3611996294777655 -14.358541666666666 2.150630726318356
      vertex 3.013569144850114 -14.411458333333334 2.989884957000764
    endloop
  endfacet
  facet normal -0.4935262853887571 0.8588826153131768 -0.13693961714263903
    outer loop
      vertex 2.418256644850114 -13.697083333333333 2.6461811248738147
      vertex 3.013569144850114 -13.300208333333334 2.989884957000764
      vertex 2.6972148133858806 -13.644166666666667 1.972716531060008
    endloop
  endfacet
  facet normal -0.47904194706220377 0.8659287334633491 -0.14382712371946
    outer loop
      vertex 2.6972148133858806 -14.914166666666667 1.972716531060008
      vertex 3.013569144850114 -14.570208333333333 2.989884957000764
      vertex 3.3611996294777655 -14.517291666666667 2.150630726318356
    endloop
  endfacet
  facet normal -0.4458067149868471 -0.8588826153131767 -0.2521448511975481
    outer loop
      vertex 2.418256644850114 -14.014583333333333 2.6461811248738147
      vertex 2.6972148133858806 -13.961666666666666 1.972716531060008
      vertex 3.3611996294777655 -14.358541666666666 2.150630726318356
    endloop
  endfacet
  facet normal -0.4790419470622057 0.8659287334633481 -0.14382712371945905
    outer loop
      vertex 2.6972148133858806 -13.644166666666667 1.972716531060008
      vertex 3.013569144850114 -13.300208333333334 2.989884957000764
      vertex 3.3611996294777655 -13.247291666666666 2.150630726318356
    endloop
  endfacet
  facet normal -0.9238795325112867 0 -0.38268343236508984
    outer loop
      vertex 3.013569144850114 -14.411458333333334 2.989884957000764
      vertex 3.3611996294777655 -14.358541666666666 2.150630726318356
      vertex 3.3611996294777655 -14.517291666666667 2.150630726318356
    endloop
  endfacet
  facet normal -0.44043494374107794 -0.8659287334633491 -0.2370326747399046
    outer loop
      vertex 2.418256644850114 -12.744583333333333 2.6461811248738147
      vertex 3.3611996294777655 -13.088541666666666 2.150630726318356
      vertex 3.013569144850114 -13.141458333333333 2.989884957000764
    endloop
  endfacet
  facet normal -0.4935262853887581 0.8588826153131767 -0.13693961714263717
    outer loop
      vertex 2.418256644850114 -12.427083333333334 2.6461811248738147
      vertex 3.013569144850114 -12.030208333333334 2.989884957000764
      vertex 2.6972148133858806 -12.374166666666666 1.972716531060008
    endloop
  endfacet
  facet normal -0.44043494374107794 -0.8659287334633491 -0.2370326747399046
    outer loop
      vertex 2.418256644850114 -11.474583333333333 2.6461811248738147
      vertex 3.3611996294777655 -11.818541666666667 2.150630726318356
      vertex 3.013569144850114 -11.871458333333333 2.989884957000764
    endloop
  endfacet
  facet normal -0.4458067149868471 -0.8588826153131767 -0.2521448511975481
    outer loop
      vertex 2.418256644850114 -12.744583333333333 2.6461811248738147
      vertex 2.6972148133858806 -12.691666666666666 1.972716531060008
      vertex 3.3611996294777655 -13.088541666666666 2.150630726318356
    endloop
  endfacet
  facet normal -0.4790419470622042 0.8659287334633491 -0.14382712371945833
    outer loop
      vertex 2.6972148133858806 -12.374166666666666 1.972716531060008
      vertex 3.013569144850114 -12.030208333333334 2.989884957000764
      vertex 3.3611996294777655 -11.977291666666666 2.150630726318356
    endloop
  endfacet
  facet normal -0.9238795325112867 0 -0.38268343236508984
    outer loop
      vertex 3.013569144850114 -13.141458333333333 2.989884957000764
      vertex 3.3611996294777655 -13.088541666666666 2.150630726318356
      vertex 3.3611996294777655 -13.247291666666666 2.150630726318356
    endloop
  endfacet
  facet normal -0.9238795325112867 0 -0.38268343236508984
    outer loop
      vertex 3.013569144850114 -11.871458333333333 2.989884957000764
      vertex 3.3611996294777655 -11.818541666666667 2.150630726318356
      vertex 3.3611996294777655 -11.977291666666666 2.150630726318356
    endloop
  endfacet
  facet normal -0.7933533402912352 0 -0.6087614290087205
    outer loop
      vertex 1.9744982823258725 -11.5275 3.2244982823258725
      vertex 1.9744982823258725 -11.209999999999999 3.2244982823258725
      vertex 2.418256644850114 -11.474583333333333 2.6461811248738147
    endloop
  endfacet
  facet normal -0.4254937897222704 0.8659287334633492 -0.26291151262419127
    outer loop
      vertex 2.4605689031594093 -10.813125 3.7105689031594093
      vertex 3.013569144850114 -10.760208333333333 2.989884957000764
      vertex 2.418256644850114 -11.157083333333333 2.6461811248738147
    endloop
  endfacet
  facet normal -0.3653563299244188 -0.8588826153131768 -0.358936492010713
    outer loop
      vertex 1.9744982823258725 -11.5275 3.2244982823258725
      vertex 2.418256644850114 -11.474583333333333 2.6461811248738147
      vertex 3.013569144850114 -11.871458333333333 2.989884957000764
    endloop
  endfacet
  facet normal -0.7933533402912352 0 -0.6087614290087205
    outer loop
      vertex 1.9744982823258725 -11.209999999999999 3.2244982823258725
      vertex 2.418256644850114 -11.157083333333333 2.6461811248738147
      vertex 2.418256644850114 -11.474583333333333 2.6461811248738147
    endloop
  endfacet
  facet normal 0 -1 0
    outer loop
      vertex 2.4605689031594093 -10.1 3.7105689031594093
      vertex 0 -10.1 1.25
      vertex 3.013569144850114 -10.1 2.989884957000764
    endloop
  endfacet
  facet normal -0.9238795325112867 0 -0.38268343236509
    outer loop
      vertex 2.418256644850114 -11.474583333333333 2.6461811248738147
      vertex 2.418256644850114 -11.157083333333333 2.6461811248738147
      vertex 2.6972148133858806 -11.421666666666667 1.972716531060008
    endloop
  endfacet
  facet normal -0.9238795325112867 0 -0.38268343236509
    outer loop
      vertex 2.418256644850114 -11.157083333333333 2.6461811248738147
      vertex 2.6972148133858806 -11.104166666666666 1.972716531060008
      vertex 2.6972148133858806 -11.421666666666667 1.972716531060008
    endloop
  endfacet
  facet normal -0.9238795325112868 0 -0.38268343236508984
    outer loop
      vertex 3.013569144850114 -10.760208333333333 2.989884957000764
      vertex 3.013569144850114 -10.205575520833333 2.989884957000764
      vertex 3.3611996294777655 -10.707291666666666 2.150630726318356
    endloop
  endfacet
  facet normal -0.9238795325112867 0 -0.3826834323650898
    outer loop
      vertex 3.013569144850114 -10.205575520833333 2.989884957000764
      vertex 3.013569144850114 -10.1 2.989884957000764
      vertex 3.3611996294777655 -10.152658854166667 2.150630726318356
    endloop
  endfacet
  facet normal -0.4935262853887571 0.8588826153131768 -0.13693961714263903
    outer loop
      vertex 2.418256644850114 -11.157083333333333 2.6461811248738147
      vertex 3.013569144850114 -10.760208333333333 2.989884957000764
      vertex 2.6972148133858806 -11.104166666666666 1.972716531060008
    endloop
  endfacet
  facet normal -0.4458067149868471 -0.8588826153131767 -0.2521448511975481
    outer loop
      vertex 2.418256644850114 -11.474583333333333 2.6461811248738147
      vertex 2.6972148133858806 -11.421666666666667 1.972716531060008
      vertex 3.3611996294777655 -11.818541666666667 2.150630726318356
    endloop
  endfacet
  facet normal -0.47904194706220377 0.8659287334633491 -0.14382712371946
    outer loop
      vertex 2.6972148133858806 -11.104166666666666 1.972716531060008
      vertex 3.013569144850114 -10.760208333333333 2.989884957000764
      vertex 3.3611996294777655 -10.707291666666666 2.150630726318356
    endloop
  endfacet
  facet normal -0.9238795325112867 0 -0.3826834323650899
    outer loop
      vertex 3.013569144850114 -10.205575520833333 2.989884957000764
      vertex 3.3611996294777655 -10.152658854166667 2.150630726318356
      vertex 3.3611996294777655 -10.707291666666666 2.150630726318356
    endloop
  endfacet
  facet normal -0.9238795325112867 0 -0.3826834323650898
    outer loop
      vertex 3.013569144850114 -10.1 2.989884957000764
      vertex 3.3611996294777655 -10.1 2.150630726318356
      vertex 3.3611996294777655 -10.152658854166667 2.150630726318356
    endloop
  endfacet
  facet normal -0.9914448613738104 0 -0.1305261922200516
    outer loop
      vertex 2.6972148133858806 -14.914166666666667 1.972716531060008
      vertex 2.7923622497476295 -15 1.25
      vertex 2.6972148133858806 -15 1.972716531060008
    endloop
  endfacet
  facet normal -0.5121523659550724 0.8588826153131767 -0.004539510922899894
    outer loop
      vertex 2.6972148133858806 -14.914166666666667 1.972716531060008
      vertex 3.3611996294777655 -14.517291666666667 2.150630726318356
      vertex 2.7923622497476295 -14.86125 1.25
    endloop
  endfacet
  facet normal -0.9914448613738104 0 -0.1305261922200516
    outer loop
      vertex 2.6972148133858806 -13.961666666666666 1.972716531060008
      vertex 2.6972148133858806 -13.644166666666667 1.972716531060008
      vertex 2.7923622497476295 -13.90875 1.25
    endloop
  endfacet
  facet normal -0.5121523659550741 0.8588826153131757 -0.0045395109229001765
    outer loop
      vertex 2.6972148133858806 -13.644166666666667 1.972716531060008
      vertex 3.3611996294777655 -13.247291666666666 2.150630726318356
      vertex 2.7923622497476295 -13.59125 1.25
    endloop
  endfacet
  facet normal -0.4867760574939586 -0.8659287334633491 -0.11496303063680212
    outer loop
      vertex 2.6972148133858806 -13.961666666666666 1.972716531060008
      vertex 3.4797699140015275 -14.305625 1.25
      vertex 3.3611996294777655 -14.358541666666666 2.150630726318356
    endloop
  endfacet
  facet normal -0.9914448613738104 0 -0.13052619222005157
    outer loop
      vertex 3.3611996294777655 -14.517291666666667 2.150630726318356
      vertex 3.3611996294777655 -14.358541666666666 2.150630726318356
      vertex 3.4797699140015275 -14.464375 1.25
    endloop
  endfacet
  facet normal -0.9914448613738105 0 -0.13052619222005163
    outer loop
      vertex 2.6972148133858806 -12.691666666666666 1.972716531060008
      vertex 2.6972148133858806 -12.374166666666666 1.972716531060008
      vertex 2.7923622497476295 -12.63875 1.25
    endloop
  endfacet
  facet normal -0.5121523659550724 0.8588826153131767 -0.004539510922899894
    outer loop
      vertex 2.6972148133858806 -12.374166666666666 1.972716531060008
      vertex 3.3611996294777655 -11.977291666666666 2.150630726318356
      vertex 2.7923622497476295 -12.32125 1.25
    endloop
  endfacet
  facet normal -0.4867760574939586 -0.8659287334633491 -0.11496303063680212
    outer loop
      vertex 2.6972148133858806 -12.691666666666666 1.972716531060008
      vertex 3.4797699140015275 -13.035625 1.25
      vertex 3.3611996294777655 -13.088541666666666 2.150630726318356
    endloop
  endfacet
  facet normal -0.9914448613738105 0 -0.13052619222005157
    outer loop
      vertex 3.3611996294777655 -13.247291666666666 2.150630726318356
      vertex 3.3611996294777655 -13.088541666666666 2.150630726318356
      vertex 3.4797699140015275 -13.194374999999999 1.25
    endloop
  endfacet
  facet normal -0.4867760574939586 -0.8659287334633491 -0.11496303063680212
    outer loop
      vertex 2.6972148133858806 -11.421666666666667 1.972716531060008
      vertex 3.4797699140015275 -11.765625 1.25
      vertex 3.3611996294777655 -11.818541666666667 2.150630726318356
    endloop
  endfacet
  facet normal -0.9914448613738105 0 -0.13052619222005157
    outer loop
      vertex 3.3611996294777655 -11.977291666666666 2.150630726318356
      vertex 3.3611996294777655 -11.818541666666667 2.150630726318356
      vertex 3.4797699140015275 -11.924375 1.25
    endloop
  endfacet
  facet normal -0.9914448613738105 0 -0.1305261922200516
    outer loop
      vertex 2.6972148133858806 -14.914166666666667 1.972716531060008
      vertex 2.7923622497476295 -14.86125 1.25
      vertex 2.7923622497476295 -15 1.25
    endloop
  endfacet
  facet normal -0.9914448613738104 0 -0.1305261922200516
    outer loop
      vertex 2.6972148133858806 -13.644166666666667 1.972716531060008
      vertex 2.7923622497476295 -13.59125 1.25
      vertex 2.7923622497476295 -13.90875 1.25
    endloop
  endfacet
  facet normal -0.495876109153352 -0.8588826153131768 -0.1281699554643383
    outer loop
      vertex 2.6972148133858806 -13.961666666666666 1.972716531060008
      vertex 2.7923622497476295 -13.90875 1.25
      vertex 3.4797699140015275 -14.305625 1.25
    endloop
  endfacet
  facet normal -0.49994418736409596 0.8659287334633491 -0.014941154018807546
    outer loop
      vertex 3.3611996294777655 -14.517291666666667 2.150630726318356
      vertex 3.4797699140015275 -14.464375 1.25
      vertex 2.7923622497476295 -14.86125 1.25
    endloop
  endfacet
  facet normal -0.9914448613738104 0 -0.13052619222005157
    outer loop
      vertex 3.3611996294777655 -14.358541666666666 2.150630726318356
      vertex 3.4797699140015275 -14.305625 1.25
      vertex 3.4797699140015275 -14.464375 1.25
    endloop
  endfacet
  facet normal -0.4999441873640976 0.8659287334633481 -0.01494115401880783
    outer loop
      vertex 3.3611996294777655 -13.247291666666666 2.150630726318356
      vertex 3.4797699140015275 -13.194374999999999 1.25
      vertex 2.7923622497476295 -13.59125 1.25
    endloop
  endfacet
  facet normal -0.495876109153352 -0.8588826153131768 -0.1281699554643383
    outer loop
      vertex 2.6972148133858806 -12.691666666666666 1.972716531060008
      vertex 2.7923622497476295 -12.63875 1.25
      vertex 3.4797699140015275 -13.035625 1.25
    endloop
  endfacet
  facet normal -0.9914448613738104 0 -0.13052619222005157
    outer loop
      vertex 2.6972148133858806 -12.374166666666666 1.972716531060008
      vertex 2.7923622497476295 -12.32125 1.25
      vertex 2.7923622497476295 -12.63875 1.25
    endloop
  endfacet
  facet normal -0.9914448613738105 0 -0.13052619222005157
    outer loop
      vertex 3.3611996294777655 -13.088541666666666 2.150630726318356
      vertex 3.4797699140015275 -13.035625 1.25
      vertex 3.4797699140015275 -13.194374999999999 1.25
    endloop
  endfacet
  facet normal -0.49994418736409596 0.8659287334633491 -0.014941154018807546
    outer loop
      vertex 3.3611996294777655 -11.977291666666666 2.150630726318356
      vertex 3.4797699140015275 -11.924375 1.25
      vertex 2.7923622497476295 -12.32125 1.25
    endloop
  endfacet
  facet normal -0.9914448613738105 0 -0.13052619222005157
    outer loop
      vertex 3.3611996294777655 -11.818541666666667 2.150630726318356
      vertex 3.4797699140015275 -11.765625 1.25
      vertex 3.4797699140015275 -11.924375 1.25
    endloop
  endfacet
  facet normal 0 -1 0
    outer loop
      vertex 3.013569144850114 -10.1 2.989884957000764
      vertex 0 -10.1 1.25
      vertex 3.3611996294777655 -10.1 2.150630726318356
    endloop
  endfacet
  facet normal 0 -1 0
    outer loop
      vertex 3.3611996294777655 -10.1 2.150630726318356
      vertex 0 -10.1 1.25
      vertex 3.4797699140015275 -10.1 1.25
    endloop
  endfacet
  facet normal -0.9914448613738105 0 -0.13052619222005163
    outer loop
      vertex 2.6972148133858806 -11.421666666666667 1.972716531060008
      vertex 2.6972148133858806 -11.104166666666666 1.972716531060008
      vertex 2.7923622497476295 -11.36875 1.25
    endloop
  endfacet
  facet normal -0.5121523659550724 0.8588826153131767 -0.004539510922899894
    outer loop
      vertex 2.6972148133858806 -11.104166666666666 1.972716531060008
      vertex 3.3611996294777655 -10.707291666666666 2.150630726318356
      vertex 2.7923622497476295 -11.05125 1.25
    endloop
  endfacet
  facet normal -0.9914448613738105 0 -0.1305261922200516
    outer loop
      vertex 3.3611996294777655 -10.707291666666666 2.150630726318356
      vertex 3.3611996294777655 -10.152658854166667 2.150630726318356
      vertex 3.4797699140015275 -10.654375 1.25
    endloop
  endfacet
  facet normal -0.9914448613738105 0 -0.1305261922200516
    outer loop
      vertex 3.3611996294777655 -10.152658854166667 2.150630726318356
      vertex 3.3611996294777655 -10.1 2.150630726318356
      vertex 3.4797699140015275 -10.1 1.25
    endloop
  endfacet
  facet normal -0.9914448613738104 0 -0.13052619222005157
    outer loop
      vertex 2.6972148133858806 -11.104166666666666 1.972716531060008
      vertex 2.7923622497476295 -11.05125 1.25
      vertex 2.7923622497476295 -11.36875 1.25
    endloop
  endfacet
  facet normal -0.495876109153352 -0.8588826153131768 -0.1281699554643383
    outer loop
      vertex 2.6972148133858806 -11.421666666666667 1.972716531060008
      vertex 2.7923622497476295 -11.36875 1.25
      vertex 3.4797699140015275 -11.765625 1.25
    endloop
  endfacet
  facet normal -0.49994418736409596 0.8659287334633491 -0.014941154018807546
    outer loop
      vertex 3.3611996294777655 -10.707291666666666 2.150630726318356
      vertex 3.4797699140015275 -10.654375 1.25
      vertex 2.7923622497476295 -11.05125 1.25
    endloop
  endfacet
  facet normal -0.9914448613738104 0 -0.13052619222005157
    outer loop
      vertex 3.3611996294777655 -10.152658854166667 2.150630726318356
      vertex 3.4797699140015275 -10.1 1.25
      vertex 3.4797699140015275 -10.654375 1.25
    endloop
  endfacet
  facet normal 0 -1 0
    outer loop
      vertex 0 -10.1 1.25
      vertex 1.7398849570007637 -10.1 -1.763569144850114
      vertex 2.4605689031594093 -10.1 -1.2105689031594093
    endloop
  endfacet
  facet normal -0.9914448613738103 0 0.13052619222005163
    outer loop
      vertex 2.7923622497476295 -14.86125 1.25
      vertex 2.6972148133858806 -15 0.527283468939992
      vertex 2.7923622497476295 -15 1.25
    endloop
  endfacet
  facet normal -0.4958761091533521 0.8588826153131768 0.12816995546433832
    outer loop
      vertex 2.7923622497476295 -14.86125 1.25
      vertex 3.4797699140015275 -14.464375 1.25
      vertex 2.6972148133858806 -14.808333333333334 0.527283468939992
    endloop
  endfacet
  facet normal -0.9914448613738104 0 0.13052619222005163
    outer loop
      vertex 2.7923622497476295 -13.90875 1.25
      vertex 2.7923622497476295 -13.59125 1.25
      vertex 2.6972148133858806 -13.855833333333333 0.527283468939992
    endloop
  endfacet
  facet normal -0.4958761091533538 0.8588826153131759 0.12816995546433846
    outer loop
      vertex 2.7923622497476295 -13.59125 1.25
      vertex 3.4797699140015275 -13.194374999999999 1.25
      vertex 2.6972148133858806 -13.538333333333334 0.527283468939992
    endloop
  endfacet
  facet normal -0.9914448613738104 0 0.1305261922200516
    outer loop
      vertex 3.4797699140015275 -14.464375 1.25
      vertex 3.4797699140015275 -14.305625 1.25
      vertex 3.3611996294777655 -14.411458333333334 0.34936927368164394
    endloop
  endfacet
  facet normal -0.49994418736409596 -0.8659287334633491 0.014941154018807582
    outer loop
      vertex 2.7923622497476295 -13.90875 1.25
      vertex 3.3611996294777655 -14.252708333333333 0.34936927368164394
      vertex 3.4797699140015275 -14.305625 1.25
    endloop
  endfacet
  facet normal -0.9914448613738104 0 0.13052619222005163
    outer loop
      vertex 2.7923622497476295 -12.63875 1.25
      vertex 2.7923622497476295 -12.32125 1.25
      vertex 2.6972148133858806 -12.585833333333333 0.527283468939992
    endloop
  endfacet
  facet normal -0.4958761091533521 0.8588826153131768 0.12816995546433832
    outer loop
      vertex 2.7923622497476295 -12.32125 1.25
      vertex 3.4797699140015275 -11.924375 1.25
      vertex 2.6972148133858806 -12.268333333333333 0.527283468939992
    endloop
  endfacet
  facet normal -0.49994418736409596 -0.8659287334633491 0.014941154018807582
    outer loop
      vertex 2.7923622497476295 -12.63875 1.25
      vertex 3.3611996294777655 -12.982708333333333 0.34936927368164394
      vertex 3.4797699140015275 -13.035625 1.25
    endloop
  endfacet
  facet normal -0.9914448613738105 0 0.13052619222005157
    outer loop
      vertex 3.4797699140015275 -13.194374999999999 1.25
      vertex 3.4797699140015275 -13.035625 1.25
      vertex 3.3611996294777655 -13.141458333333333 0.34936927368164394
    endloop
  endfacet
  facet normal -0.9914448613738105 0 0.13052619222005157
    outer loop
      vertex 3.4797699140015275 -11.924375 1.25
      vertex 3.4797699140015275 -11.765625 1.25
      vertex 3.3611996294777655 -11.871458333333333 0.34936927368164394
    endloop
  endfacet
  facet normal -0.9914448613738103 0 0.13052619222005163
    outer loop
      vertex 2.7923622497476295 -14.86125 1.25
      vertex 2.6972148133858806 -14.808333333333334 0.527283468939992
      vertex 2.6972148133858806 -15 0.527283468939992
    endloop
  endfacet
  facet normal -0.9914448613738104 0 0.13052619222005163
    outer loop
      vertex 2.7923622497476295 -13.59125 1.25
      vertex 2.6972148133858806 -13.538333333333334 0.527283468939992
      vertex 2.6972148133858806 -13.855833333333333 0.527283468939992
    endloop
  endfacet
  facet normal -0.5121523659550724 -0.8588826153131768 0.004539510922899901
    outer loop
      vertex 2.7923622497476295 -13.90875 1.25
      vertex 2.6972148133858806 -13.855833333333333 0.527283468939992
      vertex 3.3611996294777655 -14.252708333333333 0.34936927368164394
    endloop
  endfacet
  facet normal -0.4867760574939586 0.8659287334633491 0.11496303063680213
    outer loop
      vertex 2.6972148133858806 -14.808333333333334 0.527283468939992
      vertex 3.4797699140015275 -14.464375 1.25
      vertex 3.3611996294777655 -14.411458333333334 0.34936927368164394
    endloop
  endfacet
  facet normal -0.9914448613738104 0 0.1305261922200516
    outer loop
      vertex 3.4797699140015275 -14.305625 1.25
      vertex 3.3611996294777655 -14.252708333333333 0.34936927368164394
      vertex 3.3611996294777655 -14.411458333333334 0.34936927368164394
    endloop
  endfacet
  facet normal -0.5121523659550724 -0.8588826153131768 0.004539510922899901
    outer loop
      vertex 2.7923622497476295 -12.63875 1.25
      vertex 2.6972148133858806 -12.585833333333333 0.527283468939992
      vertex 3.3611996294777655 -12.982708333333333 0.34936927368164394
    endloop
  endfacet
  facet normal -0.9914448613738104 0 0.13052619222005163
    outer loop
      vertex 2.7923622497476295 -12.32125 1.25
      vertex 2.6972148133858806 -12.268333333333333 0.527283468939992
      vertex 2.6972148133858806 -12.585833333333333 0.527283468939992
    endloop
  endfacet
  facet normal -0.4867760574939603 0.8659287334633481 0.11496303063680231
    outer loop
      vertex 2.6972148133858806 -13.538333333333334 0.527283468939992
      vertex 3.4797699140015275 -13.194374999999999 1.25
      vertex 3.3611996294777655 -13.141458333333333 0.34936927368164394
    endloop
  endfacet
  facet normal -0.9914448613738105 0 0.1305261922200516
    outer loop
      vertex 3.4797699140015275 -13.035625 1.25
      vertex 3.3611996294777655 -12.982708333333333 0.34936927368164394
      vertex 3.3611996294777655 -13.141458333333333 0.34936927368164394
    endloop
  endfacet
  facet normal -0.4867760574939586 0.8659287334633491 0.11496303063680213
    outer loop
      vertex 2.6972148133858806 -12.268333333333333 0.527283468939992
      vertex 3.4797699140015275 -11.924375 1.25
      vertex 3.3611996294777655 -11.871458333333333 0.34936927368164394
    endloop
  endfacet
  facet normal -0.9914448613738105 0 0.1305261922200516
    outer loop
      vertex 3.4797699140015275 -11.765625 1.25
      vertex 3.3611996294777655 -11.712708333333333 0.34936927368164394
      vertex 3.3611996294777655 -11.871458333333333 0.34936927368164394
    endloop
  endfacet
  facet normal 0 -1 0
    outer loop
      vertex 0 -10.1 1.25
      vertex 3.3611996294777655 -10.1 0.34936927368164394
      vertex 3.4797699140015275 -10.1 1.25
    endloop
  endfacet
  facet normal 0 -1 0
    outer loop
      vertex 0 -10.1 1.25
      vertex 3.013569144850114 -10.1 -0.48988495700076373
      vertex 3.3611996294777655 -10.1 0.34936927368164394
    endloop
  endfacet
  facet normal -0.9914448613738104 0 0.13052619222005163
    outer loop
      vertex 2.7923622497476295 -11.36875 1.25
      vertex 2.7923622497476295 -11.05125 1.25
      vertex 2.6972148133858806 -11.315833333333334 0.527283468939992
    endloop
  endfacet
  facet normal -0.4958761091533521 0.8588826153131768 0.12816995546433832
    outer loop
      vertex 2.7923622497476295 -11.05125 1.25
      vertex 3.4797699140015275 -10.654375 1.25
      vertex 2.6972148133858806 -10.998333333333333 0.527283468939992
    endloop
  endfacet
  facet normal -0.49994418736409596 -0.8659287334633491 0.014941154018807582
    outer loop
      vertex 2.7923622497476295 -11.36875 1.25
      vertex 3.3611996294777655 -11.712708333333333 0.34936927368164394
      vertex 3.4797699140015275 -11.765625 1.25
    endloop
  endfacet
  facet normal -0.9914448613738105 0 0.1305261922200516
    outer loop
      vertex 3.4797699140015275 -10.654375 1.25
      vertex 3.4797699140015275 -10.1 1.25
      vertex 3.3611996294777655 -10.601458333333333 0.34936927368164394
    endloop
  endfacet
  facet normal -0.9914448613738104 0 0.13052619222005163
    outer loop
      vertex 2.7923622497476295 -11.05125 1.25
      vertex 2.6972148133858806 -10.998333333333333 0.527283468939992
      vertex 2.6972148133858806 -11.315833333333334 0.527283468939992
    endloop
  endfacet
  facet normal -0.5121523659550724 -0.8588826153131768 0.004539510922899901
    outer loop
      vertex 2.7923622497476295 -11.36875 1.25
      vertex 2.6972148133858806 -11.315833333333334 0.527283468939992
      vertex 3.3611996294777655 -11.712708333333333 0.34936927368164394
    endloop
  endfacet
  facet normal -0.4867760574939586 0.8659287334633491 0.11496303063680213
    outer loop
      vertex 2.6972148133858806 -10.998333333333333 0.527283468939992
      vertex 3.4797699140015275 -10.654375 1.25
      vertex 3.3611996294777655 -10.601458333333333 0.34936927368164394
    endloop
  endfacet
  facet normal -0.9914448613738104 0 0.1305261922200516
    outer loop
      vertex 3.4797699140015275 -10.1 1.25
      vertex 3.3611996294777655 -10.1 0.34936927368164394
      vertex 3.3611996294777655 -10.601458333333333 0.34936927368164394
    endloop
  endfacet
  facet normal -0.9238795325112866 0 0.3826834323650899
    outer loop
      vertex 2.6972148133858806 -14.808333333333334 0.527283468939992
      vertex 2.418256644850114 -15 -0.14618112487381474
      vertex 2.6972148133858806 -15 0.527283468939992
    endloop
  endfacet
  facet normal -0.9238795325112867 0 0.38268343236508995
    outer loop
      vertex 2.6972148133858806 -14.808333333333334 0.527283468939992
      vertex 2.418256644850114 -14.755416666666667 -0.14618112487381474
      vertex 2.418256644850114 -15 -0.14618112487381474
    endloop
  endfacet
  facet normal -0.9238795325112866 0 0.38268343236508995
    outer loop
      vertex 2.6972148133858806 -13.855833333333333 0.527283468939992
      vertex 2.6972148133858806 -13.538333333333334 0.527283468939992
      vertex 2.418256644850114 -13.802916666666667 -0.14618112487381474
    endloop
  endfacet
  facet normal -0.9238795325112866 0 0.38268343236508995
    outer loop
      vertex 2.6972148133858806 -13.538333333333334 0.527283468939992
      vertex 2.418256644850114 -13.485416666666666 -0.14618112487381474
      vertex 2.418256644850114 -13.802916666666667 -0.14618112487381474
    endloop
  endfacet
  facet normal -0.9238795325112867 0 0.3826834323650899
    outer loop
      vertex 2.6972148133858806 -12.585833333333333 0.527283468939992
      vertex 2.6972148133858806 -12.268333333333333 0.527283468939992
      vertex 2.418256644850114 -12.532916666666665 -0.14618112487381474
    endloop
  endfacet
  facet normal -0.9238795325112866 0 0.38268343236508995
    outer loop
      vertex 2.6972148133858806 -12.268333333333333 0.527283468939992
      vertex 2.418256644850114 -12.215416666666666 -0.14618112487381474
      vertex 2.418256644850114 -12.532916666666665 -0.14618112487381474
    endloop
  endfacet
  facet normal -0.7933533402912353 0 0.6087614290087207
    outer loop
      vertex 2.418256644850114 -14.755416666666667 -0.14618112487381474
      vertex 1.9744982823258725 -14.7025 -0.7244982823258725
      vertex 1.9744982823258725 -15 -0.7244982823258725
    endloop
  endfacet
  facet normal -0.7933533402912352 0 0.6087614290087205
    outer loop
      vertex 2.418256644850114 -13.485416666666666 -0.14618112487381474
      vertex 1.9744982823258725 -13.4325 -0.7244982823258725
      vertex 1.9744982823258725 -13.75 -0.7244982823258725
    endloop
  endfacet
  facet normal -0.7933533402912352 0 0.6087614290087205
    outer loop
      vertex 2.418256644850114 -14.755416666666667 -0.14618112487381474
      vertex 1.9744982823258725 -15 -0.7244982823258725
      vertex 2.418256644850114 -15 -0.14618112487381474
    endloop
  endfacet
  facet normal -0.7933533402912352 0 0.6087614290087205
    outer loop
      vertex 2.418256644850114 -13.802916666666667 -0.14618112487381474
      vertex 2.418256644850114 -13.485416666666666 -0.14618112487381474
      vertex 1.9744982823258725 -13.75 -0.7244982823258725
    endloop
  endfacet
  facet normal -0.36535632992441897 0.8588826153131768 0.3589364920107131
    outer loop
      vertex 2.418256644850114 -14.755416666666667 -0.14618112487381474
      vertex 3.013569144850114 -14.358541666666667 -0.48988495700076373
      vertex 1.9744982823258725 -14.7025 -0.7244982823258725
    endloop
  endfacet
  facet normal -0.36535632992441897 0.8588826153131768 0.3589364920107131
    outer loop
      vertex 2.418256644850114 -13.485416666666666 -0.14618112487381474
      vertex 3.013569144850114 -13.088541666666666 -0.48988495700076373
      vertex 1.9744982823258725 -13.4325 -0.7244982823258725
    endloop
  endfacet
  facet normal -0.42549378972227053 -0.8659287334633491 0.26291151262419127
    outer loop
      vertex 2.418256644850114 -13.802916666666667 -0.14618112487381474
      vertex 2.4605689031594093 -14.146875 -1.2105689031594093
      vertex 3.013569144850114 -14.199791666666666 -0.48988495700076373
    endloop
  endfacet
  facet normal -0.7933533402912352 0 0.6087614290087205
    outer loop
      vertex 2.418256644850114 -12.215416666666666 -0.14618112487381474
      vertex 1.9744982823258725 -12.1625 -0.7244982823258725
      vertex 1.9744982823258725 -12.48 -0.7244982823258725
    endloop
  endfacet
  facet normal -0.7933533402912352 0 0.6087614290087207
    outer loop
      vertex 2.418256644850114 -12.532916666666665 -0.14618112487381474
      vertex 2.418256644850114 -12.215416666666666 -0.14618112487381474
      vertex 1.9744982823258725 -12.48 -0.7244982823258725
    endloop
  endfacet
  facet normal -0.4254937897222718 -0.8659287334633481 0.2629115126241923
    outer loop
      vertex 2.418256644850114 -12.532916666666665 -0.14618112487381474
      vertex 2.4605689031594093 -12.876875 -1.2105689031594093
      vertex 3.013569144850114 -12.929791666666667 -0.48988495700076373
    endloop
  endfacet
  facet normal -0.36535632992441897 0.8588826153131768 0.3589364920107131
    outer loop
      vertex 2.418256644850114 -12.215416666666666 -0.14618112487381474
      vertex 3.013569144850114 -11.818541666666667 -0.48988495700076373
      vertex 1.9744982823258725 -12.1625 -0.7244982823258725
    endloop
  endfacet
  facet normal -0.4458067149868471 0.8588826153131767 0.2521448511975481
    outer loop
      vertex 2.6972148133858806 -14.808333333333334 0.527283468939992
      vertex 3.3611996294777655 -14.411458333333334 0.34936927368164394
      vertex 2.418256644850114 -14.755416666666667 -0.14618112487381474
    endloop
  endfacet
  facet normal -0.44580671498684804 0.8588826153131756 0.2521448511975506
    outer loop
      vertex 2.6972148133858806 -13.538333333333334 0.527283468939992
      vertex 3.3611996294777655 -13.141458333333333 0.34936927368164394
      vertex 2.418256644850114 -13.485416666666666 -0.14618112487381474
    endloop
  endfacet
  facet normal -0.47904194706220377 -0.8659287334633491 0.14382712371946
    outer loop
      vertex 2.6972148133858806 -13.855833333333333 0.527283468939992
      vertex 3.013569144850114 -14.199791666666666 -0.48988495700076373
      vertex 3.3611996294777655 -14.252708333333333 0.34936927368164394
    endloop
  endfacet
  facet normal -0.440434943741078 0.8659287334633491 0.2370326747399047
    outer loop
      vertex 2.418256644850114 -14.755416666666667 -0.14618112487381474
      vertex 3.3611996294777655 -14.411458333333334 0.34936927368164394
      vertex 3.013569144850114 -14.358541666666667 -0.48988495700076373
    endloop
  endfacet
  facet normal -0.4935262853887572 -0.8588826153131769 0.13693961714263903
    outer loop
      vertex 2.6972148133858806 -13.855833333333333 0.527283468939992
      vertex 2.418256644850114 -13.802916666666667 -0.14618112487381474
      vertex 3.013569144850114 -14.199791666666666 -0.48988495700076373
    endloop
  endfacet
  facet normal -0.9238795325112867 0 0.38268343236508984
    outer loop
      vertex 3.3611996294777655 -14.411458333333334 0.34936927368164394
      vertex 3.3611996294777655 -14.252708333333333 0.34936927368164394
      vertex 3.013569144850114 -14.358541666666667 -0.48988495700076373
    endloop
  endfacet
  facet normal -0.47904194706220377 -0.8659287334633491 0.14382712371946
    outer loop
      vertex 2.6972148133858806 -12.585833333333333 0.527283468939992
      vertex 3.013569144850114 -12.929791666666667 -0.48988495700076373
      vertex 3.3611996294777655 -12.982708333333333 0.34936927368164394
    endloop
  endfacet
  facet normal -0.4458067149868471 0.8588826153131767 0.2521448511975481
    outer loop
      vertex 2.6972148133858806 -12.268333333333333 0.527283468939992
      vertex 3.3611996294777655 -11.871458333333333 0.34936927368164394
      vertex 2.418256644850114 -12.215416666666666 -0.14618112487381474
    endloop
  endfacet
  facet normal -0.4935262853887596 -0.8588826153131756 0.13693961714263786
    outer loop
      vertex 2.6972148133858806 -12.585833333333333 0.527283468939992
      vertex 2.418256644850114 -12.532916666666665 -0.14618112487381474
      vertex 3.013569144850114 -12.929791666666667 -0.48988495700076373
    endloop
  endfacet
  facet normal -0.440434943741078 0.8659287334633491 0.2370326747399047
    outer loop
      vertex 2.418256644850114 -13.485416666666666 -0.14618112487381474
      vertex 3.3611996294777655 -13.141458333333333 0.34936927368164394
      vertex 3.013569144850114 -13.088541666666666 -0.48988495700076373
    endloop
  endfacet
  facet normal -0.440434943741078 0.8659287334633491 0.2370326747399047
    outer loop
      vertex 2.418256644850114 -12.215416666666666 -0.14618112487381474
      vertex 3.3611996294777655 -11.871458333333333 0.34936927368164394
      vertex 3.013569144850114 -11.818541666666667 -0.48988495700076373
    endloop
  endfacet
  facet normal -0.9238795325112866 0 0.38268343236508984
    outer loop
      vertex 3.3611996294777655 -13.141458333333333 0.34936927368164394
      vertex 3.3611996294777655 -12.982708333333333 0.34936927368164394
      vertex 3.013569144850114 -13.088541666666666 -0.48988495700076373
    endloop
  endfacet
  facet normal -0.9238795325112866 0 0.38268343236508984
    outer loop
      vertex 3.3611996294777655 -11.871458333333333 0.34936927368164394
      vertex 3.3611996294777655 -11.712708333333333 0.34936927368164394
      vertex 3.013569144850114 -11.818541666666667 -0.48988495700076373
    endloop
  endfacet
  facet normal -0.9238795325112867 0 0.3826834323650899
    outer loop
      vertex 3.3611996294777655 -14.252708333333333 0.34936927368164394
      vertex 3.013569144850114 -14.199791666666666 -0.48988495700076373
      vertex 3.013569144850114 -14.358541666666667 -0.48988495700076373
    endloop
  endfacet
  facet normal -0.9238795325112867 0 0.38268343236508984
    outer loop
      vertex 3.3611996294777655 -12.982708333333333 0.34936927368164394
      vertex 3.013569144850114 -12.929791666666667 -0.48988495700076373
      vertex 3.013569144850114 -13.088541666666666 -0.48988495700076373
    endloop
  endfacet
  facet normal -0.9238795325112867 0 0.38268343236508984
    outer loop
      vertex 3.3611996294777655 -11.712708333333333 0.34936927368164394
      vertex 3.013569144850114 -11.659791666666667 -0.48988495700076373
      vertex 3.013569144850114 -11.818541666666667 -0.48988495700076373
    endloop
  endfacet
  facet normal 0 -1 0
    outer loop
      vertex 0 -10.1 1.25
      vertex 2.4605689031594093 -10.1 -1.2105689031594093
      vertex 3.013569144850114 -10.1 -0.48988495700076373
    endloop
  endfacet
  facet normal -0.9238795325112867 0 0.3826834323650899
    outer loop
      vertex 2.6972148133858806 -11.315833333333334 0.527283468939992
      vertex 2.6972148133858806 -10.998333333333333 0.527283468939992
      vertex 2.418256644850114 -11.262916666666666 -0.14618112487381474
    endloop
  endfacet
  facet normal -0.9238795325112866 0 0.38268343236508995
    outer loop
      vertex 2.6972148133858806 -10.998333333333333 0.527283468939992
      vertex 2.418256644850114 -10.945416666666667 -0.14618112487381474
      vertex 2.418256644850114 -11.262916666666666 -0.14618112487381474
    endloop
  endfacet
  facet normal -0.7933533402912352 0 0.6087614290087207
    outer loop
      vertex 2.418256644850114 -10.945416666666667 -0.14618112487381474
      vertex 1.9744982823258725 -10.8925 -0.7244982823258725
      vertex 1.9744982823258725 -11.209999999999999 -0.7244982823258725
    endloop
  endfacet
  facet normal -0.7933533402912352 0 0.6087614290087207
    outer loop
      vertex 2.418256644850114 -11.262916666666666 -0.14618112487381474
      vertex 2.418256644850114 -10.945416666666667 -0.14618112487381474
      vertex 1.9744982823258725 -11.209999999999999 -0.7244982823258725
    endloop
  endfacet
  facet normal -0.42549378972227275 -0.8659287334633483 0.2629115126241909
    outer loop
      vertex 2.418256644850114 -11.262916666666666 -0.14618112487381474
      vertex 2.4605689031594093 -11.606874999999999 -1.2105689031594093
      vertex 3.013569144850114 -11.659791666666667 -0.48988495700076373
    endloop
  endfacet
  facet normal -0.3653563299244203 0.8588826153131758 0.35893649201071404
    outer loop
      vertex 2.418256644850114 -10.945416666666667 -0.14618112487381474
      vertex 3.013569144850114 -10.548541666666665 -0.48988495700076373
      vertex 1.9744982823258725 -10.8925 -0.7244982823258725
    endloop
  endfacet
  facet normal -0.4458067149868471 0.8588826153131767 0.2521448511975481
    outer loop
      vertex 2.6972148133858806 -10.998333333333333 0.527283468939992
      vertex 3.3611996294777655 -10.601458333333333 0.34936927368164394
      vertex 2.418256644850114 -10.945416666666667 -0.14618112487381474
    endloop
  endfacet
  facet normal -0.47904194706220377 -0.8659287334633491 0.14382712371946
    outer loop
      vertex 2.6972148133858806 -11.315833333333334 0.527283468939992
      vertex 3.013569144850114 -11.659791666666667 -0.48988495700076373
      vertex 3.3611996294777655 -11.712708333333333 0.34936927368164394
    endloop
  endfacet
  facet normal -0.4935262853887596 -0.8588826153131756 0.13693961714263786
    outer loop
      vertex 2.6972148133858806 -11.315833333333334 0.527283468939992
      vertex 2.418256644850114 -11.262916666666666 -0.14618112487381474
      vertex 3.013569144850114 -11.659791666666667 -0.48988495700076373
    endloop
  endfacet
  facet normal -0.4404349437410788 0.8659287334633481 0.23703267473990686
    outer loop
      vertex 2.418256644850114 -10.945416666666667 -0.14618112487381474
      vertex 3.3611996294777655 -10.601458333333333 0.34936927368164394
      vertex 3.013569144850114 -10.548541666666665 -0.48988495700076373
    endloop
  endfacet
  facet normal -0.9238795325112867 0 0.3826834323650898
    outer loop
      vertex 3.3611996294777655 -10.601458333333333 0.34936927368164394
      vertex 3.3611996294777655 -10.1 0.34936927368164394
      vertex 3.013569144850114 -10.548541666666665 -0.48988495700076373
    endloop
  endfacet
  facet normal -0.9238795325112867 0 0.3826834323650898
    outer loop
      vertex 3.3611996294777655 -10.1 0.34936927368164394
      vertex 3.013569144850114 -10.1 -0.48988495700076373
      vertex 3.013569144850114 -10.548541666666665 -0.48988495700076373
    endloop
  endfacet
  facet normal -0.13052619222005163 0 0.9914448613738104
    outer loop
      vertex 0 -14.86125 -1.5423622497476295
      vertex 0.722716531060008 -14.596666666666666 -1.4472148133858806
      vertex 0 -14.54375 -1.5423622497476295
    endloop
  endfacet
  facet normal -0.1281699554643383 -0.858882615313177 0.4958761091533518
    outer loop
      vertex 0 -14.86125 -1.5423622497476295
      vertex 0.5423657068342516 -15 -1.6424980971252188
      vertex 0.722716531060008 -14.914166666666667 -1.4472148133858806
    endloop
  endfacet
  facet normal -0.13052619222005163 0 0.9914448613738104
    outer loop
      vertex 0 -13.59125 -1.5423622497476295
      vertex 0.722716531060008 -13.326666666666666 -1.4472148133858806
      vertex 0 -13.27375 -1.5423622497476295
    endloop
  endfacet
  facet normal -0.13052619222005163 0 0.9914448613738104
    outer loop
      vertex 0 -14.86125 -1.5423622497476295
      vertex 0.722716531060008 -14.914166666666667 -1.4472148133858806
      vertex 0.722716531060008 -14.596666666666666 -1.4472148133858806
    endloop
  endfacet
  facet normal -0.11496303063680276 -0.865928733463349 0.48677605749395886
    outer loop
      vertex 0.722716531060008 -14.914166666666667 -1.4472148133858806
      vertex 0.5423657068342516 -15 -1.6424980971252188
      vertex 0.7611945617405537 -15 -1.5908167788608711
    endloop
  endfacet
  facet normal -0.13052619222005163 0 0.9914448613738104
    outer loop
      vertex 0 -13.59125 -1.5423622497476295
      vertex 0.722716531060008 -13.644166666666667 -1.4472148133858806
      vertex 0.722716531060008 -13.326666666666666 -1.4472148133858806
    endloop
  endfacet
  facet normal -0.13052619222005163 0 0.9914448613738104
    outer loop
      vertex 0 -12.32125 -1.5423622497476295
      vertex 0.722716531060008 -12.056666666666667 -1.4472148133858806
      vertex 0 -12.00375 -1.5423622497476295
    endloop
  endfacet
  facet normal -0.13052619222005163 0 0.9914448613738104
    outer loop
      vertex 0 -12.32125 -1.5423622497476295
      vertex 0.722716531060008 -12.374166666666666 -1.4472148133858806
      vertex 0.722716531060008 -12.056666666666667 -1.4472148133858806
    endloop
  endfacet
  facet normal -0.35893649201071326 -0.8588826153131766 0.3653563299244196
    outer loop
      vertex 1.3961811248738147 -14.967083333333333 -1.1682566448501142
      vertex 1.4246877944150527 -15 -1.2176316448501145
      vertex 1.7559217188794296 -15 -0.892217978398024
    endloop
  endfacet
  facet normal -0.6087614290087203 -1.1567379030187107e-15 0.7933533402912355
    outer loop
      vertex 1.3961811248738147 -14.967083333333333 -1.1682566448501142
      vertex 1.7559217188794296 -15 -0.892217978398024
      vertex 1.9744982823258725 -14.7025 -0.7244982823258725
    endloop
  endfacet
  facet normal -0.6087614290087205 0 0.7933533402912352
    outer loop
      vertex 1.3961811248738147 -14.967083333333333 -1.1682566448501142
      vertex 1.9744982823258725 -14.7025 -0.7244982823258725
      vertex 1.3961811248738147 -14.649583333333332 -1.1682566448501142
    endloop
  endfacet
  facet normal -0.6087614290087205 0 0.7933533402912352
    outer loop
      vertex 1.3961811248738147 -13.697083333333333 -1.1682566448501142
      vertex 1.9744982823258725 -13.4325 -0.7244982823258725
      vertex 1.3961811248738147 -13.379583333333333 -1.1682566448501142
    endloop
  endfacet
  facet normal -0.6087614290087205 0 0.7933533402912352
    outer loop
      vertex 1.3961811248738147 -12.427083333333334 -1.1682566448501142
      vertex 1.9744982823258725 -12.1625 -0.7244982823258725
      vertex 1.3961811248738147 -12.109583333333333 -1.1682566448501142
    endloop
  endfacet
  facet normal -0.3826834323650899 0 0.9238795325112867
    outer loop
      vertex 1.3961811248738147 -14.967083333333333 -1.1682566448501142
      vertex 1.3961811248738147 -14.649583333333332 -1.1682566448501142
      vertex 0.722716531060008 -14.914166666666667 -1.4472148133858806
    endloop
  endfacet
  facet normal -0.2521448511975479 -0.858882615313177 0.4458067149868467
    outer loop
      vertex 1.3961811248738147 -14.967083333333333 -1.1682566448501142
      vertex 0.722716531060008 -14.914166666666667 -1.4472148133858806
      vertex 1.3487571618382224 -15 -1.258495888684863
    endloop
  endfacet
  facet normal -0.3826834323650899 0 0.9238795325112867
    outer loop
      vertex 1.3961811248738147 -13.697083333333333 -1.1682566448501142
      vertex 1.3961811248738147 -13.379583333333333 -1.1682566448501142
      vertex 0.722716531060008 -13.644166666666667 -1.4472148133858806
    endloop
  endfacet
  facet normal -0.38268343236508995 0 0.9238795325112867
    outer loop
      vertex 1.3961811248738147 -14.649583333333332 -1.1682566448501142
      vertex 0.722716531060008 -14.596666666666666 -1.4472148133858806
      vertex 0.722716531060008 -14.914166666666667 -1.4472148133858806
    endloop
  endfacet
  facet normal -0.2521448511975481 -0.8588826153131766 0.44580671498684743
    outer loop
      vertex 0.722716531060008 -14.914166666666667 -1.4472148133858806
      vertex 0.7611945617405537 -15 -1.5908167788608711
      vertex 1.3487571618382224 -15 -1.258495888684863
    endloop
  endfacet
  facet normal -0.13693961714263903 0.8588826153131768 0.4935262853887572
    outer loop
      vertex 1.3961811248738147 -14.649583333333332 -1.1682566448501142
      vertex 1.7398849570007637 -14.252708333333333 -1.763569144850114
      vertex 0.722716531060008 -14.596666666666666 -1.4472148133858806
    endloop
  endfacet
  facet normal -0.38268343236508995 0 0.9238795325112867
    outer loop
      vertex 1.3961811248738147 -13.379583333333333 -1.1682566448501142
      vertex 0.722716531060008 -13.326666666666666 -1.4472148133858806
      vertex 0.722716531060008 -13.644166666666667 -1.4472148133858806
    endloop
  endfacet
  facet normal -0.23703267473990575 -0.865928733463349 0.44043494374107806
    outer loop
      vertex 1.3961811248738147 -14.967083333333333 -1.1682566448501142
      vertex 1.3487571618382224 -15 -1.258495888684863
      vertex 1.4246877944150527 -15 -1.2176316448501145
    endloop
  endfacet
  facet normal -0.3589364920107131 -0.8588826153131768 0.36535632992441897
    outer loop
      vertex 1.3961811248738147 -13.697083333333333 -1.1682566448501142
      vertex 1.7398849570007637 -14.093958333333333 -1.763569144850114
      vertex 1.9744982823258725 -13.75 -0.7244982823258725
    endloop
  endfacet
  facet normal -0.3826834323650899 0 0.9238795325112867
    outer loop
      vertex 1.3961811248738147 -12.427083333333334 -1.1682566448501142
      vertex 1.3961811248738147 -12.109583333333333 -1.1682566448501142
      vertex 0.722716531060008 -12.374166666666666 -1.4472148133858806
    endloop
  endfacet
  facet normal -0.13693961714263903 0.8588826153131768 0.4935262853887572
    outer loop
      vertex 1.3961811248738147 -13.379583333333333 -1.1682566448501142
      vertex 1.7398849570007637 -12.982708333333333 -1.763569144850114
      vertex 0.722716531060008 -13.326666666666666 -1.4472148133858806
    endloop
  endfacet
  facet normal -0.38268343236508995 0 0.9238795325112866
    outer loop
      vertex 1.3961811248738147 -12.109583333333333 -1.1682566448501142
      vertex 0.722716531060008 -12.056666666666667 -1.4472148133858806
      vertex 0.722716531060008 -12.374166666666666 -1.4472148133858806
    endloop
  endfacet
  facet normal -0.13693961714263903 0.8588826153131768 0.4935262853887572
    outer loop
      vertex 1.3961811248738147 -12.109583333333333 -1.1682566448501142
      vertex 1.7398849570007637 -11.712708333333333 -1.763569144850114
      vertex 0.722716531060008 -12.056666666666667 -1.4472148133858806
    endloop
  endfacet
  facet normal -0.3589364920107131 -0.8588826153131768 0.36535632992441897
    outer loop
      vertex 1.3961811248738147 -12.427083333333334 -1.1682566448501142
      vertex 1.7398849570007637 -12.823958333333334 -1.763569144850114
      vertex 1.9744982823258725 -12.48 -0.7244982823258725
    endloop
  endfacet
  facet normal 0 -1 0
    outer loop
      vertex 0 -10.1 1.25
      vertex 0 -10.1 -2.2297699140015275
      vertex 0.9006307263183561 -10.1 -2.1111996294777655
    endloop
  endfacet
  facet normal 0 -1 0
    outer loop
      vertex 0 -10.1 1.25
      vertex 0.9006307263183561 -10.1 -2.1111996294777655
      vertex 1.7398849570007637 -10.1 -1.763569144850114
    endloop
  endfacet
  facet normal -0.13052619222005163 0 0.9914448613738104
    outer loop
      vertex 0 -11.05125 -1.5423622497476295
      vertex 0.722716531060008 -10.786666666666665 -1.4472148133858806
      vertex 0 -10.73375 -1.5423622497476295
    endloop
  endfacet
  facet normal -0.13052619222005163 0 0.9914448613738104
    outer loop
      vertex 0 -11.05125 -1.5423622497476295
      vertex 0.722716531060008 -11.104166666666666 -1.4472148133858806
      vertex 0.722716531060008 -10.786666666666665 -1.4472148133858806
    endloop
  endfacet
  facet normal -0.6087614290087207 0 0.7933533402912352
    outer loop
      vertex 1.3961811248738147 -11.157083333333333 -1.1682566448501142
      vertex 1.9744982823258725 -10.8925 -0.7244982823258725
      vertex 1.3961811248738147 -10.839583333333334 -1.1682566448501142
    endloop
  endfacet
  facet normal -0.38268343236508995 0 0.9238795325112866
    outer loop
      vertex 1.3961811248738147 -11.157083333333333 -1.1682566448501142
      vertex 1.3961811248738147 -10.839583333333334 -1.1682566448501142
      vertex 0.722716531060008 -11.104166666666666 -1.4472148133858806
    endloop
  endfacet
  facet normal -0.38268343236508995 0 0.9238795325112866
    outer loop
      vertex 1.3961811248738147 -10.839583333333334 -1.1682566448501142
      vertex 0.722716531060008 -10.786666666666665 -1.4472148133858806
      vertex 0.722716531060008 -11.104166666666666 -1.4472148133858806
    endloop
  endfacet
  facet normal -0.13693961714263786 0.8588826153131757 0.4935262853887597
    outer loop
      vertex 1.3961811248738147 -10.839583333333334 -1.1682566448501142
      vertex 1.7398849570007637 -10.442708333333332 -1.763569144850114
      vertex 0.722716531060008 -10.786666666666665 -1.4472148133858806
    endloop
  endfacet
  facet normal -0.3589364920107141 -0.8588826153131759 0.36535632992442035
    outer loop
      vertex 1.3961811248738147 -11.157083333333333 -1.1682566448501142
      vertex 1.7398849570007637 -11.553958333333334 -1.763569144850114
      vertex 1.9744982823258725 -11.209999999999999 -0.7244982823258725
    endloop
  endfacet
  facet normal -0.12816995546433815 -0.8588826153131767 0.4958761091533522
    outer loop
      vertex 0 -14.86125 -1.5423622497476295
      vertex 0 -15 -1.7826842992978111
      vertex 0.5423657068342516 -15 -1.6424980971252188
    endloop
  endfacet
  facet normal -0.12816995546433832 -0.8588826153131768 0.4958761091533521
    outer loop
      vertex 0 -13.59125 -1.5423622497476295
      vertex 0 -13.988125 -2.2297699140015275
      vertex 0.722716531060008 -13.644166666666667 -1.4472148133858806
    endloop
  endfacet
  facet normal -0.014941154018807586 0.8659287334633492 0.499944187364096
    outer loop
      vertex 0 -14.54375 -1.5423622497476295
      vertex 0.9006307263183561 -14.199791666666666 -2.1111996294777655
      vertex 0 -14.146875 -2.2297699140015275
    endloop
  endfacet
  facet normal -0.004539510922899901 0.8588826153131768 0.5121523659550724
    outer loop
      vertex 0 -14.54375 -1.5423622497476295
      vertex 0.722716531060008 -14.596666666666666 -1.4472148133858806
      vertex 0.9006307263183561 -14.199791666666666 -2.1111996294777655
    endloop
  endfacet
  facet normal -0.11496303063680215 -0.8659287334633492 0.4867760574939587
    outer loop
      vertex 0.722716531060008 -13.644166666666667 -1.4472148133858806
      vertex 0 -13.988125 -2.2297699140015275
      vertex 0.9006307263183561 -14.041041666666667 -2.1111996294777655
    endloop
  endfacet
  facet normal -0.12816995546433846 -0.8588826153131759 0.4958761091533538
    outer loop
      vertex 0 -12.32125 -1.5423622497476295
      vertex 0 -12.718125 -2.2297699140015275
      vertex 0.722716531060008 -12.374166666666666 -1.4472148133858806
    endloop
  endfacet
  facet normal -0.014941154018807586 0.8659287334633492 0.499944187364096
    outer loop
      vertex 0 -13.27375 -1.5423622497476295
      vertex 0.9006307263183561 -12.929791666666667 -2.1111996294777655
      vertex 0 -12.876875 -2.2297699140015275
    endloop
  endfacet
  facet normal -0.01494115401880613 0.8659287334633481 0.4999441873640976
    outer loop
      vertex 0 -12.00375 -1.5423622497476295
      vertex 0.9006307263183561 -11.659791666666667 -2.1111996294777655
      vertex 0 -11.606874999999999 -2.2297699140015275
    endloop
  endfacet
  facet normal -0.004539510922899901 0.8588826153131768 0.5121523659550724
    outer loop
      vertex 0 -13.27375 -1.5423622497476295
      vertex 0.722716531060008 -13.326666666666666 -1.4472148133858806
      vertex 0.9006307263183561 -12.929791666666667 -2.1111996294777655
    endloop
  endfacet
  facet normal -0.004539510922899901 0.8588826153131768 0.5121523659550724
    outer loop
      vertex 0 -12.00375 -1.5423622497476295
      vertex 0.722716531060008 -12.056666666666667 -1.4472148133858806
      vertex 0.9006307263183561 -11.659791666666667 -2.1111996294777655
    endloop
  endfacet
  facet normal -0.1149630306368005 -0.8659287334633491 0.4867760574939591
    outer loop
      vertex 0.722716531060008 -12.374166666666666 -1.4472148133858806
      vertex 0 -12.718125 -2.2297699140015275
      vertex 0.9006307263183561 -12.771041666666665 -2.1111996294777655
    endloop
  endfacet
  facet normal -0.13052619222005157 0 0.9914448613738105
    outer loop
      vertex 0 -14.146875 -2.2297699140015275
      vertex 0.9006307263183561 -14.041041666666667 -2.1111996294777655
      vertex 0 -13.988125 -2.2297699140015275
    endloop
  endfacet
  facet normal -0.1305261922200516 0 0.9914448613738105
    outer loop
      vertex 0 -14.146875 -2.2297699140015275
      vertex 0.9006307263183561 -14.199791666666666 -2.1111996294777655
      vertex 0.9006307263183561 -14.041041666666667 -2.1111996294777655
    endloop
  endfacet
  facet normal -0.13052619222005157 0 0.9914448613738105
    outer loop
      vertex 0 -12.876875 -2.2297699140015275
      vertex 0.9006307263183561 -12.771041666666665 -2.1111996294777655
      vertex 0 -12.718125 -2.2297699140015275
    endloop
  endfacet
  facet normal -0.1305261922200516 0 0.9914448613738104
    outer loop
      vertex 0.9006307263183561 -12.929791666666667 -2.1111996294777655
      vertex 0.9006307263183561 -12.771041666666665 -2.1111996294777655
      vertex 0 -12.876875 -2.2297699140015275
    endloop
  endfacet
  facet normal -0.14382712371946 0.8659287334633491 0.47904194706220377
    outer loop
      vertex 0.722716531060008 -14.596666666666666 -1.4472148133858806
      vertex 1.7398849570007637 -14.252708333333333 -1.763569144850114
      vertex 0.9006307263183561 -14.199791666666666 -2.1111996294777655
    endloop
  endfacet
  facet normal -0.2521448511975481 -0.8588826153131768 0.4458067149868471
    outer loop
      vertex 1.3961811248738147 -13.697083333333333 -1.1682566448501142
      vertex 0.722716531060008 -13.644166666666667 -1.4472148133858806
      vertex 0.9006307263183561 -14.041041666666667 -2.1111996294777655
    endloop
  endfacet
  facet normal -0.38268343236508984 0 0.9238795325112866
    outer loop
      vertex 0.9006307263183561 -14.199791666666666 -2.1111996294777655
      vertex 1.7398849570007637 -14.093958333333333 -1.763569144850114
      vertex 0.9006307263183561 -14.041041666666667 -2.1111996294777655
    endloop
  endfacet
  facet normal -0.23703267473990472 -0.8659287334633492 0.4404349437410781
    outer loop
      vertex 1.3961811248738147 -13.697083333333333 -1.1682566448501142
      vertex 0.9006307263183561 -14.041041666666667 -2.1111996294777655
      vertex 1.7398849570007637 -14.093958333333333 -1.763569144850114
    endloop
  endfacet
  facet normal -0.38268343236508984 0 0.9238795325112867
    outer loop
      vertex 0.9006307263183561 -14.199791666666666 -2.1111996294777655
      vertex 1.7398849570007637 -14.252708333333333 -1.763569144850114
      vertex 1.7398849570007637 -14.093958333333333 -1.763569144850114
    endloop
  endfacet
  facet normal -0.2521448511975501 -0.8588826153131767 0.4458067149868465
    outer loop
      vertex 1.3961811248738147 -12.427083333333334 -1.1682566448501142
      vertex 0.722716531060008 -12.374166666666666 -1.4472148133858806
      vertex 0.9006307263183561 -12.771041666666665 -2.1111996294777655
    endloop
  endfacet
  facet normal -0.14382712371946 0.8659287334633491 0.47904194706220377
    outer loop
      vertex 0.722716531060008 -13.326666666666666 -1.4472148133858806
      vertex 1.7398849570007637 -12.982708333333333 -1.763569144850114
      vertex 0.9006307263183561 -12.929791666666667 -2.1111996294777655
    endloop
  endfacet
  facet normal -0.14382712371946 0.8659287334633491 0.47904194706220377
    outer loop
      vertex 0.722716531060008 -12.056666666666667 -1.4472148133858806
      vertex 1.7398849570007637 -11.712708333333333 -1.763569144850114
      vertex 0.9006307263183561 -11.659791666666667 -2.1111996294777655
    endloop
  endfacet
  facet normal -0.38268343236508984 0 0.9238795325112867
    outer loop
      vertex 0.9006307263183561 -12.929791666666667 -2.1111996294777655
      vertex 1.7398849570007637 -12.823958333333334 -1.763569144850114
      vertex 0.9006307263183561 -12.771041666666665 -2.1111996294777655
    endloop
  endfacet
  facet normal -0.23703267473990622 -0.8659287334633492 0.4404349437410772
    outer loop
      vertex 1.3961811248738147 -12.427083333333334 -1.1682566448501142
      vertex 0.9006307263183561 -12.771041666666665 -2.1111996294777655
      vertex 1.7398849570007637 -12.823958333333334 -1.763569144850114
    endloop
  endfacet
  facet normal -0.38268343236508984 0 0.9238795325112867
    outer loop
      vertex 0.9006307263183561 -12.929791666666667 -2.1111996294777655
      vertex 1.7398849570007637 -12.982708333333333 -1.763569144850114
      vertex 1.7398849570007637 -12.823958333333334 -1.763569144850114
    endloop
  endfacet
  facet normal -0.12816995546433832 -0.8588826153131768 0.4958761091533521
    outer loop
      vertex 0 -11.05125 -1.5423622497476295
      vertex 0 -11.448125 -2.2297699140015275
      vertex 0.722716531060008 -11.104166666666666 -1.4472148133858806
    endloop
  endfacet
  facet normal -0.01494115401880613 0.8659287334633481 0.4999441873640976
    outer loop
      vertex 0 -10.73375 -1.5423622497476295
      vertex 0.9006307263183561 -10.389791666666667 -2.1111996294777655
      vertex 0 -10.336875 -2.2297699140015275
    endloop
  endfacet
  facet normal -0.004539510922901653 0.8588826153131781 0.5121523659550704
    outer loop
      vertex 0 -10.73375 -1.5423622497476295
      vertex 0.722716531060008 -10.786666666666665 -1.4472148133858806
      vertex 0.9006307263183561 -10.389791666666667 -2.1111996294777655
    endloop
  endfacet
  facet normal -0.11496303063680215 -0.8659287334633492 0.4867760574939587
    outer loop
      vertex 0.722716531060008 -11.104166666666666 -1.4472148133858806
      vertex 0 -11.448125 -2.2297699140015275
      vertex 0.9006307263183561 -11.501041666666666 -2.1111996294777655
    endloop
  endfacet
  facet normal -0.13052619222005157 0 0.9914448613738105
    outer loop
      vertex 0 -11.606874999999999 -2.2297699140015275
      vertex 0.9006307263183561 -11.501041666666666 -2.1111996294777655
      vertex 0 -11.448125 -2.2297699140015275
    endloop
  endfacet
  facet normal -0.1305261922200516 0 0.9914448613738104
    outer loop
      vertex 0 -10.336875 -2.2297699140015275
      vertex 0.9006307263183561 -10.1 -2.1111996294777655
      vertex 0 -10.1 -2.2297699140015275
    endloop
  endfacet
  facet normal -0.1305261922200516 0 0.9914448613738104
    outer loop
      vertex 0 -11.606874999999999 -2.2297699140015275
      vertex 0.9006307263183561 -11.659791666666667 -2.1111996294777655
      vertex 0.9006307263183561 -11.501041666666666 -2.1111996294777655
    endloop
  endfacet
  facet normal -0.1305261922200516 0 0.9914448613738104
    outer loop
      vertex 0 -10.336875 -2.2297699140015275
      vertex 0.9006307263183561 -10.389791666666667 -2.1111996294777655
      vertex 0.9006307263183561 -10.1 -2.1111996294777655
    endloop
  endfacet
  facet normal -0.2521448511975481 -0.8588826153131768 0.4458067149868471
    outer loop
      vertex 1.3961811248738147 -11.157083333333333 -1.1682566448501142
      vertex 0.722716531060008 -11.104166666666666 -1.4472148133858806
      vertex 0.9006307263183561 -11.501041666666666 -2.1111996294777655
    endloop
  endfacet
  facet normal -0.14382712371946096 0.86592873346335 0.4790419470622017
    outer loop
      vertex 0.722716531060008 -10.786666666666665 -1.4472148133858806
      vertex 1.7398849570007637 -10.442708333333332 -1.763569144850114
      vertex 0.9006307263183561 -10.389791666666667 -2.1111996294777655
    endloop
  endfacet
  facet normal -0.38268343236508984 0 0.9238795325112867
    outer loop
      vertex 0.9006307263183561 -11.659791666666667 -2.1111996294777655
      vertex 1.7398849570007637 -11.553958333333334 -1.763569144850114
      vertex 0.9006307263183561 -11.501041666666666 -2.1111996294777655
    endloop
  endfacet
  facet normal -0.3826834323650898 0 0.9238795325112866
    outer loop
      vertex 0.9006307263183561 -10.389791666666667 -2.1111996294777655
      vertex 1.7398849570007637 -10.1 -1.763569144850114
      vertex 0.9006307263183561 -10.1 -2.1111996294777655
    endloop
  endfacet
  facet normal -0.23703267473990686 -0.8659287334633481 0.4404349437410788
    outer loop
      vertex 1.3961811248738147 -11.157083333333333 -1.1682566448501142
      vertex 0.9006307263183561 -11.501041666666666 -2.1111996294777655
      vertex 1.7398849570007637 -11.553958333333334 -1.763569144850114
    endloop
  endfacet
  facet normal -0.38268343236508984 0 0.9238795325112867
    outer loop
      vertex 0.9006307263183561 -11.659791666666667 -2.1111996294777655
      vertex 1.7398849570007637 -11.712708333333333 -1.763569144850114
      vertex 1.7398849570007637 -11.553958333333334 -1.763569144850114
    endloop
  endfacet
  facet normal -0.3826834323650899 0 0.9238795325112867
    outer loop
      vertex 0.9006307263183561 -10.389791666666667 -2.1111996294777655
      vertex 1.7398849570007637 -10.442708333333332 -1.763569144850114
      vertex 1.7398849570007637 -10.1 -1.763569144850114
    endloop
  endfacet
  facet normal -0.6087614290087212 0 0.7933533402912347
    outer loop
      vertex 1.9744982823258725 -14.7025 -0.7244982823258725
      vertex 1.7559217188794296 -15 -0.892217978398024
      vertex 1.9744982823258725 -15 -0.7244982823258725
    endloop
  endfacet
  facet normal -0.2600075147575239 0.8588826153131756 0.44126720406395
    outer loop
      vertex 1.3961811248738147 -14.649583333333332 -1.1682566448501142
      vertex 1.9744982823258725 -14.7025 -0.7244982823258725
      vertex 2.4605689031594093 -14.305625 -1.2105689031594093
    endloop
  endfacet
  facet normal -0.6087614290087205 0 0.7933533402912352
    outer loop
      vertex 1.3961811248738147 -13.697083333333333 -1.1682566448501142
      vertex 1.9744982823258725 -13.75 -0.7244982823258725
      vertex 1.9744982823258725 -13.4325 -0.7244982823258725
    endloop
  endfacet
  facet normal -0.36407891642540186 0.8659287334633483 0.3429489337745009
    outer loop
      vertex 1.9744982823258725 -14.7025 -0.7244982823258725
      vertex 3.013569144850114 -14.358541666666667 -0.48988495700076373
      vertex 2.4605689031594093 -14.305625 -1.2105689031594093
    endloop
  endfacet
  facet normal -0.44126720406394737 -0.8588826153131768 0.2600075147575245
    outer loop
      vertex 2.418256644850114 -13.802916666666667 -0.14618112487381474
      vertex 1.9744982823258725 -13.75 -0.7244982823258725
      vertex 2.4605689031594093 -14.146875 -1.2105689031594093
    endloop
  endfacet
  facet normal -0.7933533402912353 0 0.6087614290087205
    outer loop
      vertex 2.4605689031594093 -14.305625 -1.2105689031594093
      vertex 3.013569144850114 -14.199791666666666 -0.48988495700076373
      vertex 2.4605689031594093 -14.146875 -1.2105689031594093
    endloop
  endfacet
  facet normal -0.2600075147575245 0.8588826153131768 0.44126720406394737
    outer loop
      vertex 1.3961811248738147 -13.379583333333333 -1.1682566448501142
      vertex 1.9744982823258725 -13.4325 -0.7244982823258725
      vertex 2.4605689031594093 -13.035625 -1.2105689031594093
    endloop
  endfacet
  facet normal -0.6087614290087205 0 0.7933533402912352
    outer loop
      vertex 1.3961811248738147 -12.427083333333334 -1.1682566448501142
      vertex 1.9744982823258725 -12.48 -0.7244982823258725
      vertex 1.9744982823258725 -12.1625 -0.7244982823258725
    endloop
  endfacet
  facet normal -0.2600075147575245 0.8588826153131768 0.44126720406394737
    outer loop
      vertex 1.3961811248738147 -12.109583333333333 -1.1682566448501142
      vertex 1.9744982823258725 -12.1625 -0.7244982823258725
      vertex 2.4605689031594093 -11.765625 -1.2105689031594093
    endloop
  endfacet
  facet normal -0.44126720406394593 -0.858882615313177 0.260007514757526
    outer loop
      vertex 2.418256644850114 -12.532916666666665 -0.14618112487381474
      vertex 1.9744982823258725 -12.48 -0.7244982823258725
      vertex 2.4605689031594093 -12.876875 -1.2105689031594093
    endloop
  endfacet
  facet normal -0.3640789164254017 0.8659287334633492 0.3429489337744987
    outer loop
      vertex 1.9744982823258725 -13.4325 -0.7244982823258725
      vertex 3.013569144850114 -13.088541666666666 -0.48988495700076373
      vertex 2.4605689031594093 -13.035625 -1.2105689031594093
    endloop
  endfacet
  facet normal -0.3640789164254017 0.8659287334633492 0.3429489337744987
    outer loop
      vertex 1.9744982823258725 -12.1625 -0.7244982823258725
      vertex 3.013569144850114 -11.818541666666667 -0.48988495700076373
      vertex 2.4605689031594093 -11.765625 -1.2105689031594093
    endloop
  endfacet
  facet normal -0.7933533402912353 0 0.6087614290087205
    outer loop
      vertex 2.4605689031594093 -13.035625 -1.2105689031594093
      vertex 3.013569144850114 -12.929791666666667 -0.48988495700076373
      vertex 2.4605689031594093 -12.876875 -1.2105689031594093
    endloop
  endfacet
  facet normal -0.7933533402912353 0 0.6087614290087207
    outer loop
      vertex 2.4605689031594093 -11.765625 -1.2105689031594093
      vertex 3.013569144850114 -11.659791666666667 -0.48988495700076373
      vertex 2.4605689031594093 -11.606874999999999 -1.2105689031594093
    endloop
  endfacet
  facet normal -0.3429489337744987 -0.8659287334633492 0.3640789164254017
    outer loop
      vertex 1.9744982823258725 -13.75 -0.7244982823258725
      vertex 1.7398849570007637 -14.093958333333333 -1.763569144850114
      vertex 2.4605689031594093 -14.146875 -1.2105689031594093
    endloop
  endfacet
  facet normal -0.26291151262419127 0.8659287334633492 0.4254937897222706
    outer loop
      vertex 1.3961811248738147 -14.649583333333332 -1.1682566448501142
      vertex 2.4605689031594093 -14.305625 -1.2105689031594093
      vertex 1.7398849570007637 -14.252708333333333 -1.763569144850114
    endloop
  endfacet
  facet normal -0.6087614290087205 0 0.7933533402912353
    outer loop
      vertex 2.4605689031594093 -14.305625 -1.2105689031594093
      vertex 2.4605689031594093 -14.146875 -1.2105689031594093
      vertex 1.7398849570007637 -14.252708333333333 -1.763569144850114
    endloop
  endfacet
  facet normal -0.3429489337744987 -0.8659287334633492 0.3640789164254017
    outer loop
      vertex 1.9744982823258725 -12.48 -0.7244982823258725
      vertex 1.7398849570007637 -12.823958333333334 -1.763569144850114
      vertex 2.4605689031594093 -12.876875 -1.2105689031594093
    endloop
  endfacet
  facet normal -0.26291151262419127 0.8659287334633492 0.4254937897222706
    outer loop
      vertex 1.3961811248738147 -13.379583333333333 -1.1682566448501142
      vertex 2.4605689031594093 -13.035625 -1.2105689031594093
      vertex 1.7398849570007637 -12.982708333333333 -1.763569144850114
    endloop
  endfacet
  facet normal -0.6087614290087205 0 0.7933533402912353
    outer loop
      vertex 2.4605689031594093 -13.035625 -1.2105689031594093
      vertex 2.4605689031594093 -12.876875 -1.2105689031594093
      vertex 1.7398849570007637 -12.982708333333333 -1.763569144850114
    endloop
  endfacet
  facet normal -0.26291151262419127 0.8659287334633492 0.4254937897222706
    outer loop
      vertex 1.3961811248738147 -12.109583333333333 -1.1682566448501142
      vertex 2.4605689031594093 -11.765625 -1.2105689031594093
      vertex 1.7398849570007637 -11.712708333333333 -1.763569144850114
    endloop
  endfacet
  facet normal -0.6087614290087207 0 0.7933533402912353
    outer loop
      vertex 2.4605689031594093 -11.765625 -1.2105689031594093
      vertex 2.4605689031594093 -11.606874999999999 -1.2105689031594093
      vertex 1.7398849570007637 -11.712708333333333 -1.763569144850114
    endloop
  endfacet
  facet normal -0.7933533402912353 0 0.6087614290087207
    outer loop
      vertex 2.4605689031594093 -14.305625 -1.2105689031594093
      vertex 3.013569144850114 -14.358541666666667 -0.48988495700076373
      vertex 3.013569144850114 -14.199791666666666 -0.48988495700076373
    endloop
  endfacet
  facet normal -0.7933533402912353 0 0.6087614290087205
    outer loop
      vertex 2.4605689031594093 -13.035625 -1.2105689031594093
      vertex 3.013569144850114 -13.088541666666666 -0.48988495700076373
      vertex 3.013569144850114 -12.929791666666667 -0.48988495700076373
    endloop
  endfacet
  facet normal -0.7933533402912353 0 0.6087614290087205
    outer loop
      vertex 2.4605689031594093 -11.765625 -1.2105689031594093
      vertex 3.013569144850114 -11.818541666666667 -0.48988495700076373
      vertex 3.013569144850114 -11.659791666666667 -0.48988495700076373
    endloop
  endfacet
  facet normal -0.6087614290087207 0 0.7933533402912352
    outer loop
      vertex 1.3961811248738147 -11.157083333333333 -1.1682566448501142
      vertex 1.9744982823258725 -11.209999999999999 -0.7244982823258725
      vertex 1.9744982823258725 -10.8925 -0.7244982823258725
    endloop
  endfacet
  facet normal -0.2600075147575245 0.8588826153131768 0.44126720406394737
    outer loop
      vertex 1.3961811248738147 -10.839583333333334 -1.1682566448501142
      vertex 1.9744982823258725 -10.8925 -0.7244982823258725
      vertex 2.4605689031594093 -10.495625 -1.2105689031594093
    endloop
  endfacet
  facet normal -0.44126720406394737 -0.8588826153131768 0.2600075147575245
    outer loop
      vertex 2.418256644850114 -11.262916666666666 -0.14618112487381474
      vertex 1.9744982823258725 -11.209999999999999 -0.7244982823258725
      vertex 2.4605689031594093 -11.606874999999999 -1.2105689031594093
    endloop
  endfacet
  facet normal -0.3640789164254028 0.8659287334633491 0.3429489337744974
    outer loop
      vertex 1.9744982823258725 -10.8925 -0.7244982823258725
      vertex 3.013569144850114 -10.548541666666665 -0.48988495700076373
      vertex 2.4605689031594093 -10.495625 -1.2105689031594093
    endloop
  endfacet
  facet normal -0.7933533402912353 0 0.6087614290087207
    outer loop
      vertex 2.4605689031594093 -10.495625 -1.2105689031594093
      vertex 3.013569144850114 -10.1 -0.48988495700076373
      vertex 2.4605689031594093 -10.1 -1.2105689031594093
    endloop
  endfacet
  facet normal -0.3429489337744975 -0.8659287334633492 0.36407891642540285
    outer loop
      vertex 1.9744982823258725 -11.209999999999999 -0.7244982823258725
      vertex 1.7398849570007637 -11.553958333333334 -1.763569144850114
      vertex 2.4605689031594093 -11.606874999999999 -1.2105689031594093
    endloop
  endfacet
  facet normal -0.2629115126241909 0.8659287334633483 0.42549378972227275
    outer loop
      vertex 1.3961811248738147 -10.839583333333334 -1.1682566448501142
      vertex 2.4605689031594093 -10.495625 -1.2105689031594093
      vertex 1.7398849570007637 -10.442708333333332 -1.763569144850114
    endloop
  endfacet
  facet normal -0.6087614290087207 0 0.7933533402912353
    outer loop
      vertex 2.4605689031594093 -10.495625 -1.2105689031594093
      vertex 2.4605689031594093 -10.1 -1.2105689031594093
      vertex 1.7398849570007637 -10.442708333333332 -1.763569144850114
    endloop
  endfacet
  facet normal -0.7933533402912353 0 0.6087614290087205
    outer loop
      vertex 2.4605689031594093 -10.495625 -1.2105689031594093
      vertex 3.013569144850114 -10.548541666666665 -0.48988495700076373
      vertex 3.013569144850114 -10.1 -0.48988495700076373
    endloop
  endfacet
  facet normal -0.6087614290087205 0 0.7933533402912353
    outer loop
      vertex 2.4605689031594093 -14.146875 -1.2105689031594093
      vertex 1.7398849570007637 -14.093958333333333 -1.763569144850114
      vertex 1.7398849570007637 -14.252708333333333 -1.763569144850114
    endloop
  endfacet
  facet normal -0.6087614290087205 0 0.7933533402912353
    outer loop
      vertex 2.4605689031594093 -12.876875 -1.2105689031594093
      vertex 1.7398849570007637 -12.823958333333334 -1.763569144850114
      vertex 1.7398849570007637 -12.982708333333333 -1.763569144850114
    endloop
  endfacet
  facet normal -0.6087614290087208 0 0.7933533402912353
    outer loop
      vertex 2.4605689031594093 -11.606874999999999 -1.2105689031594093
      vertex 1.7398849570007637 -11.553958333333334 -1.763569144850114
      vertex 1.7398849570007637 -11.712708333333333 -1.763569144850114
    endloop
  endfacet
  facet normal -0.6087614290087207 0 0.7933533402912353
    outer loop
      vertex 2.4605689031594093 -10.1 -1.2105689031594093
      vertex 1.7398849570007637 -10.1 -1.763569144850114
      vertex 1.7398849570007637 -10.442708333333332 -1.763569144850114
    endloop
  endfacet
endsolid OpenSCAD_Model
