solid OpenSCAD_Model
  facet normal 0 -0.896872747298621 -0.4422886785268461
    outer loop
      vertex 2.15 -11.195518128573895 -3.52073372900486
      vertex 2.15 -10.964101620018482 -3.9900000020861626
      vertex 5.949999999999999 -11.195518128573895 -3.52073372900486
    endloop
  endfacet
  facet normal 0 -0.8314696097727801 -0.5555702368056634
    outer loop
      vertex 2.15 -10.964101620018482 -3.9900000020861626
      vertex 2.15 -10.67341336607933 -4.4250457137823105
      vertex 5.949999999999999 -10.964101620018482 -3.9900000020861626
    endloop
  endfacet
  facet normal -1 0 0
    outer loop
      vertex 2.15 -11.5 -1.9900000020861626
      vertex 2.15 -11.5 0.2621738538146019
      vertex 2.15 -9.58119652804359 -0.5576549289797361
    endloop
  endfacet
  facet normal 0 -0.9807852821830035 -0.19509031306860417
    outer loop
      vertex 2.15 -11.363703310489655 -3.0252761840820312
      vertex 5.949999999999999 -11.465779446065426 -2.512104772031307
      vertex 2.15 -11.465779446065426 -2.512104772031307
    endloop
  endfacet
  facet normal 0 -0.9469301247215172 -0.3214394793656995
    outer loop
      vertex 2.15 -11.195518128573895 -3.52073372900486
      vertex 5.949999999999999 -11.363703310489655 -3.0252761840820312
      vertex 2.15 -11.363703310489655 -3.0252761840820312
    endloop
  endfacet
  facet normal 0 -0.9978589233184303 -0.06540312801222276
    outer loop
      vertex 2.15 -11.465779446065426 -2.512104772031307
      vertex 5.949999999999999 -11.5 -1.9900000020861626
      vertex 2.15 -11.5 -1.9900000020861626
    endloop
  endfacet
  facet normal 0 -1 0
    outer loop
      vertex 2.15 -11.5 -1.9900000020861626
      vertex 5.949999999999999 -11.5 0.2621738538146019
      vertex 2.15 -11.5 0.2621738538146019
    endloop
  endfacet
  facet normal 0 -0.7518398069017457 -0.6593458157582754
    outer loop
      vertex 2.15 -10.67341336607933 -4.4250457137823105
      vertex 2.15 -10.328427128493786 -4.818427123129368
      vertex 5.949999999999999 -10.67341336607933 -4.4250457137823105
    endloop
  endfacet
  facet normal -1 0 0
    outer loop
      vertex 2.15 -11.465779446065426 -2.512104772031307
      vertex 2.15 -11.5 -1.9900000020861626
      vertex 2.15 -9.023541599063854 -1.5235415990638534
    endloop
  endfacet
  facet normal -1 0 0
    outer loop
      vertex 2.15 -11.363703310489655 -3.0252761840820312
      vertex 2.15 -11.465779446065426 -2.512104772031307
      vertex 2.15 -8.811645405866443 -1.7093695730957492
    endloop
  endfacet
  facet normal -1 0 0
    outer loop
      vertex 2.15 -11.195518128573895 -3.52073372900486
      vertex 2.15 -11.363703310489655 -3.0252761840820312
      vertex 2.15 -8.324534771823858 -1.9906030287853635
    endloop
  endfacet
  facet normal -1 0 0
    outer loop
      vertex 2.15 -11.195518128573895 -3.52073372900486
      vertex 2.15 -7.781233455689615 -2.136180177690301
      vertex 2.15 -10.964101620018482 -3.9900000020861626
    endloop
  endfacet
  facet normal -1 0 0
    outer loop
      vertex 2.15 -11.5 -1.9900000020861626
      vertex 2.15 -9.58119652804359 -0.5576549289797361
      vertex 2.15 -9.490603028785364 -0.824534771823858
    endloop
  endfacet
  facet normal -1 0 0
    outer loop
      vertex 2.15 -11.5 -1.9900000020861626
      vertex 2.15 -9.490603028785364 -0.824534771823858
      vertex 2.15 -9.365949759805195 -1.0773065961178467
    endloop
  endfacet
  facet normal -1 0 0
    outer loop
      vertex 2.15 -9.58119652804359 -0.5576549289797361
      vertex 2.15 -11.5 0.2621738538146019
      vertex 2.15 -9.636180177690301 -0.2812334556896152
    endloop
  endfacet
  facet normal -1 0 0
    outer loop
      vertex 2.15 -11.5 -1.9900000020861626
      vertex 2.15 -9.365949759805195 -1.0773065961178467
      vertex 2.15 -9.20936957309575 -1.3116454058664422
    endloop
  endfacet
  facet normal -1 0 0
    outer loop
      vertex 2.15 -11.5 -1.9900000020861626
      vertex 2.15 -9.20936957309575 -1.3116454058664422
      vertex 2.15 -9.023541599063854 -1.5235415990638534
    endloop
  endfacet
  facet normal -1 0 0
    outer loop
      vertex 2.15 -10.964101620018482 -3.9900000020861626
      vertex 2.15 -7.5 -2.1546131922356935
      vertex 2.15 -10.67341336607933 -4.4250457137823105
    endloop
  endfacet
  facet normal -1 0 0
    outer loop
      vertex 2.15 -10.67341336607933 -4.4250457137823105
      vertex 2.15 -6.675465228176142 -1.9906030287853635
      vertex 2.15 -10.328427128493786 -4.818427123129368
    endloop
  endfacet
  facet normal -1 0 0
    outer loop
      vertex 2.15 -11.465779446065426 -2.512104772031307
      vertex 2.15 -9.023541599063854 -1.5235415990638534
      vertex 2.15 -8.811645405866443 -1.7093695730957492
    endloop
  endfacet
  facet normal -1 0 0
    outer loop
      vertex 2.15 -11.363703310489655 -3.0252761840820312
      vertex 2.15 -8.811645405866443 -1.7093695730957492
      vertex 2.15 -8.577306596117847 -1.8659497598051953
    endloop
  endfacet
  facet normal -1 0 0
    outer loop
      vertex 2.15 -11.363703310489655 -3.0252761840820312
      vertex 2.15 -8.577306596117847 -1.8659497598051953
      vertex 2.15 -8.324534771823858 -1.9906030287853635
    endloop
  endfacet
  facet normal -1 0 0
    outer loop
      vertex 2.15 -11.195518128573895 -3.52073372900486
      vertex 2.15 -8.324534771823858 -1.9906030287853635
      vertex 2.15 -8.057654928979737 -2.0811965280435896
    endloop
  endfacet
  facet normal -1 0 0
    outer loop
      vertex 2.15 -11.195518128573895 -3.52073372900486
      vertex 2.15 -8.057654928979737 -2.0811965280435896
      vertex 2.15 -7.781233455689615 -2.136180177690301
    endloop
  endfacet
  facet normal -1 0 0
    outer loop
      vertex 2.15 -10.964101620018482 -3.9900000020861626
      vertex 2.15 -7.781233455689615 -2.136180177690301
      vertex 2.15 -7.5 -2.1546131922356935
    endloop
  endfacet
  facet normal -1 0 0
    outer loop
      vertex 2.15 -10.67341336607933 -4.4250457137823105
      vertex 2.15 -7.5 -2.1546131922356935
      vertex 2.15 -7.218766544310385 -2.136180177690301
    endloop
  endfacet
  facet normal -1 0 0
    outer loop
      vertex 2.15 -10.67341336607933 -4.4250457137823105
      vertex 2.15 -7.218766544310385 -2.136180177690301
      vertex 2.15 -6.942345071020264 -2.0811965280435896
    endloop
  endfacet
  facet normal 0 -0.896872747298621 -0.4422886785268461
    outer loop
      vertex 2.15 -10.964101620018482 -3.9900000020861626
      vertex 5.949999999999999 -10.964101620018482 -3.9900000020861626
      vertex 5.949999999999999 -11.195518128573895 -3.52073372900486
    endloop
  endfacet
  facet normal 0 -0.8314696097727801 -0.5555702368056634
    outer loop
      vertex 2.15 -10.67341336607933 -4.4250457137823105
      vertex 5.949999999999999 -10.67341336607933 -4.4250457137823105
      vertex 5.949999999999999 -10.964101620018482 -3.9900000020861626
    endloop
  endfacet
  facet normal 0 -0.9807852821830035 -0.19509031306860417
    outer loop
      vertex 2.15 -11.363703310489655 -3.0252761840820312
      vertex 5.949999999999999 -11.363703310489655 -3.0252761840820312
      vertex 5.949999999999999 -11.465779446065426 -2.512104772031307
    endloop
  endfacet
  facet normal 0 -0.9978589233184303 -0.06540312801222276
    outer loop
      vertex 2.15 -11.465779446065426 -2.512104772031307
      vertex 5.949999999999999 -11.465779446065426 -2.512104772031307
      vertex 5.949999999999999 -11.5 -1.9900000020861626
    endloop
  endfacet
  facet normal 0 -0.9469301247215172 -0.3214394793656995
    outer loop
      vertex 2.15 -11.195518128573895 -3.52073372900486
      vertex 5.949999999999999 -11.195518128573895 -3.52073372900486
      vertex 5.949999999999999 -11.363703310489655 -3.0252761840820312
    endloop
  endfacet
  facet normal 0 -1 0
    outer loop
      vertex 2.15 -11.5 -1.9900000020861626
      vertex 5.949999999999999 -11.5 -1.9900000020861626
      vertex 5.949999999999999 -11.5 0.2621738538146019
    endloop
  endfacet
  facet normal 0 -0.7518398069017457 -0.6593458157582754
    outer loop
      vertex 2.15 -10.328427128493786 -4.818427123129368
      vertex 5.949999999999999 -10.328427128493786 -4.818427123129368
      vertex 5.949999999999999 -10.67341336607933 -4.4250457137823105
    endloop
  endfacet
  facet normal 1 0 0
    outer loop
      vertex 5.949999999999999 -11.465779446065426 -2.512104772031307
      vertex 5.949999999999999 -9.20936957309575 -1.3116454058664422
      vertex 5.949999999999999 -11.5 -1.9900000020861626
    endloop
  endfacet
  facet normal 1 0 0
    outer loop
      vertex 5.949999999999999 -11.5 -1.9900000020861626
      vertex 5.949999999999999 -9.58119652804359 -0.5576549289797361
      vertex 5.949999999999999 -11.5 0.2621738538146019
    endloop
  endfacet
  facet normal 1 0 0
    outer loop
      vertex 5.949999999999999 -11.363703310489655 -3.0252761840820312
      vertex 5.949999999999999 -9.023541599063854 -1.5235415990638534
      vertex 5.949999999999999 -11.465779446065426 -2.512104772031307
    endloop
  endfacet
  facet normal 1 0 0
    outer loop
      vertex 5.949999999999999 -11.195518128573895 -3.52073372900486
      vertex 5.949999999999999 -8.577306596117847 -1.8659497598051953
      vertex 5.949999999999999 -11.363703310489655 -3.0252761840820312
    endloop
  endfacet
  facet normal 1 0 0
    outer loop
      vertex 5.949999999999999 -11.195518128573895 -3.52073372900486
      vertex 5.949999999999999 -10.964101620018482 -3.9900000020861626
      vertex 5.949999999999999 -8.057654928979737 -2.0811965280435896
    endloop
  endfacet
  facet normal 1 0 0
    outer loop
      vertex 5.949999999999999 -11.465779446065426 -2.512104772031307
      vertex 5.949999999999999 -9.023541599063854 -1.5235415990638534
      vertex 5.949999999999999 -9.20936957309575 -1.3116454058664422
    endloop
  endfacet
  facet normal 1 0 0
    outer loop
      vertex 5.949999999999999 -11.5 -1.9900000020861626
      vertex 5.949999999999999 -9.490603028785364 -0.824534771823858
      vertex 5.949999999999999 -9.58119652804359 -0.5576549289797361
    endloop
  endfacet
  facet normal 1 0 0
    outer loop
      vertex 5.949999999999999 -11.5 -1.9900000020861626
      vertex 5.949999999999999 -9.365949759805195 -1.0773065961178467
      vertex 5.949999999999999 -9.490603028785364 -0.824534771823858
    endloop
  endfacet
  facet normal 1 0 0
    outer loop
      vertex 5.949999999999999 -9.58119652804359 -0.5576549289797361
      vertex 5.949999999999999 -9.636180177690301 -0.2812334556896152
      vertex 5.949999999999999 -11.5 0.2621738538146019
    endloop
  endfacet
  facet normal 1 0 0
    outer loop
      vertex 5.949999999999999 -11.5 -1.9900000020861626
      vertex 5.949999999999999 -9.20936957309575 -1.3116454058664422
      vertex 5.949999999999999 -9.365949759805195 -1.0773065961178467
    endloop
  endfacet
  facet normal 1 0 0
    outer loop
      vertex 5.949999999999999 -10.964101620018482 -3.9900000020861626
      vertex 5.949999999999999 -10.67341336607933 -4.4250457137823105
      vertex 5.949999999999999 -7.781233455689615 -2.136180177690301
    endloop
  endfacet
  facet normal 1 0 0
    outer loop
      vertex 5.949999999999999 -10.67341336607933 -4.4250457137823105
      vertex 5.949999999999999 -10.328427128493786 -4.818427123129368
      vertex 5.949999999999999 -6.942345071020264 -2.0811965280435896
    endloop
  endfacet
  facet normal 1 0 0
    outer loop
      vertex 5.949999999999999 -11.363703310489655 -3.0252761840820312
      vertex 5.949999999999999 -8.811645405866443 -1.7093695730957492
      vertex 5.949999999999999 -9.023541599063854 -1.5235415990638534
    endloop
  endfacet
  facet normal 1 0 0
    outer loop
      vertex 5.949999999999999 -11.363703310489655 -3.0252761840820312
      vertex 5.949999999999999 -8.577306596117847 -1.8659497598051953
      vertex 5.949999999999999 -8.811645405866443 -1.7093695730957492
    endloop
  endfacet
  facet normal 1 0 0
    outer loop
      vertex 5.949999999999999 -11.195518128573895 -3.52073372900486
      vertex 5.949999999999999 -8.324534771823858 -1.9906030287853635
      vertex 5.949999999999999 -8.577306596117847 -1.8659497598051953
    endloop
  endfacet
  facet normal 1 0 0
    outer loop
      vertex 5.949999999999999 -11.195518128573895 -3.52073372900486
      vertex 5.949999999999999 -8.057654928979737 -2.0811965280435896
      vertex 5.949999999999999 -8.324534771823858 -1.9906030287853635
    endloop
  endfacet
  facet normal 1 0 0
    outer loop
      vertex 5.949999999999999 -10.964101620018482 -3.9900000020861626
      vertex 5.949999999999999 -7.781233455689615 -2.136180177690301
      vertex 5.949999999999999 -8.057654928979737 -2.0811965280435896
    endloop
  endfacet
  facet normal 1 0 0
    outer loop
      vertex 5.949999999999999 -10.67341336607933 -4.4250457137823105
      vertex 5.949999999999999 -7.5 -2.1546131922356935
      vertex 5.949999999999999 -7.781233455689615 -2.136180177690301
    endloop
  endfacet
  facet normal 1 0 0
    outer loop
      vertex 5.949999999999999 -10.67341336607933 -4.4250457137823105
      vertex 5.949999999999999 -7.218766544310385 -2.136180177690301
      vertex 5.949999999999999 -7.5 -2.1546131922356935
    endloop
  endfacet
  facet normal 1 0 0
    outer loop
      vertex 5.949999999999999 -10.67341336607933 -4.4250457137823105
      vertex 5.949999999999999 -6.942345071020264 -2.0811965280435896
      vertex 5.949999999999999 -7.218766544310385 -2.136180177690301
    endloop
  endfacet
  facet normal -1 0 0
    outer loop
      vertex 2.15 -11.5 0.2621738538146019
      vertex 2.15 -11.431558892130852 0.7820356860756874
      vertex 2.15 -9.636180177690301 0.2812334556896152
    endloop
  endfacet
  facet normal 0 -0.9914448615585123 0.13052619081710234
    outer loop
      vertex 2.15 -11.5 0.2621738538146019
      vertex 5.949999999999999 -11.431558892130852 0.7820356860756874
      vertex 2.15 -11.431558892130852 0.7820356860756874
    endloop
  endfacet
  facet normal 0 -0.965925827248529 0.2588190415217645
    outer loop
      vertex 2.15 -11.431558892130852 0.7820356860756874
      vertex 5.949999999999999 -11.295847721397877 1.28851667791605
      vertex 2.15 -11.295847721397877 1.28851667791605
    endloop
  endfacet
  facet normal 0 -0.92387953140448 0.3826834350371577
    outer loop
      vertex 2.15 -11.295847721397877 1.28851667791605
      vertex 5.949999999999999 -11.095188543200493 1.7729507833719254
      vertex 2.15 -11.095188543200493 1.7729507833719254
    endloop
  endfacet
  facet normal 0 -0.8660254028466655 0.5000000016242706
    outer loop
      vertex 2.15 -11.095188543200493 1.7729507833719254
      vertex 5.949999999999999 -10.833014689385891 2.2270492166280746
      vertex 2.15 -10.833014689385891 2.2270492166280746
    endloop
  endfacet
  facet normal -1 0 0
    outer loop
      vertex 2.15 -9.636180177690301 -0.2812334556896152
      vertex 2.15 -11.5 0.2621738538146019
      vertex 2.15 -9.654613192235693 0
    endloop
  endfacet
  facet normal -1 0 0
    outer loop
      vertex 2.15 -11.5 0.2621738538146019
      vertex 2.15 -9.636180177690301 0.2812334556896152
      vertex 2.15 -9.654613192235693 0
    endloop
  endfacet
  facet normal -1 0 0
    outer loop
      vertex 2.15 -11.431558892130852 0.7820356860756874
      vertex 2.15 -9.58119652804359 0.5576549289797361
      vertex 2.15 -9.636180177690301 0.2812334556896152
    endloop
  endfacet
  facet normal -1 0 0
    outer loop
      vertex 2.15 -11.431558892130852 0.7820356860756874
      vertex 2.15 -9.490603028785364 0.824534771823858
      vertex 2.15 -9.58119652804359 0.5576549289797361
    endloop
  endfacet
  facet normal -1 0 0
    outer loop
      vertex 2.15 -11.431558892130852 0.7820356860756874
      vertex 2.15 -9.365949759805195 1.0773065961178467
      vertex 2.15 -9.490603028785364 0.824534771823858
    endloop
  endfacet
  facet normal -1 0 0
    outer loop
      vertex 2.15 -11.431558892130852 0.7820356860756874
      vertex 2.15 -9.20936957309575 1.3116454058664422
      vertex 2.15 -9.365949759805195 1.0773065961178467
    endloop
  endfacet
  facet normal -1 0 0
    outer loop
      vertex 2.15 -11.431558892130852 0.7820356860756874
      vertex 2.15 -9.023541599063854 1.5235415990638534
      vertex 2.15 -9.20936957309575 1.3116454058664422
    endloop
  endfacet
  facet normal 0 -0.7933533401022866 0.6087614292549631
    outer loop
      vertex 2.15 -10.833014689385891 2.2270492166280746
      vertex 5.949999999999999 -10.51381203532219 2.643042214214802
      vertex 2.15 -10.51381203532219 2.643042214214802
    endloop
  endfacet
  facet normal 0 -0.7071067811865475 0.7071067811865475
    outer loop
      vertex 2.15 -10.51381203532219 2.643042214214802
      vertex 5.949999999999999 -10.143042214214802 3.0138120353221893
      vertex 2.15 -10.143042214214802 3.0138120353221893
    endloop
  endfacet
  facet normal -1 0 0
    outer loop
      vertex 2.15 -11.431558892130852 0.7820356860756874
      vertex 2.15 -8.811645405866443 1.7093695730957492
      vertex 2.15 -9.023541599063854 1.5235415990638534
    endloop
  endfacet
  facet normal -1 0 0
    outer loop
      vertex 2.15 -11.431558892130852 0.7820356860756874
      vertex 2.15 -8.577306596117847 1.8659497598051953
      vertex 2.15 -8.811645405866443 1.7093695730957492
    endloop
  endfacet
  facet normal -1 0 0
    outer loop
      vertex 2.15 -11.431558892130852 0.7820356860756874
      vertex 2.15 -8.324534771823858 1.990603028785364
      vertex 2.15 -8.577306596117847 1.8659497598051953
    endloop
  endfacet
  facet normal -1 0 0
    outer loop
      vertex 2.15 -11.431558892130852 0.7820356860756874
      vertex 2.15 -11.295847721397877 1.28851667791605
      vertex 2.15 -5.272950783371925 3.333014689385891
    endloop
  endfacet
  facet normal -1 0 0
    outer loop
      vertex 2.15 -11.095188543200493 1.7729507833719254
      vertex 2.15 -10.833014689385891 2.2270492166280746
      vertex 2.15 -6.21148332208395 3.7958477213978767
    endloop
  endfacet
  facet normal -1 0 0
    outer loop
      vertex 2.15 -10.51381203532219 2.643042214214802
      vertex 2.15 -10.143042214214802 3.0138120353221893
      vertex 2.15 -7.237826146185398 4
    endloop
  endfacet
  facet normal -1 0 0
    outer loop
      vertex 2.15 -11.295847721397877 1.28851667791605
      vertex 2.15 -11.095188543200493 1.7729507833719254
      vertex 2.15 -5.272950783371925 3.333014689385891
    endloop
  endfacet
  facet normal -1 0 0
    outer loop
      vertex 2.15 -10.833014689385891 2.2270492166280746
      vertex 2.15 -10.51381203532219 2.643042214214802
      vertex 2.15 -6.21148332208395 3.7958477213978767
    endloop
  endfacet
  facet normal 0 -0.6087614292549631 0.7933533401022866
    outer loop
      vertex 2.15 -10.143042214214802 3.0138120353221893
      vertex 5.949999999999999 -9.727049216628075 3.333014689385891
      vertex 2.15 -9.727049216628075 3.333014689385891
    endloop
  endfacet
  facet normal 0 -0.5000000016242706 0.8660254028466655
    outer loop
      vertex 2.15 -9.727049216628075 3.333014689385891
      vertex 5.949999999999999 -9.272950783371925 3.595188543200493
      vertex 2.15 -9.272950783371925 3.595188543200493
    endloop
  endfacet
  facet normal -1 0 0
    outer loop
      vertex 2.15 -11.431558892130852 0.7820356860756874
      vertex 2.15 -5.272950783371925 3.333014689385891
      vertex 2.15 -8.324534771823858 1.990603028785364
    endloop
  endfacet
  facet normal -1 0 0
    outer loop
      vertex 2.15 -10.143042214214802 3.0138120353221893
      vertex 2.15 -9.727049216628075 3.333014689385891
      vertex 2.15 -7.237826146185398 4
    endloop
  endfacet
  facet normal -1 0 0
    outer loop
      vertex 2.15 -9.727049216628075 3.333014689385891
      vertex 2.15 -9.272950783371925 3.595188543200493
      vertex 2.15 -7.762173853814602 4
    endloop
  endfacet
  facet normal -1 0 0
    outer loop
      vertex 2.15 -9.272950783371925 3.595188543200493
      vertex 2.15 -8.78851667791605 3.7958477213978767
      vertex 2.15 -8.282035686075687 3.9315588921308517
    endloop
  endfacet
  facet normal -1 0 0
    outer loop
      vertex 2.15 -9.272950783371925 3.595188543200493
      vertex 2.15 -8.282035686075687 3.9315588921308517
      vertex 2.15 -7.762173853814602 4
    endloop
  endfacet
  facet normal 0 -0.3826834350371577 0.92387953140448
    outer loop
      vertex 2.15 -9.272950783371925 3.595188543200493
      vertex 5.949999999999999 -8.78851667791605 3.7958477213978767
      vertex 2.15 -8.78851667791605 3.7958477213978767
    endloop
  endfacet
  facet normal 0 -0.2588190415217645 0.965925827248529
    outer loop
      vertex 2.15 -8.78851667791605 3.7958477213978767
      vertex 5.949999999999999 -8.282035686075687 3.9315588921308517
      vertex 2.15 -8.282035686075687 3.9315588921308517
    endloop
  endfacet
  facet normal 0 -0.9914448615585123 0.13052619081710234
    outer loop
      vertex 2.15 -11.5 0.2621738538146019
      vertex 5.949999999999999 -11.5 0.2621738538146019
      vertex 5.949999999999999 -11.431558892130852 0.7820356860756874
    endloop
  endfacet
  facet normal 0 -0.965925827248529 0.2588190415217645
    outer loop
      vertex 2.15 -11.431558892130852 0.7820356860756874
      vertex 5.949999999999999 -11.431558892130852 0.7820356860756874
      vertex 5.949999999999999 -11.295847721397877 1.28851667791605
    endloop
  endfacet
  facet normal 0 -0.92387953140448 0.3826834350371577
    outer loop
      vertex 2.15 -11.295847721397877 1.28851667791605
      vertex 5.949999999999999 -11.295847721397877 1.28851667791605
      vertex 5.949999999999999 -11.095188543200493 1.7729507833719254
    endloop
  endfacet
  facet normal 0 -0.8660254028466655 0.5000000016242706
    outer loop
      vertex 2.15 -11.095188543200493 1.7729507833719254
      vertex 5.949999999999999 -11.095188543200493 1.7729507833719254
      vertex 5.949999999999999 -10.833014689385891 2.2270492166280746
    endloop
  endfacet
  facet normal 0 -0.7933533401022866 0.6087614292549631
    outer loop
      vertex 2.15 -10.833014689385891 2.2270492166280746
      vertex 5.949999999999999 -10.833014689385891 2.2270492166280746
      vertex 5.949999999999999 -10.51381203532219 2.643042214214802
    endloop
  endfacet
  facet normal 0 -0.7071067811865475 0.7071067811865475
    outer loop
      vertex 2.15 -10.51381203532219 2.643042214214802
      vertex 5.949999999999999 -10.51381203532219 2.643042214214802
      vertex 5.949999999999999 -10.143042214214802 3.0138120353221893
    endloop
  endfacet
  facet normal 0 -0.6087614292549631 0.7933533401022866
    outer loop
      vertex 2.15 -10.143042214214802 3.0138120353221893
      vertex 5.949999999999999 -10.143042214214802 3.0138120353221893
      vertex 5.949999999999999 -9.727049216628075 3.333014689385891
    endloop
  endfacet
  facet normal 1 0 0
    outer loop
      vertex 5.949999999999999 -11.5 0.2621738538146019
      vertex 5.949999999999999 -9.58119652804359 0.5576549289797361
      vertex 5.949999999999999 -11.431558892130852 0.7820356860756874
    endloop
  endfacet
  facet normal 1 0 0
    outer loop
      vertex 5.949999999999999 -9.636180177690301 -0.2812334556896152
      vertex 5.949999999999999 -9.654613192235693 0
      vertex 5.949999999999999 -11.5 0.2621738538146019
    endloop
  endfacet
  facet normal 1 0 0
    outer loop
      vertex 5.949999999999999 -11.5 0.2621738538146019
      vertex 5.949999999999999 -9.654613192235693 0
      vertex 5.949999999999999 -9.636180177690301 0.2812334556896152
    endloop
  endfacet
  facet normal 1 0 0
    outer loop
      vertex 5.949999999999999 -11.5 0.2621738538146019
      vertex 5.949999999999999 -9.636180177690301 0.2812334556896152
      vertex 5.949999999999999 -9.58119652804359 0.5576549289797361
    endloop
  endfacet
  facet normal 1 0 0
    outer loop
      vertex 5.949999999999999 -11.431558892130852 0.7820356860756874
      vertex 5.949999999999999 -9.58119652804359 0.5576549289797361
      vertex 5.949999999999999 -9.490603028785364 0.824534771823858
    endloop
  endfacet
  facet normal 1 0 0
    outer loop
      vertex 5.949999999999999 -11.431558892130852 0.7820356860756874
      vertex 5.949999999999999 -9.490603028785364 0.824534771823858
      vertex 5.949999999999999 -9.365949759805195 1.0773065961178467
    endloop
  endfacet
  facet normal 1 0 0
    outer loop
      vertex 5.949999999999999 -11.431558892130852 0.7820356860756874
      vertex 5.949999999999999 -9.365949759805195 1.0773065961178467
      vertex 5.949999999999999 -9.20936957309575 1.3116454058664422
    endloop
  endfacet
  facet normal 1 0 0
    outer loop
      vertex 5.949999999999999 -11.431558892130852 0.7820356860756874
      vertex 5.949999999999999 -9.20936957309575 1.3116454058664422
      vertex 5.949999999999999 -9.023541599063854 1.5235415990638534
    endloop
  endfacet
  facet normal 0 -0.5000000016242706 0.8660254028466655
    outer loop
      vertex 2.15 -9.727049216628075 3.333014689385891
      vertex 5.949999999999999 -9.727049216628075 3.333014689385891
      vertex 5.949999999999999 -9.272950783371925 3.595188543200493
    endloop
  endfacet
  facet normal 0 -0.3826834350371577 0.92387953140448
    outer loop
      vertex 2.15 -9.272950783371925 3.595188543200493
      vertex 5.949999999999999 -9.272950783371925 3.595188543200493
      vertex 5.949999999999999 -8.78851667791605 3.7958477213978767
    endloop
  endfacet
  facet normal 0 -0.2588190415217645 0.965925827248529
    outer loop
      vertex 2.15 -8.78851667791605 3.7958477213978767
      vertex 5.949999999999999 -8.78851667791605 3.7958477213978767
      vertex 5.949999999999999 -8.282035686075687 3.9315588921308517
    endloop
  endfacet
  facet normal 1 0 0
    outer loop
      vertex 5.949999999999999 -11.431558892130852 0.7820356860756874
      vertex 5.949999999999999 -9.023541599063854 1.5235415990638534
      vertex 5.949999999999999 -8.811645405866443 1.7093695730957492
    endloop
  endfacet
  facet normal 1 0 0
    outer loop
      vertex 5.949999999999999 -11.431558892130852 0.7820356860756874
      vertex 5.949999999999999 -8.811645405866443 1.7093695730957492
      vertex 5.949999999999999 -8.577306596117847 1.8659497598051953
    endloop
  endfacet
  facet normal 1 0 0
    outer loop
      vertex 5.949999999999999 -11.431558892130852 0.7820356860756874
      vertex 5.949999999999999 -8.577306596117847 1.8659497598051953
      vertex 5.949999999999999 -8.324534771823858 1.990603028785364
    endloop
  endfacet
  facet normal 1 0 0
    outer loop
      vertex 5.949999999999999 -11.431558892130852 0.7820356860756874
      vertex 5.949999999999999 -5.272950783371925 3.333014689385891
      vertex 5.949999999999999 -11.295847721397877 1.28851667791605
    endloop
  endfacet
  facet normal 1 0 0
    outer loop
      vertex 5.949999999999999 -11.095188543200493 1.7729507833719254
      vertex 5.949999999999999 -6.21148332208395 3.7958477213978767
      vertex 5.949999999999999 -10.833014689385891 2.2270492166280746
    endloop
  endfacet
  facet normal 1 0 0
    outer loop
      vertex 5.949999999999999 -10.51381203532219 2.643042214214802
      vertex 5.949999999999999 -7.237826146185398 4
      vertex 5.949999999999999 -10.143042214214802 3.0138120353221893
    endloop
  endfacet
  facet normal 1 0 0
    outer loop
      vertex 5.949999999999999 -11.295847721397877 1.28851667791605
      vertex 5.949999999999999 -5.272950783371925 3.333014689385891
      vertex 5.949999999999999 -11.095188543200493 1.7729507833719254
    endloop
  endfacet
  facet normal 1 0 0
    outer loop
      vertex 5.949999999999999 -10.833014689385891 2.2270492166280746
      vertex 5.949999999999999 -6.21148332208395 3.7958477213978767
      vertex 5.949999999999999 -10.51381203532219 2.643042214214802
    endloop
  endfacet
  facet normal 1 0 0
    outer loop
      vertex 5.949999999999999 -11.431558892130852 0.7820356860756874
      vertex 5.949999999999999 -8.324534771823858 1.990603028785364
      vertex 5.949999999999999 -5.272950783371925 3.333014689385891
    endloop
  endfacet
  facet normal 1 0 0
    outer loop
      vertex 5.949999999999999 -10.143042214214802 3.0138120353221893
      vertex 5.949999999999999 -7.237826146185398 4
      vertex 5.949999999999999 -9.727049216628075 3.333014689385891
    endloop
  endfacet
  facet normal 1 0 0
    outer loop
      vertex 5.949999999999999 -9.727049216628075 3.333014689385891
      vertex 5.949999999999999 -7.762173853814602 4
      vertex 5.949999999999999 -9.272950783371925 3.595188543200493
    endloop
  endfacet
  facet normal 1 0 0
    outer loop
      vertex 5.949999999999999 -9.272950783371925 3.595188543200493
      vertex 5.949999999999999 -8.282035686075687 3.9315588921308517
      vertex 5.949999999999999 -8.78851667791605 3.7958477213978767
    endloop
  endfacet
  facet normal 1 0 0
    outer loop
      vertex 5.949999999999999 -9.272950783371925 3.595188543200493
      vertex 5.949999999999999 -7.762173853814602 4
      vertex 5.949999999999999 -8.282035686075687 3.9315588921308517
    endloop
  endfacet
  facet normal 0 -0.7071067811865475 -0.7071067811865475
    outer loop
      vertex 2.15 -10.328427128493786 -4.818427123129368
      vertex 2.15 -1.4900000020861626 -13.656854249536991
      vertex 5.949999999999999 -10.328427128493786 -4.818427123129368
    endloop
  endfacet
  facet normal -1 0 0
    outer loop
      vertex 2.15 -10.67341336607933 -4.4250457137823105
      vertex 2.15 -6.942345071020264 -2.0811965280435896
      vertex 2.15 -6.675465228176142 -1.9906030287853635
    endloop
  endfacet
  facet normal -1 0 0
    outer loop
      vertex 2.15 -10.328427128493786 -4.818427123129368
      vertex 2.15 -6.675465228176142 -1.9906030287853635
      vertex 2.15 -6.422693403882153 -1.8659497598051953
    endloop
  endfacet
  facet normal -1 0 0
    outer loop
      vertex 2.15 -10.328427128493786 -4.818427123129368
      vertex 2.15 -6.422693403882153 -1.8659497598051953
      vertex 2.15 -3.5 0.0033388659358024597
    endloop
  endfacet
  facet normal -1 0 0
    outer loop
      vertex 2.15 -10.328427128493786 -4.818427123129368
      vertex 2.15 -3.5 0.0033388659358024597
      vertex 2.15 -1.4929252788424492 -2.340220481157303
    endloop
  endfacet
  facet normal -1 0 0
    outer loop
      vertex 2.15 -6.422693403882153 -1.8659497598051953
      vertex 2.15 -6.188354594133558 -1.7093695730957492
      vertex 2.15 -3.5 0.0033388659358024597
    endloop
  endfacet
  facet normal -1 0 0
    outer loop
      vertex 2.15 -6.188354594133558 -1.7093695730957492
      vertex 2.15 -5.9764584009361466 -1.5235415990638534
      vertex 2.15 -3.5 0.0033388659358024597
    endloop
  endfacet
  facet normal -1 0 0
    outer loop
      vertex 2.15 -5.9764584009361466 -1.5235415990638534
      vertex 2.15 -5.790630426904251 -1.3116454058664422
      vertex 2.15 -3.5 0.0033388659358024597
    endloop
  endfacet
  facet normal 1 0 0
    outer loop
      vertex 5.949999999999999 -10.328427128493786 -4.818427123129368
      vertex 5.949999999999999 -6.675465228176142 -1.9906030287853635
      vertex 5.949999999999999 -6.942345071020264 -2.0811965280435896
    endloop
  endfacet
  facet normal 1 0 0
    outer loop
      vertex 5.949999999999999 -10.328427128493786 -4.818427123129368
      vertex 5.949999999999999 -6.422693403882153 -1.8659497598051953
      vertex 5.949999999999999 -6.675465228176142 -1.9906030287853635
    endloop
  endfacet
  facet normal 1 0 0
    outer loop
      vertex 5.949999999999999 -10.328427128493786 -4.818427123129368
      vertex 5.949999999999999 -3.5 0.0033388659358024597
      vertex 5.949999999999999 -6.422693403882153 -1.8659497598051953
    endloop
  endfacet
  facet normal 1 0 0
    outer loop
      vertex 5.949999999999999 -10.328427128493786 -4.818427123129368
      vertex 5.949999999999999 -1.4929252788424492 -2.340220481157303
      vertex 5.949999999999999 -3.5 0.0033388659358024597
    endloop
  endfacet
  facet normal 1 0 0
    outer loop
      vertex 5.949999999999999 -6.422693403882153 -1.8659497598051953
      vertex 5.949999999999999 -3.5 0.0033388659358024597
      vertex 5.949999999999999 -6.188354594133558 -1.7093695730957492
    endloop
  endfacet
  facet normal 1 0 0
    outer loop
      vertex 5.949999999999999 -6.188354594133558 -1.7093695730957492
      vertex 5.949999999999999 -3.5 0.0033388659358024597
      vertex 5.949999999999999 -5.9764584009361466 -1.5235415990638534
    endloop
  endfacet
  facet normal 1 0 0
    outer loop
      vertex 5.949999999999999 -5.9764584009361466 -1.5235415990638534
      vertex 5.949999999999999 -3.5 0.0033388659358024597
      vertex 5.949999999999999 -5.790630426904251 -1.3116454058664422
    endloop
  endfacet
  facet normal -1 0 0
    outer loop
      vertex 2.15 -11.095188543200493 1.7729507833719254
      vertex 2.15 -6.21148332208395 3.7958477213978767
      vertex 2.15 -5.727049216628075 3.595188543200493
    endloop
  endfacet
  facet normal -1 0 0
    outer loop
      vertex 2.15 -9.727049216628075 3.333014689385891
      vertex 2.15 -7.762173853814602 4
      vertex 2.15 -7.237826146185398 4
    endloop
  endfacet
  facet normal -1 0 0
    outer loop
      vertex 2.15 -10.51381203532219 2.643042214214802
      vertex 2.15 -7.237826146185398 4
      vertex 2.15 -6.717964313924313 3.9315588921308517
    endloop
  endfacet
  facet normal -1 0 0
    outer loop
      vertex 2.15 -10.51381203532219 2.643042214214802
      vertex 2.15 -6.717964313924313 3.9315588921308517
      vertex 2.15 -6.21148332208395 3.7958477213978767
    endloop
  endfacet
  facet normal 0 -0.13052619081710234 0.9914448615585123
    outer loop
      vertex 2.15 -8.282035686075687 3.9315588921308517
      vertex 5.949999999999999 -7.762173853814602 4
      vertex 2.15 -7.762173853814602 4
    endloop
  endfacet
  facet normal -1 0 0
    outer loop
      vertex 2.15 -11.095188543200493 1.7729507833719254
      vertex 2.15 -5.727049216628075 3.595188543200493
      vertex 2.15 -5.272950783371925 3.333014689385891
    endloop
  endfacet
  facet normal -1 0 0
    outer loop
      vertex 2.15 -8.324534771823858 1.990603028785364
      vertex 2.15 -5.272950783371925 3.333014689385891
      vertex 2.15 -8.057654928979737 2.08119652804359
    endloop
  endfacet
  facet normal -1 0 0
    outer loop
      vertex 2.15 -8.057654928979737 2.08119652804359
      vertex 2.15 -5.272950783371925 3.333014689385891
      vertex 2.15 -7.781233455689615 2.1361801776903007
    endloop
  endfacet
  facet normal -1 0 0
    outer loop
      vertex 2.15 -7.781233455689615 2.1361801776903007
      vertex 2.15 -5.272950783371925 3.333014689385891
      vertex 2.15 -7.5 2.154613192235694
    endloop
  endfacet
  facet normal 0 0 1
    outer loop
      vertex 2.15 -7.762173853814602 4
      vertex 5.949999999999999 -7.237826146185398 4
      vertex 2.15 -7.237826146185398 4
    endloop
  endfacet
  facet normal 0 0.13052619081710234 0.9914448615585123
    outer loop
      vertex 2.15 -7.237826146185398 4
      vertex 5.949999999999999 -6.717964313924313 3.9315588921308517
      vertex 2.15 -6.717964313924313 3.9315588921308517
    endloop
  endfacet
  facet normal -1 0 0
    outer loop
      vertex 2.15 -7.5 2.154613192235694
      vertex 2.15 -4.856957785785198 3.0138120353221893
      vertex 2.15 -7.218766544310385 2.1361801776903007
    endloop
  endfacet
  facet normal -1 0 0
    outer loop
      vertex 2.15 -7.218766544310385 2.1361801776903007
      vertex 2.15 -4.856957785785198 3.0138120353221893
      vertex 2.15 -6.942345071020264 2.08119652804359
    endloop
  endfacet
  facet normal -1 0 0
    outer loop
      vertex 2.15 -6.942345071020264 2.08119652804359
      vertex 2.15 -4.486187964677811 2.643042214214802
      vertex 2.15 -6.675465228176142 1.990603028785364
    endloop
  endfacet
  facet normal -1 0 0
    outer loop
      vertex 2.15 -6.675465228176142 1.990603028785364
      vertex 2.15 -4.486187964677811 2.643042214214802
      vertex 2.15 -6.422693403882153 1.8659497598051953
    endloop
  endfacet
  facet normal -1 0 0
    outer loop
      vertex 2.15 -7.5 2.154613192235694
      vertex 2.15 -5.272950783371925 3.333014689385891
      vertex 2.15 -4.856957785785198 3.0138120353221893
    endloop
  endfacet
  facet normal 0 0.2588190415217645 0.965925827248529
    outer loop
      vertex 2.15 -6.717964313924313 3.9315588921308517
      vertex 5.949999999999999 -6.21148332208395 3.7958477213978767
      vertex 2.15 -6.21148332208395 3.7958477213978767
    endloop
  endfacet
  facet normal 0 0.3826834350371577 0.92387953140448
    outer loop
      vertex 2.15 -6.21148332208395 3.7958477213978767
      vertex 5.949999999999999 -5.727049216628075 3.595188543200493
      vertex 2.15 -5.727049216628075 3.595188543200493
    endloop
  endfacet
  facet normal -1 0 0
    outer loop
      vertex 2.15 -6.422693403882153 1.8659497598051953
      vertex 2.15 -4.166985310614109 2.2270492166280746
      vertex 2.15 -6.188354594133558 1.7093695730957492
    endloop
  endfacet
  facet normal -1 0 0
    outer loop
      vertex 2.15 -5.9764584009361466 1.5235415990638534
      vertex 2.15 -6.188354594133558 1.7093695730957492
      vertex 2.15 -4.166985310614109 2.2270492166280746
    endloop
  endfacet
  facet normal -1 0 0
    outer loop
      vertex 2.15 -6.942345071020264 2.08119652804359
      vertex 2.15 -4.856957785785198 3.0138120353221893
      vertex 2.15 -4.486187964677811 2.643042214214802
    endloop
  endfacet
  facet normal -1 0 0
    outer loop
      vertex 2.15 -5.9764584009361466 1.5235415990638534
      vertex 2.15 -3.904811456799507 1.7729507833719254
      vertex 2.15 -5.790630426904251 1.3116454058664422
    endloop
  endfacet
  facet normal -1 0 0
    outer loop
      vertex 2.15 -5.790630426904251 1.3116454058664422
      vertex 2.15 -3.7041522786021233 1.28851667791605
      vertex 2.15 -5.634050240194805 1.0773065961178467
    endloop
  endfacet
  facet normal -1 0 0
    outer loop
      vertex 2.15 -6.422693403882153 1.8659497598051953
      vertex 2.15 -4.486187964677811 2.643042214214802
      vertex 2.15 -4.166985310614109 2.2270492166280746
    endloop
  endfacet
  facet normal 0 0.5000000016242706 0.8660254028466655
    outer loop
      vertex 2.15 -5.272950783371925 3.333014689385891
      vertex 2.15 -5.727049216628075 3.595188543200493
      vertex 5.949999999999999 -5.272950783371925 3.333014689385891
    endloop
  endfacet
  facet normal 0 -0.13052619081710234 0.9914448615585123
    outer loop
      vertex 2.15 -8.282035686075687 3.9315588921308517
      vertex 5.949999999999999 -8.282035686075687 3.9315588921308517
      vertex 5.949999999999999 -7.762173853814602 4
    endloop
  endfacet
  facet normal 0 0 1
    outer loop
      vertex 2.15 -7.762173853814602 4
      vertex 5.949999999999999 -7.762173853814602 4
      vertex 5.949999999999999 -7.237826146185398 4
    endloop
  endfacet
  facet normal 0 0.13052619081710234 0.9914448615585123
    outer loop
      vertex 2.15 -7.237826146185398 4
      vertex 5.949999999999999 -7.237826146185398 4
      vertex 5.949999999999999 -6.717964313924313 3.9315588921308517
    endloop
  endfacet
  facet normal 1 0 0
    outer loop
      vertex 5.949999999999999 -11.095188543200493 1.7729507833719254
      vertex 5.949999999999999 -5.727049216628075 3.595188543200493
      vertex 5.949999999999999 -6.21148332208395 3.7958477213978767
    endloop
  endfacet
  facet normal 1 0 0
    outer loop
      vertex 5.949999999999999 -9.727049216628075 3.333014689385891
      vertex 5.949999999999999 -7.237826146185398 4
      vertex 5.949999999999999 -7.762173853814602 4
    endloop
  endfacet
  facet normal 1 0 0
    outer loop
      vertex 5.949999999999999 -10.51381203532219 2.643042214214802
      vertex 5.949999999999999 -6.717964313924313 3.9315588921308517
      vertex 5.949999999999999 -7.237826146185398 4
    endloop
  endfacet
  facet normal 1 0 0
    outer loop
      vertex 5.949999999999999 -10.51381203532219 2.643042214214802
      vertex 5.949999999999999 -6.21148332208395 3.7958477213978767
      vertex 5.949999999999999 -6.717964313924313 3.9315588921308517
    endloop
  endfacet
  facet normal 1 0 0
    outer loop
      vertex 5.949999999999999 -11.095188543200493 1.7729507833719254
      vertex 5.949999999999999 -5.272950783371925 3.333014689385891
      vertex 5.949999999999999 -5.727049216628075 3.595188543200493
    endloop
  endfacet
  facet normal 1 0 0
    outer loop
      vertex 5.949999999999999 -8.324534771823858 1.990603028785364
      vertex 5.949999999999999 -8.057654928979737 2.08119652804359
      vertex 5.949999999999999 -5.272950783371925 3.333014689385891
    endloop
  endfacet
  facet normal 1 0 0
    outer loop
      vertex 5.949999999999999 -8.057654928979737 2.08119652804359
      vertex 5.949999999999999 -7.781233455689615 2.1361801776903007
      vertex 5.949999999999999 -5.272950783371925 3.333014689385891
    endloop
  endfacet
  facet normal 1 0 0
    outer loop
      vertex 5.949999999999999 -7.781233455689615 2.1361801776903007
      vertex 5.949999999999999 -7.5 2.154613192235694
      vertex 5.949999999999999 -5.272950783371925 3.333014689385891
    endloop
  endfacet
  facet normal 1 0 0
    outer loop
      vertex 5.949999999999999 -7.5 2.154613192235694
      vertex 5.949999999999999 -7.218766544310385 2.1361801776903007
      vertex 5.949999999999999 -5.272950783371925 3.333014689385891
    endloop
  endfacet
  facet normal 0 0.2588190415217645 0.965925827248529
    outer loop
      vertex 2.15 -6.717964313924313 3.9315588921308517
      vertex 5.949999999999999 -6.717964313924313 3.9315588921308517
      vertex 5.949999999999999 -6.21148332208395 3.7958477213978767
    endloop
  endfacet
  facet normal 0 0.3826834350371577 0.92387953140448
    outer loop
      vertex 2.15 -6.21148332208395 3.7958477213978767
      vertex 5.949999999999999 -6.21148332208395 3.7958477213978767
      vertex 5.949999999999999 -5.727049216628075 3.595188543200493
    endloop
  endfacet
  facet normal 0 0.6087614292549631 0.7933533401022866
    outer loop
      vertex 2.15 -5.272950783371925 3.333014689385891
      vertex 5.949999999999999 -5.272950783371925 3.333014689385891
      vertex 5.949999999999999 -4.856957785785198 3.0138120353221893
    endloop
  endfacet
  facet normal 0 0.5000000016242706 0.8660254028466655
    outer loop
      vertex 2.15 -5.727049216628075 3.595188543200493
      vertex 5.949999999999999 -5.727049216628075 3.595188543200493
      vertex 5.949999999999999 -5.272950783371925 3.333014689385891
    endloop
  endfacet
  facet normal 1 0 0
    outer loop
      vertex 5.949999999999999 -7.218766544310385 2.1361801776903007
      vertex 5.949999999999999 -6.942345071020264 2.08119652804359
      vertex 5.949999999999999 -4.856957785785198 3.0138120353221893
    endloop
  endfacet
  facet normal 1 0 0
    outer loop
      vertex 5.949999999999999 -6.942345071020264 2.08119652804359
      vertex 5.949999999999999 -6.675465228176142 1.990603028785364
      vertex 5.949999999999999 -4.856957785785198 3.0138120353221893
    endloop
  endfacet
  facet normal 1 0 0
    outer loop
      vertex 5.949999999999999 -6.675465228176142 1.990603028785364
      vertex 5.949999999999999 -6.422693403882153 1.8659497598051953
      vertex 5.949999999999999 -4.486187964677811 2.643042214214802
    endloop
  endfacet
  facet normal 1 0 0
    outer loop
      vertex 5.949999999999999 -6.422693403882153 1.8659497598051953
      vertex 5.949999999999999 -6.188354594133558 1.7093695730957492
      vertex 5.949999999999999 -4.486187964677811 2.643042214214802
    endloop
  endfacet
  facet normal 1 0 0
    outer loop
      vertex 5.949999999999999 -7.218766544310385 2.1361801776903007
      vertex 5.949999999999999 -4.856957785785198 3.0138120353221893
      vertex 5.949999999999999 -5.272950783371925 3.333014689385891
    endloop
  endfacet
  facet normal 1 0 0
    outer loop
      vertex 5.949999999999999 -5.9764584009361466 1.5235415990638534
      vertex 5.949999999999999 -4.166985310614109 2.2270492166280746
      vertex 5.949999999999999 -6.188354594133558 1.7093695730957492
    endloop
  endfacet
  facet normal 1 0 0
    outer loop
      vertex 5.949999999999999 -5.790630426904251 1.3116454058664422
      vertex 5.949999999999999 -5.634050240194805 1.0773065961178467
      vertex 5.949999999999999 -3.904811456799507 1.7729507833719254
    endloop
  endfacet
  facet normal 1 0 0
    outer loop
      vertex 5.949999999999999 -5.9764584009361466 1.5235415990638534
      vertex 5.949999999999999 -5.790630426904251 1.3116454058664422
      vertex 5.949999999999999 -4.166985310614109 2.2270492166280746
    endloop
  endfacet
  facet normal 1 0 0
    outer loop
      vertex 5.949999999999999 -6.675465228176142 1.990603028785364
      vertex 5.949999999999999 -4.486187964677811 2.643042214214802
      vertex 5.949999999999999 -4.856957785785198 3.0138120353221893
    endloop
  endfacet
  facet normal -1 0 0
    outer loop
      vertex 2.15 -10.328427128493786 -4.818427123129368
      vertex 2.15 -1.4900000020861626 -2.343145750463009
      vertex 2.15 -1.4900000020861626 -13.656854249536991
    endloop
  endfacet
  facet normal -1 0 0
    outer loop
      vertex 2.15 -5.790630426904251 -1.3116454058664422
      vertex 2.15 -5.634050240194805 -1.0773065961178467
      vertex 2.15 -3.5 0.0033388659358024597
    endloop
  endfacet
  facet normal -1 0 0
    outer loop
      vertex 2.15 -5.634050240194805 -1.0773065961178467
      vertex 2.15 -5.5093969712146365 -0.824534771823858
      vertex 2.15 -3.5 0.0033388659358024597
    endloop
  endfacet
  facet normal -1 0 0
    outer loop
      vertex 2.15 -5.5093969712146365 -0.824534771823858
      vertex 2.15 -5.41880347195641 -0.5576549289797361
      vertex 2.15 -3.5 0.0033388659358024597
    endloop
  endfacet
  facet normal -1 0 0
    outer loop
      vertex 2.15 -5.41880347195641 -0.5576549289797361
      vertex 2.15 -5.363819822309699 -0.2812334556896152
      vertex 2.15 -3.5 0.0033388659358024597
    endloop
  endfacet
  facet normal -1 0 0
    outer loop
      vertex 2.15 -5.363819822309699 -0.2812334556896152
      vertex 2.15 -5.3453868077643065 0
      vertex 2.15 -3.5 0.0033388659358024597
    endloop
  endfacet
  facet normal -1 0 0
    outer loop
      vertex 2.15 -10.328427128493786 -4.818427123129368
      vertex 2.15 -1.4929252788424492 -2.340220481157303
      vertex 2.15 -1.4900000020861626 -2.343145750463009
    endloop
  endfacet
  facet normal -1 0 0
    outer loop
      vertex 2.15 -3.5 0.0033388659358024597
      vertex 2.15 -1.5 0
      vertex 2.15 -1.4929252788424492 -2.340220481157303
    endloop
  endfacet
  facet normal 0 -0.7071067811865475 -0.7071067811865475
    outer loop
      vertex 5.949999999999999 -10.328427128493786 -4.818427123129368
      vertex 2.15 -1.4900000020861626 -13.656854249536991
      vertex 5.949999999999999 -1.4900000020861626 -13.656854249536991
    endloop
  endfacet
  facet normal 1 0 0
    outer loop
      vertex 5.949999999999999 -10.328427128493786 -4.818427123129368
      vertex 5.949999999999999 -1.4900000020861626 -13.656854249536991
      vertex 5.949999999999999 -1.4900000020861626 -2.343145750463009
    endloop
  endfacet
  facet normal 1 0 0
    outer loop
      vertex 5.949999999999999 -5.790630426904251 -1.3116454058664422
      vertex 5.949999999999999 -3.5 0.0033388659358024597
      vertex 5.949999999999999 -5.634050240194805 -1.0773065961178467
    endloop
  endfacet
  facet normal 1 0 0
    outer loop
      vertex 5.949999999999999 -5.634050240194805 -1.0773065961178467
      vertex 5.949999999999999 -3.5 0.0033388659358024597
      vertex 5.949999999999999 -5.5093969712146365 -0.824534771823858
    endloop
  endfacet
  facet normal 1 0 0
    outer loop
      vertex 5.949999999999999 -5.5093969712146365 -0.824534771823858
      vertex 5.949999999999999 -3.5 0.0033388659358024597
      vertex 5.949999999999999 -5.41880347195641 -0.5576549289797361
    endloop
  endfacet
  facet normal 1 0 0
    outer loop
      vertex 5.949999999999999 -5.41880347195641 -0.5576549289797361
      vertex 5.949999999999999 -3.5 0.0033388659358024597
      vertex 5.949999999999999 -5.363819822309699 -0.2812334556896152
    endloop
  endfacet
  facet normal 1 0 0
    outer loop
      vertex 5.949999999999999 -5.363819822309699 -0.2812334556896152
      vertex 5.949999999999999 -3.5 0.0033388659358024597
      vertex 5.949999999999999 -5.3453868077643065 0
    endloop
  endfacet
  facet normal 1 0 0
    outer loop
      vertex 5.949999999999999 -10.328427128493786 -4.818427123129368
      vertex 5.949999999999999 -1.4900000020861626 -2.343145750463009
      vertex 5.949999999999999 -1.4929252788424492 -2.340220481157303
    endloop
  endfacet
  facet normal 1 0 0
    outer loop
      vertex 5.949999999999999 -3.5 0.0033388659358024597
      vertex 5.949999999999999 -1.4929252788424492 -2.340220481157303
      vertex 5.949999999999999 -1.5 0
    endloop
  endfacet
  facet normal -1 0 0
    outer loop
      vertex 2.15 -5.5093969712146365 0.824534771823858
      vertex 2.15 -3.5684411078691483 0.7820356860756874
      vertex 2.15 -5.41880347195641 0.5576549289797361
    endloop
  endfacet
  facet normal -1 0 0
    outer loop
      vertex 2.15 -5.634050240194805 1.0773065961178467
      vertex 2.15 -3.7041522786021233 1.28851667791605
      vertex 2.15 -5.5093969712146365 0.824534771823858
    endloop
  endfacet
  facet normal -1 0 0
    outer loop
      vertex 2.15 -5.363819822309699 0.2812334556896152
      vertex 2.15 -3.5 0.0033388659358024597
      vertex 2.15 -5.3453868077643065 0
    endloop
  endfacet
  facet normal -1 0 0
    outer loop
      vertex 2.15 -5.41880347195641 0.5576549289797361
      vertex 2.15 -3.5684411078691483 0.7820356860756874
      vertex 2.15 -5.363819822309699 0.2812334556896152
    endloop
  endfacet
  facet normal -1 0 0
    outer loop
      vertex 2.15 -5.9764584009361466 1.5235415990638534
      vertex 2.15 -4.166985310614109 2.2270492166280746
      vertex 2.15 -3.904811456799507 1.7729507833719254
    endloop
  endfacet
  facet normal -1 0 0
    outer loop
      vertex 2.15 -5.790630426904251 1.3116454058664422
      vertex 2.15 -3.904811456799507 1.7729507833719254
      vertex 2.15 -3.7041522786021233 1.28851667791605
    endloop
  endfacet
  facet normal -1 0 0
    outer loop
      vertex 2.15 -5.5093969712146365 0.824534771823858
      vertex 2.15 -3.7041522786021233 1.28851667791605
      vertex 2.15 -3.5684411078691483 0.7820356860756874
    endloop
  endfacet
  facet normal 0 0.6087614292549631 0.7933533401022866
    outer loop
      vertex 2.15 -5.272950783371925 3.333014689385891
      vertex 5.949999999999999 -4.856957785785198 3.0138120353221893
      vertex 2.15 -4.856957785785198 3.0138120353221893
    endloop
  endfacet
  facet normal 0 0.7071067811865475 0.7071067811865475
    outer loop
      vertex 2.15 -4.856957785785198 3.0138120353221893
      vertex 5.949999999999999 -4.486187964677811 2.643042214214802
      vertex 2.15 -4.486187964677811 2.643042214214802
    endloop
  endfacet
  facet normal 0 0.7933533401022866 0.6087614292549631
    outer loop
      vertex 2.15 -4.486187964677811 2.643042214214802
      vertex 5.949999999999999 -4.166985310614109 2.2270492166280746
      vertex 2.15 -4.166985310614109 2.2270492166280746
    endloop
  endfacet
  facet normal -1 0 0
    outer loop
      vertex 2.15 -5.363819822309699 0.2812334556896152
      vertex 2.15 -3.5 0.2621738538146019
      vertex 2.15 -3.5 0.0033388659358024597
    endloop
  endfacet
  facet normal -1 0 0
    outer loop
      vertex 2.15 -5.363819822309699 0.2812334556896152
      vertex 2.15 -3.5684411078691483 0.7820356860756874
      vertex 2.15 -3.5 0.2621738538146019
    endloop
  endfacet
  facet normal 0 0.8660254028466655 0.5000000016242706
    outer loop
      vertex 2.15 -4.166985310614109 2.2270492166280746
      vertex 5.949999999999999 -3.904811456799507 1.7729507833719254
      vertex 2.15 -3.904811456799507 1.7729507833719254
    endloop
  endfacet
  facet normal 0 0.92387953140448 0.3826834350371577
    outer loop
      vertex 2.15 -3.904811456799507 1.7729507833719254
      vertex 5.949999999999999 -3.7041522786021233 1.28851667791605
      vertex 2.15 -3.7041522786021233 1.28851667791605
    endloop
  endfacet
  facet normal 0 0.965925827248529 0.2588190415217645
    outer loop
      vertex 2.15 -3.7041522786021233 1.28851667791605
      vertex 5.949999999999999 -3.5684411078691483 0.7820356860756874
      vertex 2.15 -3.5684411078691483 0.7820356860756874
    endloop
  endfacet
  facet normal 0 1 0
    outer loop
      vertex 2.15 -3.5 0.0033388659358024597
      vertex 2.15 -3.5 0.2621738538146019
      vertex 5.949999999999999 -3.5 0.0033388659358024597
    endloop
  endfacet
  facet normal 0 0.9914448615585123 0.13052619081710234
    outer loop
      vertex 2.15 -3.5 0.2621738538146019
      vertex 2.15 -3.5684411078691483 0.7820356860756874
      vertex 5.949999999999999 -3.5 0.2621738538146019
    endloop
  endfacet
  facet normal -1 0 0
    outer loop
      vertex 2.15 -3.5 0.0033388659358024597
      vertex 2.15 -1.5 0.00001661126986451933
      vertex 2.15 -1.5 0
    endloop
  endfacet
  facet normal 0 0.0016611250411628297 0.9999986203308471
    outer loop
      vertex 2.15 -3.5 0.0033388659358024597
      vertex 5.949999999999999 -1.5 0.00001661126986451933
      vertex 2.15 -1.5 0.00001661126986451933
    endloop
  endfacet
  facet normal 0 0.7071067811865475 0.7071067811865475
    outer loop
      vertex 2.15 -4.856957785785198 3.0138120353221893
      vertex 5.949999999999999 -4.856957785785198 3.0138120353221893
      vertex 5.949999999999999 -4.486187964677811 2.643042214214802
    endloop
  endfacet
  facet normal 0 0.7933533401022866 0.6087614292549631
    outer loop
      vertex 2.15 -4.486187964677811 2.643042214214802
      vertex 5.949999999999999 -4.486187964677811 2.643042214214802
      vertex 5.949999999999999 -4.166985310614109 2.2270492166280746
    endloop
  endfacet
  facet normal 0 0.92387953140448 0.3826834350371577
    outer loop
      vertex 2.15 -3.904811456799507 1.7729507833719254
      vertex 5.949999999999999 -3.904811456799507 1.7729507833719254
      vertex 5.949999999999999 -3.7041522786021233 1.28851667791605
    endloop
  endfacet
  facet normal 0 0.8660254028466655 0.5000000016242706
    outer loop
      vertex 2.15 -4.166985310614109 2.2270492166280746
      vertex 5.949999999999999 -4.166985310614109 2.2270492166280746
      vertex 5.949999999999999 -3.904811456799507 1.7729507833719254
    endloop
  endfacet
  facet normal 0 0.965925827248529 0.2588190415217645
    outer loop
      vertex 2.15 -3.7041522786021233 1.28851667791605
      vertex 5.949999999999999 -3.7041522786021233 1.28851667791605
      vertex 5.949999999999999 -3.5684411078691483 0.7820356860756874
    endloop
  endfacet
  facet normal 0 1 0
    outer loop
      vertex 2.15 -3.5 0.2621738538146019
      vertex 5.949999999999999 -3.5 0.2621738538146019
      vertex 5.949999999999999 -3.5 0.0033388659358024597
    endloop
  endfacet
  facet normal 0 0.9914448615585123 0.13052619081710234
    outer loop
      vertex 2.15 -3.5684411078691483 0.7820356860756874
      vertex 5.949999999999999 -3.5684411078691483 0.7820356860756874
      vertex 5.949999999999999 -3.5 0.2621738538146019
    endloop
  endfacet
  facet normal 1 0 0
    outer loop
      vertex 5.949999999999999 -5.634050240194805 1.0773065961178467
      vertex 5.949999999999999 -5.5093969712146365 0.824534771823858
      vertex 5.949999999999999 -3.7041522786021233 1.28851667791605
    endloop
  endfacet
  facet normal 1 0 0
    outer loop
      vertex 5.949999999999999 -5.5093969712146365 0.824534771823858
      vertex 5.949999999999999 -5.41880347195641 0.5576549289797361
      vertex 5.949999999999999 -3.7041522786021233 1.28851667791605
    endloop
  endfacet
  facet normal 1 0 0
    outer loop
      vertex 5.949999999999999 -5.363819822309699 0.2812334556896152
      vertex 5.949999999999999 -5.3453868077643065 0
      vertex 5.949999999999999 -3.5 0.2621738538146019
    endloop
  endfacet
  facet normal 1 0 0
    outer loop
      vertex 5.949999999999999 -5.41880347195641 0.5576549289797361
      vertex 5.949999999999999 -5.363819822309699 0.2812334556896152
      vertex 5.949999999999999 -3.5684411078691483 0.7820356860756874
    endloop
  endfacet
  facet normal 1 0 0
    outer loop
      vertex 5.949999999999999 -6.188354594133558 1.7093695730957492
      vertex 5.949999999999999 -4.166985310614109 2.2270492166280746
      vertex 5.949999999999999 -4.486187964677811 2.643042214214802
    endloop
  endfacet
  facet normal 1 0 0
    outer loop
      vertex 5.949999999999999 -5.790630426904251 1.3116454058664422
      vertex 5.949999999999999 -3.904811456799507 1.7729507833719254
      vertex 5.949999999999999 -4.166985310614109 2.2270492166280746
    endloop
  endfacet
  facet normal 1 0 0
    outer loop
      vertex 5.949999999999999 -5.634050240194805 1.0773065961178467
      vertex 5.949999999999999 -3.7041522786021233 1.28851667791605
      vertex 5.949999999999999 -3.904811456799507 1.7729507833719254
    endloop
  endfacet
  facet normal 1 0 0
    outer loop
      vertex 5.949999999999999 -5.41880347195641 0.5576549289797361
      vertex 5.949999999999999 -3.5684411078691483 0.7820356860756874
      vertex 5.949999999999999 -3.7041522786021233 1.28851667791605
    endloop
  endfacet
  facet normal 1 0 0
    outer loop
      vertex 5.949999999999999 -5.3453868077643065 0
      vertex 5.949999999999999 -3.5 0.0033388659358024597
      vertex 5.949999999999999 -3.5 0.2621738538146019
    endloop
  endfacet
  facet normal 1 0 0
    outer loop
      vertex 5.949999999999999 -5.363819822309699 0.2812334556896152
      vertex 5.949999999999999 -3.5 0.2621738538146019
      vertex 5.949999999999999 -3.5684411078691483 0.7820356860756874
    endloop
  endfacet
  facet normal 0 0.0016611250411628297 0.9999986203308471
    outer loop
      vertex 2.15 -3.5 0.0033388659358024597
      vertex 5.949999999999999 -3.5 0.0033388659358024597
      vertex 5.949999999999999 -1.5 0.00001661126986451933
    endloop
  endfacet
  facet normal 1 0 0
    outer loop
      vertex 5.949999999999999 -3.5 0.0033388659358024597
      vertex 5.949999999999999 -1.5 0
      vertex 5.949999999999999 -1.5 0.00001661126986451933
    endloop
  endfacet
  facet normal 0 1 0
    outer loop
      vertex 2.15 -1.4900000020861626 -13.656854249536991
      vertex 2.15 -1.4900000020861626 -2.343145750463009
      vertex 5.949999999999999 -1.4900000020861626 -13.656854249536991
    endloop
  endfacet
  facet normal -1 0 0
    outer loop
      vertex 2.15 -1.4929252788424492 -2.340220481157303
      vertex 2.15 -1.5 0
      vertex 2.15 -1.4900000020861626 0
    endloop
  endfacet
  facet normal 0 0.7071058806963433 0.7071076816756051
    outer loop
      vertex 2.15 -1.4929252788424492 -2.340220481157303
      vertex 5.949999999999999 -1.4900000020861626 -2.343145750463009
      vertex 2.15 -1.4900000020861626 -2.343145750463009
    endloop
  endfacet
  facet normal 0 0.9999992187502986 -0.0012499995169123557
    outer loop
      vertex 2.15 -1.4929252788424492 -2.340220481157303
      vertex 2.15 -1.4900000020861626 0
      vertex 5.949999999999999 -1.4929252788424492 -2.340220481157303
    endloop
  endfacet
  facet normal 0 1 0
    outer loop
      vertex 2.15 -1.4900000020861626 -2.343145750463009
      vertex 5.949999999999999 -1.4900000020861626 -2.343145750463009
      vertex 5.949999999999999 -1.4900000020861626 -13.656854249536991
    endloop
  endfacet
  facet normal 0 0.7071058806963433 0.7071076816756051
    outer loop
      vertex 2.15 -1.4929252788424492 -2.340220481157303
      vertex 5.949999999999999 -1.4929252788424492 -2.340220481157303
      vertex 5.949999999999999 -1.4900000020861626 -2.343145750463009
    endloop
  endfacet
  facet normal 0 0.9999992187502986 -0.0012499995169123557
    outer loop
      vertex 5.949999999999999 -1.4929252788424492 -2.340220481157303
      vertex 2.15 -1.4900000020861626 0
      vertex 5.949999999999999 -1.4900000020861626 0
    endloop
  endfacet
  facet normal 1 0 0
    outer loop
      vertex 5.949999999999999 -1.4929252788424492 -2.340220481157303
      vertex 5.949999999999999 -1.4900000020861626 0
      vertex 5.949999999999999 -1.5 0
    endloop
  endfacet
  facet normal -1 0 0
    outer loop
      vertex -5.949999999999999 -11.5 -1.9900000020861626
      vertex -5.949999999999999 -11.5 0.2621738538146019
      vertex -5.949999999999999 -9.636180177690301 -0.2812334556896152
    endloop
  endfacet
  facet normal -1 0 0
    outer loop
      vertex -5.949999999999999 -11.465779446065426 -2.512104772031307
      vertex -5.949999999999999 -11.5 -1.9900000020861626
      vertex -5.949999999999999 -9.023541599063854 -1.5235415990638534
    endloop
  endfacet
  facet normal -1 0 0
    outer loop
      vertex -5.949999999999999 -11.363703310489655 -3.0252761840820312
      vertex -5.949999999999999 -11.465779446065426 -2.512104772031307
      vertex -5.949999999999999 -8.811645405866443 -1.7093695730957492
    endloop
  endfacet
  facet normal -1 0 0
    outer loop
      vertex -5.949999999999999 -11.195518128573895 -3.52073372900486
      vertex -5.949999999999999 -11.363703310489655 -3.0252761840820312
      vertex -5.949999999999999 -8.324534771823858 -1.9906030287853635
    endloop
  endfacet
  facet normal -1 0 0
    outer loop
      vertex -5.949999999999999 -11.195518128573895 -3.52073372900486
      vertex -5.949999999999999 -7.781233455689615 -2.136180177690301
      vertex -5.949999999999999 -10.964101620018482 -3.9900000020861626
    endloop
  endfacet
  facet normal -1 0 0
    outer loop
      vertex -5.949999999999999 -11.5 -1.9900000020861626
      vertex -5.949999999999999 -9.636180177690301 -0.2812334556896152
      vertex -5.949999999999999 -9.58119652804359 -0.5576549289797361
    endloop
  endfacet
  facet normal -1 0 0
    outer loop
      vertex -5.949999999999999 -11.5 -1.9900000020861626
      vertex -5.949999999999999 -9.58119652804359 -0.5576549289797361
      vertex -5.949999999999999 -9.490603028785364 -0.824534771823858
    endloop
  endfacet
  facet normal -1 0 0
    outer loop
      vertex -5.949999999999999 -11.5 -1.9900000020861626
      vertex -5.949999999999999 -9.490603028785364 -0.824534771823858
      vertex -5.949999999999999 -9.365949759805195 -1.0773065961178467
    endloop
  endfacet
  facet normal -1 0 0
    outer loop
      vertex -5.949999999999999 -11.5 -1.9900000020861626
      vertex -5.949999999999999 -9.365949759805195 -1.0773065961178467
      vertex -5.949999999999999 -9.20936957309575 -1.3116454058664422
    endloop
  endfacet
  facet normal -1 0 0
    outer loop
      vertex -5.949999999999999 -11.5 -1.9900000020861626
      vertex -5.949999999999999 -9.20936957309575 -1.3116454058664422
      vertex -5.949999999999999 -9.023541599063854 -1.5235415990638534
    endloop
  endfacet
  facet normal 0 -0.896872747298621 -0.4422886785268461
    outer loop
      vertex -5.949999999999999 -11.195518128573895 -3.52073372900486
      vertex -5.949999999999999 -10.964101620018482 -3.9900000020861626
      vertex -2.15 -11.195518128573895 -3.52073372900486
    endloop
  endfacet
  facet normal 0 -0.8314696097727801 -0.5555702368056634
    outer loop
      vertex -5.949999999999999 -10.964101620018482 -3.9900000020861626
      vertex -5.949999999999999 -10.67341336607933 -4.4250457137823105
      vertex -2.15 -10.964101620018482 -3.9900000020861626
    endloop
  endfacet
  facet normal 0 -0.9807852821830035 -0.19509031306860417
    outer loop
      vertex -5.949999999999999 -11.363703310489655 -3.0252761840820312
      vertex -2.15 -11.465779446065426 -2.512104772031307
      vertex -5.949999999999999 -11.465779446065426 -2.512104772031307
    endloop
  endfacet
  facet normal 0 -0.9469301247215172 -0.3214394793656995
    outer loop
      vertex -5.949999999999999 -11.195518128573895 -3.52073372900486
      vertex -2.15 -11.363703310489655 -3.0252761840820312
      vertex -5.949999999999999 -11.363703310489655 -3.0252761840820312
    endloop
  endfacet
  facet normal 0 -0.9978589233184303 -0.06540312801222276
    outer loop
      vertex -5.949999999999999 -11.465779446065426 -2.512104772031307
      vertex -2.15 -11.5 -1.9900000020861626
      vertex -5.949999999999999 -11.5 -1.9900000020861626
    endloop
  endfacet
  facet normal 0 -1 0
    outer loop
      vertex -5.949999999999999 -11.5 -1.9900000020861626
      vertex -2.15 -11.5 0.2621738538146019
      vertex -5.949999999999999 -11.5 0.2621738538146019
    endloop
  endfacet
  facet normal 0 -0.7518398069017457 -0.6593458157582754
    outer loop
      vertex -5.949999999999999 -10.67341336607933 -4.4250457137823105
      vertex -5.949999999999999 -10.328427128493786 -4.818427123129368
      vertex -2.15 -10.67341336607933 -4.4250457137823105
    endloop
  endfacet
  facet normal -1 0 0
    outer loop
      vertex -5.949999999999999 -10.964101620018482 -3.9900000020861626
      vertex -5.949999999999999 -7.5 -2.1546131922356935
      vertex -5.949999999999999 -10.67341336607933 -4.4250457137823105
    endloop
  endfacet
  facet normal -1 0 0
    outer loop
      vertex -5.949999999999999 -10.67341336607933 -4.4250457137823105
      vertex -5.949999999999999 -6.675465228176142 -1.9906030287853635
      vertex -5.949999999999999 -10.328427128493786 -4.818427123129368
    endloop
  endfacet
  facet normal -1 0 0
    outer loop
      vertex -5.949999999999999 -11.465779446065426 -2.512104772031307
      vertex -5.949999999999999 -9.023541599063854 -1.5235415990638534
      vertex -5.949999999999999 -8.811645405866443 -1.7093695730957492
    endloop
  endfacet
  facet normal -1 0 0
    outer loop
      vertex -5.949999999999999 -11.363703310489655 -3.0252761840820312
      vertex -5.949999999999999 -8.811645405866443 -1.7093695730957492
      vertex -5.949999999999999 -8.577306596117847 -1.8659497598051953
    endloop
  endfacet
  facet normal -1 0 0
    outer loop
      vertex -5.949999999999999 -11.363703310489655 -3.0252761840820312
      vertex -5.949999999999999 -8.577306596117847 -1.8659497598051953
      vertex -5.949999999999999 -8.324534771823858 -1.9906030287853635
    endloop
  endfacet
  facet normal -1 0 0
    outer loop
      vertex -5.949999999999999 -11.195518128573895 -3.52073372900486
      vertex -5.949999999999999 -8.324534771823858 -1.9906030287853635
      vertex -5.949999999999999 -8.057654928979737 -2.0811965280435896
    endloop
  endfacet
  facet normal -1 0 0
    outer loop
      vertex -5.949999999999999 -11.195518128573895 -3.52073372900486
      vertex -5.949999999999999 -8.057654928979737 -2.0811965280435896
      vertex -5.949999999999999 -7.781233455689615 -2.136180177690301
    endloop
  endfacet
  facet normal -1 0 0
    outer loop
      vertex -5.949999999999999 -10.964101620018482 -3.9900000020861626
      vertex -5.949999999999999 -7.781233455689615 -2.136180177690301
      vertex -5.949999999999999 -7.5 -2.1546131922356935
    endloop
  endfacet
  facet normal -1 0 0
    outer loop
      vertex -5.949999999999999 -10.67341336607933 -4.4250457137823105
      vertex -5.949999999999999 -7.5 -2.1546131922356935
      vertex -5.949999999999999 -7.218766544310385 -2.136180177690301
    endloop
  endfacet
  facet normal -1 0 0
    outer loop
      vertex -5.949999999999999 -10.67341336607933 -4.4250457137823105
      vertex -5.949999999999999 -7.218766544310385 -2.136180177690301
      vertex -5.949999999999999 -6.942345071020264 -2.0811965280435896
    endloop
  endfacet
  facet normal 0 -0.896872747298621 -0.4422886785268461
    outer loop
      vertex -5.949999999999999 -10.964101620018482 -3.9900000020861626
      vertex -2.15 -10.964101620018482 -3.9900000020861626
      vertex -2.15 -11.195518128573895 -3.52073372900486
    endloop
  endfacet
  facet normal 0 -0.8314696097727801 -0.5555702368056634
    outer loop
      vertex -5.949999999999999 -10.67341336607933 -4.4250457137823105
      vertex -2.15 -10.67341336607933 -4.4250457137823105
      vertex -2.15 -10.964101620018482 -3.9900000020861626
    endloop
  endfacet
  facet normal 0 -0.9807852821830035 -0.19509031306860417
    outer loop
      vertex -5.949999999999999 -11.363703310489655 -3.0252761840820312
      vertex -2.15 -11.363703310489655 -3.0252761840820312
      vertex -2.15 -11.465779446065426 -2.512104772031307
    endloop
  endfacet
  facet normal 0 -0.9978589233184303 -0.06540312801222276
    outer loop
      vertex -5.949999999999999 -11.465779446065426 -2.512104772031307
      vertex -2.15 -11.465779446065426 -2.512104772031307
      vertex -2.15 -11.5 -1.9900000020861626
    endloop
  endfacet
  facet normal 0 -0.9469301247215172 -0.3214394793656995
    outer loop
      vertex -5.949999999999999 -11.195518128573895 -3.52073372900486
      vertex -2.15 -11.195518128573895 -3.52073372900486
      vertex -2.15 -11.363703310489655 -3.0252761840820312
    endloop
  endfacet
  facet normal 0 -1 0
    outer loop
      vertex -5.949999999999999 -11.5 -1.9900000020861626
      vertex -2.15 -11.5 -1.9900000020861626
      vertex -2.15 -11.5 0.2621738538146019
    endloop
  endfacet
  facet normal 1 0 0
    outer loop
      vertex -2.15 -11.5 -1.9900000020861626
      vertex -2.15 -9.636180177690301 -0.2812334556896152
      vertex -2.15 -11.5 0.2621738538146019
    endloop
  endfacet
  facet normal 0 -0.7518398069017457 -0.6593458157582754
    outer loop
      vertex -5.949999999999999 -10.328427128493786 -4.818427123129368
      vertex -2.15 -10.328427128493786 -4.818427123129368
      vertex -2.15 -10.67341336607933 -4.4250457137823105
    endloop
  endfacet
  facet normal 1 0 0
    outer loop
      vertex -2.15 -11.363703310489655 -3.0252761840820312
      vertex -2.15 -9.023541599063854 -1.5235415990638534
      vertex -2.15 -11.465779446065426 -2.512104772031307
    endloop
  endfacet
  facet normal 1 0 0
    outer loop
      vertex -2.15 -11.465779446065426 -2.512104772031307
      vertex -2.15 -9.023541599063854 -1.5235415990638534
      vertex -2.15 -11.5 -1.9900000020861626
    endloop
  endfacet
  facet normal 1 0 0
    outer loop
      vertex -2.15 -11.195518128573895 -3.52073372900486
      vertex -2.15 -8.577306596117847 -1.8659497598051953
      vertex -2.15 -11.363703310489655 -3.0252761840820312
    endloop
  endfacet
  facet normal 1 0 0
    outer loop
      vertex -2.15 -11.195518128573895 -3.52073372900486
      vertex -2.15 -10.964101620018482 -3.9900000020861626
      vertex -2.15 -8.057654928979737 -2.0811965280435896
    endloop
  endfacet
  facet normal 1 0 0
    outer loop
      vertex -2.15 -11.5 -1.9900000020861626
      vertex -2.15 -9.58119652804359 -0.5576549289797361
      vertex -2.15 -9.636180177690301 -0.2812334556896152
    endloop
  endfacet
  facet normal 1 0 0
    outer loop
      vertex -2.15 -11.5 -1.9900000020861626
      vertex -2.15 -9.490603028785364 -0.824534771823858
      vertex -2.15 -9.58119652804359 -0.5576549289797361
    endloop
  endfacet
  facet normal 1 0 0
    outer loop
      vertex -2.15 -11.5 -1.9900000020861626
      vertex -2.15 -9.365949759805195 -1.0773065961178467
      vertex -2.15 -9.490603028785364 -0.824534771823858
    endloop
  endfacet
  facet normal 1 0 0
    outer loop
      vertex -2.15 -11.5 -1.9900000020861626
      vertex -2.15 -9.20936957309575 -1.3116454058664422
      vertex -2.15 -9.365949759805195 -1.0773065961178467
    endloop
  endfacet
  facet normal 1 0 0
    outer loop
      vertex -2.15 -11.5 -1.9900000020861626
      vertex -2.15 -9.023541599063854 -1.5235415990638534
      vertex -2.15 -9.20936957309575 -1.3116454058664422
    endloop
  endfacet
  facet normal 1 0 0
    outer loop
      vertex -2.15 -10.964101620018482 -3.9900000020861626
      vertex -2.15 -10.67341336607933 -4.4250457137823105
      vertex -2.15 -7.781233455689615 -2.136180177690301
    endloop
  endfacet
  facet normal 1 0 0
    outer loop
      vertex -2.15 -10.67341336607933 -4.4250457137823105
      vertex -2.15 -10.328427128493786 -4.818427123129368
      vertex -2.15 -6.942345071020264 -2.0811965280435896
    endloop
  endfacet
  facet normal 1 0 0
    outer loop
      vertex -2.15 -11.363703310489655 -3.0252761840820312
      vertex -2.15 -8.811645405866443 -1.7093695730957492
      vertex -2.15 -9.023541599063854 -1.5235415990638534
    endloop
  endfacet
  facet normal 1 0 0
    outer loop
      vertex -2.15 -11.363703310489655 -3.0252761840820312
      vertex -2.15 -8.577306596117847 -1.8659497598051953
      vertex -2.15 -8.811645405866443 -1.7093695730957492
    endloop
  endfacet
  facet normal 1 0 0
    outer loop
      vertex -2.15 -11.195518128573895 -3.52073372900486
      vertex -2.15 -8.324534771823858 -1.9906030287853635
      vertex -2.15 -8.577306596117847 -1.8659497598051953
    endloop
  endfacet
  facet normal 1 0 0
    outer loop
      vertex -2.15 -11.195518128573895 -3.52073372900486
      vertex -2.15 -8.057654928979737 -2.0811965280435896
      vertex -2.15 -8.324534771823858 -1.9906030287853635
    endloop
  endfacet
  facet normal 1 0 0
    outer loop
      vertex -2.15 -10.964101620018482 -3.9900000020861626
      vertex -2.15 -7.781233455689615 -2.136180177690301
      vertex -2.15 -8.057654928979737 -2.0811965280435896
    endloop
  endfacet
  facet normal 1 0 0
    outer loop
      vertex -2.15 -10.67341336607933 -4.4250457137823105
      vertex -2.15 -7.5 -2.1546131922356935
      vertex -2.15 -7.781233455689615 -2.136180177690301
    endloop
  endfacet
  facet normal 1 0 0
    outer loop
      vertex -2.15 -10.67341336607933 -4.4250457137823105
      vertex -2.15 -7.218766544310385 -2.136180177690301
      vertex -2.15 -7.5 -2.1546131922356935
    endloop
  endfacet
  facet normal 1 0 0
    outer loop
      vertex -2.15 -10.67341336607933 -4.4250457137823105
      vertex -2.15 -6.942345071020264 -2.0811965280435896
      vertex -2.15 -7.218766544310385 -2.136180177690301
    endloop
  endfacet
  facet normal -1 0 0
    outer loop
      vertex -5.949999999999999 -11.5 0.2621738538146019
      vertex -5.949999999999999 -11.431558892130852 0.7820356860756874
      vertex -5.949999999999999 -9.636180177690301 0.2812334556896152
    endloop
  endfacet
  facet normal -1 0 0
    outer loop
      vertex -5.949999999999999 -9.636180177690301 -0.2812334556896152
      vertex -5.949999999999999 -11.5 0.2621738538146019
      vertex -5.949999999999999 -9.654613192235693 0
    endloop
  endfacet
  facet normal -1 0 0
    outer loop
      vertex -5.949999999999999 -11.5 0.2621738538146019
      vertex -5.949999999999999 -9.636180177690301 0.2812334556896152
      vertex -5.949999999999999 -9.654613192235693 0
    endloop
  endfacet
  facet normal -1 0 0
    outer loop
      vertex -5.949999999999999 -11.431558892130852 0.7820356860756874
      vertex -5.949999999999999 -9.58119652804359 0.5576549289797361
      vertex -5.949999999999999 -9.636180177690301 0.2812334556896152
    endloop
  endfacet
  facet normal -1 0 0
    outer loop
      vertex -5.949999999999999 -11.431558892130852 0.7820356860756874
      vertex -5.949999999999999 -9.490603028785364 0.824534771823858
      vertex -5.949999999999999 -9.58119652804359 0.5576549289797361
    endloop
  endfacet
  facet normal -1 0 0
    outer loop
      vertex -5.949999999999999 -11.431558892130852 0.7820356860756874
      vertex -5.949999999999999 -9.365949759805195 1.0773065961178467
      vertex -5.949999999999999 -9.490603028785364 0.824534771823858
    endloop
  endfacet
  facet normal -1 0 0
    outer loop
      vertex -5.949999999999999 -11.431558892130852 0.7820356860756874
      vertex -5.949999999999999 -9.20936957309575 1.3116454058664422
      vertex -5.949999999999999 -9.365949759805195 1.0773065961178467
    endloop
  endfacet
  facet normal -1 0 0
    outer loop
      vertex -5.949999999999999 -11.431558892130852 0.7820356860756874
      vertex -5.949999999999999 -9.023541599063854 1.5235415990638534
      vertex -5.949999999999999 -9.20936957309575 1.3116454058664422
    endloop
  endfacet
  facet normal 0 -0.9914448615585123 0.13052619081710234
    outer loop
      vertex -5.949999999999999 -11.5 0.2621738538146019
      vertex -2.15 -11.431558892130852 0.7820356860756874
      vertex -5.949999999999999 -11.431558892130852 0.7820356860756874
    endloop
  endfacet
  facet normal 0 -0.965925827248529 0.2588190415217645
    outer loop
      vertex -5.949999999999999 -11.431558892130852 0.7820356860756874
      vertex -2.15 -11.295847721397877 1.28851667791605
      vertex -5.949999999999999 -11.295847721397877 1.28851667791605
    endloop
  endfacet
  facet normal 0 -0.92387953140448 0.3826834350371577
    outer loop
      vertex -5.949999999999999 -11.295847721397877 1.28851667791605
      vertex -2.15 -11.095188543200493 1.7729507833719254
      vertex -5.949999999999999 -11.095188543200493 1.7729507833719254
    endloop
  endfacet
  facet normal 0 -0.8660254028466655 0.5000000016242706
    outer loop
      vertex -5.949999999999999 -11.095188543200493 1.7729507833719254
      vertex -2.15 -10.833014689385891 2.2270492166280746
      vertex -5.949999999999999 -10.833014689385891 2.2270492166280746
    endloop
  endfacet
  facet normal 0 -0.7933533401022866 0.6087614292549631
    outer loop
      vertex -5.949999999999999 -10.833014689385891 2.2270492166280746
      vertex -2.15 -10.51381203532219 2.643042214214802
      vertex -5.949999999999999 -10.51381203532219 2.643042214214802
    endloop
  endfacet
  facet normal 0 -0.7071067811865475 0.7071067811865475
    outer loop
      vertex -5.949999999999999 -10.51381203532219 2.643042214214802
      vertex -2.15 -10.143042214214802 3.0138120353221893
      vertex -5.949999999999999 -10.143042214214802 3.0138120353221893
    endloop
  endfacet
  facet normal -1 0 0
    outer loop
      vertex -5.949999999999999 -11.431558892130852 0.7820356860756874
      vertex -5.949999999999999 -8.811645405866443 1.7093695730957492
      vertex -5.949999999999999 -9.023541599063854 1.5235415990638534
    endloop
  endfacet
  facet normal -1 0 0
    outer loop
      vertex -5.949999999999999 -11.431558892130852 0.7820356860756874
      vertex -5.949999999999999 -8.577306596117847 1.8659497598051953
      vertex -5.949999999999999 -8.811645405866443 1.7093695730957492
    endloop
  endfacet
  facet normal -1 0 0
    outer loop
      vertex -5.949999999999999 -11.431558892130852 0.7820356860756874
      vertex -5.949999999999999 -8.324534771823858 1.990603028785364
      vertex -5.949999999999999 -8.577306596117847 1.8659497598051953
    endloop
  endfacet
  facet normal -1 0 0
    outer loop
      vertex -5.949999999999999 -11.431558892130852 0.7820356860756874
      vertex -5.949999999999999 -11.295847721397877 1.28851667791605
      vertex -5.949999999999999 -5.272950783371925 3.333014689385891
    endloop
  endfacet
  facet normal -1 0 0
    outer loop
      vertex -5.949999999999999 -11.095188543200493 1.7729507833719254
      vertex -5.949999999999999 -10.833014689385891 2.2270492166280746
      vertex -5.949999999999999 -6.21148332208395 3.7958477213978767
    endloop
  endfacet
  facet normal -1 0 0
    outer loop
      vertex -5.949999999999999 -10.51381203532219 2.643042214214802
      vertex -5.949999999999999 -10.143042214214802 3.0138120353221893
      vertex -5.949999999999999 -7.237826146185398 4
    endloop
  endfacet
  facet normal -1 0 0
    outer loop
      vertex -5.949999999999999 -11.295847721397877 1.28851667791605
      vertex -5.949999999999999 -11.095188543200493 1.7729507833719254
      vertex -5.949999999999999 -5.272950783371925 3.333014689385891
    endloop
  endfacet
  facet normal -1 0 0
    outer loop
      vertex -5.949999999999999 -10.833014689385891 2.2270492166280746
      vertex -5.949999999999999 -10.51381203532219 2.643042214214802
      vertex -5.949999999999999 -6.21148332208395 3.7958477213978767
    endloop
  endfacet
  facet normal -1 0 0
    outer loop
      vertex -5.949999999999999 -11.431558892130852 0.7820356860756874
      vertex -5.949999999999999 -5.272950783371925 3.333014689385891
      vertex -5.949999999999999 -8.324534771823858 1.990603028785364
    endloop
  endfacet
  facet normal -1 0 0
    outer loop
      vertex -5.949999999999999 -10.143042214214802 3.0138120353221893
      vertex -5.949999999999999 -9.727049216628075 3.333014689385891
      vertex -5.949999999999999 -7.237826146185398 4
    endloop
  endfacet
  facet normal -1 0 0
    outer loop
      vertex -5.949999999999999 -9.727049216628075 3.333014689385891
      vertex -5.949999999999999 -9.272950783371925 3.595188543200493
      vertex -5.949999999999999 -7.762173853814602 4
    endloop
  endfacet
  facet normal -1 0 0
    outer loop
      vertex -5.949999999999999 -9.272950783371925 3.595188543200493
      vertex -5.949999999999999 -8.78851667791605 3.7958477213978767
      vertex -5.949999999999999 -8.282035686075687 3.9315588921308517
    endloop
  endfacet
  facet normal -1 0 0
    outer loop
      vertex -5.949999999999999 -9.272950783371925 3.595188543200493
      vertex -5.949999999999999 -8.282035686075687 3.9315588921308517
      vertex -5.949999999999999 -7.762173853814602 4
    endloop
  endfacet
  facet normal 0 -0.6087614292549631 0.7933533401022866
    outer loop
      vertex -5.949999999999999 -10.143042214214802 3.0138120353221893
      vertex -2.15 -9.727049216628075 3.333014689385891
      vertex -5.949999999999999 -9.727049216628075 3.333014689385891
    endloop
  endfacet
  facet normal 0 -0.5000000016242706 0.8660254028466655
    outer loop
      vertex -5.949999999999999 -9.727049216628075 3.333014689385891
      vertex -2.15 -9.272950783371925 3.595188543200493
      vertex -5.949999999999999 -9.272950783371925 3.595188543200493
    endloop
  endfacet
  facet normal 0 -0.3826834350371577 0.92387953140448
    outer loop
      vertex -5.949999999999999 -9.272950783371925 3.595188543200493
      vertex -2.15 -8.78851667791605 3.7958477213978767
      vertex -5.949999999999999 -8.78851667791605 3.7958477213978767
    endloop
  endfacet
  facet normal 0 -0.2588190415217645 0.965925827248529
    outer loop
      vertex -5.949999999999999 -8.78851667791605 3.7958477213978767
      vertex -2.15 -8.282035686075687 3.9315588921308517
      vertex -5.949999999999999 -8.282035686075687 3.9315588921308517
    endloop
  endfacet
  facet normal 0 -0.9914448615585123 0.13052619081710234
    outer loop
      vertex -5.949999999999999 -11.5 0.2621738538146019
      vertex -2.15 -11.5 0.2621738538146019
      vertex -2.15 -11.431558892130852 0.7820356860756874
    endloop
  endfacet
  facet normal 0 -0.965925827248529 0.2588190415217645
    outer loop
      vertex -5.949999999999999 -11.431558892130852 0.7820356860756874
      vertex -2.15 -11.431558892130852 0.7820356860756874
      vertex -2.15 -11.295847721397877 1.28851667791605
    endloop
  endfacet
  facet normal 0 -0.92387953140448 0.3826834350371577
    outer loop
      vertex -5.949999999999999 -11.295847721397877 1.28851667791605
      vertex -2.15 -11.295847721397877 1.28851667791605
      vertex -2.15 -11.095188543200493 1.7729507833719254
    endloop
  endfacet
  facet normal 0 -0.8660254028466655 0.5000000016242706
    outer loop
      vertex -5.949999999999999 -11.095188543200493 1.7729507833719254
      vertex -2.15 -11.095188543200493 1.7729507833719254
      vertex -2.15 -10.833014689385891 2.2270492166280746
    endloop
  endfacet
  facet normal 0 -0.7933533401022866 0.6087614292549631
    outer loop
      vertex -5.949999999999999 -10.833014689385891 2.2270492166280746
      vertex -2.15 -10.833014689385891 2.2270492166280746
      vertex -2.15 -10.51381203532219 2.643042214214802
    endloop
  endfacet
  facet normal 1 0 0
    outer loop
      vertex -2.15 -11.5 0.2621738538146019
      vertex -2.15 -9.58119652804359 0.5576549289797361
      vertex -2.15 -11.431558892130852 0.7820356860756874
    endloop
  endfacet
  facet normal 0 -0.7071067811865475 0.7071067811865475
    outer loop
      vertex -5.949999999999999 -10.51381203532219 2.643042214214802
      vertex -2.15 -10.51381203532219 2.643042214214802
      vertex -2.15 -10.143042214214802 3.0138120353221893
    endloop
  endfacet
  facet normal 0 -0.6087614292549631 0.7933533401022866
    outer loop
      vertex -5.949999999999999 -10.143042214214802 3.0138120353221893
      vertex -2.15 -10.143042214214802 3.0138120353221893
      vertex -2.15 -9.727049216628075 3.333014689385891
    endloop
  endfacet
  facet normal 1 0 0
    outer loop
      vertex -2.15 -9.636180177690301 -0.2812334556896152
      vertex -2.15 -9.654613192235693 0
      vertex -2.15 -11.5 0.2621738538146019
    endloop
  endfacet
  facet normal 1 0 0
    outer loop
      vertex -2.15 -11.5 0.2621738538146019
      vertex -2.15 -9.654613192235693 0
      vertex -2.15 -9.636180177690301 0.2812334556896152
    endloop
  endfacet
  facet normal 1 0 0
    outer loop
      vertex -2.15 -11.5 0.2621738538146019
      vertex -2.15 -9.636180177690301 0.2812334556896152
      vertex -2.15 -9.58119652804359 0.5576549289797361
    endloop
  endfacet
  facet normal 1 0 0
    outer loop
      vertex -2.15 -11.431558892130852 0.7820356860756874
      vertex -2.15 -9.58119652804359 0.5576549289797361
      vertex -2.15 -9.490603028785364 0.824534771823858
    endloop
  endfacet
  facet normal 1 0 0
    outer loop
      vertex -2.15 -11.431558892130852 0.7820356860756874
      vertex -2.15 -9.490603028785364 0.824534771823858
      vertex -2.15 -9.365949759805195 1.0773065961178467
    endloop
  endfacet
  facet normal 1 0 0
    outer loop
      vertex -2.15 -11.431558892130852 0.7820356860756874
      vertex -2.15 -9.365949759805195 1.0773065961178467
      vertex -2.15 -9.20936957309575 1.3116454058664422
    endloop
  endfacet
  facet normal 1 0 0
    outer loop
      vertex -2.15 -11.431558892130852 0.7820356860756874
      vertex -2.15 -9.20936957309575 1.3116454058664422
      vertex -2.15 -9.023541599063854 1.5235415990638534
    endloop
  endfacet
  facet normal 1 0 0
    outer loop
      vertex -2.15 -11.431558892130852 0.7820356860756874
      vertex -2.15 -9.023541599063854 1.5235415990638534
      vertex -2.15 -8.811645405866443 1.7093695730957492
    endloop
  endfacet
  facet normal 1 0 0
    outer loop
      vertex -2.15 -11.431558892130852 0.7820356860756874
      vertex -2.15 -8.811645405866443 1.7093695730957492
      vertex -2.15 -8.577306596117847 1.8659497598051953
    endloop
  endfacet
  facet normal 1 0 0
    outer loop
      vertex -2.15 -11.431558892130852 0.7820356860756874
      vertex -2.15 -8.577306596117847 1.8659497598051953
      vertex -2.15 -8.324534771823858 1.990603028785364
    endloop
  endfacet
  facet normal 1 0 0
    outer loop
      vertex -2.15 -11.431558892130852 0.7820356860756874
      vertex -2.15 -5.272950783371925 3.333014689385891
      vertex -2.15 -11.295847721397877 1.28851667791605
    endloop
  endfacet
  facet normal 1 0 0
    outer loop
      vertex -2.15 -11.095188543200493 1.7729507833719254
      vertex -2.15 -6.21148332208395 3.7958477213978767
      vertex -2.15 -10.833014689385891 2.2270492166280746
    endloop
  endfacet
  facet normal 1 0 0
    outer loop
      vertex -2.15 -10.51381203532219 2.643042214214802
      vertex -2.15 -7.237826146185398 4
      vertex -2.15 -10.143042214214802 3.0138120353221893
    endloop
  endfacet
  facet normal 1 0 0
    outer loop
      vertex -2.15 -11.295847721397877 1.28851667791605
      vertex -2.15 -5.272950783371925 3.333014689385891
      vertex -2.15 -11.095188543200493 1.7729507833719254
    endloop
  endfacet
  facet normal 1 0 0
    outer loop
      vertex -2.15 -10.833014689385891 2.2270492166280746
      vertex -2.15 -6.21148332208395 3.7958477213978767
      vertex -2.15 -10.51381203532219 2.643042214214802
    endloop
  endfacet
  facet normal 0 -0.5000000016242706 0.8660254028466655
    outer loop
      vertex -5.949999999999999 -9.727049216628075 3.333014689385891
      vertex -2.15 -9.727049216628075 3.333014689385891
      vertex -2.15 -9.272950783371925 3.595188543200493
    endloop
  endfacet
  facet normal 0 -0.3826834350371577 0.92387953140448
    outer loop
      vertex -5.949999999999999 -9.272950783371925 3.595188543200493
      vertex -2.15 -9.272950783371925 3.595188543200493
      vertex -2.15 -8.78851667791605 3.7958477213978767
    endloop
  endfacet
  facet normal 1 0 0
    outer loop
      vertex -2.15 -11.431558892130852 0.7820356860756874
      vertex -2.15 -8.324534771823858 1.990603028785364
      vertex -2.15 -5.272950783371925 3.333014689385891
    endloop
  endfacet
  facet normal 0 -0.2588190415217645 0.965925827248529
    outer loop
      vertex -5.949999999999999 -8.78851667791605 3.7958477213978767
      vertex -2.15 -8.78851667791605 3.7958477213978767
      vertex -2.15 -8.282035686075687 3.9315588921308517
    endloop
  endfacet
  facet normal 1 0 0
    outer loop
      vertex -2.15 -10.143042214214802 3.0138120353221893
      vertex -2.15 -7.237826146185398 4
      vertex -2.15 -9.727049216628075 3.333014689385891
    endloop
  endfacet
  facet normal 1 0 0
    outer loop
      vertex -2.15 -9.727049216628075 3.333014689385891
      vertex -2.15 -7.762173853814602 4
      vertex -2.15 -9.272950783371925 3.595188543200493
    endloop
  endfacet
  facet normal 1 0 0
    outer loop
      vertex -2.15 -9.272950783371925 3.595188543200493
      vertex -2.15 -8.282035686075687 3.9315588921308517
      vertex -2.15 -8.78851667791605 3.7958477213978767
    endloop
  endfacet
  facet normal 1 0 0
    outer loop
      vertex -2.15 -9.272950783371925 3.595188543200493
      vertex -2.15 -7.762173853814602 4
      vertex -2.15 -8.282035686075687 3.9315588921308517
    endloop
  endfacet
  facet normal 0 -0.7071067811865475 -0.7071067811865475
    outer loop
      vertex -5.949999999999999 -10.328427128493786 -4.818427123129368
      vertex -5.949999999999999 -1.4900000020861626 -13.656854249536991
      vertex -2.15 -10.328427128493786 -4.818427123129368
    endloop
  endfacet
  facet normal -1 0 0
    outer loop
      vertex -5.949999999999999 -10.67341336607933 -4.4250457137823105
      vertex -5.949999999999999 -6.942345071020264 -2.0811965280435896
      vertex -5.949999999999999 -6.675465228176142 -1.9906030287853635
    endloop
  endfacet
  facet normal -1 0 0
    outer loop
      vertex -5.949999999999999 -10.328427128493786 -4.818427123129368
      vertex -5.949999999999999 -6.675465228176142 -1.9906030287853635
      vertex -5.949999999999999 -6.422693403882153 -1.8659497598051953
    endloop
  endfacet
  facet normal -1 0 0
    outer loop
      vertex -5.949999999999999 -10.328427128493786 -4.818427123129368
      vertex -5.949999999999999 -6.422693403882153 -1.8659497598051953
      vertex -5.949999999999999 -3.5 0.0033388659358024597
    endloop
  endfacet
  facet normal -1 0 0
    outer loop
      vertex -5.949999999999999 -10.328427128493786 -4.818427123129368
      vertex -5.949999999999999 -3.5 0.0033388659358024597
      vertex -5.949999999999999 -1.4929252788424492 -2.340220481157303
    endloop
  endfacet
  facet normal -1 0 0
    outer loop
      vertex -5.949999999999999 -6.422693403882153 -1.8659497598051953
      vertex -5.949999999999999 -6.188354594133558 -1.7093695730957492
      vertex -5.949999999999999 -3.5 0.0033388659358024597
    endloop
  endfacet
  facet normal -1 0 0
    outer loop
      vertex -5.949999999999999 -6.188354594133558 -1.7093695730957492
      vertex -5.949999999999999 -5.9764584009361466 -1.5235415990638534
      vertex -5.949999999999999 -3.5 0.0033388659358024597
    endloop
  endfacet
  facet normal -1 0 0
    outer loop
      vertex -5.949999999999999 -5.9764584009361466 -1.5235415990638534
      vertex -5.949999999999999 -5.790630426904251 -1.3116454058664422
      vertex -5.949999999999999 -3.5 0.0033388659358024597
    endloop
  endfacet
  facet normal 1 0 0
    outer loop
      vertex -2.15 -10.328427128493786 -4.818427123129368
      vertex -2.15 -6.675465228176142 -1.9906030287853635
      vertex -2.15 -6.942345071020264 -2.0811965280435896
    endloop
  endfacet
  facet normal 1 0 0
    outer loop
      vertex -2.15 -10.328427128493786 -4.818427123129368
      vertex -2.15 -6.422693403882153 -1.8659497598051953
      vertex -2.15 -6.675465228176142 -1.9906030287853635
    endloop
  endfacet
  facet normal 1 0 0
    outer loop
      vertex -2.15 -10.328427128493786 -4.818427123129368
      vertex -2.15 -3.5 0.0033388659358024597
      vertex -2.15 -6.422693403882153 -1.8659497598051953
    endloop
  endfacet
  facet normal 1 0 0
    outer loop
      vertex -2.15 -10.328427128493786 -4.818427123129368
      vertex -2.15 -1.4929252788424492 -2.340220481157303
      vertex -2.15 -3.5 0.0033388659358024597
    endloop
  endfacet
  facet normal 1 0 0
    outer loop
      vertex -2.15 -6.422693403882153 -1.8659497598051953
      vertex -2.15 -3.5 0.0033388659358024597
      vertex -2.15 -6.188354594133558 -1.7093695730957492
    endloop
  endfacet
  facet normal 1 0 0
    outer loop
      vertex -2.15 -6.188354594133558 -1.7093695730957492
      vertex -2.15 -3.5 0.0033388659358024597
      vertex -2.15 -5.9764584009361466 -1.5235415990638534
    endloop
  endfacet
  facet normal 1 0 0
    outer loop
      vertex -2.15 -5.9764584009361466 -1.5235415990638534
      vertex -2.15 -3.5 0.0033388659358024597
      vertex -2.15 -5.790630426904251 -1.3116454058664422
    endloop
  endfacet
  facet normal -1 0 0
    outer loop
      vertex -5.949999999999999 -11.095188543200493 1.7729507833719254
      vertex -5.949999999999999 -6.21148332208395 3.7958477213978767
      vertex -5.949999999999999 -5.727049216628075 3.595188543200493
    endloop
  endfacet
  facet normal -1 0 0
    outer loop
      vertex -5.949999999999999 -9.727049216628075 3.333014689385891
      vertex -5.949999999999999 -7.762173853814602 4
      vertex -5.949999999999999 -7.237826146185398 4
    endloop
  endfacet
  facet normal -1 0 0
    outer loop
      vertex -5.949999999999999 -10.51381203532219 2.643042214214802
      vertex -5.949999999999999 -7.237826146185398 4
      vertex -5.949999999999999 -6.717964313924313 3.9315588921308517
    endloop
  endfacet
  facet normal -1 0 0
    outer loop
      vertex -5.949999999999999 -10.51381203532219 2.643042214214802
      vertex -5.949999999999999 -6.717964313924313 3.9315588921308517
      vertex -5.949999999999999 -6.21148332208395 3.7958477213978767
    endloop
  endfacet
  facet normal -1 0 0
    outer loop
      vertex -5.949999999999999 -11.095188543200493 1.7729507833719254
      vertex -5.949999999999999 -5.727049216628075 3.595188543200493
      vertex -5.949999999999999 -5.272950783371925 3.333014689385891
    endloop
  endfacet
  facet normal -1 0 0
    outer loop
      vertex -5.949999999999999 -8.324534771823858 1.990603028785364
      vertex -5.949999999999999 -5.272950783371925 3.333014689385891
      vertex -5.949999999999999 -8.057654928979737 2.08119652804359
    endloop
  endfacet
  facet normal -1 0 0
    outer loop
      vertex -5.949999999999999 -8.057654928979737 2.08119652804359
      vertex -5.949999999999999 -5.272950783371925 3.333014689385891
      vertex -5.949999999999999 -7.781233455689615 2.1361801776903007
    endloop
  endfacet
  facet normal -1 0 0
    outer loop
      vertex -5.949999999999999 -7.781233455689615 2.1361801776903007
      vertex -5.949999999999999 -5.272950783371925 3.333014689385891
      vertex -5.949999999999999 -7.5 2.154613192235694
    endloop
  endfacet
  facet normal 0 -0.13052619081710234 0.9914448615585123
    outer loop
      vertex -5.949999999999999 -8.282035686075687 3.9315588921308517
      vertex -2.15 -7.762173853814602 4
      vertex -5.949999999999999 -7.762173853814602 4
    endloop
  endfacet
  facet normal 0 0 1
    outer loop
      vertex -5.949999999999999 -7.762173853814602 4
      vertex -2.15 -7.237826146185398 4
      vertex -5.949999999999999 -7.237826146185398 4
    endloop
  endfacet
  facet normal 0 0.13052619081710234 0.9914448615585123
    outer loop
      vertex -5.949999999999999 -7.237826146185398 4
      vertex -2.15 -6.717964313924313 3.9315588921308517
      vertex -5.949999999999999 -6.717964313924313 3.9315588921308517
    endloop
  endfacet
  facet normal -1 0 0
    outer loop
      vertex -5.949999999999999 -7.5 2.154613192235694
      vertex -5.949999999999999 -4.856957785785198 3.0138120353221893
      vertex -5.949999999999999 -7.218766544310385 2.1361801776903007
    endloop
  endfacet
  facet normal -1 0 0
    outer loop
      vertex -5.949999999999999 -7.218766544310385 2.1361801776903007
      vertex -5.949999999999999 -4.856957785785198 3.0138120353221893
      vertex -5.949999999999999 -6.942345071020264 2.08119652804359
    endloop
  endfacet
  facet normal -1 0 0
    outer loop
      vertex -5.949999999999999 -6.942345071020264 2.08119652804359
      vertex -5.949999999999999 -4.486187964677811 2.643042214214802
      vertex -5.949999999999999 -6.675465228176142 1.990603028785364
    endloop
  endfacet
  facet normal -1 0 0
    outer loop
      vertex -5.949999999999999 -6.675465228176142 1.990603028785364
      vertex -5.949999999999999 -4.486187964677811 2.643042214214802
      vertex -5.949999999999999 -6.422693403882153 1.8659497598051953
    endloop
  endfacet
  facet normal -1 0 0
    outer loop
      vertex -5.949999999999999 -7.5 2.154613192235694
      vertex -5.949999999999999 -5.272950783371925 3.333014689385891
      vertex -5.949999999999999 -4.856957785785198 3.0138120353221893
    endloop
  endfacet
  facet normal -1 0 0
    outer loop
      vertex -5.949999999999999 -6.422693403882153 1.8659497598051953
      vertex -5.949999999999999 -4.166985310614109 2.2270492166280746
      vertex -5.949999999999999 -6.188354594133558 1.7093695730957492
    endloop
  endfacet
  facet normal -1 0 0
    outer loop
      vertex -5.949999999999999 -5.9764584009361466 1.5235415990638534
      vertex -5.949999999999999 -6.188354594133558 1.7093695730957492
      vertex -5.949999999999999 -4.166985310614109 2.2270492166280746
    endloop
  endfacet
  facet normal -1 0 0
    outer loop
      vertex -5.949999999999999 -6.942345071020264 2.08119652804359
      vertex -5.949999999999999 -4.856957785785198 3.0138120353221893
      vertex -5.949999999999999 -4.486187964677811 2.643042214214802
    endloop
  endfacet
  facet normal -1 0 0
    outer loop
      vertex -5.949999999999999 -5.9764584009361466 1.5235415990638534
      vertex -5.949999999999999 -3.904811456799507 1.7729507833719254
      vertex -5.949999999999999 -5.790630426904251 1.3116454058664422
    endloop
  endfacet
  facet normal -1 0 0
    outer loop
      vertex -5.949999999999999 -5.790630426904251 1.3116454058664422
      vertex -5.949999999999999 -3.7041522786021233 1.28851667791605
      vertex -5.949999999999999 -5.634050240194805 1.0773065961178467
    endloop
  endfacet
  facet normal -1 0 0
    outer loop
      vertex -5.949999999999999 -6.422693403882153 1.8659497598051953
      vertex -5.949999999999999 -4.486187964677811 2.643042214214802
      vertex -5.949999999999999 -4.166985310614109 2.2270492166280746
    endloop
  endfacet
  facet normal 0 0.2588190415217645 0.965925827248529
    outer loop
      vertex -5.949999999999999 -6.717964313924313 3.9315588921308517
      vertex -2.15 -6.21148332208395 3.7958477213978767
      vertex -5.949999999999999 -6.21148332208395 3.7958477213978767
    endloop
  endfacet
  facet normal 0 0.3826834350371577 0.92387953140448
    outer loop
      vertex -5.949999999999999 -6.21148332208395 3.7958477213978767
      vertex -2.15 -5.727049216628075 3.595188543200493
      vertex -5.949999999999999 -5.727049216628075 3.595188543200493
    endloop
  endfacet
  facet normal 0 0.5000000016242706 0.8660254028466655
    outer loop
      vertex -5.949999999999999 -5.272950783371925 3.333014689385891
      vertex -5.949999999999999 -5.727049216628075 3.595188543200493
      vertex -2.15 -5.272950783371925 3.333014689385891
    endloop
  endfacet
  facet normal 1 0 0
    outer loop
      vertex -2.15 -11.095188543200493 1.7729507833719254
      vertex -2.15 -5.727049216628075 3.595188543200493
      vertex -2.15 -6.21148332208395 3.7958477213978767
    endloop
  endfacet
  facet normal 0 -0.13052619081710234 0.9914448615585123
    outer loop
      vertex -5.949999999999999 -8.282035686075687 3.9315588921308517
      vertex -2.15 -8.282035686075687 3.9315588921308517
      vertex -2.15 -7.762173853814602 4
    endloop
  endfacet
  facet normal 0 0 1
    outer loop
      vertex -5.949999999999999 -7.762173853814602 4
      vertex -2.15 -7.762173853814602 4
      vertex -2.15 -7.237826146185398 4
    endloop
  endfacet
  facet normal 1 0 0
    outer loop
      vertex -2.15 -9.727049216628075 3.333014689385891
      vertex -2.15 -7.237826146185398 4
      vertex -2.15 -7.762173853814602 4
    endloop
  endfacet
  facet normal 1 0 0
    outer loop
      vertex -2.15 -10.51381203532219 2.643042214214802
      vertex -2.15 -6.717964313924313 3.9315588921308517
      vertex -2.15 -7.237826146185398 4
    endloop
  endfacet
  facet normal 1 0 0
    outer loop
      vertex -2.15 -10.51381203532219 2.643042214214802
      vertex -2.15 -6.21148332208395 3.7958477213978767
      vertex -2.15 -6.717964313924313 3.9315588921308517
    endloop
  endfacet
  facet normal 1 0 0
    outer loop
      vertex -2.15 -11.095188543200493 1.7729507833719254
      vertex -2.15 -5.272950783371925 3.333014689385891
      vertex -2.15 -5.727049216628075 3.595188543200493
    endloop
  endfacet
  facet normal 1 0 0
    outer loop
      vertex -2.15 -8.324534771823858 1.990603028785364
      vertex -2.15 -8.057654928979737 2.08119652804359
      vertex -2.15 -5.272950783371925 3.333014689385891
    endloop
  endfacet
  facet normal 1 0 0
    outer loop
      vertex -2.15 -8.057654928979737 2.08119652804359
      vertex -2.15 -7.781233455689615 2.1361801776903007
      vertex -2.15 -5.272950783371925 3.333014689385891
    endloop
  endfacet
  facet normal 1 0 0
    outer loop
      vertex -2.15 -7.781233455689615 2.1361801776903007
      vertex -2.15 -7.5 2.154613192235694
      vertex -2.15 -5.272950783371925 3.333014689385891
    endloop
  endfacet
  facet normal 1 0 0
    outer loop
      vertex -2.15 -7.5 2.154613192235694
      vertex -2.15 -7.218766544310385 2.1361801776903007
      vertex -2.15 -5.272950783371925 3.333014689385891
    endloop
  endfacet
  facet normal 0 0.13052619081710234 0.9914448615585123
    outer loop
      vertex -5.949999999999999 -7.237826146185398 4
      vertex -2.15 -7.237826146185398 4
      vertex -2.15 -6.717964313924313 3.9315588921308517
    endloop
  endfacet
  facet normal 1 0 0
    outer loop
      vertex -2.15 -7.218766544310385 2.1361801776903007
      vertex -2.15 -6.942345071020264 2.08119652804359
      vertex -2.15 -4.856957785785198 3.0138120353221893
    endloop
  endfacet
  facet normal 1 0 0
    outer loop
      vertex -2.15 -6.942345071020264 2.08119652804359
      vertex -2.15 -6.675465228176142 1.990603028785364
      vertex -2.15 -4.856957785785198 3.0138120353221893
    endloop
  endfacet
  facet normal 1 0 0
    outer loop
      vertex -2.15 -6.675465228176142 1.990603028785364
      vertex -2.15 -6.422693403882153 1.8659497598051953
      vertex -2.15 -4.486187964677811 2.643042214214802
    endloop
  endfacet
  facet normal 0 0.2588190415217645 0.965925827248529
    outer loop
      vertex -5.949999999999999 -6.717964313924313 3.9315588921308517
      vertex -2.15 -6.717964313924313 3.9315588921308517
      vertex -2.15 -6.21148332208395 3.7958477213978767
    endloop
  endfacet
  facet normal 0 0.3826834350371577 0.92387953140448
    outer loop
      vertex -5.949999999999999 -6.21148332208395 3.7958477213978767
      vertex -2.15 -6.21148332208395 3.7958477213978767
      vertex -2.15 -5.727049216628075 3.595188543200493
    endloop
  endfacet
  facet normal 0 0.6087614292549631 0.7933533401022866
    outer loop
      vertex -5.949999999999999 -5.272950783371925 3.333014689385891
      vertex -2.15 -5.272950783371925 3.333014689385891
      vertex -2.15 -4.856957785785198 3.0138120353221893
    endloop
  endfacet
  facet normal 1 0 0
    outer loop
      vertex -2.15 -6.422693403882153 1.8659497598051953
      vertex -2.15 -6.188354594133558 1.7093695730957492
      vertex -2.15 -4.486187964677811 2.643042214214802
    endloop
  endfacet
  facet normal 1 0 0
    outer loop
      vertex -2.15 -7.218766544310385 2.1361801776903007
      vertex -2.15 -4.856957785785198 3.0138120353221893
      vertex -2.15 -5.272950783371925 3.333014689385891
    endloop
  endfacet
  facet normal 1 0 0
    outer loop
      vertex -2.15 -5.9764584009361466 1.5235415990638534
      vertex -2.15 -4.166985310614109 2.2270492166280746
      vertex -2.15 -6.188354594133558 1.7093695730957492
    endloop
  endfacet
  facet normal 1 0 0
    outer loop
      vertex -2.15 -5.790630426904251 1.3116454058664422
      vertex -2.15 -5.634050240194805 1.0773065961178467
      vertex -2.15 -3.904811456799507 1.7729507833719254
    endloop
  endfacet
  facet normal 1 0 0
    outer loop
      vertex -2.15 -5.9764584009361466 1.5235415990638534
      vertex -2.15 -5.790630426904251 1.3116454058664422
      vertex -2.15 -4.166985310614109 2.2270492166280746
    endloop
  endfacet
  facet normal 1 0 0
    outer loop
      vertex -2.15 -6.675465228176142 1.990603028785364
      vertex -2.15 -4.486187964677811 2.643042214214802
      vertex -2.15 -4.856957785785198 3.0138120353221893
    endloop
  endfacet
  facet normal 0 0.5000000016242706 0.8660254028466655
    outer loop
      vertex -5.949999999999999 -5.727049216628075 3.595188543200493
      vertex -2.15 -5.727049216628075 3.595188543200493
      vertex -2.15 -5.272950783371925 3.333014689385891
    endloop
  endfacet
  facet normal -1 0 0
    outer loop
      vertex -5.949999999999999 -10.328427128493786 -4.818427123129368
      vertex -5.949999999999999 -1.4900000020861626 -2.343145750463009
      vertex -5.949999999999999 -1.4900000020861626 -13.656854249536991
    endloop
  endfacet
  facet normal -1 0 0
    outer loop
      vertex -5.949999999999999 -5.790630426904251 -1.3116454058664422
      vertex -5.949999999999999 -5.634050240194805 -1.0773065961178467
      vertex -5.949999999999999 -3.5 0.0033388659358024597
    endloop
  endfacet
  facet normal -1 0 0
    outer loop
      vertex -5.949999999999999 -5.634050240194805 -1.0773065961178467
      vertex -5.949999999999999 -5.5093969712146365 -0.824534771823858
      vertex -5.949999999999999 -3.5 0.0033388659358024597
    endloop
  endfacet
  facet normal -1 0 0
    outer loop
      vertex -5.949999999999999 -5.5093969712146365 -0.824534771823858
      vertex -5.949999999999999 -5.41880347195641 -0.5576549289797361
      vertex -5.949999999999999 -3.5 0.0033388659358024597
    endloop
  endfacet
  facet normal -1 0 0
    outer loop
      vertex -5.949999999999999 -5.41880347195641 -0.5576549289797361
      vertex -5.949999999999999 -5.363819822309699 -0.2812334556896152
      vertex -5.949999999999999 -3.5 0.0033388659358024597
    endloop
  endfacet
  facet normal -1 0 0
    outer loop
      vertex -5.949999999999999 -5.363819822309699 -0.2812334556896152
      vertex -5.949999999999999 -5.3453868077643065 0
      vertex -5.949999999999999 -3.5 0.0033388659358024597
    endloop
  endfacet
  facet normal -1 0 0
    outer loop
      vertex -5.949999999999999 -10.328427128493786 -4.818427123129368
      vertex -5.949999999999999 -1.4929252788424492 -2.340220481157303
      vertex -5.949999999999999 -1.4900000020861626 -2.343145750463009
    endloop
  endfacet
  facet normal -1 0 0
    outer loop
      vertex -5.949999999999999 -3.5 0.0033388659358024597
      vertex -5.949999999999999 -1.5 0
      vertex -5.949999999999999 -1.4929252788424492 -2.340220481157303
    endloop
  endfacet
  facet normal 0 -0.7071067811865475 -0.7071067811865475
    outer loop
      vertex -2.15 -10.328427128493786 -4.818427123129368
      vertex -5.949999999999999 -1.4900000020861626 -13.656854249536991
      vertex -2.15 -1.4900000020861626 -13.656854249536991
    endloop
  endfacet
  facet normal 1 0 0
    outer loop
      vertex -2.15 -10.328427128493786 -4.818427123129368
      vertex -2.15 -1.4900000020861626 -13.656854249536991
      vertex -2.15 -1.4900000020861626 -2.343145750463009
    endloop
  endfacet
  facet normal 1 0 0
    outer loop
      vertex -2.15 -5.790630426904251 -1.3116454058664422
      vertex -2.15 -3.5 0.0033388659358024597
      vertex -2.15 -5.634050240194805 -1.0773065961178467
    endloop
  endfacet
  facet normal 1 0 0
    outer loop
      vertex -2.15 -5.634050240194805 -1.0773065961178467
      vertex -2.15 -3.5 0.0033388659358024597
      vertex -2.15 -5.5093969712146365 -0.824534771823858
    endloop
  endfacet
  facet normal 1 0 0
    outer loop
      vertex -2.15 -5.5093969712146365 -0.824534771823858
      vertex -2.15 -3.5 0.0033388659358024597
      vertex -2.15 -5.41880347195641 -0.5576549289797361
    endloop
  endfacet
  facet normal 1 0 0
    outer loop
      vertex -2.15 -5.41880347195641 -0.5576549289797361
      vertex -2.15 -3.5 0.0033388659358024597
      vertex -2.15 -5.363819822309699 -0.2812334556896152
    endloop
  endfacet
  facet normal 1 0 0
    outer loop
      vertex -2.15 -5.363819822309699 -0.2812334556896152
      vertex -2.15 -3.5 0.0033388659358024597
      vertex -2.15 -5.3453868077643065 0
    endloop
  endfacet
  facet normal 1 0 0
    outer loop
      vertex -2.15 -10.328427128493786 -4.818427123129368
      vertex -2.15 -1.4900000020861626 -2.343145750463009
      vertex -2.15 -1.4929252788424492 -2.340220481157303
    endloop
  endfacet
  facet normal 1 0 0
    outer loop
      vertex -2.15 -3.5 0.0033388659358024597
      vertex -2.15 -1.4929252788424492 -2.340220481157303
      vertex -2.15 -1.5 0
    endloop
  endfacet
  facet normal -1 0 0
    outer loop
      vertex -5.949999999999999 -5.5093969712146365 0.824534771823858
      vertex -5.949999999999999 -3.5684411078691483 0.7820356860756874
      vertex -5.949999999999999 -5.41880347195641 0.5576549289797361
    endloop
  endfacet
  facet normal -1 0 0
    outer loop
      vertex -5.949999999999999 -5.634050240194805 1.0773065961178467
      vertex -5.949999999999999 -3.7041522786021233 1.28851667791605
      vertex -5.949999999999999 -5.5093969712146365 0.824534771823858
    endloop
  endfacet
  facet normal -1 0 0
    outer loop
      vertex -5.949999999999999 -5.41880347195641 0.5576549289797361
      vertex -5.949999999999999 -3.5 0.2621738538146019
      vertex -5.949999999999999 -5.363819822309699 0.2812334556896152
    endloop
  endfacet
  facet normal -1 0 0
    outer loop
      vertex -5.949999999999999 -5.363819822309699 0.2812334556896152
      vertex -5.949999999999999 -3.5 0.0033388659358024597
      vertex -5.949999999999999 -5.3453868077643065 0
    endloop
  endfacet
  facet normal -1 0 0
    outer loop
      vertex -5.949999999999999 -5.9764584009361466 1.5235415990638534
      vertex -5.949999999999999 -4.166985310614109 2.2270492166280746
      vertex -5.949999999999999 -3.904811456799507 1.7729507833719254
    endloop
  endfacet
  facet normal -1 0 0
    outer loop
      vertex -5.949999999999999 -5.790630426904251 1.3116454058664422
      vertex -5.949999999999999 -3.904811456799507 1.7729507833719254
      vertex -5.949999999999999 -3.7041522786021233 1.28851667791605
    endloop
  endfacet
  facet normal -1 0 0
    outer loop
      vertex -5.949999999999999 -5.5093969712146365 0.824534771823858
      vertex -5.949999999999999 -3.7041522786021233 1.28851667791605
      vertex -5.949999999999999 -3.5684411078691483 0.7820356860756874
    endloop
  endfacet
  facet normal -1 0 0
    outer loop
      vertex -5.949999999999999 -5.363819822309699 0.2812334556896152
      vertex -5.949999999999999 -3.5 0.2621738538146019
      vertex -5.949999999999999 -3.5 0.0033388659358024597
    endloop
  endfacet
  facet normal -1 0 0
    outer loop
      vertex -5.949999999999999 -5.41880347195641 0.5576549289797361
      vertex -5.949999999999999 -3.5684411078691483 0.7820356860756874
      vertex -5.949999999999999 -3.5 0.2621738538146019
    endloop
  endfacet
  facet normal 0 0.6087614292549631 0.7933533401022866
    outer loop
      vertex -5.949999999999999 -5.272950783371925 3.333014689385891
      vertex -2.15 -4.856957785785198 3.0138120353221893
      vertex -5.949999999999999 -4.856957785785198 3.0138120353221893
    endloop
  endfacet
  facet normal 0 0.7071067811865475 0.7071067811865475
    outer loop
      vertex -5.949999999999999 -4.856957785785198 3.0138120353221893
      vertex -2.15 -4.486187964677811 2.643042214214802
      vertex -5.949999999999999 -4.486187964677811 2.643042214214802
    endloop
  endfacet
  facet normal 0 0.7933533401022866 0.6087614292549631
    outer loop
      vertex -5.949999999999999 -4.486187964677811 2.643042214214802
      vertex -2.15 -4.166985310614109 2.2270492166280746
      vertex -5.949999999999999 -4.166985310614109 2.2270492166280746
    endloop
  endfacet
  facet normal 0 0.8660254028466655 0.5000000016242706
    outer loop
      vertex -5.949999999999999 -4.166985310614109 2.2270492166280746
      vertex -2.15 -3.904811456799507 1.7729507833719254
      vertex -5.949999999999999 -3.904811456799507 1.7729507833719254
    endloop
  endfacet
  facet normal 0 0.92387953140448 0.3826834350371577
    outer loop
      vertex -5.949999999999999 -3.904811456799507 1.7729507833719254
      vertex -2.15 -3.7041522786021233 1.28851667791605
      vertex -5.949999999999999 -3.7041522786021233 1.28851667791605
    endloop
  endfacet
  facet normal 0 0.965925827248529 0.2588190415217645
    outer loop
      vertex -5.949999999999999 -3.7041522786021233 1.28851667791605
      vertex -2.15 -3.5684411078691483 0.7820356860756874
      vertex -5.949999999999999 -3.5684411078691483 0.7820356860756874
    endloop
  endfacet
  facet normal 0 1 0
    outer loop
      vertex -5.949999999999999 -3.5 0.0033388659358024597
      vertex -5.949999999999999 -3.5 0.2621738538146019
      vertex -2.15 -3.5 0.0033388659358024597
    endloop
  endfacet
  facet normal 0 0.9914448615585123 0.13052619081710234
    outer loop
      vertex -5.949999999999999 -3.5 0.2621738538146019
      vertex -5.949999999999999 -3.5684411078691483 0.7820356860756874
      vertex -2.15 -3.5 0.2621738538146019
    endloop
  endfacet
  facet normal -1 0 0
    outer loop
      vertex -5.949999999999999 -3.5 0.0033388659358024597
      vertex -5.949999999999999 -1.5 0.00001661126986451933
      vertex -5.949999999999999 -1.5 0
    endloop
  endfacet
  facet normal 0 0.0016611250411628297 0.9999986203308471
    outer loop
      vertex -5.949999999999999 -3.5 0.0033388659358024597
      vertex -2.15 -1.5 0.00001661126986451933
      vertex -5.949999999999999 -1.5 0.00001661126986451933
    endloop
  endfacet
  facet normal 0 0.7071067811865475 0.7071067811865475
    outer loop
      vertex -5.949999999999999 -4.856957785785198 3.0138120353221893
      vertex -2.15 -4.856957785785198 3.0138120353221893
      vertex -2.15 -4.486187964677811 2.643042214214802
    endloop
  endfacet
  facet normal 0 0.7933533401022866 0.6087614292549631
    outer loop
      vertex -5.949999999999999 -4.486187964677811 2.643042214214802
      vertex -2.15 -4.486187964677811 2.643042214214802
      vertex -2.15 -4.166985310614109 2.2270492166280746
    endloop
  endfacet
  facet normal 1 0 0
    outer loop
      vertex -2.15 -5.634050240194805 1.0773065961178467
      vertex -2.15 -5.5093969712146365 0.824534771823858
      vertex -2.15 -3.7041522786021233 1.28851667791605
    endloop
  endfacet
  facet normal 1 0 0
    outer loop
      vertex -2.15 -5.5093969712146365 0.824534771823858
      vertex -2.15 -5.41880347195641 0.5576549289797361
      vertex -2.15 -3.7041522786021233 1.28851667791605
    endloop
  endfacet
  facet normal 1 0 0
    outer loop
      vertex -2.15 -5.363819822309699 0.2812334556896152
      vertex -2.15 -5.3453868077643065 0
      vertex -2.15 -3.5684411078691483 0.7820356860756874
    endloop
  endfacet
  facet normal 1 0 0
    outer loop
      vertex -2.15 -5.41880347195641 0.5576549289797361
      vertex -2.15 -5.363819822309699 0.2812334556896152
      vertex -2.15 -3.5684411078691483 0.7820356860756874
    endloop
  endfacet
  facet normal 1 0 0
    outer loop
      vertex -2.15 -6.188354594133558 1.7093695730957492
      vertex -2.15 -4.166985310614109 2.2270492166280746
      vertex -2.15 -4.486187964677811 2.643042214214802
    endloop
  endfacet
  facet normal 1 0 0
    outer loop
      vertex -2.15 -5.790630426904251 1.3116454058664422
      vertex -2.15 -3.904811456799507 1.7729507833719254
      vertex -2.15 -4.166985310614109 2.2270492166280746
    endloop
  endfacet
  facet normal 1 0 0
    outer loop
      vertex -2.15 -5.634050240194805 1.0773065961178467
      vertex -2.15 -3.7041522786021233 1.28851667791605
      vertex -2.15 -3.904811456799507 1.7729507833719254
    endloop
  endfacet
  facet normal 1 0 0
    outer loop
      vertex -2.15 -5.41880347195641 0.5576549289797361
      vertex -2.15 -3.5684411078691483 0.7820356860756874
      vertex -2.15 -3.7041522786021233 1.28851667791605
    endloop
  endfacet
  facet normal 0 0.92387953140448 0.3826834350371577
    outer loop
      vertex -5.949999999999999 -3.904811456799507 1.7729507833719254
      vertex -2.15 -3.904811456799507 1.7729507833719254
      vertex -2.15 -3.7041522786021233 1.28851667791605
    endloop
  endfacet
  facet normal 0 0.8660254028466655 0.5000000016242706
    outer loop
      vertex -5.949999999999999 -4.166985310614109 2.2270492166280746
      vertex -2.15 -4.166985310614109 2.2270492166280746
      vertex -2.15 -3.904811456799507 1.7729507833719254
    endloop
  endfacet
  facet normal 0 0.965925827248529 0.2588190415217645
    outer loop
      vertex -5.949999999999999 -3.7041522786021233 1.28851667791605
      vertex -2.15 -3.7041522786021233 1.28851667791605
      vertex -2.15 -3.5684411078691483 0.7820356860756874
    endloop
  endfacet
  facet normal 0 1 0
    outer loop
      vertex -5.949999999999999 -3.5 0.2621738538146019
      vertex -2.15 -3.5 0.2621738538146019
      vertex -2.15 -3.5 0.0033388659358024597
    endloop
  endfacet
  facet normal 0 0.9914448615585123 0.13052619081710234
    outer loop
      vertex -5.949999999999999 -3.5684411078691483 0.7820356860756874
      vertex -2.15 -3.5684411078691483 0.7820356860756874
      vertex -2.15 -3.5 0.2621738538146019
    endloop
  endfacet
  facet normal 1 0 0
    outer loop
      vertex -2.15 -5.3453868077643065 0
      vertex -2.15 -3.5 0.2621738538146019
      vertex -2.15 -3.5684411078691483 0.7820356860756874
    endloop
  endfacet
  facet normal 1 0 0
    outer loop
      vertex -2.15 -5.3453868077643065 0
      vertex -2.15 -3.5 0.0033388659358024597
      vertex -2.15 -3.5 0.2621738538146019
    endloop
  endfacet
  facet normal 0 0.0016611250411628297 0.9999986203308471
    outer loop
      vertex -5.949999999999999 -3.5 0.0033388659358024597
      vertex -2.15 -3.5 0.0033388659358024597
      vertex -2.15 -1.5 0.00001661126986451933
    endloop
  endfacet
  facet normal 1 0 0
    outer loop
      vertex -2.15 -3.5 0.0033388659358024597
      vertex -2.15 -1.5 0
      vertex -2.15 -1.5 0.00001661126986451933
    endloop
  endfacet
  facet normal 0 1 0
    outer loop
      vertex -5.949999999999999 -1.4900000020861626 -13.656854249536991
      vertex -5.949999999999999 -1.4900000020861626 -2.343145750463009
      vertex -2.15 -1.4900000020861626 -13.656854249536991
    endloop
  endfacet
  facet normal -1 0 0
    outer loop
      vertex -5.949999999999999 -1.4929252788424492 -2.340220481157303
      vertex -5.949999999999999 -1.5 0
      vertex -5.949999999999999 -1.4900000020861626 0
    endloop
  endfacet
  facet normal 0 0.7071058806963433 0.7071076816756051
    outer loop
      vertex -5.949999999999999 -1.4929252788424492 -2.340220481157303
      vertex -2.15 -1.4900000020861626 -2.343145750463009
      vertex -5.949999999999999 -1.4900000020861626 -2.343145750463009
    endloop
  endfacet
  facet normal 0 0.9999992187502986 -0.0012499995169123557
    outer loop
      vertex -5.949999999999999 -1.4929252788424492 -2.340220481157303
      vertex -5.949999999999999 -1.4900000020861626 0
      vertex -2.15 -1.4929252788424492 -2.340220481157303
    endloop
  endfacet
  facet normal 0 1 0
    outer loop
      vertex -5.949999999999999 -1.4900000020861626 -2.343145750463009
      vertex -2.15 -1.4900000020861626 -2.343145750463009
      vertex -2.15 -1.4900000020861626 -13.656854249536991
    endloop
  endfacet
  facet normal 0 0.7071058806963433 0.7071076816756051
    outer loop
      vertex -5.949999999999999 -1.4929252788424492 -2.340220481157303
      vertex -2.15 -1.4929252788424492 -2.340220481157303
      vertex -2.15 -1.4900000020861626 -2.343145750463009
    endloop
  endfacet
  facet normal 0 0.9999992187502986 -0.0012499995169123557
    outer loop
      vertex -2.15 -1.4929252788424492 -2.340220481157303
      vertex -5.949999999999999 -1.4900000020861626 0
      vertex -2.15 -1.4900000020861626 0
    endloop
  endfacet
  facet normal 1 0 0
    outer loop
      vertex -2.15 -1.4929252788424492 -2.340220481157303
      vertex -2.15 -1.4900000020861626 0
      vertex -2.15 -1.5 0
    endloop
  endfacet
  facet normal 0 0.9978589232386038 0.06540312923013997
    outer loop
      vertex -5.949999999999999 -9.636180177690301 -0.2812334556896152
      vertex -5.949999999999999 -9.654613192235693 0
      vertex -2.15 -9.654613192235693 0
    endloop
  endfacet
  facet normal 0 0.98078528040323 0.19509032201613064
    outer loop
      vertex -5.949999999999999 -9.58119652804359 -0.5576549289797361
      vertex -5.949999999999999 -9.636180177690301 -0.2812334556896152
      vertex -2.15 -9.636180177690301 -0.2812334556896152
    endloop
  endfacet
  facet normal 0 0.9469301294951051 0.32143946530316286
    outer loop
      vertex -5.949999999999999 -9.58119652804359 -0.5576549289797361
      vertex -2.15 -9.58119652804359 -0.5576549289797361
      vertex -5.949999999999999 -9.490603028785364 -0.824534771823858
    endloop
  endfacet
  facet normal 0 0.8968727415326893 0.4422886902189992
    outer loop
      vertex -5.949999999999999 -9.490603028785364 -0.824534771823858
      vertex -2.15 -9.490603028785364 -0.824534771823858
      vertex -5.949999999999999 -9.365949759805195 -1.0773065961178467
    endloop
  endfacet
  facet normal 0 0.8314696123025455 0.5555702330196018
    outer loop
      vertex -5.949999999999999 -9.365949759805195 -1.0773065961178467
      vertex -2.15 -9.365949759805195 -1.0773065961178467
      vertex -5.949999999999999 -9.20936957309575 -1.3116454058664422
    endloop
  endfacet
  facet normal 0 0.7518398074789787 0.6593458151000674
    outer loop
      vertex -5.949999999999999 -9.20936957309575 -1.3116454058664422
      vertex -2.15 -9.20936957309575 -1.3116454058664422
      vertex -5.949999999999999 -9.023541599063854 -1.5235415990638534
    endloop
  endfacet
  facet normal 0 0.5555702330196004 0.8314696123025463
    outer loop
      vertex -5.949999999999999 -8.811645405866443 -1.7093695730957492
      vertex -2.15 -8.811645405866443 -1.7093695730957492
      vertex -5.949999999999999 -8.577306596117847 -1.8659497598051953
    endloop
  endfacet
  facet normal 0 0.6593458151000692 0.7518398074789772
    outer loop
      vertex -5.949999999999999 -9.023541599063854 -1.5235415990638534
      vertex -2.15 -9.023541599063854 -1.5235415990638534
      vertex -5.949999999999999 -8.811645405866443 -1.7093695730957492
    endloop
  endfacet
  facet normal 0 0.4422886902189992 0.8968727415326893
    outer loop
      vertex -5.949999999999999 -8.577306596117847 -1.8659497598051953
      vertex -2.15 -8.577306596117847 -1.8659497598051953
      vertex -5.949999999999999 -8.324534771823858 -1.9906030287853635
    endloop
  endfacet
  facet normal 0 0.98078528040323 0.19509032201613064
    outer loop
      vertex -5.949999999999999 -9.58119652804359 -0.5576549289797361
      vertex -2.15 -9.636180177690301 -0.2812334556896152
      vertex -2.15 -9.58119652804359 -0.5576549289797361
    endloop
  endfacet
  facet normal 0 0.9978589232386038 0.06540312923013997
    outer loop
      vertex -5.949999999999999 -9.636180177690301 -0.2812334556896152
      vertex -2.15 -9.654613192235693 0
      vertex -2.15 -9.636180177690301 -0.2812334556896152
    endloop
  endfacet
  facet normal 0 0.9469301294951051 0.32143946530316286
    outer loop
      vertex -5.949999999999999 -9.490603028785364 -0.824534771823858
      vertex -2.15 -9.58119652804359 -0.5576549289797361
      vertex -2.15 -9.490603028785364 -0.824534771823858
    endloop
  endfacet
  facet normal 0 0.8968727415326893 0.4422886902189992
    outer loop
      vertex -5.949999999999999 -9.365949759805195 -1.0773065961178467
      vertex -2.15 -9.490603028785364 -0.824534771823858
      vertex -2.15 -9.365949759805195 -1.0773065961178467
    endloop
  endfacet
  facet normal 0 0.8314696123025455 0.5555702330196018
    outer loop
      vertex -5.949999999999999 -9.20936957309575 -1.3116454058664422
      vertex -2.15 -9.365949759805195 -1.0773065961178467
      vertex -2.15 -9.20936957309575 -1.3116454058664422
    endloop
  endfacet
  facet normal 0 0.7518398074789787 0.6593458151000674
    outer loop
      vertex -5.949999999999999 -9.023541599063854 -1.5235415990638534
      vertex -2.15 -9.20936957309575 -1.3116454058664422
      vertex -2.15 -9.023541599063854 -1.5235415990638534
    endloop
  endfacet
  facet normal 0 0.6593458151000692 0.7518398074789772
    outer loop
      vertex -5.949999999999999 -8.811645405866443 -1.7093695730957492
      vertex -2.15 -9.023541599063854 -1.5235415990638534
      vertex -2.15 -8.811645405866443 -1.7093695730957492
    endloop
  endfacet
  facet normal 0 0.5555702330196004 0.8314696123025463
    outer loop
      vertex -5.949999999999999 -8.577306596117847 -1.8659497598051953
      vertex -2.15 -8.811645405866443 -1.7093695730957492
      vertex -2.15 -8.577306596117847 -1.8659497598051953
    endloop
  endfacet
  facet normal 0 0.4422886902189992 0.8968727415326893
    outer loop
      vertex -5.949999999999999 -8.324534771823858 -1.9906030287853635
      vertex -2.15 -8.577306596117847 -1.8659497598051953
      vertex -2.15 -8.324534771823858 -1.9906030287853635
    endloop
  endfacet
  facet normal 0 0.9978589232386038 -0.06540312923013997
    outer loop
      vertex -5.949999999999999 -9.654613192235693 0
      vertex -5.949999999999999 -9.636180177690301 0.2812334556896152
      vertex -2.15 -9.636180177690301 0.2812334556896152
    endloop
  endfacet
  facet normal 0 0.98078528040323 -0.19509032201613064
    outer loop
      vertex -5.949999999999999 -9.636180177690301 0.2812334556896152
      vertex -5.949999999999999 -9.58119652804359 0.5576549289797361
      vertex -2.15 -9.58119652804359 0.5576549289797361
    endloop
  endfacet
  facet normal 0 0.9469301294951051 -0.32143946530316286
    outer loop
      vertex -5.949999999999999 -9.58119652804359 0.5576549289797361
      vertex -5.949999999999999 -9.490603028785364 0.824534771823858
      vertex -2.15 -9.490603028785364 0.824534771823858
    endloop
  endfacet
  facet normal 0 0.8968727415326893 -0.4422886902189992
    outer loop
      vertex -5.949999999999999 -9.490603028785364 0.824534771823858
      vertex -5.949999999999999 -9.365949759805195 1.0773065961178467
      vertex -2.15 -9.365949759805195 1.0773065961178467
    endloop
  endfacet
  facet normal 0 0.8314696123025455 -0.5555702330196018
    outer loop
      vertex -5.949999999999999 -9.365949759805195 1.0773065961178467
      vertex -5.949999999999999 -9.20936957309575 1.3116454058664422
      vertex -2.15 -9.20936957309575 1.3116454058664422
    endloop
  endfacet
  facet normal 0 0.7518398074789787 -0.6593458151000674
    outer loop
      vertex -5.949999999999999 -9.20936957309575 1.3116454058664422
      vertex -5.949999999999999 -9.023541599063854 1.5235415990638534
      vertex -2.15 -9.023541599063854 1.5235415990638534
    endloop
  endfacet
  facet normal 0 0.6593458151000692 -0.7518398074789772
    outer loop
      vertex -5.949999999999999 -9.023541599063854 1.5235415990638534
      vertex -5.949999999999999 -8.811645405866443 1.7093695730957492
      vertex -2.15 -8.811645405866443 1.7093695730957492
    endloop
  endfacet
  facet normal 0 0.5555702330196004 -0.8314696123025463
    outer loop
      vertex -5.949999999999999 -8.811645405866443 1.7093695730957492
      vertex -5.949999999999999 -8.577306596117847 1.8659497598051953
      vertex -2.15 -8.577306596117847 1.8659497598051953
    endloop
  endfacet
  facet normal 0 0.44228869021900047 -0.8968727415326887
    outer loop
      vertex -5.949999999999999 -8.577306596117847 1.8659497598051953
      vertex -5.949999999999999 -8.324534771823858 1.990603028785364
      vertex -2.15 -8.324534771823858 1.990603028785364
    endloop
  endfacet
  facet normal 0 0.9978589232386038 -0.06540312923013997
    outer loop
      vertex -5.949999999999999 -9.654613192235693 0
      vertex -2.15 -9.636180177690301 0.2812334556896152
      vertex -2.15 -9.654613192235693 0
    endloop
  endfacet
  facet normal 0 0.98078528040323 -0.19509032201613064
    outer loop
      vertex -5.949999999999999 -9.636180177690301 0.2812334556896152
      vertex -2.15 -9.58119652804359 0.5576549289797361
      vertex -2.15 -9.636180177690301 0.2812334556896152
    endloop
  endfacet
  facet normal 0 0.9469301294951051 -0.32143946530316286
    outer loop
      vertex -5.949999999999999 -9.58119652804359 0.5576549289797361
      vertex -2.15 -9.490603028785364 0.824534771823858
      vertex -2.15 -9.58119652804359 0.5576549289797361
    endloop
  endfacet
  facet normal 0 0.8968727415326893 -0.4422886902189992
    outer loop
      vertex -5.949999999999999 -9.490603028785364 0.824534771823858
      vertex -2.15 -9.365949759805195 1.0773065961178467
      vertex -2.15 -9.490603028785364 0.824534771823858
    endloop
  endfacet
  facet normal 0 0.8314696123025455 -0.5555702330196018
    outer loop
      vertex -5.949999999999999 -9.365949759805195 1.0773065961178467
      vertex -2.15 -9.20936957309575 1.3116454058664422
      vertex -2.15 -9.365949759805195 1.0773065961178467
    endloop
  endfacet
  facet normal 0 0.7518398074789787 -0.6593458151000674
    outer loop
      vertex -5.949999999999999 -9.20936957309575 1.3116454058664422
      vertex -2.15 -9.023541599063854 1.5235415990638534
      vertex -2.15 -9.20936957309575 1.3116454058664422
    endloop
  endfacet
  facet normal 0 0.6593458151000692 -0.7518398074789772
    outer loop
      vertex -5.949999999999999 -9.023541599063854 1.5235415990638534
      vertex -2.15 -8.811645405866443 1.7093695730957492
      vertex -2.15 -9.023541599063854 1.5235415990638534
    endloop
  endfacet
  facet normal 0 0.5555702330196004 -0.8314696123025463
    outer loop
      vertex -5.949999999999999 -8.811645405866443 1.7093695730957492
      vertex -2.15 -8.577306596117847 1.8659497598051953
      vertex -2.15 -8.811645405866443 1.7093695730957492
    endloop
  endfacet
  facet normal 0 0.44228869021900047 -0.8968727415326887
    outer loop
      vertex -5.949999999999999 -8.577306596117847 1.8659497598051953
      vertex -2.15 -8.324534771823858 1.990603028785364
      vertex -2.15 -8.577306596117847 1.8659497598051953
    endloop
  endfacet
  facet normal 0 0.3214394653031638 0.9469301294951048
    outer loop
      vertex -5.949999999999999 -8.324534771823858 -1.9906030287853635
      vertex -2.15 -8.324534771823858 -1.9906030287853635
      vertex -5.949999999999999 -8.057654928979737 -2.0811965280435896
    endloop
  endfacet
  facet normal 0 0.19509032201613002 0.9807852804032301
    outer loop
      vertex -5.949999999999999 -8.057654928979737 -2.0811965280435896
      vertex -2.15 -8.057654928979737 -2.0811965280435896
      vertex -5.949999999999999 -7.781233455689615 -2.136180177690301
    endloop
  endfacet
  facet normal 0 0.06540312923013997 0.9978589232386038
    outer loop
      vertex -5.949999999999999 -7.781233455689615 -2.136180177690301
      vertex -2.15 -7.781233455689615 -2.136180177690301
      vertex -5.949999999999999 -7.5 -2.1546131922356935
    endloop
  endfacet
  facet normal 0 -0.06540312923013997 0.9978589232386038
    outer loop
      vertex -5.949999999999999 -7.5 -2.1546131922356935
      vertex -2.15 -7.5 -2.1546131922356935
      vertex -5.949999999999999 -7.218766544310385 -2.136180177690301
    endloop
  endfacet
  facet normal 0 -0.19509032201613064 0.98078528040323
    outer loop
      vertex -5.949999999999999 -7.218766544310385 -2.136180177690301
      vertex -2.15 -7.218766544310385 -2.136180177690301
      vertex -5.949999999999999 -6.942345071020264 -2.0811965280435896
    endloop
  endfacet
  facet normal 0 -0.32143946530316286 0.9469301294951051
    outer loop
      vertex -5.949999999999999 -6.942345071020264 -2.0811965280435896
      vertex -2.15 -6.942345071020264 -2.0811965280435896
      vertex -5.949999999999999 -6.675465228176142 -1.9906030287853635
    endloop
  endfacet
  facet normal 0 -0.4422886902189992 0.8968727415326893
    outer loop
      vertex -5.949999999999999 -6.675465228176142 -1.9906030287853635
      vertex -2.15 -6.675465228176142 -1.9906030287853635
      vertex -5.949999999999999 -6.422693403882153 -1.8659497598051953
    endloop
  endfacet
  facet normal 0 -0.5555702330196018 0.8314696123025455
    outer loop
      vertex -5.949999999999999 -6.422693403882153 -1.8659497598051953
      vertex -2.15 -6.422693403882153 -1.8659497598051953
      vertex -5.949999999999999 -6.188354594133558 -1.7093695730957492
    endloop
  endfacet
  facet normal 0 -0.6593458151000692 0.7518398074789772
    outer loop
      vertex -5.949999999999999 -6.188354594133558 -1.7093695730957492
      vertex -2.15 -6.188354594133558 -1.7093695730957492
      vertex -5.949999999999999 -5.9764584009361466 -1.5235415990638534
    endloop
  endfacet
  facet normal 0 -0.7518398074789772 0.6593458151000692
    outer loop
      vertex -5.949999999999999 -5.9764584009361466 -1.5235415990638534
      vertex -2.15 -5.9764584009361466 -1.5235415990638534
      vertex -5.949999999999999 -5.790630426904251 -1.3116454058664422
    endloop
  endfacet
  facet normal 0 -0.8314696123025455 0.5555702330196018
    outer loop
      vertex -5.949999999999999 -5.790630426904251 -1.3116454058664422
      vertex -2.15 -5.790630426904251 -1.3116454058664422
      vertex -5.949999999999999 -5.634050240194805 -1.0773065961178467
    endloop
  endfacet
  facet normal 0 -0.8968727415326893 0.4422886902189992
    outer loop
      vertex -5.949999999999999 -5.634050240194805 -1.0773065961178467
      vertex -2.15 -5.634050240194805 -1.0773065961178467
      vertex -5.949999999999999 -5.5093969712146365 -0.824534771823858
    endloop
  endfacet
  facet normal 0 -0.9469301294951051 0.32143946530316286
    outer loop
      vertex -5.949999999999999 -5.5093969712146365 -0.824534771823858
      vertex -2.15 -5.5093969712146365 -0.824534771823858
      vertex -5.949999999999999 -5.41880347195641 -0.5576549289797361
    endloop
  endfacet
  facet normal 0 -0.98078528040323 0.19509032201613064
    outer loop
      vertex -5.949999999999999 -5.41880347195641 -0.5576549289797361
      vertex -2.15 -5.41880347195641 -0.5576549289797361
      vertex -5.949999999999999 -5.363819822309699 -0.2812334556896152
    endloop
  endfacet
  facet normal 0 -0.9978589232386038 0.06540312923013997
    outer loop
      vertex -5.949999999999999 -5.363819822309699 -0.2812334556896152
      vertex -2.15 -5.363819822309699 -0.2812334556896152
      vertex -5.949999999999999 -5.3453868077643065 0
    endloop
  endfacet
  facet normal 0 0.3214394653031638 0.9469301294951048
    outer loop
      vertex -2.15 -8.324534771823858 -1.9906030287853635
      vertex -2.15 -8.057654928979737 -2.0811965280435896
      vertex -5.949999999999999 -8.057654928979737 -2.0811965280435896
    endloop
  endfacet
  facet normal 0 0.19509032201613002 0.9807852804032301
    outer loop
      vertex -5.949999999999999 -7.781233455689615 -2.136180177690301
      vertex -2.15 -8.057654928979737 -2.0811965280435896
      vertex -2.15 -7.781233455689615 -2.136180177690301
    endloop
  endfacet
  facet normal 0 0.06540312923013997 0.9978589232386038
    outer loop
      vertex -5.949999999999999 -7.5 -2.1546131922356935
      vertex -2.15 -7.781233455689615 -2.136180177690301
      vertex -2.15 -7.5 -2.1546131922356935
    endloop
  endfacet
  facet normal 0 -0.06540312923013997 0.9978589232386038
    outer loop
      vertex -5.949999999999999 -7.218766544310385 -2.136180177690301
      vertex -2.15 -7.5 -2.1546131922356935
      vertex -2.15 -7.218766544310385 -2.136180177690301
    endloop
  endfacet
  facet normal 0 -0.19509032201613064 0.98078528040323
    outer loop
      vertex -5.949999999999999 -6.942345071020264 -2.0811965280435896
      vertex -2.15 -7.218766544310385 -2.136180177690301
      vertex -2.15 -6.942345071020264 -2.0811965280435896
    endloop
  endfacet
  facet normal 0 -0.32143946530316286 0.9469301294951051
    outer loop
      vertex -5.949999999999999 -6.675465228176142 -1.9906030287853635
      vertex -2.15 -6.942345071020264 -2.0811965280435896
      vertex -2.15 -6.675465228176142 -1.9906030287853635
    endloop
  endfacet
  facet normal 0 -0.4422886902189992 0.8968727415326893
    outer loop
      vertex -5.949999999999999 -6.422693403882153 -1.8659497598051953
      vertex -2.15 -6.675465228176142 -1.9906030287853635
      vertex -2.15 -6.422693403882153 -1.8659497598051953
    endloop
  endfacet
  facet normal 0 -0.5555702330196018 0.8314696123025455
    outer loop
      vertex -5.949999999999999 -6.188354594133558 -1.7093695730957492
      vertex -2.15 -6.422693403882153 -1.8659497598051953
      vertex -2.15 -6.188354594133558 -1.7093695730957492
    endloop
  endfacet
  facet normal 0 -0.6593458151000692 0.7518398074789772
    outer loop
      vertex -5.949999999999999 -5.9764584009361466 -1.5235415990638534
      vertex -2.15 -6.188354594133558 -1.7093695730957492
      vertex -2.15 -5.9764584009361466 -1.5235415990638534
    endloop
  endfacet
  facet normal 0 -0.7518398074789772 0.6593458151000692
    outer loop
      vertex -5.949999999999999 -5.790630426904251 -1.3116454058664422
      vertex -2.15 -5.9764584009361466 -1.5235415990638534
      vertex -2.15 -5.790630426904251 -1.3116454058664422
    endloop
  endfacet
  facet normal 0 -0.8314696123025455 0.5555702330196018
    outer loop
      vertex -5.949999999999999 -5.634050240194805 -1.0773065961178467
      vertex -2.15 -5.790630426904251 -1.3116454058664422
      vertex -2.15 -5.634050240194805 -1.0773065961178467
    endloop
  endfacet
  facet normal 0 -0.8968727415326893 0.4422886902189992
    outer loop
      vertex -5.949999999999999 -5.5093969712146365 -0.824534771823858
      vertex -2.15 -5.634050240194805 -1.0773065961178467
      vertex -2.15 -5.5093969712146365 -0.824534771823858
    endloop
  endfacet
  facet normal 0 -0.9469301294951051 0.32143946530316286
    outer loop
      vertex -5.949999999999999 -5.41880347195641 -0.5576549289797361
      vertex -2.15 -5.5093969712146365 -0.824534771823858
      vertex -2.15 -5.41880347195641 -0.5576549289797361
    endloop
  endfacet
  facet normal 0 -0.98078528040323 0.19509032201613064
    outer loop
      vertex -5.949999999999999 -5.363819822309699 -0.2812334556896152
      vertex -2.15 -5.41880347195641 -0.5576549289797361
      vertex -2.15 -5.363819822309699 -0.2812334556896152
    endloop
  endfacet
  facet normal 0 -0.9978589232386038 0.06540312923013997
    outer loop
      vertex -2.15 -5.363819822309699 -0.2812334556896152
      vertex -2.15 -5.3453868077643065 0
      vertex -5.949999999999999 -5.3453868077643065 0
    endloop
  endfacet
  facet normal 0 0.3214394653031638 -0.9469301294951048
    outer loop
      vertex -5.949999999999999 -8.324534771823858 1.990603028785364
      vertex -5.949999999999999 -8.057654928979737 2.08119652804359
      vertex -2.15 -8.057654928979737 2.08119652804359
    endloop
  endfacet
  facet normal 0 0.19509032201612697 -0.9807852804032307
    outer loop
      vertex -5.949999999999999 -8.057654928979737 2.08119652804359
      vertex -5.949999999999999 -7.781233455689615 2.1361801776903007
      vertex -2.15 -7.781233455689615 2.1361801776903007
    endloop
  endfacet
  facet normal 0 0.06540312923014312 -0.9978589232386036
    outer loop
      vertex -5.949999999999999 -7.781233455689615 2.1361801776903007
      vertex -5.949999999999999 -7.5 2.154613192235694
      vertex -2.15 -7.5 2.154613192235694
    endloop
  endfacet
  facet normal 0 -0.06540312923014312 -0.9978589232386036
    outer loop
      vertex -5.949999999999999 -7.5 2.154613192235694
      vertex -5.949999999999999 -7.218766544310385 2.1361801776903007
      vertex -2.15 -7.218766544310385 2.1361801776903007
    endloop
  endfacet
  facet normal 0 -0.19509032201612758 -0.9807852804032307
    outer loop
      vertex -5.949999999999999 -7.218766544310385 2.1361801776903007
      vertex -5.949999999999999 -6.942345071020264 2.08119652804359
      vertex -2.15 -6.942345071020264 2.08119652804359
    endloop
  endfacet
  facet normal 0 -0.32143946530316286 -0.9469301294951051
    outer loop
      vertex -5.949999999999999 -6.942345071020264 2.08119652804359
      vertex -5.949999999999999 -6.675465228176142 1.990603028785364
      vertex -2.15 -6.675465228176142 1.990603028785364
    endloop
  endfacet
  facet normal 0 -0.44228869021900047 -0.8968727415326887
    outer loop
      vertex -5.949999999999999 -6.675465228176142 1.990603028785364
      vertex -5.949999999999999 -6.422693403882153 1.8659497598051953
      vertex -2.15 -6.422693403882153 1.8659497598051953
    endloop
  endfacet
  facet normal 0 -0.5555702330196018 -0.8314696123025455
    outer loop
      vertex -5.949999999999999 -6.422693403882153 1.8659497598051953
      vertex -5.949999999999999 -6.188354594133558 1.7093695730957492
      vertex -2.15 -6.188354594133558 1.7093695730957492
    endloop
  endfacet
  facet normal 0 -0.6593458151000692 -0.7518398074789772
    outer loop
      vertex -5.949999999999999 -5.9764584009361466 1.5235415990638534
      vertex -2.15 -5.9764584009361466 1.5235415990638534
      vertex -5.949999999999999 -6.188354594133558 1.7093695730957492
    endloop
  endfacet
  facet normal 0 -0.7518398074789772 -0.6593458151000692
    outer loop
      vertex -5.949999999999999 -5.9764584009361466 1.5235415990638534
      vertex -5.949999999999999 -5.790630426904251 1.3116454058664422
      vertex -2.15 -5.790630426904251 1.3116454058664422
    endloop
  endfacet
  facet normal 0 -0.8314696123025455 -0.5555702330196018
    outer loop
      vertex -5.949999999999999 -5.790630426904251 1.3116454058664422
      vertex -5.949999999999999 -5.634050240194805 1.0773065961178467
      vertex -2.15 -5.634050240194805 1.0773065961178467
    endloop
  endfacet
  facet normal 0 -0.9469301294951051 -0.32143946530316286
    outer loop
      vertex -5.949999999999999 -5.5093969712146365 0.824534771823858
      vertex -5.949999999999999 -5.41880347195641 0.5576549289797361
      vertex -2.15 -5.41880347195641 0.5576549289797361
    endloop
  endfacet
  facet normal 0 -0.8968727415326893 -0.4422886902189992
    outer loop
      vertex -5.949999999999999 -5.634050240194805 1.0773065961178467
      vertex -5.949999999999999 -5.5093969712146365 0.824534771823858
      vertex -2.15 -5.5093969712146365 0.824534771823858
    endloop
  endfacet
  facet normal 0 -0.98078528040323 -0.19509032201613064
    outer loop
      vertex -5.949999999999999 -5.41880347195641 0.5576549289797361
      vertex -5.949999999999999 -5.363819822309699 0.2812334556896152
      vertex -2.15 -5.363819822309699 0.2812334556896152
    endloop
  endfacet
  facet normal 0 -0.9978589232386038 -0.06540312923013997
    outer loop
      vertex -5.949999999999999 -5.363819822309699 0.2812334556896152
      vertex -5.949999999999999 -5.3453868077643065 0
      vertex -2.15 -5.3453868077643065 0
    endloop
  endfacet
  facet normal 0 0.3214394653031638 -0.9469301294951048
    outer loop
      vertex -5.949999999999999 -8.324534771823858 1.990603028785364
      vertex -2.15 -8.057654928979737 2.08119652804359
      vertex -2.15 -8.324534771823858 1.990603028785364
    endloop
  endfacet
  facet normal 0 0.19509032201612697 -0.9807852804032307
    outer loop
      vertex -5.949999999999999 -8.057654928979737 2.08119652804359
      vertex -2.15 -7.781233455689615 2.1361801776903007
      vertex -2.15 -8.057654928979737 2.08119652804359
    endloop
  endfacet
  facet normal 0 0.06540312923014312 -0.9978589232386036
    outer loop
      vertex -5.949999999999999 -7.781233455689615 2.1361801776903007
      vertex -2.15 -7.5 2.154613192235694
      vertex -2.15 -7.781233455689615 2.1361801776903007
    endloop
  endfacet
  facet normal 0 -0.06540312923014312 -0.9978589232386036
    outer loop
      vertex -5.949999999999999 -7.5 2.154613192235694
      vertex -2.15 -7.218766544310385 2.1361801776903007
      vertex -2.15 -7.5 2.154613192235694
    endloop
  endfacet
  facet normal 0 -0.19509032201612758 -0.9807852804032307
    outer loop
      vertex -5.949999999999999 -7.218766544310385 2.1361801776903007
      vertex -2.15 -6.942345071020264 2.08119652804359
      vertex -2.15 -7.218766544310385 2.1361801776903007
    endloop
  endfacet
  facet normal 0 -0.32143946530316286 -0.9469301294951051
    outer loop
      vertex -5.949999999999999 -6.942345071020264 2.08119652804359
      vertex -2.15 -6.675465228176142 1.990603028785364
      vertex -2.15 -6.942345071020264 2.08119652804359
    endloop
  endfacet
  facet normal 0 -0.44228869021900047 -0.8968727415326887
    outer loop
      vertex -5.949999999999999 -6.675465228176142 1.990603028785364
      vertex -2.15 -6.422693403882153 1.8659497598051953
      vertex -2.15 -6.675465228176142 1.990603028785364
    endloop
  endfacet
  facet normal 0 -0.5555702330196018 -0.8314696123025455
    outer loop
      vertex -5.949999999999999 -6.422693403882153 1.8659497598051953
      vertex -2.15 -6.188354594133558 1.7093695730957492
      vertex -2.15 -6.422693403882153 1.8659497598051953
    endloop
  endfacet
  facet normal 0 -0.6593458151000692 -0.7518398074789772
    outer loop
      vertex -5.949999999999999 -6.188354594133558 1.7093695730957492
      vertex -2.15 -5.9764584009361466 1.5235415990638534
      vertex -2.15 -6.188354594133558 1.7093695730957492
    endloop
  endfacet
  facet normal 0 -0.7518398074789772 -0.6593458151000692
    outer loop
      vertex -5.949999999999999 -5.9764584009361466 1.5235415990638534
      vertex -2.15 -5.790630426904251 1.3116454058664422
      vertex -2.15 -5.9764584009361466 1.5235415990638534
    endloop
  endfacet
  facet normal 0 -0.8314696123025455 -0.5555702330196018
    outer loop
      vertex -5.949999999999999 -5.790630426904251 1.3116454058664422
      vertex -2.15 -5.634050240194805 1.0773065961178467
      vertex -2.15 -5.790630426904251 1.3116454058664422
    endloop
  endfacet
  facet normal 0 -0.9469301294951051 -0.32143946530316286
    outer loop
      vertex -5.949999999999999 -5.5093969712146365 0.824534771823858
      vertex -2.15 -5.41880347195641 0.5576549289797361
      vertex -2.15 -5.5093969712146365 0.824534771823858
    endloop
  endfacet
  facet normal 0 -0.8968727415326893 -0.4422886902189992
    outer loop
      vertex -5.949999999999999 -5.634050240194805 1.0773065961178467
      vertex -2.15 -5.5093969712146365 0.824534771823858
      vertex -2.15 -5.634050240194805 1.0773065961178467
    endloop
  endfacet
  facet normal 0 -0.9978589232386038 -0.06540312923013997
    outer loop
      vertex -5.949999999999999 -5.363819822309699 0.2812334556896152
      vertex -2.15 -5.3453868077643065 0
      vertex -2.15 -5.363819822309699 0.2812334556896152
    endloop
  endfacet
  facet normal 0 -0.98078528040323 -0.19509032201613064
    outer loop
      vertex -5.949999999999999 -5.41880347195641 0.5576549289797361
      vertex -2.15 -5.363819822309699 0.2812334556896152
      vertex -2.15 -5.41880347195641 0.5576549289797361
    endloop
  endfacet
  facet normal 0 0.9978589232386038 0.06540312923013997
    outer loop
      vertex 2.15 -9.636180177690301 -0.2812334556896152
      vertex 2.15 -9.654613192235693 0
      vertex 5.949999999999999 -9.654613192235693 0
    endloop
  endfacet
  facet normal 0 0.98078528040323 0.19509032201613064
    outer loop
      vertex 2.15 -9.58119652804359 -0.5576549289797361
      vertex 2.15 -9.636180177690301 -0.2812334556896152
      vertex 5.949999999999999 -9.636180177690301 -0.2812334556896152
    endloop
  endfacet
  facet normal 0 0.9469301294951051 0.32143946530316286
    outer loop
      vertex 2.15 -9.58119652804359 -0.5576549289797361
      vertex 5.949999999999999 -9.58119652804359 -0.5576549289797361
      vertex 2.15 -9.490603028785364 -0.824534771823858
    endloop
  endfacet
  facet normal 0 0.8968727415326893 0.4422886902189992
    outer loop
      vertex 2.15 -9.490603028785364 -0.824534771823858
      vertex 5.949999999999999 -9.490603028785364 -0.824534771823858
      vertex 2.15 -9.365949759805195 -1.0773065961178467
    endloop
  endfacet
  facet normal 0 0.8314696123025455 0.5555702330196018
    outer loop
      vertex 2.15 -9.365949759805195 -1.0773065961178467
      vertex 5.949999999999999 -9.365949759805195 -1.0773065961178467
      vertex 2.15 -9.20936957309575 -1.3116454058664422
    endloop
  endfacet
  facet normal 0 0.7518398074789787 0.6593458151000674
    outer loop
      vertex 2.15 -9.20936957309575 -1.3116454058664422
      vertex 5.949999999999999 -9.20936957309575 -1.3116454058664422
      vertex 2.15 -9.023541599063854 -1.5235415990638534
    endloop
  endfacet
  facet normal 0 0.5555702330196004 0.8314696123025463
    outer loop
      vertex 2.15 -8.811645405866443 -1.7093695730957492
      vertex 5.949999999999999 -8.811645405866443 -1.7093695730957492
      vertex 2.15 -8.577306596117847 -1.8659497598051953
    endloop
  endfacet
  facet normal 0 0.6593458151000692 0.7518398074789772
    outer loop
      vertex 2.15 -9.023541599063854 -1.5235415990638534
      vertex 5.949999999999999 -9.023541599063854 -1.5235415990638534
      vertex 2.15 -8.811645405866443 -1.7093695730957492
    endloop
  endfacet
  facet normal 0 0.4422886902189992 0.8968727415326893
    outer loop
      vertex 2.15 -8.577306596117847 -1.8659497598051953
      vertex 5.949999999999999 -8.577306596117847 -1.8659497598051953
      vertex 2.15 -8.324534771823858 -1.9906030287853635
    endloop
  endfacet
  facet normal 0 0.98078528040323 0.19509032201613064
    outer loop
      vertex 2.15 -9.58119652804359 -0.5576549289797361
      vertex 5.949999999999999 -9.636180177690301 -0.2812334556896152
      vertex 5.949999999999999 -9.58119652804359 -0.5576549289797361
    endloop
  endfacet
  facet normal 0 0.9978589232386038 0.06540312923013997
    outer loop
      vertex 2.15 -9.636180177690301 -0.2812334556896152
      vertex 5.949999999999999 -9.654613192235693 0
      vertex 5.949999999999999 -9.636180177690301 -0.2812334556896152
    endloop
  endfacet
  facet normal 0 0.9469301294951051 0.32143946530316286
    outer loop
      vertex 2.15 -9.490603028785364 -0.824534771823858
      vertex 5.949999999999999 -9.58119652804359 -0.5576549289797361
      vertex 5.949999999999999 -9.490603028785364 -0.824534771823858
    endloop
  endfacet
  facet normal 0 0.8968727415326893 0.4422886902189992
    outer loop
      vertex 2.15 -9.365949759805195 -1.0773065961178467
      vertex 5.949999999999999 -9.490603028785364 -0.824534771823858
      vertex 5.949999999999999 -9.365949759805195 -1.0773065961178467
    endloop
  endfacet
  facet normal 0 0.8314696123025455 0.5555702330196018
    outer loop
      vertex 2.15 -9.20936957309575 -1.3116454058664422
      vertex 5.949999999999999 -9.365949759805195 -1.0773065961178467
      vertex 5.949999999999999 -9.20936957309575 -1.3116454058664422
    endloop
  endfacet
  facet normal 0 0.7518398074789787 0.6593458151000674
    outer loop
      vertex 2.15 -9.023541599063854 -1.5235415990638534
      vertex 5.949999999999999 -9.20936957309575 -1.3116454058664422
      vertex 5.949999999999999 -9.023541599063854 -1.5235415990638534
    endloop
  endfacet
  facet normal 0 0.6593458151000692 0.7518398074789772
    outer loop
      vertex 2.15 -8.811645405866443 -1.7093695730957492
      vertex 5.949999999999999 -9.023541599063854 -1.5235415990638534
      vertex 5.949999999999999 -8.811645405866443 -1.7093695730957492
    endloop
  endfacet
  facet normal 0 0.5555702330196004 0.8314696123025463
    outer loop
      vertex 2.15 -8.577306596117847 -1.8659497598051953
      vertex 5.949999999999999 -8.811645405866443 -1.7093695730957492
      vertex 5.949999999999999 -8.577306596117847 -1.8659497598051953
    endloop
  endfacet
  facet normal 0 0.4422886902189992 0.8968727415326893
    outer loop
      vertex 2.15 -8.324534771823858 -1.9906030287853635
      vertex 5.949999999999999 -8.577306596117847 -1.8659497598051953
      vertex 5.949999999999999 -8.324534771823858 -1.9906030287853635
    endloop
  endfacet
  facet normal 0 0.9978589232386038 -0.06540312923013997
    outer loop
      vertex 2.15 -9.654613192235693 0
      vertex 2.15 -9.636180177690301 0.2812334556896152
      vertex 5.949999999999999 -9.636180177690301 0.2812334556896152
    endloop
  endfacet
  facet normal 0 0.98078528040323 -0.19509032201613064
    outer loop
      vertex 2.15 -9.636180177690301 0.2812334556896152
      vertex 2.15 -9.58119652804359 0.5576549289797361
      vertex 5.949999999999999 -9.58119652804359 0.5576549289797361
    endloop
  endfacet
  facet normal 0 0.9469301294951051 -0.32143946530316286
    outer loop
      vertex 2.15 -9.58119652804359 0.5576549289797361
      vertex 2.15 -9.490603028785364 0.824534771823858
      vertex 5.949999999999999 -9.490603028785364 0.824534771823858
    endloop
  endfacet
  facet normal 0 0.8968727415326893 -0.4422886902189992
    outer loop
      vertex 2.15 -9.490603028785364 0.824534771823858
      vertex 2.15 -9.365949759805195 1.0773065961178467
      vertex 5.949999999999999 -9.365949759805195 1.0773065961178467
    endloop
  endfacet
  facet normal 0 0.8314696123025455 -0.5555702330196018
    outer loop
      vertex 2.15 -9.365949759805195 1.0773065961178467
      vertex 2.15 -9.20936957309575 1.3116454058664422
      vertex 5.949999999999999 -9.20936957309575 1.3116454058664422
    endloop
  endfacet
  facet normal 0 0.7518398074789787 -0.6593458151000674
    outer loop
      vertex 2.15 -9.20936957309575 1.3116454058664422
      vertex 2.15 -9.023541599063854 1.5235415990638534
      vertex 5.949999999999999 -9.023541599063854 1.5235415990638534
    endloop
  endfacet
  facet normal 0 0.6593458151000692 -0.7518398074789772
    outer loop
      vertex 2.15 -9.023541599063854 1.5235415990638534
      vertex 2.15 -8.811645405866443 1.7093695730957492
      vertex 5.949999999999999 -8.811645405866443 1.7093695730957492
    endloop
  endfacet
  facet normal 0 0.5555702330196004 -0.8314696123025463
    outer loop
      vertex 2.15 -8.811645405866443 1.7093695730957492
      vertex 2.15 -8.577306596117847 1.8659497598051953
      vertex 5.949999999999999 -8.577306596117847 1.8659497598051953
    endloop
  endfacet
  facet normal 0 0.44228869021900047 -0.8968727415326887
    outer loop
      vertex 2.15 -8.577306596117847 1.8659497598051953
      vertex 2.15 -8.324534771823858 1.990603028785364
      vertex 5.949999999999999 -8.324534771823858 1.990603028785364
    endloop
  endfacet
  facet normal 0 0.9978589232386038 -0.06540312923013997
    outer loop
      vertex 2.15 -9.654613192235693 0
      vertex 5.949999999999999 -9.636180177690301 0.2812334556896152
      vertex 5.949999999999999 -9.654613192235693 0
    endloop
  endfacet
  facet normal 0 0.98078528040323 -0.19509032201613064
    outer loop
      vertex 2.15 -9.636180177690301 0.2812334556896152
      vertex 5.949999999999999 -9.58119652804359 0.5576549289797361
      vertex 5.949999999999999 -9.636180177690301 0.2812334556896152
    endloop
  endfacet
  facet normal 0 0.9469301294951051 -0.32143946530316286
    outer loop
      vertex 2.15 -9.58119652804359 0.5576549289797361
      vertex 5.949999999999999 -9.490603028785364 0.824534771823858
      vertex 5.949999999999999 -9.58119652804359 0.5576549289797361
    endloop
  endfacet
  facet normal 0 0.8968727415326893 -0.4422886902189992
    outer loop
      vertex 2.15 -9.490603028785364 0.824534771823858
      vertex 5.949999999999999 -9.365949759805195 1.0773065961178467
      vertex 5.949999999999999 -9.490603028785364 0.824534771823858
    endloop
  endfacet
  facet normal 0 0.8314696123025455 -0.5555702330196018
    outer loop
      vertex 2.15 -9.365949759805195 1.0773065961178467
      vertex 5.949999999999999 -9.20936957309575 1.3116454058664422
      vertex 5.949999999999999 -9.365949759805195 1.0773065961178467
    endloop
  endfacet
  facet normal 0 0.7518398074789787 -0.6593458151000674
    outer loop
      vertex 2.15 -9.20936957309575 1.3116454058664422
      vertex 5.949999999999999 -9.023541599063854 1.5235415990638534
      vertex 5.949999999999999 -9.20936957309575 1.3116454058664422
    endloop
  endfacet
  facet normal 0 0.6593458151000692 -0.7518398074789772
    outer loop
      vertex 2.15 -9.023541599063854 1.5235415990638534
      vertex 5.949999999999999 -8.811645405866443 1.7093695730957492
      vertex 5.949999999999999 -9.023541599063854 1.5235415990638534
    endloop
  endfacet
  facet normal 0 0.5555702330196004 -0.8314696123025463
    outer loop
      vertex 2.15 -8.811645405866443 1.7093695730957492
      vertex 5.949999999999999 -8.577306596117847 1.8659497598051953
      vertex 5.949999999999999 -8.811645405866443 1.7093695730957492
    endloop
  endfacet
  facet normal 0 0.44228869021900047 -0.8968727415326887
    outer loop
      vertex 2.15 -8.577306596117847 1.8659497598051953
      vertex 5.949999999999999 -8.324534771823858 1.990603028785364
      vertex 5.949999999999999 -8.577306596117847 1.8659497598051953
    endloop
  endfacet
  facet normal 0 0.3214394653031638 0.9469301294951048
    outer loop
      vertex 2.15 -8.324534771823858 -1.9906030287853635
      vertex 5.949999999999999 -8.324534771823858 -1.9906030287853635
      vertex 2.15 -8.057654928979737 -2.0811965280435896
    endloop
  endfacet
  facet normal 0 0.19509032201613002 0.9807852804032301
    outer loop
      vertex 2.15 -8.057654928979737 -2.0811965280435896
      vertex 5.949999999999999 -8.057654928979737 -2.0811965280435896
      vertex 2.15 -7.781233455689615 -2.136180177690301
    endloop
  endfacet
  facet normal 0 0.06540312923013997 0.9978589232386038
    outer loop
      vertex 2.15 -7.781233455689615 -2.136180177690301
      vertex 5.949999999999999 -7.781233455689615 -2.136180177690301
      vertex 2.15 -7.5 -2.1546131922356935
    endloop
  endfacet
  facet normal 0 -0.06540312923013997 0.9978589232386038
    outer loop
      vertex 2.15 -7.5 -2.1546131922356935
      vertex 5.949999999999999 -7.5 -2.1546131922356935
      vertex 2.15 -7.218766544310385 -2.136180177690301
    endloop
  endfacet
  facet normal 0 -0.19509032201613064 0.98078528040323
    outer loop
      vertex 2.15 -7.218766544310385 -2.136180177690301
      vertex 5.949999999999999 -7.218766544310385 -2.136180177690301
      vertex 2.15 -6.942345071020264 -2.0811965280435896
    endloop
  endfacet
  facet normal 0 -0.32143946530316286 0.9469301294951051
    outer loop
      vertex 2.15 -6.942345071020264 -2.0811965280435896
      vertex 5.949999999999999 -6.942345071020264 -2.0811965280435896
      vertex 2.15 -6.675465228176142 -1.9906030287853635
    endloop
  endfacet
  facet normal 0 -0.4422886902189992 0.8968727415326893
    outer loop
      vertex 2.15 -6.675465228176142 -1.9906030287853635
      vertex 5.949999999999999 -6.675465228176142 -1.9906030287853635
      vertex 2.15 -6.422693403882153 -1.8659497598051953
    endloop
  endfacet
  facet normal 0 -0.5555702330196018 0.8314696123025455
    outer loop
      vertex 2.15 -6.422693403882153 -1.8659497598051953
      vertex 5.949999999999999 -6.422693403882153 -1.8659497598051953
      vertex 2.15 -6.188354594133558 -1.7093695730957492
    endloop
  endfacet
  facet normal 0 -0.6593458151000692 0.7518398074789772
    outer loop
      vertex 2.15 -6.188354594133558 -1.7093695730957492
      vertex 5.949999999999999 -6.188354594133558 -1.7093695730957492
      vertex 2.15 -5.9764584009361466 -1.5235415990638534
    endloop
  endfacet
  facet normal 0 -0.7518398074789772 0.6593458151000692
    outer loop
      vertex 2.15 -5.9764584009361466 -1.5235415990638534
      vertex 5.949999999999999 -5.9764584009361466 -1.5235415990638534
      vertex 2.15 -5.790630426904251 -1.3116454058664422
    endloop
  endfacet
  facet normal 0 -0.8314696123025455 0.5555702330196018
    outer loop
      vertex 2.15 -5.790630426904251 -1.3116454058664422
      vertex 5.949999999999999 -5.790630426904251 -1.3116454058664422
      vertex 2.15 -5.634050240194805 -1.0773065961178467
    endloop
  endfacet
  facet normal 0 -0.8968727415326893 0.4422886902189992
    outer loop
      vertex 2.15 -5.634050240194805 -1.0773065961178467
      vertex 5.949999999999999 -5.634050240194805 -1.0773065961178467
      vertex 2.15 -5.5093969712146365 -0.824534771823858
    endloop
  endfacet
  facet normal 0 -0.9469301294951051 0.32143946530316286
    outer loop
      vertex 2.15 -5.5093969712146365 -0.824534771823858
      vertex 5.949999999999999 -5.5093969712146365 -0.824534771823858
      vertex 2.15 -5.41880347195641 -0.5576549289797361
    endloop
  endfacet
  facet normal 0 -0.98078528040323 0.19509032201613064
    outer loop
      vertex 2.15 -5.41880347195641 -0.5576549289797361
      vertex 5.949999999999999 -5.41880347195641 -0.5576549289797361
      vertex 2.15 -5.363819822309699 -0.2812334556896152
    endloop
  endfacet
  facet normal 0 -0.9978589232386038 0.06540312923013997
    outer loop
      vertex 2.15 -5.363819822309699 -0.2812334556896152
      vertex 5.949999999999999 -5.363819822309699 -0.2812334556896152
      vertex 2.15 -5.3453868077643065 0
    endloop
  endfacet
  facet normal 0 0.3214394653031638 0.9469301294951048
    outer loop
      vertex 5.949999999999999 -8.324534771823858 -1.9906030287853635
      vertex 5.949999999999999 -8.057654928979737 -2.0811965280435896
      vertex 2.15 -8.057654928979737 -2.0811965280435896
    endloop
  endfacet
  facet normal 0 0.19509032201613002 0.9807852804032301
    outer loop
      vertex 2.15 -7.781233455689615 -2.136180177690301
      vertex 5.949999999999999 -8.057654928979737 -2.0811965280435896
      vertex 5.949999999999999 -7.781233455689615 -2.136180177690301
    endloop
  endfacet
  facet normal 0 0.06540312923013997 0.9978589232386038
    outer loop
      vertex 2.15 -7.5 -2.1546131922356935
      vertex 5.949999999999999 -7.781233455689615 -2.136180177690301
      vertex 5.949999999999999 -7.5 -2.1546131922356935
    endloop
  endfacet
  facet normal 0 -0.06540312923013997 0.9978589232386038
    outer loop
      vertex 2.15 -7.218766544310385 -2.136180177690301
      vertex 5.949999999999999 -7.5 -2.1546131922356935
      vertex 5.949999999999999 -7.218766544310385 -2.136180177690301
    endloop
  endfacet
  facet normal 0 -0.19509032201613064 0.98078528040323
    outer loop
      vertex 2.15 -6.942345071020264 -2.0811965280435896
      vertex 5.949999999999999 -7.218766544310385 -2.136180177690301
      vertex 5.949999999999999 -6.942345071020264 -2.0811965280435896
    endloop
  endfacet
  facet normal 0 -0.32143946530316286 0.9469301294951051
    outer loop
      vertex 2.15 -6.675465228176142 -1.9906030287853635
      vertex 5.949999999999999 -6.942345071020264 -2.0811965280435896
      vertex 5.949999999999999 -6.675465228176142 -1.9906030287853635
    endloop
  endfacet
  facet normal 0 -0.4422886902189992 0.8968727415326893
    outer loop
      vertex 2.15 -6.422693403882153 -1.8659497598051953
      vertex 5.949999999999999 -6.675465228176142 -1.9906030287853635
      vertex 5.949999999999999 -6.422693403882153 -1.8659497598051953
    endloop
  endfacet
  facet normal 0 -0.5555702330196018 0.8314696123025455
    outer loop
      vertex 2.15 -6.188354594133558 -1.7093695730957492
      vertex 5.949999999999999 -6.422693403882153 -1.8659497598051953
      vertex 5.949999999999999 -6.188354594133558 -1.7093695730957492
    endloop
  endfacet
  facet normal 0 -0.6593458151000692 0.7518398074789772
    outer loop
      vertex 2.15 -5.9764584009361466 -1.5235415990638534
      vertex 5.949999999999999 -6.188354594133558 -1.7093695730957492
      vertex 5.949999999999999 -5.9764584009361466 -1.5235415990638534
    endloop
  endfacet
  facet normal 0 -0.7518398074789772 0.6593458151000692
    outer loop
      vertex 2.15 -5.790630426904251 -1.3116454058664422
      vertex 5.949999999999999 -5.9764584009361466 -1.5235415990638534
      vertex 5.949999999999999 -5.790630426904251 -1.3116454058664422
    endloop
  endfacet
  facet normal 0 -0.8314696123025455 0.5555702330196018
    outer loop
      vertex 2.15 -5.634050240194805 -1.0773065961178467
      vertex 5.949999999999999 -5.790630426904251 -1.3116454058664422
      vertex 5.949999999999999 -5.634050240194805 -1.0773065961178467
    endloop
  endfacet
  facet normal 0 -0.8968727415326893 0.4422886902189992
    outer loop
      vertex 2.15 -5.5093969712146365 -0.824534771823858
      vertex 5.949999999999999 -5.634050240194805 -1.0773065961178467
      vertex 5.949999999999999 -5.5093969712146365 -0.824534771823858
    endloop
  endfacet
  facet normal 0 -0.9469301294951051 0.32143946530316286
    outer loop
      vertex 2.15 -5.41880347195641 -0.5576549289797361
      vertex 5.949999999999999 -5.5093969712146365 -0.824534771823858
      vertex 5.949999999999999 -5.41880347195641 -0.5576549289797361
    endloop
  endfacet
  facet normal 0 -0.98078528040323 0.19509032201613064
    outer loop
      vertex 2.15 -5.363819822309699 -0.2812334556896152
      vertex 5.949999999999999 -5.41880347195641 -0.5576549289797361
      vertex 5.949999999999999 -5.363819822309699 -0.2812334556896152
    endloop
  endfacet
  facet normal 0 -0.9978589232386038 0.06540312923013997
    outer loop
      vertex 5.949999999999999 -5.363819822309699 -0.2812334556896152
      vertex 5.949999999999999 -5.3453868077643065 0
      vertex 2.15 -5.3453868077643065 0
    endloop
  endfacet
  facet normal 0 0.3214394653031638 -0.9469301294951048
    outer loop
      vertex 2.15 -8.324534771823858 1.990603028785364
      vertex 2.15 -8.057654928979737 2.08119652804359
      vertex 5.949999999999999 -8.057654928979737 2.08119652804359
    endloop
  endfacet
  facet normal 0 0.19509032201612697 -0.9807852804032307
    outer loop
      vertex 2.15 -8.057654928979737 2.08119652804359
      vertex 2.15 -7.781233455689615 2.1361801776903007
      vertex 5.949999999999999 -7.781233455689615 2.1361801776903007
    endloop
  endfacet
  facet normal 0 0.06540312923014312 -0.9978589232386036
    outer loop
      vertex 2.15 -7.781233455689615 2.1361801776903007
      vertex 2.15 -7.5 2.154613192235694
      vertex 5.949999999999999 -7.5 2.154613192235694
    endloop
  endfacet
  facet normal 0 -0.06540312923014312 -0.9978589232386036
    outer loop
      vertex 2.15 -7.5 2.154613192235694
      vertex 2.15 -7.218766544310385 2.1361801776903007
      vertex 5.949999999999999 -7.218766544310385 2.1361801776903007
    endloop
  endfacet
  facet normal 0 -0.19509032201612758 -0.9807852804032307
    outer loop
      vertex 2.15 -7.218766544310385 2.1361801776903007
      vertex 2.15 -6.942345071020264 2.08119652804359
      vertex 5.949999999999999 -6.942345071020264 2.08119652804359
    endloop
  endfacet
  facet normal 0 -0.32143946530316286 -0.9469301294951051
    outer loop
      vertex 2.15 -6.942345071020264 2.08119652804359
      vertex 2.15 -6.675465228176142 1.990603028785364
      vertex 5.949999999999999 -6.675465228176142 1.990603028785364
    endloop
  endfacet
  facet normal 0 -0.44228869021900047 -0.8968727415326887
    outer loop
      vertex 2.15 -6.675465228176142 1.990603028785364
      vertex 2.15 -6.422693403882153 1.8659497598051953
      vertex 5.949999999999999 -6.422693403882153 1.8659497598051953
    endloop
  endfacet
  facet normal 0 -0.5555702330196018 -0.8314696123025455
    outer loop
      vertex 2.15 -6.422693403882153 1.8659497598051953
      vertex 2.15 -6.188354594133558 1.7093695730957492
      vertex 5.949999999999999 -6.188354594133558 1.7093695730957492
    endloop
  endfacet
  facet normal 0 -0.6593458151000692 -0.7518398074789772
    outer loop
      vertex 2.15 -5.9764584009361466 1.5235415990638534
      vertex 5.949999999999999 -5.9764584009361466 1.5235415990638534
      vertex 2.15 -6.188354594133558 1.7093695730957492
    endloop
  endfacet
  facet normal 0 -0.7518398074789772 -0.6593458151000692
    outer loop
      vertex 2.15 -5.9764584009361466 1.5235415990638534
      vertex 2.15 -5.790630426904251 1.3116454058664422
      vertex 5.949999999999999 -5.790630426904251 1.3116454058664422
    endloop
  endfacet
  facet normal 0 -0.8314696123025455 -0.5555702330196018
    outer loop
      vertex 2.15 -5.790630426904251 1.3116454058664422
      vertex 2.15 -5.634050240194805 1.0773065961178467
      vertex 5.949999999999999 -5.634050240194805 1.0773065961178467
    endloop
  endfacet
  facet normal 0 -0.9469301294951051 -0.32143946530316286
    outer loop
      vertex 2.15 -5.5093969712146365 0.824534771823858
      vertex 2.15 -5.41880347195641 0.5576549289797361
      vertex 5.949999999999999 -5.41880347195641 0.5576549289797361
    endloop
  endfacet
  facet normal 0 -0.8968727415326893 -0.4422886902189992
    outer loop
      vertex 2.15 -5.634050240194805 1.0773065961178467
      vertex 2.15 -5.5093969712146365 0.824534771823858
      vertex 5.949999999999999 -5.5093969712146365 0.824534771823858
    endloop
  endfacet
  facet normal 0 -0.98078528040323 -0.19509032201613064
    outer loop
      vertex 2.15 -5.41880347195641 0.5576549289797361
      vertex 2.15 -5.363819822309699 0.2812334556896152
      vertex 5.949999999999999 -5.363819822309699 0.2812334556896152
    endloop
  endfacet
  facet normal 0 -0.9978589232386038 -0.06540312923013997
    outer loop
      vertex 2.15 -5.363819822309699 0.2812334556896152
      vertex 2.15 -5.3453868077643065 0
      vertex 5.949999999999999 -5.3453868077643065 0
    endloop
  endfacet
  facet normal 0 0.3214394653031638 -0.9469301294951048
    outer loop
      vertex 2.15 -8.324534771823858 1.990603028785364
      vertex 5.949999999999999 -8.057654928979737 2.08119652804359
      vertex 5.949999999999999 -8.324534771823858 1.990603028785364
    endloop
  endfacet
  facet normal 0 0.19509032201612697 -0.9807852804032307
    outer loop
      vertex 2.15 -8.057654928979737 2.08119652804359
      vertex 5.949999999999999 -7.781233455689615 2.1361801776903007
      vertex 5.949999999999999 -8.057654928979737 2.08119652804359
    endloop
  endfacet
  facet normal 0 0.06540312923014312 -0.9978589232386036
    outer loop
      vertex 2.15 -7.781233455689615 2.1361801776903007
      vertex 5.949999999999999 -7.5 2.154613192235694
      vertex 5.949999999999999 -7.781233455689615 2.1361801776903007
    endloop
  endfacet
  facet normal 0 -0.06540312923014312 -0.9978589232386036
    outer loop
      vertex 2.15 -7.5 2.154613192235694
      vertex 5.949999999999999 -7.218766544310385 2.1361801776903007
      vertex 5.949999999999999 -7.5 2.154613192235694
    endloop
  endfacet
  facet normal 0 -0.19509032201612758 -0.9807852804032307
    outer loop
      vertex 2.15 -7.218766544310385 2.1361801776903007
      vertex 5.949999999999999 -6.942345071020264 2.08119652804359
      vertex 5.949999999999999 -7.218766544310385 2.1361801776903007
    endloop
  endfacet
  facet normal 0 -0.32143946530316286 -0.9469301294951051
    outer loop
      vertex 2.15 -6.942345071020264 2.08119652804359
      vertex 5.949999999999999 -6.675465228176142 1.990603028785364
      vertex 5.949999999999999 -6.942345071020264 2.08119652804359
    endloop
  endfacet
  facet normal 0 -0.44228869021900047 -0.8968727415326887
    outer loop
      vertex 2.15 -6.675465228176142 1.990603028785364
      vertex 5.949999999999999 -6.422693403882153 1.8659497598051953
      vertex 5.949999999999999 -6.675465228176142 1.990603028785364
    endloop
  endfacet
  facet normal 0 -0.5555702330196018 -0.8314696123025455
    outer loop
      vertex 2.15 -6.422693403882153 1.8659497598051953
      vertex 5.949999999999999 -6.188354594133558 1.7093695730957492
      vertex 5.949999999999999 -6.422693403882153 1.8659497598051953
    endloop
  endfacet
  facet normal 0 -0.6593458151000692 -0.7518398074789772
    outer loop
      vertex 2.15 -6.188354594133558 1.7093695730957492
      vertex 5.949999999999999 -5.9764584009361466 1.5235415990638534
      vertex 5.949999999999999 -6.188354594133558 1.7093695730957492
    endloop
  endfacet
  facet normal 0 -0.7518398074789772 -0.6593458151000692
    outer loop
      vertex 2.15 -5.9764584009361466 1.5235415990638534
      vertex 5.949999999999999 -5.790630426904251 1.3116454058664422
      vertex 5.949999999999999 -5.9764584009361466 1.5235415990638534
    endloop
  endfacet
  facet normal 0 -0.8314696123025455 -0.5555702330196018
    outer loop
      vertex 2.15 -5.790630426904251 1.3116454058664422
      vertex 5.949999999999999 -5.634050240194805 1.0773065961178467
      vertex 5.949999999999999 -5.790630426904251 1.3116454058664422
    endloop
  endfacet
  facet normal 0 -0.9469301294951051 -0.32143946530316286
    outer loop
      vertex 2.15 -5.5093969712146365 0.824534771823858
      vertex 5.949999999999999 -5.41880347195641 0.5576549289797361
      vertex 5.949999999999999 -5.5093969712146365 0.824534771823858
    endloop
  endfacet
  facet normal 0 -0.8968727415326893 -0.4422886902189992
    outer loop
      vertex 2.15 -5.634050240194805 1.0773065961178467
      vertex 5.949999999999999 -5.5093969712146365 0.824534771823858
      vertex 5.949999999999999 -5.634050240194805 1.0773065961178467
    endloop
  endfacet
  facet normal 0 -0.9978589232386038 -0.06540312923013997
    outer loop
      vertex 2.15 -5.363819822309699 0.2812334556896152
      vertex 5.949999999999999 -5.3453868077643065 0
      vertex 5.949999999999999 -5.363819822309699 0.2812334556896152
    endloop
  endfacet
  facet normal 0 -0.98078528040323 -0.19509032201613064
    outer loop
      vertex 2.15 -5.41880347195641 0.5576549289797361
      vertex 5.949999999999999 -5.363819822309699 0.2812334556896152
      vertex 5.949999999999999 -5.41880347195641 0.5576549289797361
    endloop
  endfacet
  facet normal -1 0 0
    outer loop
      vertex -10 -1.5 0
      vertex -10 -1.5 10
      vertex -10 1.5 10
    endloop
  endfacet
  facet normal 0 -1 0
    outer loop
      vertex -10 -1.5 0
      vertex -5.949999999999999 -1.5 0
      vertex -5.949999999999999 -1.5 0.00001661126986451933
    endloop
  endfacet
  facet normal 0 0 -1
    outer loop
      vertex -10 -1.5 0
      vertex -5.949999999999999 -1.4900000020861626 0
      vertex -5.949999999999999 -1.5 0
    endloop
  endfacet
  facet normal -1 0 0
    outer loop
      vertex -10 -1.5 0
      vertex -10 1.5 10
      vertex -10 1.5 0
    endloop
  endfacet
  facet normal 0 -1 0
    outer loop
      vertex -10 -1.5 0
      vertex -5.949999999999999 -1.5 0.00001661126986451933
      vertex 10 -1.5 10
    endloop
  endfacet
  facet normal 0 -1 0
    outer loop
      vertex -10 -1.5 0
      vertex 10 -1.5 10
      vertex -10 -1.5 10
    endloop
  endfacet
  facet normal 0 0 -1
    outer loop
      vertex -10 -1.5 0
      vertex 10 1.5 0
      vertex -5.949999999999999 -1.4900000020861626 0
    endloop
  endfacet
  facet normal 0 -1 0
    outer loop
      vertex -2.15 -1.5 0
      vertex 2.15 -1.5 0
      vertex -2.15 -1.5 0.00001661126986451933
    endloop
  endfacet
  facet normal 0 0 -1
    outer loop
      vertex -2.15 -1.5 0
      vertex -2.15 -1.4900000020861626 0
      vertex 2.15 -1.4900000020861626 0
    endloop
  endfacet
  facet normal 0 0 -1
    outer loop
      vertex -10 -1.5 0
      vertex -10 1.5 0
      vertex 10 1.5 0
    endloop
  endfacet
  facet normal 0 1 0
    outer loop
      vertex -10 1.5 0
      vertex -10 1.5 10
      vertex 10 1.5 0
    endloop
  endfacet
  facet normal 0 -1 0
    outer loop
      vertex -2.15 -1.5 0.00001661126986451933
      vertex 2.15 -1.5 0
      vertex 2.15 -1.5 0.00001661126986451933
    endloop
  endfacet
  facet normal 0 0 -1
    outer loop
      vertex -2.15 -1.5 0
      vertex 2.15 -1.4900000020861626 0
      vertex 2.15 -1.5 0
    endloop
  endfacet
  facet normal 0 -1 0
    outer loop
      vertex -5.949999999999999 -1.5 0.00001661126986451933
      vertex -2.15 -1.5 0.00001661126986451933
      vertex 10 -1.5 10
    endloop
  endfacet
  facet normal 0 0 -1
    outer loop
      vertex -5.949999999999999 -1.4900000020861626 0
      vertex 10 1.5 0
      vertex -2.15 -1.4900000020861626 0
    endloop
  endfacet
  facet normal 0 -1 0
    outer loop
      vertex -2.15 -1.5 0.00001661126986451933
      vertex 2.15 -1.5 0.00001661126986451933
      vertex 10 -1.5 10
    endloop
  endfacet
  facet normal 0 0 -1
    outer loop
      vertex -2.15 -1.4900000020861626 0
      vertex 10 1.5 0
      vertex 2.15 -1.4900000020861626 0
    endloop
  endfacet
  facet normal 0 1 0
    outer loop
      vertex -10 1.5 10
      vertex 10 1.5 10
      vertex 10 1.5 0
    endloop
  endfacet
  facet normal 0 -1 0
    outer loop
      vertex 2.15 -1.5 0.00001661126986451933
      vertex 5.949999999999999 -1.5 0.00001661126986451933
      vertex 10 -1.5 10
    endloop
  endfacet
  facet normal 0 0 -1
    outer loop
      vertex 2.15 -1.4900000020861626 0
      vertex 10 1.5 0
      vertex 5.949999999999999 -1.4900000020861626 0
    endloop
  endfacet
  facet normal 0 -1 0
    outer loop
      vertex 5.949999999999999 -1.5 0
      vertex 10 -1.5 0
      vertex 5.949999999999999 -1.5 0.00001661126986451933
    endloop
  endfacet
  facet normal 0 0 -1
    outer loop
      vertex 5.949999999999999 -1.5 0
      vertex 5.949999999999999 -1.4900000020861626 0
      vertex 10 -1.5 0
    endloop
  endfacet
  facet normal 0 -1 0
    outer loop
      vertex 5.949999999999999 -1.5 0.00001661126986451933
      vertex 10 -1.5 0
      vertex 10 -1.5 10
    endloop
  endfacet
  facet normal 0 0 -1
    outer loop
      vertex 5.949999999999999 -1.4900000020861626 0
      vertex 10 1.5 0
      vertex 10 -1.5 0
    endloop
  endfacet
  facet normal 1 0 0
    outer loop
      vertex 10 -1.5 0
      vertex 10 1.5 0
      vertex 10 -1.5 10
    endloop
  endfacet
  facet normal 1 0 0
    outer loop
      vertex 10 -1.5 10
      vertex 10 1.5 0
      vertex 10 1.5 10
    endloop
  endfacet
  facet normal 0 0 -1
    outer loop
      vertex -14.225 -1.5 10
      vertex -10 1.5 10
      vertex -10 -1.5 10
    endloop
  endfacet
  facet normal 0 0 -1
    outer loop
      vertex -14.225 -1.5 10
      vertex -14.225 1.5 10
      vertex -10 1.5 10
    endloop
  endfacet
  facet normal 0 -1 0
    outer loop
      vertex -14.225 -1.5 10
      vertex -11.002817459305202 -1.5 24.2221825406948
      vertex -11.09768867432036 -1.5 24.330362428090407
    endloop
  endfacet
  facet normal 0 -1 0
    outer loop
      vertex -14.225 -1.5 10
      vertex -10.894637571909593 -1.5 24.127311325679642
      vertex -11.002817459305202 -1.5 24.2221825406948
    endloop
  endfacet
  facet normal 0 -1 0
    outer loop
      vertex -14.225 -1.5 10
      vertex -11.241267485762416 -1.5 24.579048224398402
      vertex -11.287518408917975 -1.5 24.715299050387227
    endloop
  endfacet
  facet normal 0 -1 0
    outer loop
      vertex -14.225 -1.5 10
      vertex -11.287518408917975 -1.5 24.715299050387227
      vertex -11.31558934751119 -1.5 24.856421188557942
    endloop
  endfacet
  facet normal 0 -1 0
    outer loop
      vertex -14.225 -1.5 10
      vertex -11.177627944162882 -1.5 24.45
      vertex -11.241267485762416 -1.5 24.579048224398402
    endloop
  endfacet
  facet normal 0 -1 0
    outer loop
      vertex -14.225 -1.5 10
      vertex -11.09768867432036 -1.5 24.330362428090407
      vertex -11.177627944162882 -1.5 24.45
    endloop
  endfacet
  facet normal 0 -1 0
    outer loop
      vertex -14.225 -1.5 10
      vertex -10.775 -1.5 24.04737205583712
      vertex -10.894637571909593 -1.5 24.127311325679642
    endloop
  endfacet
  facet normal 0 -1 0
    outer loop
      vertex -14.225 -1.5 10
      vertex -10.645951775601599 -1.5 23.983732514237584
      vertex -10.775 -1.5 24.04737205583712
    endloop
  endfacet
  facet normal 0 -1 0
    outer loop
      vertex -14.225 -1.5 10
      vertex -10.509700949612773 -1.5 23.937481591082026
      vertex -10.645951775601599 -1.5 23.983732514237584
    endloop
  endfacet
  facet normal 0 -1 0
    outer loop
      vertex -14.225 -1.5 10
      vertex -10.368578811442056 -1.5 23.90941065248881
      vertex -10.509700949612773 -1.5 23.937481591082026
    endloop
  endfacet
  facet normal 0 -1 0
    outer loop
      vertex -14.225 -1.5 10
      vertex -10.225 -1.5 23.9
      vertex -10.368578811442056 -1.5 23.90941065248881
    endloop
  endfacet
  facet normal 0 -1 0
    outer loop
      vertex -14.225 -1.5 10
      vertex -10.081421188557943 -1.5 23.90941065248881
      vertex -10.225 -1.5 23.9
    endloop
  endfacet
  facet normal 0 -1 0
    outer loop
      vertex -14.225 -1.5 10
      vertex -9.940299050387226 -1.5 23.937481591082026
      vertex -10.081421188557943 -1.5 23.90941065248881
    endloop
  endfacet
  facet normal 0 -1 0
    outer loop
      vertex -14.225 -1.5 10
      vertex -9.8040482243984 -1.5 23.983732514237584
      vertex -9.940299050387226 -1.5 23.937481591082026
    endloop
  endfacet
  facet normal 0 -1 0
    outer loop
      vertex -14.225 -1.5 10
      vertex -9.674999999999999 -1.5 24.04737205583712
      vertex -9.8040482243984 -1.5 23.983732514237584
    endloop
  endfacet
  facet normal 0 -1 0
    outer loop
      vertex -14.225 -1.5 10
      vertex -9.555362428090406 -1.5 24.127311325679642
      vertex -9.674999999999999 -1.5 24.04737205583712
    endloop
  endfacet
  facet normal 0 -1 0
    outer loop
      vertex -14.225 -1.5 10
      vertex -11.31558934751119 -1.5 24.856421188557942
      vertex -14.225 -1.5 40.87
    endloop
  endfacet
  facet normal -1 0 0
    outer loop
      vertex -14.225 -1.5 10
      vertex -14.225 1.5 40.87
      vertex -14.225 1.5 10
    endloop
  endfacet
  facet normal 0 1 0
    outer loop
      vertex -14.225 1.5 10
      vertex -14.225 1.5 40.87
      vertex -10 1.5 10
    endloop
  endfacet
  facet normal 0 1 0
    outer loop
      vertex -10 1.5 10
      vertex -11.09768867432036 1.5 24.330362428090407
      vertex -11.002817459305202 1.5 24.2221825406948
    endloop
  endfacet
  facet normal 0 1 0
    outer loop
      vertex -10 1.5 10
      vertex -11.287518408917975 1.5 24.715299050387227
      vertex -11.241267485762416 1.5 24.579048224398402
    endloop
  endfacet
  facet normal 0 1 0
    outer loop
      vertex -10 1.5 10
      vertex -11.241267485762416 1.5 24.579048224398402
      vertex -11.177627944162882 1.5 24.45
    endloop
  endfacet
  facet normal 0 1 0
    outer loop
      vertex -10 1.5 10
      vertex -11.31558934751119 1.5 24.856421188557942
      vertex -11.287518408917975 1.5 24.715299050387227
    endloop
  endfacet
  facet normal 0 1 0
    outer loop
      vertex -10 1.5 10
      vertex -11.177627944162882 1.5 24.45
      vertex -11.09768867432036 1.5 24.330362428090407
    endloop
  endfacet
  facet normal 0 1 0
    outer loop
      vertex -10 1.5 10
      vertex -14.225 1.5 40.87
      vertex -11.31558934751119 1.5 24.856421188557942
    endloop
  endfacet
  facet normal 0 1 0
    outer loop
      vertex -10 1.5 10
      vertex -11.002817459305202 1.5 24.2221825406948
      vertex -10.894637571909593 1.5 24.127311325679642
    endloop
  endfacet
  facet normal 0 1 0
    outer loop
      vertex -10 1.5 10
      vertex -10.775 1.5 24.04737205583712
      vertex -10.645951775601599 1.5 23.983732514237584
    endloop
  endfacet
  facet normal 0 1 0
    outer loop
      vertex -10 1.5 10
      vertex -10.894637571909593 1.5 24.127311325679642
      vertex -10.775 1.5 24.04737205583712
    endloop
  endfacet
  facet normal 0 1 0
    outer loop
      vertex -10 1.5 10
      vertex -10.645951775601599 1.5 23.983732514237584
      vertex -10.509700949612773 1.5 23.937481591082026
    endloop
  endfacet
  facet normal 0 1 0
    outer loop
      vertex -10 1.5 10
      vertex -10.509700949612773 1.5 23.937481591082026
      vertex -10.368578811442056 1.5 23.90941065248881
    endloop
  endfacet
  facet normal 0 1 0
    outer loop
      vertex -10 1.5 10
      vertex -10.368578811442056 1.5 23.90941065248881
      vertex -10.225 1.5 23.9
    endloop
  endfacet
  facet normal 0 1 0
    outer loop
      vertex -10 1.5 10
      vertex -10.225 1.5 23.9
      vertex -10.081421188557943 1.5 23.90941065248881
    endloop
  endfacet
  facet normal 0 1 0
    outer loop
      vertex -10 1.5 10
      vertex -10.081421188557943 1.5 23.90941065248881
      vertex -9.940299050387226 1.5 23.937481591082026
    endloop
  endfacet
  facet normal 0 1 0
    outer loop
      vertex -10 1.5 10
      vertex -9.940299050387226 1.5 23.937481591082026
      vertex -9.8040482243984 1.5 23.983732514237584
    endloop
  endfacet
  facet normal 0 1 0
    outer loop
      vertex -10 1.5 10
      vertex -9.8040482243984 1.5 23.983732514237584
      vertex -9.674999999999999 1.5 24.04737205583712
    endloop
  endfacet
  facet normal 0 1 0
    outer loop
      vertex -10 1.5 10
      vertex -9.674999999999999 1.5 24.04737205583712
      vertex -9.555362428090406 1.5 24.127311325679642
    endloop
  endfacet
  facet normal 0 1 0
    outer loop
      vertex -10 1.5 10
      vertex -9.555362428090406 1.5 24.127311325679642
      vertex -9.447182540694797 1.5 24.2221825406948
    endloop
  endfacet
  facet normal -1 0 0
    outer loop
      vertex -14.225 -1.5 10
      vertex -14.225 -1.5 40.87
      vertex -14.225 1.5 40.87
    endloop
  endfacet
  facet normal 0 -1 0
    outer loop
      vertex -14.225 -1.5 40.87
      vertex -11.31558934751119 -1.5 24.856421188557942
      vertex -11.325 -1.5 25
    endloop
  endfacet
  facet normal 0 -1 0
    outer loop
      vertex -14.225 -1.5 40.87
      vertex -11.325 -1.5 25
      vertex -11.31558934751119 -1.5 25.143578811442058
    endloop
  endfacet
  facet normal 0 -1 0
    outer loop
      vertex -14.225 -1.5 40.87
      vertex -11.31558934751119 -1.5 25.143578811442058
      vertex -11.287518408917975 -1.5 25.284700949612773
    endloop
  endfacet
  facet normal 0 -1 0
    outer loop
      vertex -14.225 -1.5 40.87
      vertex -11.287518408917975 -1.5 25.284700949612773
      vertex -11.241267485762416 -1.5 25.420951775601598
    endloop
  endfacet
  facet normal 0 -1 0
    outer loop
      vertex -11.241267485762416 -1.5 25.420951775601598
      vertex -11.177627944162882 -1.5 25.55
      vertex -11.241267485762416 -1.5 38.449048224398396
    endloop
  endfacet
  facet normal 0 -1 0
    outer loop
      vertex -11.177627944162882 -1.5 25.55
      vertex -11.09768867432036 -1.5 25.669637571909593
      vertex -11.177627944162882 -1.5 38.32
    endloop
  endfacet
  facet normal 0 -1 0
    outer loop
      vertex -11.09768867432036 -1.5 25.669637571909593
      vertex -11.002817459305202 -1.5 25.7778174593052
      vertex -11.09768867432036 -1.5 38.20036242809041
    endloop
  endfacet
  facet normal 0 -1 0
    outer loop
      vertex -11.002817459305202 -1.5 25.7778174593052
      vertex -10.894637571909593 -1.5 25.872688674320358
      vertex -11.002817459305202 -1.5 38.09218254069479
    endloop
  endfacet
  facet normal 0 -1 0
    outer loop
      vertex -10.775 -1.5 25.95262794416288
      vertex -10.894637571909593 -1.5 37.99731132567964
      vertex -10.894637571909593 -1.5 25.872688674320358
    endloop
  endfacet
  facet normal 0 -1 0
    outer loop
      vertex -10.645951775601599 -1.5 26.016267485762416
      vertex -10.775 -1.5 37.91737205583711
      vertex -10.775 -1.5 25.95262794416288
    endloop
  endfacet
  facet normal 0 -1 0
    outer loop
      vertex -11.002817459305202 -1.5 25.7778174593052
      vertex -11.002817459305202 -1.5 38.09218254069479
      vertex -11.09768867432036 -1.5 38.20036242809041
    endloop
  endfacet
  facet normal 0 -1 0
    outer loop
      vertex -11.002817459305202 -1.5 38.09218254069479
      vertex -10.894637571909593 -1.5 25.872688674320358
      vertex -10.894637571909593 -1.5 37.99731132567964
    endloop
  endfacet
  facet normal 0 -1 0
    outer loop
      vertex -10.894637571909593 -1.5 37.99731132567964
      vertex -10.775 -1.5 25.95262794416288
      vertex -10.775 -1.5 37.91737205583711
    endloop
  endfacet
  facet normal 0 -1 0
    outer loop
      vertex -10.775 -1.5 37.91737205583711
      vertex -10.645951775601599 -1.5 26.016267485762416
      vertex -10.645951775601599 -1.5 37.853732514237585
    endloop
  endfacet
  facet normal 0 -1 0
    outer loop
      vertex -14.225 -1.5 40.87
      vertex -11.241267485762416 -1.5 25.420951775601598
      vertex -11.241267485762416 -1.5 38.449048224398396
    endloop
  endfacet
  facet normal 0 -1 0
    outer loop
      vertex -11.177627944162882 -1.5 25.55
      vertex -11.177627944162882 -1.5 38.32
      vertex -11.241267485762416 -1.5 38.449048224398396
    endloop
  endfacet
  facet normal 0 -1 0
    outer loop
      vertex -11.09768867432036 -1.5 25.669637571909593
      vertex -11.09768867432036 -1.5 38.20036242809041
      vertex -11.177627944162882 -1.5 38.32
    endloop
  endfacet
  facet normal 0 -1 0
    outer loop
      vertex -14.225 -1.5 40.87
      vertex -11.241267485762416 -1.5 38.449048224398396
      vertex -11.287518408917975 -1.5 38.58529905038723
    endloop
  endfacet
  facet normal 0 -1 0
    outer loop
      vertex -14.225 -1.5 40.87
      vertex -11.31558934751119 -1.5 38.72642118855794
      vertex -11.325 -1.5 38.87
    endloop
  endfacet
  facet normal 0 -1 0
    outer loop
      vertex -14.225 -1.5 40.87
      vertex -11.325 -1.5 38.87
      vertex -11.31558934751119 -1.5 39.01357881144205
    endloop
  endfacet
  facet normal 0 -1 0
    outer loop
      vertex -14.225 -1.5 40.87
      vertex -11.287518408917975 -1.5 38.58529905038723
      vertex -11.31558934751119 -1.5 38.72642118855794
    endloop
  endfacet
  facet normal 0 -1 0
    outer loop
      vertex -14.225 -1.5 40.87
      vertex -11.31558934751119 -1.5 39.01357881144205
      vertex -11.287518408917975 -1.5 39.15470094961277
    endloop
  endfacet
  facet normal 0 -1 0
    outer loop
      vertex -14.225 -1.5 40.87
      vertex -11.287518408917975 -1.5 39.15470094961277
      vertex -11.241267485762416 -1.5 39.2909517756016
    endloop
  endfacet
  facet normal 0 -1 0
    outer loop
      vertex -14.225 -1.5 40.87
      vertex -11.241267485762416 -1.5 39.2909517756016
      vertex -11.177627944162882 -1.5 39.419999999999995
    endloop
  endfacet
  facet normal 0 -1 0
    outer loop
      vertex -14.225 -1.5 40.87
      vertex -11.177627944162882 -1.5 39.419999999999995
      vertex -11.09768867432036 -1.5 39.53963757190959
    endloop
  endfacet
  facet normal 0 -1 0
    outer loop
      vertex -14.225 -1.5 40.87
      vertex -11.09768867432036 -1.5 39.53963757190959
      vertex -11.002817459305202 -1.5 39.6478174593052
    endloop
  endfacet
  facet normal 0 -1 0
    outer loop
      vertex -14.225 -1.5 40.87
      vertex -11.002817459305202 -1.5 39.6478174593052
      vertex -10.894637571909593 -1.5 39.742688674320355
    endloop
  endfacet
  facet normal 0 -1 0
    outer loop
      vertex -14.225 -1.5 40.87
      vertex -10.894637571909593 -1.5 39.742688674320355
      vertex -10.775 -1.5 39.82262794416288
    endloop
  endfacet
  facet normal 0 -1 0
    outer loop
      vertex -14.225 -1.5 40.87
      vertex -10.775 -1.5 39.82262794416288
      vertex -10.645951775601599 -1.5 39.88626748576241
    endloop
  endfacet
  facet normal 0 -1 0
    outer loop
      vertex -14.225 -1.5 40.87
      vertex -10.645951775601599 -1.5 39.88626748576241
      vertex -10.509700949612773 -1.5 39.93251840891797
    endloop
  endfacet
  facet normal 0 -1 0
    outer loop
      vertex -14.225 -1.5 40.87
      vertex -10.509700949612773 -1.5 39.93251840891797
      vertex -10.368578811442056 -1.5 39.96058934751119
    endloop
  endfacet
  facet normal 0 -1 0
    outer loop
      vertex -14.225 -1.5 40.87
      vertex -10.368578811442056 -1.5 39.96058934751119
      vertex -10.225 -1.5 39.97
    endloop
  endfacet
  facet normal 0 1 0
    outer loop
      vertex -14.225 1.5 40.87
      vertex -11.325 1.5 25
      vertex -11.31558934751119 1.5 24.856421188557942
    endloop
  endfacet
  facet normal 0 1 0
    outer loop
      vertex -14.225 1.5 40.87
      vertex -11.31558934751119 1.5 25.143578811442058
      vertex -11.325 1.5 25
    endloop
  endfacet
  facet normal 0 1 0
    outer loop
      vertex -14.225 1.5 40.87
      vertex -11.287518408917975 1.5 25.284700949612773
      vertex -11.31558934751119 1.5 25.143578811442058
    endloop
  endfacet
  facet normal 0 1 0
    outer loop
      vertex -14.225 1.5 40.87
      vertex -11.241267485762416 1.5 25.420951775601598
      vertex -11.287518408917975 1.5 25.284700949612773
    endloop
  endfacet
  facet normal 0 1 0
    outer loop
      vertex -14.225 1.5 40.87
      vertex -11.177627944162882 1.5 25.55
      vertex -11.241267485762416 1.5 25.420951775601598
    endloop
  endfacet
  facet normal 0 1 0
    outer loop
      vertex -14.225 1.5 40.87
      vertex -11.09768867432036 1.5 25.669637571909593
      vertex -11.177627944162882 1.5 25.55
    endloop
  endfacet
  facet normal 0 1 0
    outer loop
      vertex -14.225 1.5 40.87
      vertex -11.002817459305202 1.5 25.7778174593052
      vertex -11.09768867432036 1.5 25.669637571909593
    endloop
  endfacet
  facet normal 0 1 0
    outer loop
      vertex -14.225 1.5 40.87
      vertex -10.894637571909593 1.5 25.872688674320358
      vertex -11.002817459305202 1.5 25.7778174593052
    endloop
  endfacet
  facet normal 0 1 0
    outer loop
      vertex -14.225 1.5 40.87
      vertex -10.775 1.5 25.95262794416288
      vertex -10.894637571909593 1.5 25.872688674320358
    endloop
  endfacet
  facet normal 0 1 0
    outer loop
      vertex -14.225 1.5 40.87
      vertex -10.645951775601599 1.5 26.016267485762416
      vertex -10.775 1.5 25.95262794416288
    endloop
  endfacet
  facet normal 0 1 0
    outer loop
      vertex -14.225 1.5 40.87
      vertex -10.509700949612773 1.5 26.062518408917974
      vertex -10.645951775601599 1.5 26.016267485762416
    endloop
  endfacet
  facet normal 0 1 0
    outer loop
      vertex -14.225 1.5 40.87
      vertex -10.368578811442056 1.5 26.09058934751119
      vertex -10.509700949612773 1.5 26.062518408917974
    endloop
  endfacet
  facet normal 0 1 0
    outer loop
      vertex -14.225 1.5 40.87
      vertex -10.225 1.5 26.1
      vertex -10.368578811442056 1.5 26.09058934751119
    endloop
  endfacet
  facet normal 0 1 0
    outer loop
      vertex -14.225 1.5 40.87
      vertex -10.081421188557943 1.5 26.09058934751119
      vertex -10.225 1.5 26.1
    endloop
  endfacet
  facet normal 0 1 0
    outer loop
      vertex -14.225 1.5 40.87
      vertex -9.940299050387226 1.5 26.062518408917974
      vertex -10.081421188557943 1.5 26.09058934751119
    endloop
  endfacet
  facet normal 0 1 0
    outer loop
      vertex -14.225 1.5 40.87
      vertex -9.8040482243984 1.5 26.016267485762416
      vertex -9.940299050387226 1.5 26.062518408917974
    endloop
  endfacet
  facet normal 0 1 0
    outer loop
      vertex -14.225 1.5 40.87
      vertex -9.674999999999999 1.5 25.95262794416288
      vertex -9.8040482243984 1.5 26.016267485762416
    endloop
  endfacet
  facet normal 0 1 0
    outer loop
      vertex -14.225 1.5 40.87
      vertex -9.555362428090406 1.5 25.872688674320358
      vertex -9.674999999999999 1.5 25.95262794416288
    endloop
  endfacet
  facet normal 0 1 0
    outer loop
      vertex -14.225 1.5 40.87
      vertex -11.177627944162882 1.5 38.32
      vertex -11.09768867432036 1.5 38.20036242809041
    endloop
  endfacet
  facet normal 0 1 0
    outer loop
      vertex -14.225 1.5 40.87
      vertex -11.09768867432036 1.5 38.20036242809041
      vertex -11.002817459305202 1.5 38.09218254069479
    endloop
  endfacet
  facet normal 0 1 0
    outer loop
      vertex -14.225 1.5 40.87
      vertex -11.002817459305202 1.5 38.09218254069479
      vertex -10.894637571909593 1.5 37.99731132567964
    endloop
  endfacet
  facet normal 0 1 0
    outer loop
      vertex -14.225 1.5 40.87
      vertex -11.287518408917975 1.5 38.58529905038723
      vertex -11.241267485762416 1.5 38.449048224398396
    endloop
  endfacet
  facet normal 0 1 0
    outer loop
      vertex -14.225 1.5 40.87
      vertex -11.325 1.5 38.87
      vertex -11.31558934751119 1.5 38.72642118855794
    endloop
  endfacet
  facet normal 0 1 0
    outer loop
      vertex -14.225 1.5 40.87
      vertex -11.31558934751119 1.5 39.01357881144205
      vertex -11.325 1.5 38.87
    endloop
  endfacet
  facet normal 0 1 0
    outer loop
      vertex -14.225 1.5 40.87
      vertex -11.31558934751119 1.5 38.72642118855794
      vertex -11.287518408917975 1.5 38.58529905038723
    endloop
  endfacet
  facet normal 0 1 0
    outer loop
      vertex -14.225 1.5 40.87
      vertex -11.287518408917975 1.5 39.15470094961277
      vertex -11.31558934751119 1.5 39.01357881144205
    endloop
  endfacet
  facet normal 0 1 0
    outer loop
      vertex -14.225 1.5 40.87
      vertex -11.241267485762416 1.5 39.2909517756016
      vertex -11.287518408917975 1.5 39.15470094961277
    endloop
  endfacet
  facet normal 0 1 0
    outer loop
      vertex -14.225 1.5 40.87
      vertex -11.241267485762416 1.5 38.449048224398396
      vertex -11.177627944162882 1.5 38.32
    endloop
  endfacet
  facet normal 0 1 0
    outer loop
      vertex -14.225 1.5 40.87
      vertex -11.177627944162882 1.5 39.419999999999995
      vertex -11.241267485762416 1.5 39.2909517756016
    endloop
  endfacet
  facet normal 0 1 0
    outer loop
      vertex -14.225 1.5 40.87
      vertex -11.09768867432036 1.5 39.53963757190959
      vertex -11.177627944162882 1.5 39.419999999999995
    endloop
  endfacet
  facet normal 0 1 0
    outer loop
      vertex -14.225 1.5 40.87
      vertex -11.002817459305202 1.5 39.6478174593052
      vertex -11.09768867432036 1.5 39.53963757190959
    endloop
  endfacet
  facet normal 0 1 0
    outer loop
      vertex -14.225 1.5 40.87
      vertex -10.894637571909593 1.5 39.742688674320355
      vertex -11.002817459305202 1.5 39.6478174593052
    endloop
  endfacet
  facet normal 0 1 0
    outer loop
      vertex -14.225 1.5 40.87
      vertex -10.775 1.5 39.82262794416288
      vertex -10.894637571909593 1.5 39.742688674320355
    endloop
  endfacet
  facet normal 0 1 0
    outer loop
      vertex -14.225 1.5 40.87
      vertex -10.645951775601599 1.5 39.88626748576241
      vertex -10.775 1.5 39.82262794416288
    endloop
  endfacet
  facet normal 0 1 0
    outer loop
      vertex -14.225 1.5 40.87
      vertex -10.509700949612773 1.5 39.93251840891797
      vertex -10.645951775601599 1.5 39.88626748576241
    endloop
  endfacet
  facet normal 0 1 0
    outer loop
      vertex -14.225 1.5 40.87
      vertex -10.368578811442056 1.5 39.96058934751119
      vertex -10.509700949612773 1.5 39.93251840891797
    endloop
  endfacet
  facet normal 0 1 0
    outer loop
      vertex -14.225 1.5 40.87
      vertex -10.225 1.5 39.97
      vertex -10.368578811442056 1.5 39.96058934751119
    endloop
  endfacet
  facet normal 0 -1 0
    outer loop
      vertex -10.509700949612773 -1.5 26.062518408917974
      vertex -10.645951775601599 -1.5 37.853732514237585
      vertex -10.645951775601599 -1.5 26.016267485762416
    endloop
  endfacet
  facet normal 0 -1 0
    outer loop
      vertex -10.368578811442056 -1.5 26.09058934751119
      vertex -10.509700949612773 -1.5 37.80748159108202
      vertex -10.509700949612773 -1.5 26.062518408917974
    endloop
  endfacet
  facet normal 0 -1 0
    outer loop
      vertex -10.225 -1.5 26.1
      vertex -10.368578811442056 -1.5 37.77941065248881
      vertex -10.368578811442056 -1.5 26.09058934751119
    endloop
  endfacet
  facet normal 0 -1 0
    outer loop
      vertex -10.081421188557943 -1.5 26.09058934751119
      vertex -10.225 -1.5 37.769999999999996
      vertex -10.225 -1.5 26.1
    endloop
  endfacet
  facet normal 0 -1 0
    outer loop
      vertex -9.940299050387226 -1.5 26.062518408917974
      vertex -10.081421188557943 -1.5 37.77941065248881
      vertex -10.081421188557943 -1.5 26.09058934751119
    endloop
  endfacet
  facet normal 0 -1 0
    outer loop
      vertex -9.8040482243984 -1.5 26.016267485762416
      vertex -9.940299050387226 -1.5 37.80748159108202
      vertex -9.940299050387226 -1.5 26.062518408917974
    endloop
  endfacet
  facet normal 0 -1 0
    outer loop
      vertex -9.674999999999999 -1.5 25.95262794416288
      vertex -9.8040482243984 -1.5 37.853732514237585
      vertex -9.8040482243984 -1.5 26.016267485762416
    endloop
  endfacet
  facet normal 0 -1 0
    outer loop
      vertex -9.555362428090406 -1.5 25.872688674320358
      vertex -9.674999999999999 -1.5 37.91737205583711
      vertex -9.674999999999999 -1.5 25.95262794416288
    endloop
  endfacet
  facet normal 0 -1 0
    outer loop
      vertex -9.447182540694797 -1.5 25.7778174593052
      vertex -9.555362428090406 -1.5 37.99731132567964
      vertex -9.555362428090406 -1.5 25.872688674320358
    endloop
  endfacet
  facet normal 0 -1 0
    outer loop
      vertex -9.447182540694797 -1.5 38.09218254069479
      vertex -9.447182540694797 -1.5 25.7778174593052
      vertex -9.35231132567964 -1.5 25.669637571909593
    endloop
  endfacet
  facet normal 0 -1 0
    outer loop
      vertex -10.509700949612773 -1.5 26.062518408917974
      vertex -10.509700949612773 -1.5 37.80748159108202
      vertex -10.645951775601599 -1.5 37.853732514237585
    endloop
  endfacet
  facet normal 0 -1 0
    outer loop
      vertex -10.368578811442056 -1.5 26.09058934751119
      vertex -10.368578811442056 -1.5 37.77941065248881
      vertex -10.509700949612773 -1.5 37.80748159108202
    endloop
  endfacet
  facet normal 0 -1 0
    outer loop
      vertex -10.225 -1.5 26.1
      vertex -10.225 -1.5 37.769999999999996
      vertex -10.368578811442056 -1.5 37.77941065248881
    endloop
  endfacet
  facet normal 0 -1 0
    outer loop
      vertex -10.081421188557943 -1.5 26.09058934751119
      vertex -10.081421188557943 -1.5 37.77941065248881
      vertex -10.225 -1.5 37.769999999999996
    endloop
  endfacet
  facet normal 0 -1 0
    outer loop
      vertex -9.940299050387226 -1.5 26.062518408917974
      vertex -9.940299050387226 -1.5 37.80748159108202
      vertex -10.081421188557943 -1.5 37.77941065248881
    endloop
  endfacet
  facet normal 0 -1 0
    outer loop
      vertex -9.8040482243984 -1.5 26.016267485762416
      vertex -9.8040482243984 -1.5 37.853732514237585
      vertex -9.940299050387226 -1.5 37.80748159108202
    endloop
  endfacet
  facet normal 0 -1 0
    outer loop
      vertex -9.674999999999999 -1.5 25.95262794416288
      vertex -9.674999999999999 -1.5 37.91737205583711
      vertex -9.8040482243984 -1.5 37.853732514237585
    endloop
  endfacet
  facet normal 0 -1 0
    outer loop
      vertex -9.555362428090406 -1.5 25.872688674320358
      vertex -9.555362428090406 -1.5 37.99731132567964
      vertex -9.674999999999999 -1.5 37.91737205583711
    endloop
  endfacet
  facet normal 0 -1 0
    outer loop
      vertex -9.447182540694797 -1.5 25.7778174593052
      vertex -9.447182540694797 -1.5 38.09218254069479
      vertex -9.555362428090406 -1.5 37.99731132567964
    endloop
  endfacet
  facet normal 0 -1 0
    outer loop
      vertex -9.35231132567964 -1.5 25.669637571909593
      vertex -9.35231132567964 -1.5 38.20036242809041
      vertex -9.447182540694797 -1.5 38.09218254069479
    endloop
  endfacet
  facet normal 0 -1 0
    outer loop
      vertex -14.225 -1.5 10
      vertex 10.225 -1.5 37.769999999999996
      vertex -9.555362428090406 -1.5 24.127311325679642
    endloop
  endfacet
  facet normal 0 1 0
    outer loop
      vertex -14.225 1.5 40.87
      vertex 10 1.5 10
      vertex -9.555362428090406 1.5 25.872688674320358
    endloop
  endfacet
  facet normal 0 -1 0
    outer loop
      vertex -14.225 -1.5 10
      vertex -10 -1.5 10
      vertex 14.225 -1.5 40.87
    endloop
  endfacet
  facet normal 0 1 0
    outer loop
      vertex -10 1.5 10
      vertex -9.447182540694797 1.5 24.2221825406948
      vertex 10 1.5 10
    endloop
  endfacet
  facet normal 0 1 0
    outer loop
      vertex 10 1.5 10
      vertex -9.447182540694797 1.5 24.2221825406948
      vertex -9.35231132567964 1.5 24.330362428090407
    endloop
  endfacet
  facet normal 0 1 0
    outer loop
      vertex 10 1.5 10
      vertex -9.35231132567964 1.5 24.330362428090407
      vertex -9.272372055837117 1.5 24.45
    endloop
  endfacet
  facet normal 0 1 0
    outer loop
      vertex 10 1.5 10
      vertex -9.272372055837117 1.5 24.45
      vertex -9.208732514237584 1.5 24.579048224398402
    endloop
  endfacet
  facet normal 0 1 0
    outer loop
      vertex 10 1.5 10
      vertex -9.208732514237584 1.5 24.579048224398402
      vertex -9.162481591082024 1.5 24.715299050387227
    endloop
  endfacet
  facet normal 0 1 0
    outer loop
      vertex 10 1.5 10
      vertex -9.162481591082024 1.5 24.715299050387227
      vertex -9.134410652488809 1.5 24.856421188557942
    endloop
  endfacet
  facet normal 0 1 0
    outer loop
      vertex 10 1.5 10
      vertex -9.134410652488809 1.5 24.856421188557942
      vertex -9.125 1.5 25
    endloop
  endfacet
  facet normal 0 1 0
    outer loop
      vertex 10 1.5 10
      vertex -9.272372055837117 1.5 25.55
      vertex -9.35231132567964 1.5 25.669637571909593
    endloop
  endfacet
  facet normal 0 1 0
    outer loop
      vertex 10 1.5 10
      vertex -9.162481591082024 1.5 25.284700949612773
      vertex -9.208732514237584 1.5 25.420951775601598
    endloop
  endfacet
  facet normal 0 1 0
    outer loop
      vertex 10 1.5 10
      vertex -9.208732514237584 1.5 25.420951775601598
      vertex -9.272372055837117 1.5 25.55
    endloop
  endfacet
  facet normal 0 1 0
    outer loop
      vertex 10 1.5 10
      vertex -9.125 1.5 25
      vertex -9.134410652488809 1.5 25.143578811442058
    endloop
  endfacet
  facet normal 0 1 0
    outer loop
      vertex 10 1.5 10
      vertex -9.134410652488809 1.5 25.143578811442058
      vertex -9.162481591082024 1.5 25.284700949612773
    endloop
  endfacet
  facet normal 0 1 0
    outer loop
      vertex 10 1.5 10
      vertex -9.447182540694797 1.5 25.7778174593052
      vertex -9.555362428090406 1.5 25.872688674320358
    endloop
  endfacet
  facet normal 0 1 0
    outer loop
      vertex 10 1.5 10
      vertex -9.35231132567964 1.5 25.669637571909593
      vertex -9.447182540694797 1.5 25.7778174593052
    endloop
  endfacet
  facet normal 0 0 1
    outer loop
      vertex -14.225 -1.5 40.87
      vertex 14.225 -1.5 40.87
      vertex -14.225 1.5 40.87
    endloop
  endfacet
  facet normal 0 1 0
    outer loop
      vertex -14.225 1.5 40.87
      vertex -10.894637571909593 1.5 37.99731132567964
      vertex 14.225 1.5 10
    endloop
  endfacet
  facet normal 0 1 0
    outer loop
      vertex -10.368578811442056 1.5 37.77941065248881
      vertex 9.272372055837117 1.5 24.45
      vertex -10.509700949612773 1.5 37.80748159108202
    endloop
  endfacet
  facet normal 0 1 0
    outer loop
      vertex -10.225 1.5 37.769999999999996
      vertex 9.208732514237584 1.5 24.579048224398402
      vertex -10.368578811442056 1.5 37.77941065248881
    endloop
  endfacet
  facet normal 0 1 0
    outer loop
      vertex -10.081421188557943 1.5 37.77941065248881
      vertex 9.162481591082024 1.5 24.715299050387227
      vertex -10.225 1.5 37.769999999999996
    endloop
  endfacet
  facet normal 0 1 0
    outer loop
      vertex -9.940299050387226 1.5 37.80748159108202
      vertex 9.134410652488809 1.5 24.856421188557942
      vertex -10.081421188557943 1.5 37.77941065248881
    endloop
  endfacet
  facet normal 0 -1 0
    outer loop
      vertex -9.555362428090406 -1.5 24.127311325679642
      vertex 10.225 -1.5 37.769999999999996
      vertex -9.447182540694797 -1.5 24.2221825406948
    endloop
  endfacet
  facet normal 0 -1 0
    outer loop
      vertex -9.35231132567964 -1.5 24.330362428090407
      vertex -9.447182540694797 -1.5 24.2221825406948
      vertex 10.225 -1.5 37.769999999999996
    endloop
  endfacet
  facet normal 0 -1 0
    outer loop
      vertex -9.272372055837117 -1.5 24.45
      vertex -9.35231132567964 -1.5 24.330362428090407
      vertex 10.225 -1.5 37.769999999999996
    endloop
  endfacet
  facet normal 0 -1 0
    outer loop
      vertex -9.208732514237584 -1.5 24.579048224398402
      vertex -9.272372055837117 -1.5 24.45
      vertex 10.225 -1.5 37.769999999999996
    endloop
  endfacet
  facet normal 0 -1 0
    outer loop
      vertex -9.272372055837117 -1.5 25.55
      vertex -9.208732514237584 -1.5 25.420951775601598
      vertex 9.35231132567964 -1.5 38.20036242809041
    endloop
  endfacet
  facet normal 0 -1 0
    outer loop
      vertex -9.162481591082024 -1.5 25.284700949612773
      vertex -9.134410652488809 -1.5 25.143578811442058
      vertex 9.555362428090406 -1.5 37.99731132567964
    endloop
  endfacet
  facet normal 0 -1 0
    outer loop
      vertex -9.208732514237584 -1.5 25.420951775601598
      vertex -9.162481591082024 -1.5 25.284700949612773
      vertex 9.447182540694797 -1.5 38.09218254069479
    endloop
  endfacet
  facet normal 0 -1 0
    outer loop
      vertex -9.134410652488809 -1.5 24.856421188557942
      vertex -9.162481591082024 -1.5 24.715299050387227
      vertex 9.940299050387226 -1.5 37.80748159108202
    endloop
  endfacet
  facet normal 0 -1 0
    outer loop
      vertex -9.134410652488809 -1.5 25.143578811442058
      vertex -9.125 -1.5 25
      vertex 9.674999999999999 -1.5 37.91737205583711
    endloop
  endfacet
  facet normal 0 -1 0
    outer loop
      vertex -9.125 -1.5 25
      vertex -9.134410652488809 -1.5 24.856421188557942
      vertex 9.8040482243984 -1.5 37.853732514237585
    endloop
  endfacet
  facet normal 0 -1 0
    outer loop
      vertex -9.162481591082024 -1.5 24.715299050387227
      vertex -9.208732514237584 -1.5 24.579048224398402
      vertex 10.081421188557943 -1.5 37.77941065248881
    endloop
  endfacet
  facet normal 0 -1 0
    outer loop
      vertex -9.35231132567964 -1.5 25.669637571909593
      vertex -9.272372055837117 -1.5 25.55
      vertex 9.35231132567964 -1.5 38.20036242809041
    endloop
  endfacet
  facet normal 0 -1 0
    outer loop
      vertex -9.35231132567964 -1.5 25.669637571909593
      vertex 9.272372055837117 -1.5 38.32
      vertex -9.35231132567964 -1.5 38.20036242809041
    endloop
  endfacet
  facet normal 0 -1 0
    outer loop
      vertex -9.272372055837117 -1.5 38.32
      vertex -9.35231132567964 -1.5 38.20036242809041
      vertex 9.272372055837117 -1.5 38.32
    endloop
  endfacet
  facet normal 0 -1 0
    outer loop
      vertex -9.208732514237584 -1.5 38.449048224398396
      vertex -9.272372055837117 -1.5 38.32
      vertex 9.208732514237584 -1.5 38.449048224398396
    endloop
  endfacet
  facet normal 0 -1 0
    outer loop
      vertex -9.162481591082024 -1.5 38.58529905038723
      vertex -9.208732514237584 -1.5 38.449048224398396
      vertex 9.162481591082024 -1.5 38.58529905038723
    endloop
  endfacet
  facet normal 0 -1 0
    outer loop
      vertex -9.134410652488809 -1.5 38.72642118855794
      vertex -9.162481591082024 -1.5 38.58529905038723
      vertex 9.134410652488809 -1.5 38.72642118855794
    endloop
  endfacet
  facet normal 0 -1 0
    outer loop
      vertex -9.125 -1.5 38.87
      vertex -9.134410652488809 -1.5 38.72642118855794
      vertex 9.125 -1.5 38.87
    endloop
  endfacet
  facet normal 0 -1 0
    outer loop
      vertex -9.134410652488809 -1.5 39.01357881144205
      vertex -9.125 -1.5 38.87
      vertex 9.134410652488809 -1.5 39.01357881144205
    endloop
  endfacet
  facet normal 0 -1 0
    outer loop
      vertex -9.162481591082024 -1.5 39.15470094961277
      vertex -9.134410652488809 -1.5 39.01357881144205
      vertex 9.162481591082024 -1.5 39.15470094961277
    endloop
  endfacet
  facet normal 0 -1 0
    outer loop
      vertex -9.674999999999999 -1.5 39.82262794416288
      vertex 9.8040482243984 -1.5 39.88626748576241
      vertex -9.8040482243984 -1.5 39.88626748576241
    endloop
  endfacet
  facet normal 0 -1 0
    outer loop
      vertex -9.8040482243984 -1.5 39.88626748576241
      vertex 9.940299050387226 -1.5 39.93251840891797
      vertex -9.940299050387226 -1.5 39.93251840891797
    endloop
  endfacet
  facet normal 0 -1 0
    outer loop
      vertex -9.555362428090406 -1.5 39.742688674320355
      vertex 9.674999999999999 -1.5 39.82262794416288
      vertex -9.674999999999999 -1.5 39.82262794416288
    endloop
  endfacet
  facet normal 0 -1 0
    outer loop
      vertex -9.447182540694797 -1.5 39.6478174593052
      vertex -9.35231132567964 -1.5 39.53963757190959
      vertex 9.447182540694797 -1.5 39.6478174593052
    endloop
  endfacet
  facet normal 0 -1 0
    outer loop
      vertex -9.447182540694797 -1.5 39.6478174593052
      vertex 9.555362428090406 -1.5 39.742688674320355
      vertex -9.555362428090406 -1.5 39.742688674320355
    endloop
  endfacet
  facet normal 0 -1 0
    outer loop
      vertex -14.225 -1.5 40.87
      vertex -10.225 -1.5 39.97
      vertex 14.225 -1.5 40.87
    endloop
  endfacet
  facet normal 0 -1 0
    outer loop
      vertex -9.272372055837117 -1.5 39.419999999999995
      vertex -9.208732514237584 -1.5 39.2909517756016
      vertex 9.272372055837117 -1.5 39.419999999999995
    endloop
  endfacet
  facet normal 0 -1 0
    outer loop
      vertex -9.208732514237584 -1.5 39.2909517756016
      vertex -9.162481591082024 -1.5 39.15470094961277
      vertex 9.208732514237584 -1.5 39.2909517756016
    endloop
  endfacet
  facet normal 0 -1 0
    outer loop
      vertex -9.35231132567964 -1.5 39.53963757190959
      vertex -9.272372055837117 -1.5 39.419999999999995
      vertex 9.35231132567964 -1.5 39.53963757190959
    endloop
  endfacet
  facet normal 0 -1 0
    outer loop
      vertex 14.225 -1.5 40.87
      vertex -10.225 -1.5 39.97
      vertex -10.081421188557943 -1.5 39.96058934751119
    endloop
  endfacet
  facet normal 0 -1 0
    outer loop
      vertex 14.225 -1.5 40.87
      vertex -10.081421188557943 -1.5 39.96058934751119
      vertex -9.940299050387226 -1.5 39.93251840891797
    endloop
  endfacet
  facet normal 0 1 0
    outer loop
      vertex 14.225 1.5 10
      vertex -10.894637571909593 1.5 37.99731132567964
      vertex -10.775 1.5 37.91737205583711
    endloop
  endfacet
  facet normal 0 1 0
    outer loop
      vertex 14.225 1.5 10
      vertex -10.775 1.5 37.91737205583711
      vertex -10.645951775601599 1.5 37.853732514237585
    endloop
  endfacet
  facet normal 0 1 0
    outer loop
      vertex 14.225 1.5 10
      vertex -10.645951775601599 1.5 37.853732514237585
      vertex -10.509700949612773 1.5 37.80748159108202
    endloop
  endfacet
  facet normal 0 1 0
    outer loop
      vertex -9.8040482243984 1.5 37.853732514237585
      vertex 9.125 1.5 25
      vertex -9.940299050387226 1.5 37.80748159108202
    endloop
  endfacet
  facet normal 0 1 0
    outer loop
      vertex -9.674999999999999 1.5 37.91737205583711
      vertex 9.134410652488809 1.5 25.143578811442058
      vertex -9.8040482243984 1.5 37.853732514237585
    endloop
  endfacet
  facet normal 0 1 0
    outer loop
      vertex -9.555362428090406 1.5 37.99731132567964
      vertex 9.162481591082024 1.5 25.284700949612773
      vertex -9.674999999999999 1.5 37.91737205583711
    endloop
  endfacet
  facet normal 0 1 0
    outer loop
      vertex -9.447182540694797 1.5 38.09218254069479
      vertex 9.208732514237584 1.5 25.420951775601598
      vertex -9.555362428090406 1.5 37.99731132567964
    endloop
  endfacet
  facet normal 0 1 0
    outer loop
      vertex -9.447182540694797 1.5 38.09218254069479
      vertex -9.35231132567964 1.5 38.20036242809041
      vertex 9.447182540694797 1.5 38.09218254069479
    endloop
  endfacet
  facet normal 0 1 0
    outer loop
      vertex -9.35231132567964 1.5 38.20036242809041
      vertex -9.272372055837117 1.5 38.32
      vertex 9.35231132567964 1.5 38.20036242809041
    endloop
  endfacet
  facet normal 0 1 0
    outer loop
      vertex -9.272372055837117 1.5 38.32
      vertex -9.208732514237584 1.5 38.449048224398396
      vertex 9.272372055837117 1.5 38.32
    endloop
  endfacet
  facet normal 0 1 0
    outer loop
      vertex -9.208732514237584 1.5 38.449048224398396
      vertex -9.162481591082024 1.5 38.58529905038723
      vertex 9.208732514237584 1.5 38.449048224398396
    endloop
  endfacet
  facet normal 0 1 0
    outer loop
      vertex -9.162481591082024 1.5 38.58529905038723
      vertex -9.134410652488809 1.5 38.72642118855794
      vertex 9.162481591082024 1.5 38.58529905038723
    endloop
  endfacet
  facet normal 0 1 0
    outer loop
      vertex -9.134410652488809 1.5 38.72642118855794
      vertex -9.125 1.5 38.87
      vertex 9.134410652488809 1.5 38.72642118855794
    endloop
  endfacet
  facet normal 0 1 0
    outer loop
      vertex -9.125 1.5 38.87
      vertex -9.134410652488809 1.5 39.01357881144205
      vertex 9.125 1.5 38.87
    endloop
  endfacet
  facet normal 0 1 0
    outer loop
      vertex -9.134410652488809 1.5 39.01357881144205
      vertex -9.162481591082024 1.5 39.15470094961277
      vertex 9.134410652488809 1.5 39.01357881144205
    endloop
  endfacet
  facet normal 0 1 0
    outer loop
      vertex -10.225 1.5 39.97
      vertex 10.081421188557943 1.5 39.96058934751119
      vertex -10.081421188557943 1.5 39.96058934751119
    endloop
  endfacet
  facet normal 0 1 0
    outer loop
      vertex -10.081421188557943 1.5 39.96058934751119
      vertex 9.940299050387226 1.5 39.93251840891797
      vertex -9.940299050387226 1.5 39.93251840891797
    endloop
  endfacet
  facet normal 0 1 0
    outer loop
      vertex -9.272372055837117 1.5 39.419999999999995
      vertex -9.35231132567964 1.5 39.53963757190959
      vertex 9.272372055837117 1.5 39.419999999999995
    endloop
  endfacet
  facet normal 0 1 0
    outer loop
      vertex -9.35231132567964 1.5 39.53963757190959
      vertex -9.447182540694797 1.5 39.6478174593052
      vertex 9.35231132567964 1.5 39.53963757190959
    endloop
  endfacet
  facet normal 0 1 0
    outer loop
      vertex -9.674999999999999 1.5 39.82262794416288
      vertex 9.555362428090406 1.5 39.742688674320355
      vertex -9.555362428090406 1.5 39.742688674320355
    endloop
  endfacet
  facet normal 0 1 0
    outer loop
      vertex -9.940299050387226 1.5 39.93251840891797
      vertex 9.8040482243984 1.5 39.88626748576241
      vertex -9.8040482243984 1.5 39.88626748576241
    endloop
  endfacet
  facet normal 0 1 0
    outer loop
      vertex -9.8040482243984 1.5 39.88626748576241
      vertex 9.674999999999999 1.5 39.82262794416288
      vertex -9.674999999999999 1.5 39.82262794416288
    endloop
  endfacet
  facet normal 0 1 0
    outer loop
      vertex -9.555362428090406 1.5 39.742688674320355
      vertex 9.447182540694797 1.5 39.6478174593052
      vertex -9.447182540694797 1.5 39.6478174593052
    endloop
  endfacet
  facet normal 0 1 0
    outer loop
      vertex -14.225 1.5 40.87
      vertex 14.225 1.5 40.87
      vertex -10.225 1.5 39.97
    endloop
  endfacet
  facet normal 0 1 0
    outer loop
      vertex -9.162481591082024 1.5 39.15470094961277
      vertex -9.208732514237584 1.5 39.2909517756016
      vertex 9.162481591082024 1.5 39.15470094961277
    endloop
  endfacet
  facet normal 0 1 0
    outer loop
      vertex -9.208732514237584 1.5 39.2909517756016
      vertex -9.272372055837117 1.5 39.419999999999995
      vertex 9.208732514237584 1.5 39.2909517756016
    endloop
  endfacet
  facet normal 0 0 -1
    outer loop
      vertex 10 -1.5 10
      vertex 14.225 1.5 10
      vertex 14.225 -1.5 10
    endloop
  endfacet
  facet normal 0 0 -1
    outer loop
      vertex 10 -1.5 10
      vertex 10 1.5 10
      vertex 14.225 1.5 10
    endloop
  endfacet
  facet normal 0 -1 0
    outer loop
      vertex -10 -1.5 10
      vertex 10 -1.5 10
      vertex 10.081421188557943 -1.5 23.90941065248881
    endloop
  endfacet
  facet normal 0 -1 0
    outer loop
      vertex -10 -1.5 10
      vertex 9.447182540694797 -1.5 24.2221825406948
      vertex 9.35231132567964 -1.5 24.330362428090407
    endloop
  endfacet
  facet normal 0 -1 0
    outer loop
      vertex -10 -1.5 10
      vertex 9.555362428090406 -1.5 24.127311325679642
      vertex 9.447182540694797 -1.5 24.2221825406948
    endloop
  endfacet
  facet normal 0 -1 0
    outer loop
      vertex -10 -1.5 10
      vertex 9.674999999999999 -1.5 24.04737205583712
      vertex 9.555362428090406 -1.5 24.127311325679642
    endloop
  endfacet
  facet normal 0 -1 0
    outer loop
      vertex -10 -1.5 10
      vertex 9.162481591082024 -1.5 24.715299050387227
      vertex 9.134410652488809 -1.5 24.856421188557942
    endloop
  endfacet
  facet normal 0 -1 0
    outer loop
      vertex -10 -1.5 10
      vertex 9.134410652488809 -1.5 24.856421188557942
      vertex 9.125 -1.5 25
    endloop
  endfacet
  facet normal 0 -1 0
    outer loop
      vertex -10 -1.5 10
      vertex 9.272372055837117 -1.5 24.45
      vertex 9.208732514237584 -1.5 24.579048224398402
    endloop
  endfacet
  facet normal 0 -1 0
    outer loop
      vertex -10 -1.5 10
      vertex 9.208732514237584 -1.5 24.579048224398402
      vertex 9.162481591082024 -1.5 24.715299050387227
    endloop
  endfacet
  facet normal 0 -1 0
    outer loop
      vertex -10 -1.5 10
      vertex 9.35231132567964 -1.5 24.330362428090407
      vertex 9.272372055837117 -1.5 24.45
    endloop
  endfacet
  facet normal 0 -1 0
    outer loop
      vertex -10 -1.5 10
      vertex 9.125 -1.5 25
      vertex 9.134410652488809 -1.5 25.143578811442058
    endloop
  endfacet
  facet normal 0 -1 0
    outer loop
      vertex -10 -1.5 10
      vertex 9.134410652488809 -1.5 25.143578811442058
      vertex 9.162481591082024 -1.5 25.284700949612773
    endloop
  endfacet
  facet normal 0 -1 0
    outer loop
      vertex -10 -1.5 10
      vertex 9.8040482243984 -1.5 23.983732514237584
      vertex 9.674999999999999 -1.5 24.04737205583712
    endloop
  endfacet
  facet normal 0 -1 0
    outer loop
      vertex -10 -1.5 10
      vertex 9.940299050387226 -1.5 23.937481591082026
      vertex 9.8040482243984 -1.5 23.983732514237584
    endloop
  endfacet
  facet normal 0 -1 0
    outer loop
      vertex -10 -1.5 10
      vertex 10.081421188557943 -1.5 23.90941065248881
      vertex 9.940299050387226 -1.5 23.937481591082026
    endloop
  endfacet
  facet normal 0 1 0
    outer loop
      vertex -14.225 1.5 40.87
      vertex 14.225 1.5 10
      vertex 10 1.5 10
    endloop
  endfacet
  facet normal 0 -1 0
    outer loop
      vertex -10 -1.5 10
      vertex 9.162481591082024 -1.5 25.284700949612773
      vertex 14.225 -1.5 40.87
    endloop
  endfacet
  facet normal 0 1 0
    outer loop
      vertex 14.225 1.5 10
      vertex -10.509700949612773 1.5 37.80748159108202
      vertex 9.35231132567964 1.5 24.330362428090407
    endloop
  endfacet
  facet normal 0 -1 0
    outer loop
      vertex -14.225 -1.5 10
      vertex 10.368578811442056 -1.5 37.77941065248881
      vertex 10.225 -1.5 37.769999999999996
    endloop
  endfacet
  facet normal 0 -1 0
    outer loop
      vertex -14.225 -1.5 10
      vertex 10.509700949612773 -1.5 37.80748159108202
      vertex 10.368578811442056 -1.5 37.77941065248881
    endloop
  endfacet
  facet normal 0 -1 0
    outer loop
      vertex -14.225 -1.5 10
      vertex 10.645951775601599 -1.5 37.853732514237585
      vertex 10.509700949612773 -1.5 37.80748159108202
    endloop
  endfacet
  facet normal 0 -1 0
    outer loop
      vertex -14.225 -1.5 10
      vertex 10.775 -1.5 37.91737205583711
      vertex 10.645951775601599 -1.5 37.853732514237585
    endloop
  endfacet
  facet normal 0 -1 0
    outer loop
      vertex -14.225 -1.5 10
      vertex 10.894637571909593 -1.5 37.99731132567964
      vertex 10.775 -1.5 37.91737205583711
    endloop
  endfacet
  facet normal 0 -1 0
    outer loop
      vertex -9.208732514237584 -1.5 25.420951775601598
      vertex 9.447182540694797 -1.5 38.09218254069479
      vertex 9.35231132567964 -1.5 38.20036242809041
    endloop
  endfacet
  facet normal 0 -1 0
    outer loop
      vertex -9.162481591082024 -1.5 25.284700949612773
      vertex 9.555362428090406 -1.5 37.99731132567964
      vertex 9.447182540694797 -1.5 38.09218254069479
    endloop
  endfacet
  facet normal 0 -1 0
    outer loop
      vertex -9.125 -1.5 25
      vertex 9.8040482243984 -1.5 37.853732514237585
      vertex 9.674999999999999 -1.5 37.91737205583711
    endloop
  endfacet
  facet normal 0 -1 0
    outer loop
      vertex -9.134410652488809 -1.5 24.856421188557942
      vertex 9.940299050387226 -1.5 37.80748159108202
      vertex 9.8040482243984 -1.5 37.853732514237585
    endloop
  endfacet
  facet normal 0 -1 0
    outer loop
      vertex -9.134410652488809 -1.5 25.143578811442058
      vertex 9.674999999999999 -1.5 37.91737205583711
      vertex 9.555362428090406 -1.5 37.99731132567964
    endloop
  endfacet
  facet normal 0 -1 0
    outer loop
      vertex -9.35231132567964 -1.5 25.669637571909593
      vertex 9.35231132567964 -1.5 38.20036242809041
      vertex 9.272372055837117 -1.5 38.32
    endloop
  endfacet
  facet normal 0 -1 0
    outer loop
      vertex -9.208732514237584 -1.5 38.449048224398396
      vertex 9.208732514237584 -1.5 38.449048224398396
      vertex 9.162481591082024 -1.5 38.58529905038723
    endloop
  endfacet
  facet normal 0 -1 0
    outer loop
      vertex -9.272372055837117 -1.5 38.32
      vertex 9.272372055837117 -1.5 38.32
      vertex 9.208732514237584 -1.5 38.449048224398396
    endloop
  endfacet
  facet normal 0 -1 0
    outer loop
      vertex -9.162481591082024 -1.5 38.58529905038723
      vertex 9.162481591082024 -1.5 38.58529905038723
      vertex 9.134410652488809 -1.5 38.72642118855794
    endloop
  endfacet
  facet normal 0 -1 0
    outer loop
      vertex -9.134410652488809 -1.5 38.72642118855794
      vertex 9.134410652488809 -1.5 38.72642118855794
      vertex 9.125 -1.5 38.87
    endloop
  endfacet
  facet normal 0 -1 0
    outer loop
      vertex -9.125 -1.5 38.87
      vertex 9.125 -1.5 38.87
      vertex 9.134410652488809 -1.5 39.01357881144205
    endloop
  endfacet
  facet normal 0 -1 0
    outer loop
      vertex -9.134410652488809 -1.5 39.01357881144205
      vertex 9.134410652488809 -1.5 39.01357881144205
      vertex 9.162481591082024 -1.5 39.15470094961277
    endloop
  endfacet
  facet normal 0 -1 0
    outer loop
      vertex -9.162481591082024 -1.5 39.15470094961277
      vertex 9.162481591082024 -1.5 39.15470094961277
      vertex 9.208732514237584 -1.5 39.2909517756016
    endloop
  endfacet
  facet normal 0 -1 0
    outer loop
      vertex -9.208732514237584 -1.5 39.2909517756016
      vertex 9.208732514237584 -1.5 39.2909517756016
      vertex 9.272372055837117 -1.5 39.419999999999995
    endloop
  endfacet
  facet normal 0 -1 0
    outer loop
      vertex -9.272372055837117 -1.5 39.419999999999995
      vertex 9.272372055837117 -1.5 39.419999999999995
      vertex 9.35231132567964 -1.5 39.53963757190959
    endloop
  endfacet
  facet normal 0 -1 0
    outer loop
      vertex -9.35231132567964 -1.5 39.53963757190959
      vertex 9.35231132567964 -1.5 39.53963757190959
      vertex 9.447182540694797 -1.5 39.6478174593052
    endloop
  endfacet
  facet normal 0 -1 0
    outer loop
      vertex -9.447182540694797 -1.5 39.6478174593052
      vertex 9.447182540694797 -1.5 39.6478174593052
      vertex 9.555362428090406 -1.5 39.742688674320355
    endloop
  endfacet
  facet normal 0 -1 0
    outer loop
      vertex -9.555362428090406 -1.5 39.742688674320355
      vertex 9.555362428090406 -1.5 39.742688674320355
      vertex 9.674999999999999 -1.5 39.82262794416288
    endloop
  endfacet
  facet normal 0 -1 0
    outer loop
      vertex -9.674999999999999 -1.5 39.82262794416288
      vertex 9.674999999999999 -1.5 39.82262794416288
      vertex 9.8040482243984 -1.5 39.88626748576241
    endloop
  endfacet
  facet normal 0 -1 0
    outer loop
      vertex -9.8040482243984 -1.5 39.88626748576241
      vertex 9.8040482243984 -1.5 39.88626748576241
      vertex 9.940299050387226 -1.5 39.93251840891797
    endloop
  endfacet
  facet normal 0 1 0
    outer loop
      vertex -10.509700949612773 1.5 37.80748159108202
      vertex 9.272372055837117 1.5 24.45
      vertex 9.35231132567964 1.5 24.330362428090407
    endloop
  endfacet
  facet normal 0 1 0
    outer loop
      vertex -10.368578811442056 1.5 37.77941065248881
      vertex 9.208732514237584 1.5 24.579048224398402
      vertex 9.272372055837117 1.5 24.45
    endloop
  endfacet
  facet normal 0 1 0
    outer loop
      vertex -10.225 1.5 37.769999999999996
      vertex 9.162481591082024 1.5 24.715299050387227
      vertex 9.208732514237584 1.5 24.579048224398402
    endloop
  endfacet
  facet normal 0 1 0
    outer loop
      vertex -10.081421188557943 1.5 37.77941065248881
      vertex 9.134410652488809 1.5 24.856421188557942
      vertex 9.162481591082024 1.5 24.715299050387227
    endloop
  endfacet
  facet normal 0 1 0
    outer loop
      vertex -9.940299050387226 1.5 37.80748159108202
      vertex 9.125 1.5 25
      vertex 9.134410652488809 1.5 24.856421188557942
    endloop
  endfacet
  facet normal 0 1 0
    outer loop
      vertex -9.8040482243984 1.5 37.853732514237585
      vertex 9.134410652488809 1.5 25.143578811442058
      vertex 9.125 1.5 25
    endloop
  endfacet
  facet normal 0 1 0
    outer loop
      vertex -9.674999999999999 1.5 37.91737205583711
      vertex 9.162481591082024 1.5 25.284700949612773
      vertex 9.134410652488809 1.5 25.143578811442058
    endloop
  endfacet
  facet normal 0 1 0
    outer loop
      vertex -9.555362428090406 1.5 37.99731132567964
      vertex 9.208732514237584 1.5 25.420951775601598
      vertex 9.162481591082024 1.5 25.284700949612773
    endloop
  endfacet
  facet normal 0 1 0
    outer loop
      vertex -9.447182540694797 1.5 38.09218254069479
      vertex 9.272372055837117 1.5 25.55
      vertex 9.208732514237584 1.5 25.420951775601598
    endloop
  endfacet
  facet normal 0 1 0
    outer loop
      vertex -9.447182540694797 1.5 38.09218254069479
      vertex 9.35231132567964 1.5 25.669637571909593
      vertex 9.272372055837117 1.5 25.55
    endloop
  endfacet
  facet normal 0 1 0
    outer loop
      vertex -9.447182540694797 1.5 38.09218254069479
      vertex 9.447182540694797 1.5 25.7778174593052
      vertex 9.35231132567964 1.5 25.669637571909593
    endloop
  endfacet
  facet normal 0 1 0
    outer loop
      vertex -9.447182540694797 1.5 38.09218254069479
      vertex 9.447182540694797 1.5 38.09218254069479
      vertex 9.447182540694797 1.5 25.7778174593052
    endloop
  endfacet
  facet normal 0 1 0
    outer loop
      vertex -9.208732514237584 1.5 38.449048224398396
      vertex 9.208732514237584 1.5 38.449048224398396
      vertex 9.272372055837117 1.5 38.32
    endloop
  endfacet
  facet normal 0 1 0
    outer loop
      vertex -9.134410652488809 1.5 38.72642118855794
      vertex 9.134410652488809 1.5 38.72642118855794
      vertex 9.162481591082024 1.5 38.58529905038723
    endloop
  endfacet
  facet normal 0 1 0
    outer loop
      vertex -9.162481591082024 1.5 38.58529905038723
      vertex 9.162481591082024 1.5 38.58529905038723
      vertex 9.208732514237584 1.5 38.449048224398396
    endloop
  endfacet
  facet normal 0 1 0
    outer loop
      vertex -9.125 1.5 38.87
      vertex 9.125 1.5 38.87
      vertex 9.134410652488809 1.5 38.72642118855794
    endloop
  endfacet
  facet normal 0 1 0
    outer loop
      vertex -9.134410652488809 1.5 39.01357881144205
      vertex 9.134410652488809 1.5 39.01357881144205
      vertex 9.125 1.5 38.87
    endloop
  endfacet
  facet normal 0 1 0
    outer loop
      vertex -9.162481591082024 1.5 39.15470094961277
      vertex 9.162481591082024 1.5 39.15470094961277
      vertex 9.134410652488809 1.5 39.01357881144205
    endloop
  endfacet
  facet normal 0 1 0
    outer loop
      vertex -9.35231132567964 1.5 38.20036242809041
      vertex 9.35231132567964 1.5 38.20036242809041
      vertex 9.447182540694797 1.5 38.09218254069479
    endloop
  endfacet
  facet normal 0 1 0
    outer loop
      vertex -9.272372055837117 1.5 38.32
      vertex 9.272372055837117 1.5 38.32
      vertex 9.35231132567964 1.5 38.20036242809041
    endloop
  endfacet
  facet normal 0 1 0
    outer loop
      vertex -9.208732514237584 1.5 39.2909517756016
      vertex 9.208732514237584 1.5 39.2909517756016
      vertex 9.162481591082024 1.5 39.15470094961277
    endloop
  endfacet
  facet normal 0 1 0
    outer loop
      vertex -9.272372055837117 1.5 39.419999999999995
      vertex 9.272372055837117 1.5 39.419999999999995
      vertex 9.208732514237584 1.5 39.2909517756016
    endloop
  endfacet
  facet normal 0 1 0
    outer loop
      vertex -9.35231132567964 1.5 39.53963757190959
      vertex 9.35231132567964 1.5 39.53963757190959
      vertex 9.272372055837117 1.5 39.419999999999995
    endloop
  endfacet
  facet normal 0 1 0
    outer loop
      vertex -9.447182540694797 1.5 39.6478174593052
      vertex 9.447182540694797 1.5 39.6478174593052
      vertex 9.35231132567964 1.5 39.53963757190959
    endloop
  endfacet
  facet normal 0 1 0
    outer loop
      vertex -9.555362428090406 1.5 39.742688674320355
      vertex 9.555362428090406 1.5 39.742688674320355
      vertex 9.447182540694797 1.5 39.6478174593052
    endloop
  endfacet
  facet normal 0 1 0
    outer loop
      vertex -9.674999999999999 1.5 39.82262794416288
      vertex 9.674999999999999 1.5 39.82262794416288
      vertex 9.555362428090406 1.5 39.742688674320355
    endloop
  endfacet
  facet normal 0 1 0
    outer loop
      vertex -9.8040482243984 1.5 39.88626748576241
      vertex 9.8040482243984 1.5 39.88626748576241
      vertex 9.674999999999999 1.5 39.82262794416288
    endloop
  endfacet
  facet normal 0 1 0
    outer loop
      vertex -9.940299050387226 1.5 39.93251840891797
      vertex 9.940299050387226 1.5 39.93251840891797
      vertex 9.8040482243984 1.5 39.88626748576241
    endloop
  endfacet
  facet normal 0 1 0
    outer loop
      vertex -10.081421188557943 1.5 39.96058934751119
      vertex 10.081421188557943 1.5 39.96058934751119
      vertex 9.940299050387226 1.5 39.93251840891797
    endloop
  endfacet
  facet normal 0 1 0
    outer loop
      vertex -10.225 1.5 39.97
      vertex 10.225 1.5 39.97
      vertex 10.081421188557943 1.5 39.96058934751119
    endloop
  endfacet
  facet normal 0 -1 0
    outer loop
      vertex -14.225 -1.5 10
      vertex 14.225 -1.5 40.87
      vertex 10.894637571909593 -1.5 37.99731132567964
    endloop
  endfacet
  facet normal 0 -1 0
    outer loop
      vertex -9.162481591082024 -1.5 24.715299050387227
      vertex 10.081421188557943 -1.5 37.77941065248881
      vertex 9.940299050387226 -1.5 37.80748159108202
    endloop
  endfacet
  facet normal 0 -1 0
    outer loop
      vertex -9.208732514237584 -1.5 24.579048224398402
      vertex 10.225 -1.5 37.769999999999996
      vertex 10.081421188557943 -1.5 37.77941065248881
    endloop
  endfacet
  facet normal 0 -1 0
    outer loop
      vertex 14.225 -1.5 40.87
      vertex -9.940299050387226 -1.5 39.93251840891797
      vertex 9.940299050387226 -1.5 39.93251840891797
    endloop
  endfacet
  facet normal 0 0 1
    outer loop
      vertex -14.225 1.5 40.87
      vertex 14.225 -1.5 40.87
      vertex 14.225 1.5 40.87
    endloop
  endfacet
  facet normal 0 1 0
    outer loop
      vertex 14.225 1.5 40.87
      vertex 10.225 1.5 39.97
      vertex -10.225 1.5 39.97
    endloop
  endfacet
  facet normal 0 -1 0
    outer loop
      vertex 10 -1.5 10
      vertex 10.225 -1.5 23.9
      vertex 10.081421188557943 -1.5 23.90941065248881
    endloop
  endfacet
  facet normal 0 -1 0
    outer loop
      vertex 10 -1.5 10
      vertex 10.368578811442056 -1.5 23.90941065248881
      vertex 10.225 -1.5 23.9
    endloop
  endfacet
  facet normal 0 -1 0
    outer loop
      vertex 10 -1.5 10
      vertex 10.509700949612773 -1.5 23.937481591082026
      vertex 10.368578811442056 -1.5 23.90941065248881
    endloop
  endfacet
  facet normal 0 -1 0
    outer loop
      vertex 10 -1.5 10
      vertex 10.645951775601599 -1.5 23.983732514237584
      vertex 10.509700949612773 -1.5 23.937481591082026
    endloop
  endfacet
  facet normal 0 -1 0
    outer loop
      vertex 10 -1.5 10
      vertex 10.775 -1.5 24.04737205583712
      vertex 10.645951775601599 -1.5 23.983732514237584
    endloop
  endfacet
  facet normal 0 -1 0
    outer loop
      vertex 10 -1.5 10
      vertex 10.894637571909593 -1.5 24.127311325679642
      vertex 10.775 -1.5 24.04737205583712
    endloop
  endfacet
  facet normal 0 -1 0
    outer loop
      vertex 10 -1.5 10
      vertex 11.002817459305202 -1.5 24.2221825406948
      vertex 10.894637571909593 -1.5 24.127311325679642
    endloop
  endfacet
  facet normal 0 -1 0
    outer loop
      vertex 10 -1.5 10
      vertex 11.09768867432036 -1.5 24.330362428090407
      vertex 11.002817459305202 -1.5 24.2221825406948
    endloop
  endfacet
  facet normal 0 -1 0
    outer loop
      vertex 10 -1.5 10
      vertex 11.177627944162882 -1.5 24.45
      vertex 11.09768867432036 -1.5 24.330362428090407
    endloop
  endfacet
  facet normal 0 -1 0
    outer loop
      vertex 10 -1.5 10
      vertex 11.241267485762416 -1.5 24.579048224398402
      vertex 11.177627944162882 -1.5 24.45
    endloop
  endfacet
  facet normal 0 -1 0
    outer loop
      vertex 10 -1.5 10
      vertex 11.287518408917975 -1.5 24.715299050387227
      vertex 11.241267485762416 -1.5 24.579048224398402
    endloop
  endfacet
  facet normal 0 -1 0
    outer loop
      vertex 10 -1.5 10
      vertex 11.31558934751119 -1.5 24.856421188557942
      vertex 11.287518408917975 -1.5 24.715299050387227
    endloop
  endfacet
  facet normal 0 -1 0
    outer loop
      vertex 10 -1.5 10
      vertex 14.225 -1.5 10
      vertex 14.225 -1.5 40.87
    endloop
  endfacet
  facet normal 1 0 0
    outer loop
      vertex 14.225 -1.5 10
      vertex 14.225 1.5 10
      vertex 14.225 -1.5 40.87
    endloop
  endfacet
  facet normal 0 -1 0
    outer loop
      vertex 10 -1.5 10
      vertex 14.225 -1.5 40.87
      vertex 11.31558934751119 -1.5 24.856421188557942
    endloop
  endfacet
  facet normal 0 1 0
    outer loop
      vertex 14.225 1.5 10
      vertex 9.35231132567964 1.5 24.330362428090407
      vertex 9.447182540694797 1.5 24.2221825406948
    endloop
  endfacet
  facet normal 0 1 0
    outer loop
      vertex 14.225 1.5 10
      vertex 9.447182540694797 1.5 24.2221825406948
      vertex 9.555362428090406 1.5 24.127311325679642
    endloop
  endfacet
  facet normal 0 1 0
    outer loop
      vertex 14.225 1.5 10
      vertex 9.555362428090406 1.5 24.127311325679642
      vertex 9.674999999999999 1.5 24.04737205583712
    endloop
  endfacet
  facet normal 0 1 0
    outer loop
      vertex 14.225 1.5 10
      vertex 9.674999999999999 1.5 24.04737205583712
      vertex 9.8040482243984 1.5 23.983732514237584
    endloop
  endfacet
  facet normal 0 1 0
    outer loop
      vertex 14.225 1.5 10
      vertex 9.8040482243984 1.5 23.983732514237584
      vertex 9.940299050387226 1.5 23.937481591082026
    endloop
  endfacet
  facet normal 0 1 0
    outer loop
      vertex 14.225 1.5 10
      vertex 9.940299050387226 1.5 23.937481591082026
      vertex 10.081421188557943 1.5 23.90941065248881
    endloop
  endfacet
  facet normal 0 1 0
    outer loop
      vertex 14.225 1.5 10
      vertex 10.081421188557943 1.5 23.90941065248881
      vertex 10.225 1.5 23.9
    endloop
  endfacet
  facet normal 0 1 0
    outer loop
      vertex 14.225 1.5 10
      vertex 10.225 1.5 23.9
      vertex 10.368578811442056 1.5 23.90941065248881
    endloop
  endfacet
  facet normal 0 1 0
    outer loop
      vertex 14.225 1.5 10
      vertex 10.368578811442056 1.5 23.90941065248881
      vertex 10.509700949612773 1.5 23.937481591082026
    endloop
  endfacet
  facet normal 0 1 0
    outer loop
      vertex 14.225 1.5 10
      vertex 10.509700949612773 1.5 23.937481591082026
      vertex 10.645951775601599 1.5 23.983732514237584
    endloop
  endfacet
  facet normal 0 1 0
    outer loop
      vertex 14.225 1.5 10
      vertex 10.645951775601599 1.5 23.983732514237584
      vertex 10.775 1.5 24.04737205583712
    endloop
  endfacet
  facet normal 0 1 0
    outer loop
      vertex 14.225 1.5 10
      vertex 10.775 1.5 24.04737205583712
      vertex 10.894637571909593 1.5 24.127311325679642
    endloop
  endfacet
  facet normal 0 1 0
    outer loop
      vertex 14.225 1.5 10
      vertex 10.894637571909593 1.5 24.127311325679642
      vertex 11.002817459305202 1.5 24.2221825406948
    endloop
  endfacet
  facet normal 0 1 0
    outer loop
      vertex 14.225 1.5 10
      vertex 11.002817459305202 1.5 24.2221825406948
      vertex 11.09768867432036 1.5 24.330362428090407
    endloop
  endfacet
  facet normal 0 1 0
    outer loop
      vertex 14.225 1.5 10
      vertex 11.09768867432036 1.5 24.330362428090407
      vertex 11.177627944162882 1.5 24.45
    endloop
  endfacet
  facet normal 0 1 0
    outer loop
      vertex 14.225 1.5 10
      vertex 11.177627944162882 1.5 24.45
      vertex 11.241267485762416 1.5 24.579048224398402
    endloop
  endfacet
  facet normal 0 1 0
    outer loop
      vertex 14.225 1.5 10
      vertex 11.241267485762416 1.5 24.579048224398402
      vertex 11.287518408917975 1.5 24.715299050387227
    endloop
  endfacet
  facet normal 0 1 0
    outer loop
      vertex 14.225 1.5 10
      vertex 11.287518408917975 1.5 24.715299050387227
      vertex 11.31558934751119 1.5 24.856421188557942
    endloop
  endfacet
  facet normal 0 1 0
    outer loop
      vertex 14.225 1.5 10
      vertex 11.31558934751119 1.5 24.856421188557942
      vertex 11.325 1.5 25
    endloop
  endfacet
  facet normal 0 1 0
    outer loop
      vertex 14.225 1.5 10
      vertex 11.325 1.5 25
      vertex 11.31558934751119 1.5 25.143578811442058
    endloop
  endfacet
  facet normal 0 1 0
    outer loop
      vertex 14.225 1.5 10
      vertex 11.31558934751119 1.5 25.143578811442058
      vertex 14.225 1.5 40.87
    endloop
  endfacet
  facet normal 0 1 0
    outer loop
      vertex 9.447182540694797 1.5 25.7778174593052
      vertex 9.555362428090406 1.5 37.99731132567964
      vertex 9.555362428090406 1.5 25.872688674320358
    endloop
  endfacet
  facet normal 0 1 0
    outer loop
      vertex 9.555362428090406 1.5 25.872688674320358
      vertex 9.674999999999999 1.5 37.91737205583711
      vertex 9.674999999999999 1.5 25.95262794416288
    endloop
  endfacet
  facet normal 0 1 0
    outer loop
      vertex 9.674999999999999 1.5 25.95262794416288
      vertex 9.8040482243984 1.5 37.853732514237585
      vertex 9.8040482243984 1.5 26.016267485762416
    endloop
  endfacet
  facet normal 0 1 0
    outer loop
      vertex 9.8040482243984 1.5 26.016267485762416
      vertex 9.940299050387226 1.5 37.80748159108202
      vertex 9.940299050387226 1.5 26.062518408917974
    endloop
  endfacet
  facet normal 0 1 0
    outer loop
      vertex 9.940299050387226 1.5 26.062518408917974
      vertex 10.081421188557943 1.5 37.77941065248881
      vertex 10.081421188557943 1.5 26.09058934751119
    endloop
  endfacet
  facet normal 0 1 0
    outer loop
      vertex 10.081421188557943 1.5 26.09058934751119
      vertex 10.225 1.5 37.769999999999996
      vertex 10.225 1.5 26.1
    endloop
  endfacet
  facet normal 0 1 0
    outer loop
      vertex 10.225 1.5 26.1
      vertex 10.368578811442056 1.5 37.77941065248881
      vertex 10.368578811442056 1.5 26.09058934751119
    endloop
  endfacet
  facet normal 0 1 0
    outer loop
      vertex 10.368578811442056 1.5 26.09058934751119
      vertex 10.509700949612773 1.5 37.80748159108202
      vertex 10.509700949612773 1.5 26.062518408917974
    endloop
  endfacet
  facet normal 0 1 0
    outer loop
      vertex 10.509700949612773 1.5 26.062518408917974
      vertex 10.645951775601599 1.5 37.853732514237585
      vertex 10.645951775601599 1.5 26.016267485762416
    endloop
  endfacet
  facet normal 0 1 0
    outer loop
      vertex 9.447182540694797 1.5 25.7778174593052
      vertex 9.447182540694797 1.5 38.09218254069479
      vertex 9.555362428090406 1.5 37.99731132567964
    endloop
  endfacet
  facet normal 0 1 0
    outer loop
      vertex 9.555362428090406 1.5 25.872688674320358
      vertex 9.555362428090406 1.5 37.99731132567964
      vertex 9.674999999999999 1.5 37.91737205583711
    endloop
  endfacet
  facet normal 0 1 0
    outer loop
      vertex 9.674999999999999 1.5 25.95262794416288
      vertex 9.674999999999999 1.5 37.91737205583711
      vertex 9.8040482243984 1.5 37.853732514237585
    endloop
  endfacet
  facet normal 0 1 0
    outer loop
      vertex 9.8040482243984 1.5 26.016267485762416
      vertex 9.8040482243984 1.5 37.853732514237585
      vertex 9.940299050387226 1.5 37.80748159108202
    endloop
  endfacet
  facet normal 0 1 0
    outer loop
      vertex 9.940299050387226 1.5 26.062518408917974
      vertex 9.940299050387226 1.5 37.80748159108202
      vertex 10.081421188557943 1.5 37.77941065248881
    endloop
  endfacet
  facet normal 0 1 0
    outer loop
      vertex 10.081421188557943 1.5 26.09058934751119
      vertex 10.081421188557943 1.5 37.77941065248881
      vertex 10.225 1.5 37.769999999999996
    endloop
  endfacet
  facet normal 0 1 0
    outer loop
      vertex 10.225 1.5 26.1
      vertex 10.225 1.5 37.769999999999996
      vertex 10.368578811442056 1.5 37.77941065248881
    endloop
  endfacet
  facet normal 0 1 0
    outer loop
      vertex 10.368578811442056 1.5 26.09058934751119
      vertex 10.368578811442056 1.5 37.77941065248881
      vertex 10.509700949612773 1.5 37.80748159108202
    endloop
  endfacet
  facet normal 0 1 0
    outer loop
      vertex 10.509700949612773 1.5 26.062518408917974
      vertex 10.509700949612773 1.5 37.80748159108202
      vertex 10.645951775601599 1.5 37.853732514237585
    endloop
  endfacet
  facet normal 0 -1 0
    outer loop
      vertex 14.225 -1.5 40.87
      vertex 9.162481591082024 -1.5 25.284700949612773
      vertex 9.208732514237584 -1.5 25.420951775601598
    endloop
  endfacet
  facet normal 0 -1 0
    outer loop
      vertex 14.225 -1.5 40.87
      vertex 9.208732514237584 -1.5 25.420951775601598
      vertex 9.272372055837117 -1.5 25.55
    endloop
  endfacet
  facet normal 0 -1 0
    outer loop
      vertex 14.225 -1.5 40.87
      vertex 11.177627944162882 -1.5 25.55
      vertex 11.241267485762416 -1.5 25.420951775601598
    endloop
  endfacet
  facet normal 0 -1 0
    outer loop
      vertex 14.225 -1.5 40.87
      vertex 11.287518408917975 -1.5 25.284700949612773
      vertex 11.31558934751119 -1.5 25.143578811442058
    endloop
  endfacet
  facet normal 0 -1 0
    outer loop
      vertex 14.225 -1.5 40.87
      vertex 11.325 -1.5 25
      vertex 11.31558934751119 -1.5 24.856421188557942
    endloop
  endfacet
  facet normal 0 -1 0
    outer loop
      vertex 14.225 -1.5 40.87
      vertex 11.31558934751119 -1.5 25.143578811442058
      vertex 11.325 -1.5 25
    endloop
  endfacet
  facet normal 0 -1 0
    outer loop
      vertex 14.225 -1.5 40.87
      vertex 11.241267485762416 -1.5 25.420951775601598
      vertex 11.287518408917975 -1.5 25.284700949612773
    endloop
  endfacet
  facet normal 0 -1 0
    outer loop
      vertex 14.225 -1.5 40.87
      vertex 9.272372055837117 -1.5 25.55
      vertex 9.35231132567964 -1.5 25.669637571909593
    endloop
  endfacet
  facet normal 0 -1 0
    outer loop
      vertex 14.225 -1.5 40.87
      vertex 9.35231132567964 -1.5 25.669637571909593
      vertex 9.447182540694797 -1.5 25.7778174593052
    endloop
  endfacet
  facet normal 0 -1 0
    outer loop
      vertex 14.225 -1.5 40.87
      vertex 9.447182540694797 -1.5 25.7778174593052
      vertex 9.555362428090406 -1.5 25.872688674320358
    endloop
  endfacet
  facet normal 0 -1 0
    outer loop
      vertex 14.225 -1.5 40.87
      vertex 9.555362428090406 -1.5 25.872688674320358
      vertex 9.674999999999999 -1.5 25.95262794416288
    endloop
  endfacet
  facet normal 0 -1 0
    outer loop
      vertex 14.225 -1.5 40.87
      vertex 9.674999999999999 -1.5 25.95262794416288
      vertex 9.8040482243984 -1.5 26.016267485762416
    endloop
  endfacet
  facet normal 0 -1 0
    outer loop
      vertex 14.225 -1.5 40.87
      vertex 9.8040482243984 -1.5 26.016267485762416
      vertex 9.940299050387226 -1.5 26.062518408917974
    endloop
  endfacet
  facet normal 0 -1 0
    outer loop
      vertex 14.225 -1.5 40.87
      vertex 9.940299050387226 -1.5 26.062518408917974
      vertex 10.081421188557943 -1.5 26.09058934751119
    endloop
  endfacet
  facet normal 0 -1 0
    outer loop
      vertex 14.225 -1.5 40.87
      vertex 10.081421188557943 -1.5 26.09058934751119
      vertex 10.225 -1.5 26.1
    endloop
  endfacet
  facet normal 0 -1 0
    outer loop
      vertex 14.225 -1.5 40.87
      vertex 10.225 -1.5 26.1
      vertex 10.368578811442056 -1.5 26.09058934751119
    endloop
  endfacet
  facet normal 0 -1 0
    outer loop
      vertex 14.225 -1.5 40.87
      vertex 10.368578811442056 -1.5 26.09058934751119
      vertex 10.509700949612773 -1.5 26.062518408917974
    endloop
  endfacet
  facet normal 0 -1 0
    outer loop
      vertex 14.225 -1.5 40.87
      vertex 10.509700949612773 -1.5 26.062518408917974
      vertex 10.645951775601599 -1.5 26.016267485762416
    endloop
  endfacet
  facet normal 0 -1 0
    outer loop
      vertex 14.225 -1.5 40.87
      vertex 10.645951775601599 -1.5 26.016267485762416
      vertex 10.775 -1.5 25.95262794416288
    endloop
  endfacet
  facet normal 0 -1 0
    outer loop
      vertex 14.225 -1.5 40.87
      vertex 10.775 -1.5 25.95262794416288
      vertex 10.894637571909593 -1.5 25.872688674320358
    endloop
  endfacet
  facet normal 0 -1 0
    outer loop
      vertex 14.225 -1.5 40.87
      vertex 10.894637571909593 -1.5 25.872688674320358
      vertex 11.002817459305202 -1.5 25.7778174593052
    endloop
  endfacet
  facet normal 0 -1 0
    outer loop
      vertex 14.225 -1.5 40.87
      vertex 11.002817459305202 -1.5 25.7778174593052
      vertex 11.09768867432036 -1.5 25.669637571909593
    endloop
  endfacet
  facet normal 0 -1 0
    outer loop
      vertex 14.225 -1.5 40.87
      vertex 11.09768867432036 -1.5 25.669637571909593
      vertex 11.177627944162882 -1.5 25.55
    endloop
  endfacet
  facet normal 0 -1 0
    outer loop
      vertex 14.225 -1.5 40.87
      vertex 9.940299050387226 -1.5 39.93251840891797
      vertex 10.081421188557943 -1.5 39.96058934751119
    endloop
  endfacet
  facet normal 0 -1 0
    outer loop
      vertex 14.225 -1.5 40.87
      vertex 10.081421188557943 -1.5 39.96058934751119
      vertex 10.225 -1.5 39.97
    endloop
  endfacet
  facet normal 0 -1 0
    outer loop
      vertex 14.225 -1.5 40.87
      vertex 11.002817459305202 -1.5 38.09218254069479
      vertex 10.894637571909593 -1.5 37.99731132567964
    endloop
  endfacet
  facet normal 0 -1 0
    outer loop
      vertex 14.225 -1.5 40.87
      vertex 11.09768867432036 -1.5 38.20036242809041
      vertex 11.002817459305202 -1.5 38.09218254069479
    endloop
  endfacet
  facet normal 0 -1 0
    outer loop
      vertex 14.225 -1.5 40.87
      vertex 11.177627944162882 -1.5 38.32
      vertex 11.09768867432036 -1.5 38.20036242809041
    endloop
  endfacet
  facet normal 0 -1 0
    outer loop
      vertex 14.225 -1.5 40.87
      vertex 10.225 -1.5 39.97
      vertex 10.368578811442056 -1.5 39.96058934751119
    endloop
  endfacet
  facet normal 0 -1 0
    outer loop
      vertex 14.225 -1.5 40.87
      vertex 10.368578811442056 -1.5 39.96058934751119
      vertex 10.509700949612773 -1.5 39.93251840891797
    endloop
  endfacet
  facet normal 0 -1 0
    outer loop
      vertex 14.225 -1.5 40.87
      vertex 10.509700949612773 -1.5 39.93251840891797
      vertex 10.645951775601599 -1.5 39.88626748576241
    endloop
  endfacet
  facet normal 0 -1 0
    outer loop
      vertex 14.225 -1.5 40.87
      vertex 10.645951775601599 -1.5 39.88626748576241
      vertex 10.775 -1.5 39.82262794416288
    endloop
  endfacet
  facet normal 0 -1 0
    outer loop
      vertex 14.225 -1.5 40.87
      vertex 10.775 -1.5 39.82262794416288
      vertex 10.894637571909593 -1.5 39.742688674320355
    endloop
  endfacet
  facet normal 0 -1 0
    outer loop
      vertex 14.225 -1.5 40.87
      vertex 11.241267485762416 -1.5 38.449048224398396
      vertex 11.177627944162882 -1.5 38.32
    endloop
  endfacet
  facet normal 0 -1 0
    outer loop
      vertex 14.225 -1.5 40.87
      vertex 11.09768867432036 -1.5 39.53963757190959
      vertex 11.177627944162882 -1.5 39.419999999999995
    endloop
  endfacet
  facet normal 0 -1 0
    outer loop
      vertex 14.225 -1.5 40.87
      vertex 11.177627944162882 -1.5 39.419999999999995
      vertex 11.241267485762416 -1.5 39.2909517756016
    endloop
  endfacet
  facet normal 0 -1 0
    outer loop
      vertex 14.225 -1.5 40.87
      vertex 11.287518408917975 -1.5 38.58529905038723
      vertex 11.241267485762416 -1.5 38.449048224398396
    endloop
  endfacet
  facet normal 0 -1 0
    outer loop
      vertex 14.225 -1.5 40.87
      vertex 11.31558934751119 -1.5 38.72642118855794
      vertex 11.287518408917975 -1.5 38.58529905038723
    endloop
  endfacet
  facet normal 0 -1 0
    outer loop
      vertex 14.225 -1.5 40.87
      vertex 11.325 -1.5 38.87
      vertex 11.31558934751119 -1.5 38.72642118855794
    endloop
  endfacet
  facet normal 0 -1 0
    outer loop
      vertex 14.225 -1.5 40.87
      vertex 11.31558934751119 -1.5 39.01357881144205
      vertex 11.325 -1.5 38.87
    endloop
  endfacet
  facet normal 0 -1 0
    outer loop
      vertex 14.225 -1.5 40.87
      vertex 11.287518408917975 -1.5 39.15470094961277
      vertex 11.31558934751119 -1.5 39.01357881144205
    endloop
  endfacet
  facet normal 0 -1 0
    outer loop
      vertex 14.225 -1.5 40.87
      vertex 11.241267485762416 -1.5 39.2909517756016
      vertex 11.287518408917975 -1.5 39.15470094961277
    endloop
  endfacet
  facet normal 0 -1 0
    outer loop
      vertex 14.225 -1.5 40.87
      vertex 10.894637571909593 -1.5 39.742688674320355
      vertex 11.002817459305202 -1.5 39.6478174593052
    endloop
  endfacet
  facet normal 0 -1 0
    outer loop
      vertex 14.225 -1.5 40.87
      vertex 11.002817459305202 -1.5 39.6478174593052
      vertex 11.09768867432036 -1.5 39.53963757190959
    endloop
  endfacet
  facet normal 0 1 0
    outer loop
      vertex 10.645951775601599 1.5 26.016267485762416
      vertex 10.775 1.5 37.91737205583711
      vertex 10.775 1.5 25.95262794416288
    endloop
  endfacet
  facet normal 0 1 0
    outer loop
      vertex 10.775 1.5 25.95262794416288
      vertex 10.894637571909593 1.5 37.99731132567964
      vertex 10.894637571909593 1.5 25.872688674320358
    endloop
  endfacet
  facet normal 0 1 0
    outer loop
      vertex 10.894637571909593 1.5 25.872688674320358
      vertex 11.002817459305202 1.5 38.09218254069479
      vertex 11.002817459305202 1.5 25.7778174593052
    endloop
  endfacet
  facet normal 0 1 0
    outer loop
      vertex 11.09768867432036 1.5 25.669637571909593
      vertex 11.002817459305202 1.5 25.7778174593052
      vertex 11.09768867432036 1.5 38.20036242809041
    endloop
  endfacet
  facet normal 0 1 0
    outer loop
      vertex 11.177627944162882 1.5 25.55
      vertex 11.09768867432036 1.5 25.669637571909593
      vertex 11.177627944162882 1.5 38.32
    endloop
  endfacet
  facet normal 0 1 0
    outer loop
      vertex 14.225 1.5 40.87
      vertex 11.241267485762416 1.5 25.420951775601598
      vertex 11.177627944162882 1.5 25.55
    endloop
  endfacet
  facet normal 0 1 0
    outer loop
      vertex 14.225 1.5 40.87
      vertex 11.31558934751119 1.5 25.143578811442058
      vertex 11.287518408917975 1.5 25.284700949612773
    endloop
  endfacet
  facet normal 0 1 0
    outer loop
      vertex 14.225 1.5 40.87
      vertex 11.287518408917975 1.5 25.284700949612773
      vertex 11.241267485762416 1.5 25.420951775601598
    endloop
  endfacet
  facet normal 0 1 0
    outer loop
      vertex 10.775 1.5 37.91737205583711
      vertex 10.645951775601599 1.5 26.016267485762416
      vertex 10.645951775601599 1.5 37.853732514237585
    endloop
  endfacet
  facet normal 0 1 0
    outer loop
      vertex 10.894637571909593 1.5 37.99731132567964
      vertex 10.775 1.5 25.95262794416288
      vertex 10.775 1.5 37.91737205583711
    endloop
  endfacet
  facet normal 0 1 0
    outer loop
      vertex 11.002817459305202 1.5 38.09218254069479
      vertex 10.894637571909593 1.5 25.872688674320358
      vertex 10.894637571909593 1.5 37.99731132567964
    endloop
  endfacet
  facet normal 0 1 0
    outer loop
      vertex 11.002817459305202 1.5 38.09218254069479
      vertex 11.09768867432036 1.5 38.20036242809041
      vertex 11.002817459305202 1.5 25.7778174593052
    endloop
  endfacet
  facet normal 1 0 0
    outer loop
      vertex 14.225 1.5 10
      vertex 14.225 1.5 40.87
      vertex 14.225 -1.5 40.87
    endloop
  endfacet
  facet normal 0 1 0
    outer loop
      vertex 11.09768867432036 1.5 25.669637571909593
      vertex 11.09768867432036 1.5 38.20036242809041
      vertex 11.177627944162882 1.5 38.32
    endloop
  endfacet
  facet normal 0 1 0
    outer loop
      vertex 11.177627944162882 1.5 25.55
      vertex 11.177627944162882 1.5 38.32
      vertex 11.241267485762416 1.5 38.449048224398396
    endloop
  endfacet
  facet normal 0 1 0
    outer loop
      vertex 14.225 1.5 40.87
      vertex 11.177627944162882 1.5 25.55
      vertex 11.241267485762416 1.5 38.449048224398396
    endloop
  endfacet
  facet normal 0 1 0
    outer loop
      vertex 14.225 1.5 40.87
      vertex 10.368578811442056 1.5 39.96058934751119
      vertex 10.225 1.5 39.97
    endloop
  endfacet
  facet normal 0 1 0
    outer loop
      vertex 14.225 1.5 40.87
      vertex 10.509700949612773 1.5 39.93251840891797
      vertex 10.368578811442056 1.5 39.96058934751119
    endloop
  endfacet
  facet normal 0 1 0
    outer loop
      vertex 14.225 1.5 40.87
      vertex 10.645951775601599 1.5 39.88626748576241
      vertex 10.509700949612773 1.5 39.93251840891797
    endloop
  endfacet
  facet normal 0 1 0
    outer loop
      vertex 14.225 1.5 40.87
      vertex 10.775 1.5 39.82262794416288
      vertex 10.645951775601599 1.5 39.88626748576241
    endloop
  endfacet
  facet normal 0 1 0
    outer loop
      vertex 14.225 1.5 40.87
      vertex 10.894637571909593 1.5 39.742688674320355
      vertex 10.775 1.5 39.82262794416288
    endloop
  endfacet
  facet normal 0 1 0
    outer loop
      vertex 14.225 1.5 40.87
      vertex 11.177627944162882 1.5 39.419999999999995
      vertex 11.09768867432036 1.5 39.53963757190959
    endloop
  endfacet
  facet normal 0 1 0
    outer loop
      vertex 14.225 1.5 40.87
      vertex 11.241267485762416 1.5 39.2909517756016
      vertex 11.177627944162882 1.5 39.419999999999995
    endloop
  endfacet
  facet normal 0 1 0
    outer loop
      vertex 14.225 1.5 40.87
      vertex 11.241267485762416 1.5 38.449048224398396
      vertex 11.287518408917975 1.5 38.58529905038723
    endloop
  endfacet
  facet normal 0 1 0
    outer loop
      vertex 14.225 1.5 40.87
      vertex 11.287518408917975 1.5 38.58529905038723
      vertex 11.31558934751119 1.5 38.72642118855794
    endloop
  endfacet
  facet normal 0 1 0
    outer loop
      vertex 14.225 1.5 40.87
      vertex 11.31558934751119 1.5 38.72642118855794
      vertex 11.325 1.5 38.87
    endloop
  endfacet
  facet normal 0 1 0
    outer loop
      vertex 14.225 1.5 40.87
      vertex 11.325 1.5 38.87
      vertex 11.31558934751119 1.5 39.01357881144205
    endloop
  endfacet
  facet normal 0 1 0
    outer loop
      vertex 14.225 1.5 40.87
      vertex 11.31558934751119 1.5 39.01357881144205
      vertex 11.287518408917975 1.5 39.15470094961277
    endloop
  endfacet
  facet normal 0 1 0
    outer loop
      vertex 14.225 1.5 40.87
      vertex 11.287518408917975 1.5 39.15470094961277
      vertex 11.241267485762416 1.5 39.2909517756016
    endloop
  endfacet
  facet normal 0 1 0
    outer loop
      vertex 14.225 1.5 40.87
      vertex 11.002817459305202 1.5 39.6478174593052
      vertex 10.894637571909593 1.5 39.742688674320355
    endloop
  endfacet
  facet normal 0 1 0
    outer loop
      vertex 14.225 1.5 40.87
      vertex 11.09768867432036 1.5 39.53963757190959
      vertex 11.002817459305202 1.5 39.6478174593052
    endloop
  endfacet
  facet normal 0.9469301294951047 0 0.3214394653031647
    outer loop
      vertex -11.241267485762416 1.5 24.579048224398402
      vertex -11.287518408917975 -1.5 24.715299050387227
      vertex -11.241267485762416 -1.5 24.579048224398402
    endloop
  endfacet
  facet normal 0.8314696123025477 0 0.5555702330195986
    outer loop
      vertex -11.09768867432036 1.5 24.330362428090407
      vertex -11.177627944162882 -1.5 24.45
      vertex -11.09768867432036 -1.5 24.330362428090407
    endloop
  endfacet
  facet normal 0.8968727415326894 0 0.44228869021899936
    outer loop
      vertex -11.177627944162882 1.5 24.45
      vertex -11.241267485762416 -1.5 24.579048224398402
      vertex -11.177627944162882 -1.5 24.45
    endloop
  endfacet
  facet normal 0.9807852804032317 0 0.19509032201612195
    outer loop
      vertex -11.287518408917975 1.5 24.715299050387227
      vertex -11.31558934751119 -1.5 24.856421188557942
      vertex -11.287518408917975 -1.5 24.715299050387227
    endloop
  endfacet
  facet normal 0.9978589232386036 0 0.06540312923014333
    outer loop
      vertex -11.31558934751119 1.5 24.856421188557942
      vertex -11.325 -1.5 25
      vertex -11.31558934751119 -1.5 24.856421188557942
    endloop
  endfacet
  facet normal 0.9978589232386036 0 -0.06540312923014333
    outer loop
      vertex -11.325 1.5 25
      vertex -11.31558934751119 -1.5 25.143578811442058
      vertex -11.325 -1.5 25
    endloop
  endfacet
  facet normal 0.9807852804032317 0 -0.19509032201612195
    outer loop
      vertex -11.31558934751119 1.5 25.143578811442058
      vertex -11.287518408917975 -1.5 25.284700949612773
      vertex -11.31558934751119 -1.5 25.143578811442058
    endloop
  endfacet
  facet normal 0.9469301294951047 0 -0.3214394653031647
    outer loop
      vertex -11.287518408917975 1.5 25.284700949612773
      vertex -11.241267485762416 -1.5 25.420951775601598
      vertex -11.287518408917975 -1.5 25.284700949612773
    endloop
  endfacet
  facet normal 0.8968727415326894 0 -0.44228869021899936
    outer loop
      vertex -11.241267485762416 1.5 25.420951775601598
      vertex -11.177627944162882 -1.5 25.55
      vertex -11.241267485762416 -1.5 25.420951775601598
    endloop
  endfacet
  facet normal 0.659345815100073 0 0.7518398074789737
    outer loop
      vertex -10.894637571909593 1.5 24.127311325679642
      vertex -11.002817459305202 -1.5 24.2221825406948
      vertex -10.894637571909593 -1.5 24.127311325679642
    endloop
  endfacet
  facet normal 0.7518398074789684 0 0.6593458151000791
    outer loop
      vertex -11.09768867432036 -1.5 24.330362428090407
      vertex -11.002817459305202 -1.5 24.2221825406948
      vertex -11.002817459305202 1.5 24.2221825406948
    endloop
  endfacet
  facet normal 0.5555702330195986 0 0.8314696123025477
    outer loop
      vertex -10.775 1.5 24.04737205583712
      vertex -10.894637571909593 -1.5 24.127311325679642
      vertex -10.775 -1.5 24.04737205583712
    endloop
  endfacet
  facet normal 0.4422886902190141 0 0.8968727415326819
    outer loop
      vertex -10.645951775601599 1.5 23.983732514237584
      vertex -10.775 -1.5 24.04737205583712
      vertex -10.645951775601599 -1.5 23.983732514237584
    endloop
  endfacet
  facet normal 0.8314696123025477 0 -0.5555702330195986
    outer loop
      vertex -11.177627944162882 1.5 25.55
      vertex -11.09768867432036 -1.5 25.669637571909593
      vertex -11.177627944162882 -1.5 25.55
    endloop
  endfacet
  facet normal 0.7518398074789684 0 -0.6593458151000791
    outer loop
      vertex -11.09768867432036 1.5 25.669637571909593
      vertex -11.002817459305202 -1.5 25.7778174593052
      vertex -11.09768867432036 -1.5 25.669637571909593
    endloop
  endfacet
  facet normal 0.659345815100073 0 -0.7518398074789737
    outer loop
      vertex -11.002817459305202 -1.5 25.7778174593052
      vertex -11.002817459305202 1.5 25.7778174593052
      vertex -10.894637571909593 -1.5 25.872688674320358
    endloop
  endfacet
  facet normal 0.5555702330195986 0 -0.8314696123025477
    outer loop
      vertex -10.894637571909593 1.5 25.872688674320358
      vertex -10.775 -1.5 25.95262794416288
      vertex -10.894637571909593 -1.5 25.872688674320358
    endloop
  endfacet
  facet normal 0.4422886902190141 0 -0.8968727415326819
    outer loop
      vertex -10.775 1.5 25.95262794416288
      vertex -10.645951775601599 -1.5 26.016267485762416
      vertex -10.775 -1.5 25.95262794416288
    endloop
  endfacet
  facet normal 0.9469301294951047 0 0.3214394653031647
    outer loop
      vertex -11.287518408917975 1.5 24.715299050387227
      vertex -11.287518408917975 -1.5 24.715299050387227
      vertex -11.241267485762416 1.5 24.579048224398402
    endloop
  endfacet
  facet normal 0.8314696123025477 0 0.5555702330195986
    outer loop
      vertex -11.177627944162882 1.5 24.45
      vertex -11.177627944162882 -1.5 24.45
      vertex -11.09768867432036 1.5 24.330362428090407
    endloop
  endfacet
  facet normal 0.8968727415326894 0 0.44228869021899936
    outer loop
      vertex -11.241267485762416 1.5 24.579048224398402
      vertex -11.241267485762416 -1.5 24.579048224398402
      vertex -11.177627944162882 1.5 24.45
    endloop
  endfacet
  facet normal 0.9807852804032317 0 0.19509032201612195
    outer loop
      vertex -11.31558934751119 1.5 24.856421188557942
      vertex -11.31558934751119 -1.5 24.856421188557942
      vertex -11.287518408917975 1.5 24.715299050387227
    endloop
  endfacet
  facet normal 0.9978589232386036 0 0.06540312923014333
    outer loop
      vertex -11.325 1.5 25
      vertex -11.325 -1.5 25
      vertex -11.31558934751119 1.5 24.856421188557942
    endloop
  endfacet
  facet normal 0.9978589232386036 0 -0.06540312923014333
    outer loop
      vertex -11.31558934751119 1.5 25.143578811442058
      vertex -11.31558934751119 -1.5 25.143578811442058
      vertex -11.325 1.5 25
    endloop
  endfacet
  facet normal 0.9807852804032317 0 -0.19509032201612195
    outer loop
      vertex -11.287518408917975 1.5 25.284700949612773
      vertex -11.287518408917975 -1.5 25.284700949612773
      vertex -11.31558934751119 1.5 25.143578811442058
    endloop
  endfacet
  facet normal 0.9469301294951047 0 -0.3214394653031647
    outer loop
      vertex -11.241267485762416 1.5 25.420951775601598
      vertex -11.241267485762416 -1.5 25.420951775601598
      vertex -11.287518408917975 1.5 25.284700949612773
    endloop
  endfacet
  facet normal 0.8968727415326894 0 -0.44228869021899936
    outer loop
      vertex -11.177627944162882 1.5 25.55
      vertex -11.177627944162882 -1.5 25.55
      vertex -11.241267485762416 1.5 25.420951775601598
    endloop
  endfacet
  facet normal 0.659345815100073 0 0.7518398074789737
    outer loop
      vertex -10.894637571909593 1.5 24.127311325679642
      vertex -11.002817459305202 1.5 24.2221825406948
      vertex -11.002817459305202 -1.5 24.2221825406948
    endloop
  endfacet
  facet normal 0.7518398074789684 0 0.6593458151000791
    outer loop
      vertex -11.09768867432036 1.5 24.330362428090407
      vertex -11.09768867432036 -1.5 24.330362428090407
      vertex -11.002817459305202 1.5 24.2221825406948
    endloop
  endfacet
  facet normal 0.5555702330195986 0 0.8314696123025477
    outer loop
      vertex -10.775 1.5 24.04737205583712
      vertex -10.894637571909593 1.5 24.127311325679642
      vertex -10.894637571909593 -1.5 24.127311325679642
    endloop
  endfacet
  facet normal 0.4422886902190141 0 0.8968727415326819
    outer loop
      vertex -10.645951775601599 1.5 23.983732514237584
      vertex -10.775 1.5 24.04737205583712
      vertex -10.775 -1.5 24.04737205583712
    endloop
  endfacet
  facet normal 0.8314696123025477 0 -0.5555702330195986
    outer loop
      vertex -11.09768867432036 1.5 25.669637571909593
      vertex -11.09768867432036 -1.5 25.669637571909593
      vertex -11.177627944162882 1.5 25.55
    endloop
  endfacet
  facet normal 0.7518398074789684 0 -0.6593458151000791
    outer loop
      vertex -11.002817459305202 1.5 25.7778174593052
      vertex -11.002817459305202 -1.5 25.7778174593052
      vertex -11.09768867432036 1.5 25.669637571909593
    endloop
  endfacet
  facet normal 0.659345815100073 0 -0.7518398074789737
    outer loop
      vertex -11.002817459305202 1.5 25.7778174593052
      vertex -10.894637571909593 1.5 25.872688674320358
      vertex -10.894637571909593 -1.5 25.872688674320358
    endloop
  endfacet
  facet normal 0.5555702330195986 0 -0.8314696123025477
    outer loop
      vertex -10.894637571909593 1.5 25.872688674320358
      vertex -10.775 1.5 25.95262794416288
      vertex -10.775 -1.5 25.95262794416288
    endloop
  endfacet
  facet normal 0.4422886902190141 0 -0.8968727415326819
    outer loop
      vertex -10.775 1.5 25.95262794416288
      vertex -10.645951775601599 1.5 26.016267485762416
      vertex -10.645951775601599 -1.5 26.016267485762416
    endloop
  endfacet
  facet normal 0.3214394653031499 0 0.9469301294951097
    outer loop
      vertex -10.509700949612773 1.5 23.937481591082026
      vertex -10.645951775601599 -1.5 23.983732514237584
      vertex -10.509700949612773 -1.5 23.937481591082026
    endloop
  endfacet
  facet normal 0.19509032201613147 0 0.9807852804032298
    outer loop
      vertex -10.368578811442056 1.5 23.90941065248881
      vertex -10.509700949612773 -1.5 23.937481591082026
      vertex -10.368578811442056 -1.5 23.90941065248881
    endloop
  endfacet
  facet normal 0.06540312923015643 0 0.9978589232386026
    outer loop
      vertex -10.225 1.5 23.9
      vertex -10.368578811442056 -1.5 23.90941065248881
      vertex -10.225 -1.5 23.9
    endloop
  endfacet
  facet normal -0.06540312923015643 0 0.9978589232386026
    outer loop
      vertex -10.081421188557943 1.5 23.90941065248881
      vertex -10.225 -1.5 23.9
      vertex -10.081421188557943 -1.5 23.90941065248881
    endloop
  endfacet
  facet normal -0.19509032201613147 0 0.9807852804032298
    outer loop
      vertex -9.940299050387226 1.5 23.937481591082026
      vertex -10.081421188557943 -1.5 23.90941065248881
      vertex -9.940299050387226 -1.5 23.937481591082026
    endloop
  endfacet
  facet normal -0.3214394653031499 0 0.9469301294951097
    outer loop
      vertex -9.8040482243984 1.5 23.983732514237584
      vertex -9.940299050387226 -1.5 23.937481591082026
      vertex -9.8040482243984 -1.5 23.983732514237584
    endloop
  endfacet
  facet normal 0.3214394653031499 0 -0.9469301294951097
    outer loop
      vertex -10.645951775601599 1.5 26.016267485762416
      vertex -10.509700949612773 -1.5 26.062518408917974
      vertex -10.645951775601599 -1.5 26.016267485762416
    endloop
  endfacet
  facet normal 0.19509032201613147 0 -0.9807852804032298
    outer loop
      vertex -10.509700949612773 1.5 26.062518408917974
      vertex -10.368578811442056 -1.5 26.09058934751119
      vertex -10.509700949612773 -1.5 26.062518408917974
    endloop
  endfacet
  facet normal 0.06540312923015643 0 -0.9978589232386026
    outer loop
      vertex -10.368578811442056 1.5 26.09058934751119
      vertex -10.225 -1.5 26.1
      vertex -10.368578811442056 -1.5 26.09058934751119
    endloop
  endfacet
  facet normal -0.06540312923015643 0 -0.9978589232386026
    outer loop
      vertex -10.225 1.5 26.1
      vertex -10.081421188557943 -1.5 26.09058934751119
      vertex -10.225 -1.5 26.1
    endloop
  endfacet
  facet normal -0.19509032201613147 0 -0.9807852804032298
    outer loop
      vertex -10.081421188557943 1.5 26.09058934751119
      vertex -9.940299050387226 -1.5 26.062518408917974
      vertex -10.081421188557943 -1.5 26.09058934751119
    endloop
  endfacet
  facet normal -0.3214394653031499 0 -0.9469301294951097
    outer loop
      vertex -9.940299050387226 1.5 26.062518408917974
      vertex -9.8040482243984 -1.5 26.016267485762416
      vertex -9.940299050387226 -1.5 26.062518408917974
    endloop
  endfacet
  facet normal -0.4422886902190141 0 0.8968727415326819
    outer loop
      vertex -9.674999999999999 1.5 24.04737205583712
      vertex -9.8040482243984 -1.5 23.983732514237584
      vertex -9.674999999999999 -1.5 24.04737205583712
    endloop
  endfacet
  facet normal -0.5555702330195986 0 0.8314696123025477
    outer loop
      vertex -9.555362428090406 1.5 24.127311325679642
      vertex -9.674999999999999 -1.5 24.04737205583712
      vertex -9.555362428090406 -1.5 24.127311325679642
    endloop
  endfacet
  facet normal -0.659345815100073 0 0.7518398074789737
    outer loop
      vertex -9.447182540694797 1.5 24.2221825406948
      vertex -9.555362428090406 -1.5 24.127311325679642
      vertex -9.447182540694797 -1.5 24.2221825406948
    endloop
  endfacet
  facet normal -0.7518398074789684 0 0.6593458151000791
    outer loop
      vertex -9.35231132567964 1.5 24.330362428090407
      vertex -9.447182540694797 -1.5 24.2221825406948
      vertex -9.35231132567964 -1.5 24.330362428090407
    endloop
  endfacet
  facet normal -0.8314696123025477 0 0.5555702330195986
    outer loop
      vertex -9.272372055837117 1.5 24.45
      vertex -9.35231132567964 -1.5 24.330362428090407
      vertex -9.272372055837117 -1.5 24.45
    endloop
  endfacet
  facet normal -0.8968727415326894 0 0.44228869021899936
    outer loop
      vertex -9.208732514237584 1.5 24.579048224398402
      vertex -9.272372055837117 -1.5 24.45
      vertex -9.208732514237584 -1.5 24.579048224398402
    endloop
  endfacet
  facet normal -0.9469301294951047 0 0.3214394653031647
    outer loop
      vertex -9.162481591082024 1.5 24.715299050387227
      vertex -9.208732514237584 -1.5 24.579048224398402
      vertex -9.162481591082024 -1.5 24.715299050387227
    endloop
  endfacet
  facet normal -0.9807852804032317 0 0.19509032201612195
    outer loop
      vertex -9.134410652488809 1.5 24.856421188557942
      vertex -9.162481591082024 -1.5 24.715299050387227
      vertex -9.134410652488809 -1.5 24.856421188557942
    endloop
  endfacet
  facet normal -0.9978589232386036 0 0.06540312923014333
    outer loop
      vertex -9.125 1.5 25
      vertex -9.134410652488809 -1.5 24.856421188557942
      vertex -9.125 -1.5 25
    endloop
  endfacet
  facet normal -0.9978589232386036 0 -0.06540312923014333
    outer loop
      vertex -9.134410652488809 1.5 25.143578811442058
      vertex -9.125 -1.5 25
      vertex -9.134410652488809 -1.5 25.143578811442058
    endloop
  endfacet
  facet normal -0.8968727415326894 0 -0.44228869021899936
    outer loop
      vertex -9.272372055837117 1.5 25.55
      vertex -9.208732514237584 -1.5 25.420951775601598
      vertex -9.272372055837117 -1.5 25.55
    endloop
  endfacet
  facet normal -0.9807852804032317 0 -0.19509032201612195
    outer loop
      vertex -9.162481591082024 1.5 25.284700949612773
      vertex -9.134410652488809 -1.5 25.143578811442058
      vertex -9.162481591082024 -1.5 25.284700949612773
    endloop
  endfacet
  facet normal -0.9469301294951047 0 -0.3214394653031647
    outer loop
      vertex -9.208732514237584 1.5 25.420951775601598
      vertex -9.162481591082024 -1.5 25.284700949612773
      vertex -9.208732514237584 -1.5 25.420951775601598
    endloop
  endfacet
  facet normal -0.5555702330195986 0 -0.8314696123025477
    outer loop
      vertex -9.674999999999999 1.5 25.95262794416288
      vertex -9.555362428090406 -1.5 25.872688674320358
      vertex -9.674999999999999 -1.5 25.95262794416288
    endloop
  endfacet
  facet normal -0.4422886902190141 0 -0.8968727415326819
    outer loop
      vertex -9.8040482243984 1.5 26.016267485762416
      vertex -9.674999999999999 -1.5 25.95262794416288
      vertex -9.8040482243984 -1.5 26.016267485762416
    endloop
  endfacet
  facet normal -0.659345815100073 0 -0.7518398074789737
    outer loop
      vertex -9.555362428090406 1.5 25.872688674320358
      vertex -9.447182540694797 -1.5 25.7778174593052
      vertex -9.555362428090406 -1.5 25.872688674320358
    endloop
  endfacet
  facet normal -0.7518398074789684 0 -0.6593458151000791
    outer loop
      vertex -9.35231132567964 -1.5 25.669637571909593
      vertex -9.447182540694797 -1.5 25.7778174593052
      vertex -9.447182540694797 1.5 25.7778174593052
    endloop
  endfacet
  facet normal -0.8314696123025477 0 -0.5555702330195986
    outer loop
      vertex -9.35231132567964 1.5 25.669637571909593
      vertex -9.272372055837117 -1.5 25.55
      vertex -9.35231132567964 -1.5 25.669637571909593
    endloop
  endfacet
  facet normal 0.3214394653031499 0 0.9469301294951097
    outer loop
      vertex -10.509700949612773 1.5 23.937481591082026
      vertex -10.645951775601599 1.5 23.983732514237584
      vertex -10.645951775601599 -1.5 23.983732514237584
    endloop
  endfacet
  facet normal 0.19509032201613147 0 0.9807852804032298
    outer loop
      vertex -10.368578811442056 1.5 23.90941065248881
      vertex -10.509700949612773 1.5 23.937481591082026
      vertex -10.509700949612773 -1.5 23.937481591082026
    endloop
  endfacet
  facet normal 0.06540312923015643 0 0.9978589232386026
    outer loop
      vertex -10.225 1.5 23.9
      vertex -10.368578811442056 1.5 23.90941065248881
      vertex -10.368578811442056 -1.5 23.90941065248881
    endloop
  endfacet
  facet normal -0.06540312923015643 0 0.9978589232386026
    outer loop
      vertex -10.081421188557943 1.5 23.90941065248881
      vertex -10.225 1.5 23.9
      vertex -10.225 -1.5 23.9
    endloop
  endfacet
  facet normal -0.19509032201613147 0 0.9807852804032298
    outer loop
      vertex -9.940299050387226 1.5 23.937481591082026
      vertex -10.081421188557943 1.5 23.90941065248881
      vertex -10.081421188557943 -1.5 23.90941065248881
    endloop
  endfacet
  facet normal -0.3214394653031499 0 0.9469301294951097
    outer loop
      vertex -9.8040482243984 1.5 23.983732514237584
      vertex -9.940299050387226 1.5 23.937481591082026
      vertex -9.940299050387226 -1.5 23.937481591082026
    endloop
  endfacet
  facet normal 0.3214394653031499 0 -0.9469301294951097
    outer loop
      vertex -10.645951775601599 1.5 26.016267485762416
      vertex -10.509700949612773 1.5 26.062518408917974
      vertex -10.509700949612773 -1.5 26.062518408917974
    endloop
  endfacet
  facet normal 0.19509032201613147 0 -0.9807852804032298
    outer loop
      vertex -10.509700949612773 1.5 26.062518408917974
      vertex -10.368578811442056 1.5 26.09058934751119
      vertex -10.368578811442056 -1.5 26.09058934751119
    endloop
  endfacet
  facet normal 0.06540312923015643 0 -0.9978589232386026
    outer loop
      vertex -10.368578811442056 1.5 26.09058934751119
      vertex -10.225 1.5 26.1
      vertex -10.225 -1.5 26.1
    endloop
  endfacet
  facet normal -0.06540312923015643 0 -0.9978589232386026
    outer loop
      vertex -10.225 1.5 26.1
      vertex -10.081421188557943 1.5 26.09058934751119
      vertex -10.081421188557943 -1.5 26.09058934751119
    endloop
  endfacet
  facet normal -0.19509032201613147 0 -0.9807852804032298
    outer loop
      vertex -10.081421188557943 1.5 26.09058934751119
      vertex -9.940299050387226 1.5 26.062518408917974
      vertex -9.940299050387226 -1.5 26.062518408917974
    endloop
  endfacet
  facet normal -0.3214394653031499 0 -0.9469301294951097
    outer loop
      vertex -9.940299050387226 1.5 26.062518408917974
      vertex -9.8040482243984 1.5 26.016267485762416
      vertex -9.8040482243984 -1.5 26.016267485762416
    endloop
  endfacet
  facet normal -0.4422886902190141 0 0.8968727415326819
    outer loop
      vertex -9.674999999999999 1.5 24.04737205583712
      vertex -9.8040482243984 1.5 23.983732514237584
      vertex -9.8040482243984 -1.5 23.983732514237584
    endloop
  endfacet
  facet normal -0.5555702330195986 0 0.8314696123025477
    outer loop
      vertex -9.555362428090406 1.5 24.127311325679642
      vertex -9.674999999999999 1.5 24.04737205583712
      vertex -9.674999999999999 -1.5 24.04737205583712
    endloop
  endfacet
  facet normal -0.659345815100073 0 0.7518398074789737
    outer loop
      vertex -9.447182540694797 1.5 24.2221825406948
      vertex -9.555362428090406 1.5 24.127311325679642
      vertex -9.555362428090406 -1.5 24.127311325679642
    endloop
  endfacet
  facet normal -0.7518398074789684 0 0.6593458151000791
    outer loop
      vertex -9.447182540694797 1.5 24.2221825406948
      vertex -9.447182540694797 -1.5 24.2221825406948
      vertex -9.35231132567964 1.5 24.330362428090407
    endloop
  endfacet
  facet normal -0.8314696123025477 0 0.5555702330195986
    outer loop
      vertex -9.35231132567964 1.5 24.330362428090407
      vertex -9.35231132567964 -1.5 24.330362428090407
      vertex -9.272372055837117 1.5 24.45
    endloop
  endfacet
  facet normal -0.8968727415326894 0 0.44228869021899936
    outer loop
      vertex -9.272372055837117 1.5 24.45
      vertex -9.272372055837117 -1.5 24.45
      vertex -9.208732514237584 1.5 24.579048224398402
    endloop
  endfacet
  facet normal -0.9469301294951047 0 0.3214394653031647
    outer loop
      vertex -9.208732514237584 1.5 24.579048224398402
      vertex -9.208732514237584 -1.5 24.579048224398402
      vertex -9.162481591082024 1.5 24.715299050387227
    endloop
  endfacet
  facet normal -0.9807852804032317 0 0.19509032201612195
    outer loop
      vertex -9.162481591082024 1.5 24.715299050387227
      vertex -9.162481591082024 -1.5 24.715299050387227
      vertex -9.134410652488809 1.5 24.856421188557942
    endloop
  endfacet
  facet normal -0.9978589232386036 0 0.06540312923014333
    outer loop
      vertex -9.134410652488809 1.5 24.856421188557942
      vertex -9.134410652488809 -1.5 24.856421188557942
      vertex -9.125 1.5 25
    endloop
  endfacet
  facet normal -0.9978589232386036 0 -0.06540312923014333
    outer loop
      vertex -9.125 1.5 25
      vertex -9.125 -1.5 25
      vertex -9.134410652488809 1.5 25.143578811442058
    endloop
  endfacet
  facet normal -0.8968727415326894 0 -0.44228869021899936
    outer loop
      vertex -9.208732514237584 1.5 25.420951775601598
      vertex -9.208732514237584 -1.5 25.420951775601598
      vertex -9.272372055837117 1.5 25.55
    endloop
  endfacet
  facet normal -0.9807852804032317 0 -0.19509032201612195
    outer loop
      vertex -9.134410652488809 1.5 25.143578811442058
      vertex -9.134410652488809 -1.5 25.143578811442058
      vertex -9.162481591082024 1.5 25.284700949612773
    endloop
  endfacet
  facet normal -0.9469301294951047 0 -0.3214394653031647
    outer loop
      vertex -9.162481591082024 1.5 25.284700949612773
      vertex -9.162481591082024 -1.5 25.284700949612773
      vertex -9.208732514237584 1.5 25.420951775601598
    endloop
  endfacet
  facet normal -0.5555702330195986 0 -0.8314696123025477
    outer loop
      vertex -9.674999999999999 1.5 25.95262794416288
      vertex -9.555362428090406 1.5 25.872688674320358
      vertex -9.555362428090406 -1.5 25.872688674320358
    endloop
  endfacet
  facet normal -0.4422886902190141 0 -0.8968727415326819
    outer loop
      vertex -9.8040482243984 1.5 26.016267485762416
      vertex -9.674999999999999 1.5 25.95262794416288
      vertex -9.674999999999999 -1.5 25.95262794416288
    endloop
  endfacet
  facet normal -0.659345815100073 0 -0.7518398074789737
    outer loop
      vertex -9.555362428090406 1.5 25.872688674320358
      vertex -9.447182540694797 1.5 25.7778174593052
      vertex -9.447182540694797 -1.5 25.7778174593052
    endloop
  endfacet
  facet normal -0.7518398074789684 0 -0.6593458151000791
    outer loop
      vertex -9.35231132567964 1.5 25.669637571909593
      vertex -9.35231132567964 -1.5 25.669637571909593
      vertex -9.447182540694797 1.5 25.7778174593052
    endloop
  endfacet
  facet normal -0.8314696123025477 0 -0.5555702330195986
    outer loop
      vertex -9.272372055837117 1.5 25.55
      vertex -9.272372055837117 -1.5 25.55
      vertex -9.35231132567964 1.5 25.669637571909593
    endloop
  endfacet
  facet normal 0.8314696123025477 0 0.5555702330195986
    outer loop
      vertex -11.09768867432036 -1.5 38.20036242809041
      vertex -11.09768867432036 1.5 38.20036242809041
      vertex -11.177627944162882 -1.5 38.32
    endloop
  endfacet
  facet normal 0.9469301294951097 0 0.32143946530314965
    outer loop
      vertex -11.241267485762416 -1.5 38.449048224398396
      vertex -11.241267485762416 1.5 38.449048224398396
      vertex -11.287518408917975 -1.5 38.58529905038723
    endloop
  endfacet
  facet normal 0.9807852804032317 0 0.19509032201612195
    outer loop
      vertex -11.287518408917975 -1.5 38.58529905038723
      vertex -11.287518408917975 1.5 38.58529905038723
      vertex -11.31558934751119 -1.5 38.72642118855794
    endloop
  endfacet
  facet normal 0.8968727415326796 0 0.44228869021901895
    outer loop
      vertex -11.177627944162882 -1.5 38.32
      vertex -11.177627944162882 1.5 38.32
      vertex -11.241267485762416 -1.5 38.449048224398396
    endloop
  endfacet
  facet normal 0.9978589232386034 0 0.06540312923014494
    outer loop
      vertex -11.31558934751119 -1.5 38.72642118855794
      vertex -11.31558934751119 1.5 38.72642118855794
      vertex -11.325 -1.5 38.87
    endloop
  endfacet
  facet normal 0.9978589232386034 0 -0.06540312923014494
    outer loop
      vertex -11.325 -1.5 38.87
      vertex -11.325 1.5 38.87
      vertex -11.31558934751119 -1.5 39.01357881144205
    endloop
  endfacet
  facet normal 0.9807852804032317 0 -0.19509032201612195
    outer loop
      vertex -11.31558934751119 -1.5 39.01357881144205
      vertex -11.31558934751119 1.5 39.01357881144205
      vertex -11.287518408917975 -1.5 39.15470094961277
    endloop
  endfacet
  facet normal 0.7518398074789899 0 0.6593458151000546
    outer loop
      vertex -11.09768867432036 -1.5 38.20036242809041
      vertex -11.002817459305202 -1.5 38.09218254069479
      vertex -11.002817459305202 1.5 38.09218254069479
    endloop
  endfacet
  facet normal 0.6593458151000591 0 0.751839807478986
    outer loop
      vertex -11.002817459305202 -1.5 38.09218254069479
      vertex -10.894637571909593 -1.5 37.99731132567964
      vertex -10.894637571909593 1.5 37.99731132567964
    endloop
  endfacet
  facet normal 0.44228869021897443 0 0.8968727415327016
    outer loop
      vertex -10.775 -1.5 37.91737205583711
      vertex -10.645951775601599 -1.5 37.853732514237585
      vertex -10.645951775601599 1.5 37.853732514237585
    endloop
  endfacet
  facet normal 0.5555702330196156 0 0.8314696123025362
    outer loop
      vertex -10.894637571909593 -1.5 37.99731132567964
      vertex -10.775 -1.5 37.91737205583711
      vertex -10.775 1.5 37.91737205583711
    endloop
  endfacet
  facet normal 0.9469301294951097 0 -0.32143946530314965
    outer loop
      vertex -11.287518408917975 -1.5 39.15470094961277
      vertex -11.287518408917975 1.5 39.15470094961277
      vertex -11.241267485762416 -1.5 39.2909517756016
    endloop
  endfacet
  facet normal 0.8968727415326796 0 -0.44228869021901895
    outer loop
      vertex -11.241267485762416 -1.5 39.2909517756016
      vertex -11.241267485762416 1.5 39.2909517756016
      vertex -11.177627944162882 -1.5 39.419999999999995
    endloop
  endfacet
  facet normal 0.8314696123025477 0 -0.5555702330195986
    outer loop
      vertex -11.177627944162882 -1.5 39.419999999999995
      vertex -11.177627944162882 1.5 39.419999999999995
      vertex -11.09768867432036 -1.5 39.53963757190959
    endloop
  endfacet
  facet normal 0.7518398074789899 0 -0.6593458151000546
    outer loop
      vertex -11.09768867432036 -1.5 39.53963757190959
      vertex -11.09768867432036 1.5 39.53963757190959
      vertex -11.002817459305202 -1.5 39.6478174593052
    endloop
  endfacet
  facet normal 0.6593458151000591 0 -0.751839807478986
    outer loop
      vertex -11.002817459305202 -1.5 39.6478174593052
      vertex -11.002817459305202 1.5 39.6478174593052
      vertex -10.894637571909593 -1.5 39.742688674320355
    endloop
  endfacet
  facet normal 0.5555702330196156 0 -0.8314696123025362
    outer loop
      vertex -10.775 -1.5 39.82262794416288
      vertex -10.894637571909593 -1.5 39.742688674320355
      vertex -10.894637571909593 1.5 39.742688674320355
    endloop
  endfacet
  facet normal 0.44228869021897443 0 -0.8968727415327016
    outer loop
      vertex -10.645951775601599 -1.5 39.88626748576241
      vertex -10.775 -1.5 39.82262794416288
      vertex -10.775 1.5 39.82262794416288
    endloop
  endfacet
  facet normal 0.8314696123025477 0 0.5555702330195986
    outer loop
      vertex -11.177627944162882 -1.5 38.32
      vertex -11.09768867432036 1.5 38.20036242809041
      vertex -11.177627944162882 1.5 38.32
    endloop
  endfacet
  facet normal 0.9807852804032317 0 0.19509032201612195
    outer loop
      vertex -11.31558934751119 -1.5 38.72642118855794
      vertex -11.287518408917975 1.5 38.58529905038723
      vertex -11.31558934751119 1.5 38.72642118855794
    endloop
  endfacet
  facet normal 0.9469301294951097 0 0.32143946530314965
    outer loop
      vertex -11.287518408917975 -1.5 38.58529905038723
      vertex -11.241267485762416 1.5 38.449048224398396
      vertex -11.287518408917975 1.5 38.58529905038723
    endloop
  endfacet
  facet normal 0.8968727415326796 0 0.44228869021901895
    outer loop
      vertex -11.241267485762416 -1.5 38.449048224398396
      vertex -11.177627944162882 1.5 38.32
      vertex -11.241267485762416 1.5 38.449048224398396
    endloop
  endfacet
  facet normal 0.9978589232386034 0 0.06540312923014494
    outer loop
      vertex -11.325 -1.5 38.87
      vertex -11.31558934751119 1.5 38.72642118855794
      vertex -11.325 1.5 38.87
    endloop
  endfacet
  facet normal 0.9978589232386034 0 -0.06540312923014494
    outer loop
      vertex -11.31558934751119 -1.5 39.01357881144205
      vertex -11.325 1.5 38.87
      vertex -11.31558934751119 1.5 39.01357881144205
    endloop
  endfacet
  facet normal 0.9807852804032317 0 -0.19509032201612195
    outer loop
      vertex -11.287518408917975 -1.5 39.15470094961277
      vertex -11.31558934751119 1.5 39.01357881144205
      vertex -11.287518408917975 1.5 39.15470094961277
    endloop
  endfacet
  facet normal 0.7518398074789899 0 0.6593458151000546
    outer loop
      vertex -11.09768867432036 -1.5 38.20036242809041
      vertex -11.002817459305202 1.5 38.09218254069479
      vertex -11.09768867432036 1.5 38.20036242809041
    endloop
  endfacet
  facet normal 0.6593458151000591 0 0.751839807478986
    outer loop
      vertex -11.002817459305202 -1.5 38.09218254069479
      vertex -10.894637571909593 1.5 37.99731132567964
      vertex -11.002817459305202 1.5 38.09218254069479
    endloop
  endfacet
  facet normal 0.5555702330196156 0 0.8314696123025362
    outer loop
      vertex -10.894637571909593 -1.5 37.99731132567964
      vertex -10.775 1.5 37.91737205583711
      vertex -10.894637571909593 1.5 37.99731132567964
    endloop
  endfacet
  facet normal 0.44228869021897443 0 0.8968727415327016
    outer loop
      vertex -10.775 -1.5 37.91737205583711
      vertex -10.645951775601599 1.5 37.853732514237585
      vertex -10.775 1.5 37.91737205583711
    endloop
  endfacet
  facet normal 0.9469301294951097 0 -0.32143946530314965
    outer loop
      vertex -11.241267485762416 -1.5 39.2909517756016
      vertex -11.287518408917975 1.5 39.15470094961277
      vertex -11.241267485762416 1.5 39.2909517756016
    endloop
  endfacet
  facet normal 0.8968727415326796 0 -0.44228869021901895
    outer loop
      vertex -11.177627944162882 -1.5 39.419999999999995
      vertex -11.241267485762416 1.5 39.2909517756016
      vertex -11.177627944162882 1.5 39.419999999999995
    endloop
  endfacet
  facet normal 0.8314696123025477 0 -0.5555702330195986
    outer loop
      vertex -11.09768867432036 -1.5 39.53963757190959
      vertex -11.177627944162882 1.5 39.419999999999995
      vertex -11.09768867432036 1.5 39.53963757190959
    endloop
  endfacet
  facet normal 0.7518398074789899 0 -0.6593458151000546
    outer loop
      vertex -11.002817459305202 -1.5 39.6478174593052
      vertex -11.09768867432036 1.5 39.53963757190959
      vertex -11.002817459305202 1.5 39.6478174593052
    endloop
  endfacet
  facet normal 0.6593458151000591 0 -0.751839807478986
    outer loop
      vertex -10.894637571909593 -1.5 39.742688674320355
      vertex -11.002817459305202 1.5 39.6478174593052
      vertex -10.894637571909593 1.5 39.742688674320355
    endloop
  endfacet
  facet normal 0.5555702330196156 0 -0.8314696123025362
    outer loop
      vertex -10.775 -1.5 39.82262794416288
      vertex -10.894637571909593 1.5 39.742688674320355
      vertex -10.775 1.5 39.82262794416288
    endloop
  endfacet
  facet normal 0.44228869021897443 0 -0.8968727415327016
    outer loop
      vertex -10.645951775601599 -1.5 39.88626748576241
      vertex -10.775 1.5 39.82262794416288
      vertex -10.645951775601599 1.5 39.88626748576241
    endloop
  endfacet
  facet normal 0.32143946530317197 0 0.9469301294951021
    outer loop
      vertex -10.645951775601599 -1.5 37.853732514237585
      vertex -10.509700949612773 -1.5 37.80748159108202
      vertex -10.509700949612773 1.5 37.80748159108202
    endloop
  endfacet
  facet normal 0.19509032201613147 0 0.9807852804032298
    outer loop
      vertex -10.509700949612773 -1.5 37.80748159108202
      vertex -10.368578811442056 -1.5 37.77941065248881
      vertex -10.368578811442056 1.5 37.77941065248881
    endloop
  endfacet
  facet normal 0.06540312923015643 0 0.9978589232386026
    outer loop
      vertex -10.368578811442056 -1.5 37.77941065248881
      vertex -10.225 -1.5 37.769999999999996
      vertex -10.225 1.5 37.769999999999996
    endloop
  endfacet
  facet normal -0.06540312923015643 0 0.9978589232386026
    outer loop
      vertex -10.225 -1.5 37.769999999999996
      vertex -10.081421188557943 -1.5 37.77941065248881
      vertex -10.081421188557943 1.5 37.77941065248881
    endloop
  endfacet
  facet normal -0.19509032201613147 0 0.9807852804032298
    outer loop
      vertex -10.081421188557943 -1.5 37.77941065248881
      vertex -9.940299050387226 -1.5 37.80748159108202
      vertex -9.940299050387226 1.5 37.80748159108202
    endloop
  endfacet
  facet normal -0.32143946530317197 0 0.9469301294951021
    outer loop
      vertex -9.940299050387226 -1.5 37.80748159108202
      vertex -9.8040482243984 -1.5 37.853732514237585
      vertex -9.8040482243984 1.5 37.853732514237585
    endloop
  endfacet
  facet normal 0.32143946530317197 0 -0.9469301294951021
    outer loop
      vertex -10.509700949612773 -1.5 39.93251840891797
      vertex -10.645951775601599 -1.5 39.88626748576241
      vertex -10.645951775601599 1.5 39.88626748576241
    endloop
  endfacet
  facet normal 0.19509032201613147 0 -0.9807852804032298
    outer loop
      vertex -10.368578811442056 -1.5 39.96058934751119
      vertex -10.509700949612773 -1.5 39.93251840891797
      vertex -10.509700949612773 1.5 39.93251840891797
    endloop
  endfacet
  facet normal 0.06540312923015643 0 -0.9978589232386026
    outer loop
      vertex -10.225 -1.5 39.97
      vertex -10.368578811442056 -1.5 39.96058934751119
      vertex -10.368578811442056 1.5 39.96058934751119
    endloop
  endfacet
  facet normal -0.06540312923015643 0 -0.9978589232386026
    outer loop
      vertex -10.081421188557943 -1.5 39.96058934751119
      vertex -10.225 -1.5 39.97
      vertex -10.225 1.5 39.97
    endloop
  endfacet
  facet normal -0.19509032201613147 0 -0.9807852804032298
    outer loop
      vertex -9.940299050387226 -1.5 39.93251840891797
      vertex -10.081421188557943 -1.5 39.96058934751119
      vertex -10.081421188557943 1.5 39.96058934751119
    endloop
  endfacet
  facet normal -0.32143946530317197 0 -0.9469301294951021
    outer loop
      vertex -9.8040482243984 -1.5 39.88626748576241
      vertex -9.940299050387226 -1.5 39.93251840891797
      vertex -9.940299050387226 1.5 39.93251840891797
    endloop
  endfacet
  facet normal -0.44228869021897443 0 0.8968727415327016
    outer loop
      vertex -9.8040482243984 -1.5 37.853732514237585
      vertex -9.674999999999999 -1.5 37.91737205583711
      vertex -9.674999999999999 1.5 37.91737205583711
    endloop
  endfacet
  facet normal -0.5555702330196156 0 0.8314696123025362
    outer loop
      vertex -9.674999999999999 -1.5 37.91737205583711
      vertex -9.555362428090406 -1.5 37.99731132567964
      vertex -9.555362428090406 1.5 37.99731132567964
    endloop
  endfacet
  facet normal -0.6593458151000591 0 0.751839807478986
    outer loop
      vertex -9.555362428090406 -1.5 37.99731132567964
      vertex -9.447182540694797 -1.5 38.09218254069479
      vertex -9.447182540694797 1.5 38.09218254069479
    endloop
  endfacet
  facet normal -0.7518398074789899 0 0.6593458151000546
    outer loop
      vertex -9.35231132567964 -1.5 38.20036242809041
      vertex -9.35231132567964 1.5 38.20036242809041
      vertex -9.447182540694797 -1.5 38.09218254069479
    endloop
  endfacet
  facet normal -0.8314696123025477 0 0.5555702330195986
    outer loop
      vertex -9.272372055837117 -1.5 38.32
      vertex -9.272372055837117 1.5 38.32
      vertex -9.35231132567964 -1.5 38.20036242809041
    endloop
  endfacet
  facet normal -0.8968727415326796 0 0.44228869021901895
    outer loop
      vertex -9.208732514237584 -1.5 38.449048224398396
      vertex -9.208732514237584 1.5 38.449048224398396
      vertex -9.272372055837117 -1.5 38.32
    endloop
  endfacet
  facet normal -0.9469301294951097 0 0.32143946530314965
    outer loop
      vertex -9.162481591082024 -1.5 38.58529905038723
      vertex -9.162481591082024 1.5 38.58529905038723
      vertex -9.208732514237584 -1.5 38.449048224398396
    endloop
  endfacet
  facet normal -0.9807852804032317 0 0.19509032201612195
    outer loop
      vertex -9.134410652488809 -1.5 38.72642118855794
      vertex -9.134410652488809 1.5 38.72642118855794
      vertex -9.162481591082024 -1.5 38.58529905038723
    endloop
  endfacet
  facet normal -0.9978589232386034 0 0.06540312923014494
    outer loop
      vertex -9.125 -1.5 38.87
      vertex -9.125 1.5 38.87
      vertex -9.134410652488809 -1.5 38.72642118855794
    endloop
  endfacet
  facet normal -0.9978589232386034 0 -0.06540312923014494
    outer loop
      vertex -9.134410652488809 -1.5 39.01357881144205
      vertex -9.134410652488809 1.5 39.01357881144205
      vertex -9.125 -1.5 38.87
    endloop
  endfacet
  facet normal -0.9807852804032317 0 -0.19509032201612195
    outer loop
      vertex -9.162481591082024 -1.5 39.15470094961277
      vertex -9.162481591082024 1.5 39.15470094961277
      vertex -9.134410652488809 -1.5 39.01357881144205
    endloop
  endfacet
  facet normal -0.44228869021897443 0 -0.8968727415327016
    outer loop
      vertex -9.674999999999999 -1.5 39.82262794416288
      vertex -9.8040482243984 -1.5 39.88626748576241
      vertex -9.8040482243984 1.5 39.88626748576241
    endloop
  endfacet
  facet normal -0.5555702330196156 0 -0.8314696123025362
    outer loop
      vertex -9.555362428090406 -1.5 39.742688674320355
      vertex -9.674999999999999 -1.5 39.82262794416288
      vertex -9.674999999999999 1.5 39.82262794416288
    endloop
  endfacet
  facet normal -0.6593458151000591 0 -0.751839807478986
    outer loop
      vertex -9.447182540694797 -1.5 39.6478174593052
      vertex -9.555362428090406 -1.5 39.742688674320355
      vertex -9.555362428090406 1.5 39.742688674320355
    endloop
  endfacet
  facet normal -0.7518398074789899 0 -0.6593458151000546
    outer loop
      vertex -9.447182540694797 -1.5 39.6478174593052
      vertex -9.447182540694797 1.5 39.6478174593052
      vertex -9.35231132567964 -1.5 39.53963757190959
    endloop
  endfacet
  facet normal -0.8968727415326796 0 -0.44228869021901895
    outer loop
      vertex -9.272372055837117 -1.5 39.419999999999995
      vertex -9.272372055837117 1.5 39.419999999999995
      vertex -9.208732514237584 -1.5 39.2909517756016
    endloop
  endfacet
  facet normal -0.8314696123025477 0 -0.5555702330195986
    outer loop
      vertex -9.35231132567964 -1.5 39.53963757190959
      vertex -9.35231132567964 1.5 39.53963757190959
      vertex -9.272372055837117 -1.5 39.419999999999995
    endloop
  endfacet
  facet normal -0.9469301294951097 0 -0.32143946530314965
    outer loop
      vertex -9.208732514237584 -1.5 39.2909517756016
      vertex -9.208732514237584 1.5 39.2909517756016
      vertex -9.162481591082024 -1.5 39.15470094961277
    endloop
  endfacet
  facet normal 0.32143946530317197 0 0.9469301294951021
    outer loop
      vertex -10.645951775601599 -1.5 37.853732514237585
      vertex -10.509700949612773 1.5 37.80748159108202
      vertex -10.645951775601599 1.5 37.853732514237585
    endloop
  endfacet
  facet normal 0.19509032201613147 0 0.9807852804032298
    outer loop
      vertex -10.509700949612773 -1.5 37.80748159108202
      vertex -10.368578811442056 1.5 37.77941065248881
      vertex -10.509700949612773 1.5 37.80748159108202
    endloop
  endfacet
  facet normal 0.06540312923015643 0 0.9978589232386026
    outer loop
      vertex -10.368578811442056 -1.5 37.77941065248881
      vertex -10.225 1.5 37.769999999999996
      vertex -10.368578811442056 1.5 37.77941065248881
    endloop
  endfacet
  facet normal -0.06540312923015643 0 0.9978589232386026
    outer loop
      vertex -10.225 -1.5 37.769999999999996
      vertex -10.081421188557943 1.5 37.77941065248881
      vertex -10.225 1.5 37.769999999999996
    endloop
  endfacet
  facet normal -0.19509032201613147 0 0.9807852804032298
    outer loop
      vertex -10.081421188557943 -1.5 37.77941065248881
      vertex -9.940299050387226 1.5 37.80748159108202
      vertex -10.081421188557943 1.5 37.77941065248881
    endloop
  endfacet
  facet normal -0.32143946530317197 0 0.9469301294951021
    outer loop
      vertex -9.940299050387226 -1.5 37.80748159108202
      vertex -9.8040482243984 1.5 37.853732514237585
      vertex -9.940299050387226 1.5 37.80748159108202
    endloop
  endfacet
  facet normal 0.32143946530317197 0 -0.9469301294951021
    outer loop
      vertex -10.509700949612773 -1.5 39.93251840891797
      vertex -10.645951775601599 1.5 39.88626748576241
      vertex -10.509700949612773 1.5 39.93251840891797
    endloop
  endfacet
  facet normal 0.19509032201613147 0 -0.9807852804032298
    outer loop
      vertex -10.368578811442056 -1.5 39.96058934751119
      vertex -10.509700949612773 1.5 39.93251840891797
      vertex -10.368578811442056 1.5 39.96058934751119
    endloop
  endfacet
  facet normal 0.06540312923015643 0 -0.9978589232386026
    outer loop
      vertex -10.225 -1.5 39.97
      vertex -10.368578811442056 1.5 39.96058934751119
      vertex -10.225 1.5 39.97
    endloop
  endfacet
  facet normal -0.06540312923015643 0 -0.9978589232386026
    outer loop
      vertex -10.081421188557943 -1.5 39.96058934751119
      vertex -10.225 1.5 39.97
      vertex -10.081421188557943 1.5 39.96058934751119
    endloop
  endfacet
  facet normal -0.19509032201613147 0 -0.9807852804032298
    outer loop
      vertex -9.940299050387226 -1.5 39.93251840891797
      vertex -10.081421188557943 1.5 39.96058934751119
      vertex -9.940299050387226 1.5 39.93251840891797
    endloop
  endfacet
  facet normal -0.32143946530317197 0 -0.9469301294951021
    outer loop
      vertex -9.8040482243984 -1.5 39.88626748576241
      vertex -9.940299050387226 1.5 39.93251840891797
      vertex -9.8040482243984 1.5 39.88626748576241
    endloop
  endfacet
  facet normal -0.44228869021897443 0 0.8968727415327016
    outer loop
      vertex -9.8040482243984 -1.5 37.853732514237585
      vertex -9.674999999999999 1.5 37.91737205583711
      vertex -9.8040482243984 1.5 37.853732514237585
    endloop
  endfacet
  facet normal -0.5555702330196156 0 0.8314696123025362
    outer loop
      vertex -9.674999999999999 -1.5 37.91737205583711
      vertex -9.555362428090406 1.5 37.99731132567964
      vertex -9.674999999999999 1.5 37.91737205583711
    endloop
  endfacet
  facet normal -0.6593458151000591 0 0.751839807478986
    outer loop
      vertex -9.555362428090406 -1.5 37.99731132567964
      vertex -9.447182540694797 1.5 38.09218254069479
      vertex -9.555362428090406 1.5 37.99731132567964
    endloop
  endfacet
  facet normal -0.7518398074789899 0 0.6593458151000546
    outer loop
      vertex -9.447182540694797 -1.5 38.09218254069479
      vertex -9.35231132567964 1.5 38.20036242809041
      vertex -9.447182540694797 1.5 38.09218254069479
    endloop
  endfacet
  facet normal -0.8314696123025477 0 0.5555702330195986
    outer loop
      vertex -9.35231132567964 -1.5 38.20036242809041
      vertex -9.272372055837117 1.5 38.32
      vertex -9.35231132567964 1.5 38.20036242809041
    endloop
  endfacet
  facet normal -0.8968727415326796 0 0.44228869021901895
    outer loop
      vertex -9.272372055837117 -1.5 38.32
      vertex -9.208732514237584 1.5 38.449048224398396
      vertex -9.272372055837117 1.5 38.32
    endloop
  endfacet
  facet normal -0.9469301294951097 0 0.32143946530314965
    outer loop
      vertex -9.208732514237584 -1.5 38.449048224398396
      vertex -9.162481591082024 1.5 38.58529905038723
      vertex -9.208732514237584 1.5 38.449048224398396
    endloop
  endfacet
  facet normal -0.9807852804032317 0 0.19509032201612195
    outer loop
      vertex -9.162481591082024 -1.5 38.58529905038723
      vertex -9.134410652488809 1.5 38.72642118855794
      vertex -9.162481591082024 1.5 38.58529905038723
    endloop
  endfacet
  facet normal -0.9978589232386034 0 0.06540312923014494
    outer loop
      vertex -9.134410652488809 -1.5 38.72642118855794
      vertex -9.125 1.5 38.87
      vertex -9.134410652488809 1.5 38.72642118855794
    endloop
  endfacet
  facet normal -0.9978589232386034 0 -0.06540312923014494
    outer loop
      vertex -9.125 -1.5 38.87
      vertex -9.134410652488809 1.5 39.01357881144205
      vertex -9.125 1.5 38.87
    endloop
  endfacet
  facet normal -0.9807852804032317 0 -0.19509032201612195
    outer loop
      vertex -9.134410652488809 -1.5 39.01357881144205
      vertex -9.162481591082024 1.5 39.15470094961277
      vertex -9.134410652488809 1.5 39.01357881144205
    endloop
  endfacet
  facet normal -0.44228869021897443 0 -0.8968727415327016
    outer loop
      vertex -9.674999999999999 -1.5 39.82262794416288
      vertex -9.8040482243984 1.5 39.88626748576241
      vertex -9.674999999999999 1.5 39.82262794416288
    endloop
  endfacet
  facet normal -0.5555702330196156 0 -0.8314696123025362
    outer loop
      vertex -9.555362428090406 -1.5 39.742688674320355
      vertex -9.674999999999999 1.5 39.82262794416288
      vertex -9.555362428090406 1.5 39.742688674320355
    endloop
  endfacet
  facet normal -0.7518398074789899 0 -0.6593458151000546
    outer loop
      vertex -9.35231132567964 -1.5 39.53963757190959
      vertex -9.447182540694797 1.5 39.6478174593052
      vertex -9.35231132567964 1.5 39.53963757190959
    endloop
  endfacet
  facet normal -0.6593458151000591 0 -0.751839807478986
    outer loop
      vertex -9.447182540694797 -1.5 39.6478174593052
      vertex -9.555362428090406 1.5 39.742688674320355
      vertex -9.447182540694797 1.5 39.6478174593052
    endloop
  endfacet
  facet normal -0.8968727415326796 0 -0.44228869021901895
    outer loop
      vertex -9.208732514237584 -1.5 39.2909517756016
      vertex -9.272372055837117 1.5 39.419999999999995
      vertex -9.208732514237584 1.5 39.2909517756016
    endloop
  endfacet
  facet normal -0.8314696123025477 0 -0.5555702330195986
    outer loop
      vertex -9.272372055837117 -1.5 39.419999999999995
      vertex -9.35231132567964 1.5 39.53963757190959
      vertex -9.272372055837117 1.5 39.419999999999995
    endloop
  endfacet
  facet normal -0.9469301294951097 0 -0.32143946530314965
    outer loop
      vertex -9.162481591082024 -1.5 39.15470094961277
      vertex -9.208732514237584 1.5 39.2909517756016
      vertex -9.162481591082024 1.5 39.15470094961277
    endloop
  endfacet
  facet normal 0.9469301294951047 0 0.3214394653031647
    outer loop
      vertex 9.208732514237584 -1.5 24.579048224398402
      vertex 9.208732514237584 1.5 24.579048224398402
      vertex 9.162481591082024 -1.5 24.715299050387227
    endloop
  endfacet
  facet normal 0.8314696123025477 0 0.5555702330195986
    outer loop
      vertex 9.35231132567964 -1.5 24.330362428090407
      vertex 9.35231132567964 1.5 24.330362428090407
      vertex 9.272372055837117 -1.5 24.45
    endloop
  endfacet
  facet normal 0.8968727415326894 0 0.44228869021899936
    outer loop
      vertex 9.272372055837117 -1.5 24.45
      vertex 9.272372055837117 1.5 24.45
      vertex 9.208732514237584 -1.5 24.579048224398402
    endloop
  endfacet
  facet normal 0.9807852804032317 0 0.19509032201612195
    outer loop
      vertex 9.162481591082024 -1.5 24.715299050387227
      vertex 9.162481591082024 1.5 24.715299050387227
      vertex 9.134410652488809 -1.5 24.856421188557942
    endloop
  endfacet
  facet normal 0.9978589232386036 0 0.06540312923014333
    outer loop
      vertex 9.134410652488809 -1.5 24.856421188557942
      vertex 9.134410652488809 1.5 24.856421188557942
      vertex 9.125 -1.5 25
    endloop
  endfacet
  facet normal 0.9978589232386036 0 -0.06540312923014333
    outer loop
      vertex 9.125 -1.5 25
      vertex 9.125 1.5 25
      vertex 9.134410652488809 -1.5 25.143578811442058
    endloop
  endfacet
  facet normal 0.9807852804032317 0 -0.19509032201612195
    outer loop
      vertex 9.134410652488809 -1.5 25.143578811442058
      vertex 9.134410652488809 1.5 25.143578811442058
      vertex 9.162481591082024 -1.5 25.284700949612773
    endloop
  endfacet
  facet normal 0.9469301294951047 0 -0.3214394653031647
    outer loop
      vertex 9.162481591082024 -1.5 25.284700949612773
      vertex 9.162481591082024 1.5 25.284700949612773
      vertex 9.208732514237584 -1.5 25.420951775601598
    endloop
  endfacet
  facet normal 0.8968727415326894 0 -0.44228869021899936
    outer loop
      vertex 9.208732514237584 -1.5 25.420951775601598
      vertex 9.208732514237584 1.5 25.420951775601598
      vertex 9.272372055837117 -1.5 25.55
    endloop
  endfacet
  facet normal 0.659345815100073 0 0.7518398074789737
    outer loop
      vertex 9.447182540694797 -1.5 24.2221825406948
      vertex 9.555362428090406 -1.5 24.127311325679642
      vertex 9.555362428090406 1.5 24.127311325679642
    endloop
  endfacet
  facet normal 0.7518398074789684 0 0.6593458151000791
    outer loop
      vertex 9.35231132567964 -1.5 24.330362428090407
      vertex 9.447182540694797 -1.5 24.2221825406948
      vertex 9.447182540694797 1.5 24.2221825406948
    endloop
  endfacet
  facet normal 0.5555702330195986 0 0.8314696123025477
    outer loop
      vertex 9.555362428090406 -1.5 24.127311325679642
      vertex 9.674999999999999 -1.5 24.04737205583712
      vertex 9.674999999999999 1.5 24.04737205583712
    endloop
  endfacet
  facet normal 0.4422886902190141 0 0.8968727415326819
    outer loop
      vertex 9.674999999999999 -1.5 24.04737205583712
      vertex 9.8040482243984 -1.5 23.983732514237584
      vertex 9.8040482243984 1.5 23.983732514237584
    endloop
  endfacet
  facet normal 0.8314696123025477 0 -0.5555702330195986
    outer loop
      vertex 9.272372055837117 -1.5 25.55
      vertex 9.272372055837117 1.5 25.55
      vertex 9.35231132567964 -1.5 25.669637571909593
    endloop
  endfacet
  facet normal 0.7518398074789684 0 -0.6593458151000791
    outer loop
      vertex 9.35231132567964 -1.5 25.669637571909593
      vertex 9.35231132567964 1.5 25.669637571909593
      vertex 9.447182540694797 -1.5 25.7778174593052
    endloop
  endfacet
  facet normal 0.659345815100073 0 -0.7518398074789737
    outer loop
      vertex 9.447182540694797 -1.5 25.7778174593052
      vertex 9.447182540694797 1.5 25.7778174593052
      vertex 9.555362428090406 -1.5 25.872688674320358
    endloop
  endfacet
  facet normal 0.5555702330195986 0 -0.8314696123025477
    outer loop
      vertex 9.674999999999999 -1.5 25.95262794416288
      vertex 9.555362428090406 -1.5 25.872688674320358
      vertex 9.555362428090406 1.5 25.872688674320358
    endloop
  endfacet
  facet normal 0.4422886902190141 0 -0.8968727415326819
    outer loop
      vertex 9.8040482243984 -1.5 26.016267485762416
      vertex 9.674999999999999 -1.5 25.95262794416288
      vertex 9.674999999999999 1.5 25.95262794416288
    endloop
  endfacet
  facet normal 0.3214394653031499 0 0.9469301294951097
    outer loop
      vertex 9.8040482243984 -1.5 23.983732514237584
      vertex 9.940299050387226 -1.5 23.937481591082026
      vertex 9.940299050387226 1.5 23.937481591082026
    endloop
  endfacet
  facet normal 0.19509032201613147 0 0.9807852804032298
    outer loop
      vertex 9.940299050387226 -1.5 23.937481591082026
      vertex 10.081421188557943 -1.5 23.90941065248881
      vertex 10.081421188557943 1.5 23.90941065248881
    endloop
  endfacet
  facet normal 0.06540312923015643 0 0.9978589232386026
    outer loop
      vertex 10.081421188557943 -1.5 23.90941065248881
      vertex 10.225 -1.5 23.9
      vertex 10.225 1.5 23.9
    endloop
  endfacet
  facet normal -0.06540312923015643 0 0.9978589232386026
    outer loop
      vertex 10.225 -1.5 23.9
      vertex 10.368578811442056 -1.5 23.90941065248881
      vertex 10.368578811442056 1.5 23.90941065248881
    endloop
  endfacet
  facet normal -0.19509032201613147 0 0.9807852804032298
    outer loop
      vertex 10.368578811442056 -1.5 23.90941065248881
      vertex 10.509700949612773 -1.5 23.937481591082026
      vertex 10.509700949612773 1.5 23.937481591082026
    endloop
  endfacet
  facet normal -0.3214394653031499 0 0.9469301294951097
    outer loop
      vertex 10.509700949612773 -1.5 23.937481591082026
      vertex 10.645951775601599 -1.5 23.983732514237584
      vertex 10.645951775601599 1.5 23.983732514237584
    endloop
  endfacet
  facet normal 0.3214394653031499 0 -0.9469301294951097
    outer loop
      vertex 9.940299050387226 -1.5 26.062518408917974
      vertex 9.8040482243984 -1.5 26.016267485762416
      vertex 9.8040482243984 1.5 26.016267485762416
    endloop
  endfacet
  facet normal 0.19509032201613147 0 -0.9807852804032298
    outer loop
      vertex 10.081421188557943 -1.5 26.09058934751119
      vertex 9.940299050387226 -1.5 26.062518408917974
      vertex 9.940299050387226 1.5 26.062518408917974
    endloop
  endfacet
  facet normal 0.06540312923015643 0 -0.9978589232386026
    outer loop
      vertex 10.225 -1.5 26.1
      vertex 10.081421188557943 -1.5 26.09058934751119
      vertex 10.081421188557943 1.5 26.09058934751119
    endloop
  endfacet
  facet normal -0.06540312923015643 0 -0.9978589232386026
    outer loop
      vertex 10.368578811442056 -1.5 26.09058934751119
      vertex 10.225 -1.5 26.1
      vertex 10.225 1.5 26.1
    endloop
  endfacet
  facet normal -0.19509032201613147 0 -0.9807852804032298
    outer loop
      vertex 10.509700949612773 -1.5 26.062518408917974
      vertex 10.368578811442056 -1.5 26.09058934751119
      vertex 10.368578811442056 1.5 26.09058934751119
    endloop
  endfacet
  facet normal -0.3214394653031499 0 -0.9469301294951097
    outer loop
      vertex 10.645951775601599 -1.5 26.016267485762416
      vertex 10.509700949612773 -1.5 26.062518408917974
      vertex 10.509700949612773 1.5 26.062518408917974
    endloop
  endfacet
  facet normal 0.9469301294951047 0 0.3214394653031647
    outer loop
      vertex 9.162481591082024 -1.5 24.715299050387227
      vertex 9.208732514237584 1.5 24.579048224398402
      vertex 9.162481591082024 1.5 24.715299050387227
    endloop
  endfacet
  facet normal 0.8314696123025477 0 0.5555702330195986
    outer loop
      vertex 9.272372055837117 -1.5 24.45
      vertex 9.35231132567964 1.5 24.330362428090407
      vertex 9.272372055837117 1.5 24.45
    endloop
  endfacet
  facet normal 0.8968727415326894 0 0.44228869021899936
    outer loop
      vertex 9.208732514237584 -1.5 24.579048224398402
      vertex 9.272372055837117 1.5 24.45
      vertex 9.208732514237584 1.5 24.579048224398402
    endloop
  endfacet
  facet normal 0.9807852804032317 0 0.19509032201612195
    outer loop
      vertex 9.134410652488809 -1.5 24.856421188557942
      vertex 9.162481591082024 1.5 24.715299050387227
      vertex 9.134410652488809 1.5 24.856421188557942
    endloop
  endfacet
  facet normal 0.9978589232386036 0 0.06540312923014333
    outer loop
      vertex 9.125 -1.5 25
      vertex 9.134410652488809 1.5 24.856421188557942
      vertex 9.125 1.5 25
    endloop
  endfacet
  facet normal 0.9978589232386036 0 -0.06540312923014333
    outer loop
      vertex 9.134410652488809 -1.5 25.143578811442058
      vertex 9.125 1.5 25
      vertex 9.134410652488809 1.5 25.143578811442058
    endloop
  endfacet
  facet normal 0.9807852804032317 0 -0.19509032201612195
    outer loop
      vertex 9.162481591082024 -1.5 25.284700949612773
      vertex 9.134410652488809 1.5 25.143578811442058
      vertex 9.162481591082024 1.5 25.284700949612773
    endloop
  endfacet
  facet normal 0.9469301294951047 0 -0.3214394653031647
    outer loop
      vertex 9.208732514237584 -1.5 25.420951775601598
      vertex 9.162481591082024 1.5 25.284700949612773
      vertex 9.208732514237584 1.5 25.420951775601598
    endloop
  endfacet
  facet normal 0.8968727415326894 0 -0.44228869021899936
    outer loop
      vertex 9.272372055837117 -1.5 25.55
      vertex 9.208732514237584 1.5 25.420951775601598
      vertex 9.272372055837117 1.5 25.55
    endloop
  endfacet
  facet normal 0.659345815100073 0 0.7518398074789737
    outer loop
      vertex 9.447182540694797 -1.5 24.2221825406948
      vertex 9.555362428090406 1.5 24.127311325679642
      vertex 9.447182540694797 1.5 24.2221825406948
    endloop
  endfacet
  facet normal 0.7518398074789684 0 0.6593458151000791
    outer loop
      vertex 9.35231132567964 -1.5 24.330362428090407
      vertex 9.447182540694797 1.5 24.2221825406948
      vertex 9.35231132567964 1.5 24.330362428090407
    endloop
  endfacet
  facet normal 0.5555702330195986 0 0.8314696123025477
    outer loop
      vertex 9.555362428090406 -1.5 24.127311325679642
      vertex 9.674999999999999 1.5 24.04737205583712
      vertex 9.555362428090406 1.5 24.127311325679642
    endloop
  endfacet
  facet normal 0.4422886902190141 0 0.8968727415326819
    outer loop
      vertex 9.674999999999999 -1.5 24.04737205583712
      vertex 9.8040482243984 1.5 23.983732514237584
      vertex 9.674999999999999 1.5 24.04737205583712
    endloop
  endfacet
  facet normal 0.8314696123025477 0 -0.5555702330195986
    outer loop
      vertex 9.35231132567964 -1.5 25.669637571909593
      vertex 9.272372055837117 1.5 25.55
      vertex 9.35231132567964 1.5 25.669637571909593
    endloop
  endfacet
  facet normal 0.7518398074789684 0 -0.6593458151000791
    outer loop
      vertex 9.447182540694797 -1.5 25.7778174593052
      vertex 9.35231132567964 1.5 25.669637571909593
      vertex 9.447182540694797 1.5 25.7778174593052
    endloop
  endfacet
  facet normal 0.659345815100073 0 -0.7518398074789737
    outer loop
      vertex 9.555362428090406 -1.5 25.872688674320358
      vertex 9.447182540694797 1.5 25.7778174593052
      vertex 9.555362428090406 1.5 25.872688674320358
    endloop
  endfacet
  facet normal 0.5555702330195986 0 -0.8314696123025477
    outer loop
      vertex 9.674999999999999 -1.5 25.95262794416288
      vertex 9.555362428090406 1.5 25.872688674320358
      vertex 9.674999999999999 1.5 25.95262794416288
    endloop
  endfacet
  facet normal 0.4422886902190141 0 -0.8968727415326819
    outer loop
      vertex 9.8040482243984 -1.5 26.016267485762416
      vertex 9.674999999999999 1.5 25.95262794416288
      vertex 9.8040482243984 1.5 26.016267485762416
    endloop
  endfacet
  facet normal 0.3214394653031499 0 0.9469301294951097
    outer loop
      vertex 9.8040482243984 -1.5 23.983732514237584
      vertex 9.940299050387226 1.5 23.937481591082026
      vertex 9.8040482243984 1.5 23.983732514237584
    endloop
  endfacet
  facet normal 0.19509032201613147 0 0.9807852804032298
    outer loop
      vertex 9.940299050387226 -1.5 23.937481591082026
      vertex 10.081421188557943 1.5 23.90941065248881
      vertex 9.940299050387226 1.5 23.937481591082026
    endloop
  endfacet
  facet normal 0.06540312923015643 0 0.9978589232386026
    outer loop
      vertex 10.081421188557943 -1.5 23.90941065248881
      vertex 10.225 1.5 23.9
      vertex 10.081421188557943 1.5 23.90941065248881
    endloop
  endfacet
  facet normal -0.06540312923015643 0 0.9978589232386026
    outer loop
      vertex 10.225 -1.5 23.9
      vertex 10.368578811442056 1.5 23.90941065248881
      vertex 10.225 1.5 23.9
    endloop
  endfacet
  facet normal -0.19509032201613147 0 0.9807852804032298
    outer loop
      vertex 10.368578811442056 -1.5 23.90941065248881
      vertex 10.509700949612773 1.5 23.937481591082026
      vertex 10.368578811442056 1.5 23.90941065248881
    endloop
  endfacet
  facet normal -0.3214394653031499 0 0.9469301294951097
    outer loop
      vertex 10.509700949612773 -1.5 23.937481591082026
      vertex 10.645951775601599 1.5 23.983732514237584
      vertex 10.509700949612773 1.5 23.937481591082026
    endloop
  endfacet
  facet normal 0.3214394653031499 0 -0.9469301294951097
    outer loop
      vertex 9.940299050387226 -1.5 26.062518408917974
      vertex 9.8040482243984 1.5 26.016267485762416
      vertex 9.940299050387226 1.5 26.062518408917974
    endloop
  endfacet
  facet normal 0.19509032201613147 0 -0.9807852804032298
    outer loop
      vertex 10.081421188557943 -1.5 26.09058934751119
      vertex 9.940299050387226 1.5 26.062518408917974
      vertex 10.081421188557943 1.5 26.09058934751119
    endloop
  endfacet
  facet normal 0.06540312923015643 0 -0.9978589232386026
    outer loop
      vertex 10.225 -1.5 26.1
      vertex 10.081421188557943 1.5 26.09058934751119
      vertex 10.225 1.5 26.1
    endloop
  endfacet
  facet normal -0.06540312923015643 0 -0.9978589232386026
    outer loop
      vertex 10.368578811442056 -1.5 26.09058934751119
      vertex 10.225 1.5 26.1
      vertex 10.368578811442056 1.5 26.09058934751119
    endloop
  endfacet
  facet normal -0.19509032201613147 0 -0.9807852804032298
    outer loop
      vertex 10.509700949612773 -1.5 26.062518408917974
      vertex 10.368578811442056 1.5 26.09058934751119
      vertex 10.509700949612773 1.5 26.062518408917974
    endloop
  endfacet
  facet normal -0.3214394653031499 0 -0.9469301294951097
    outer loop
      vertex 10.645951775601599 -1.5 26.016267485762416
      vertex 10.509700949612773 1.5 26.062518408917974
      vertex 10.645951775601599 1.5 26.016267485762416
    endloop
  endfacet
  facet normal -0.4422886902190141 0 0.8968727415326819
    outer loop
      vertex 10.645951775601599 -1.5 23.983732514237584
      vertex 10.775 -1.5 24.04737205583712
      vertex 10.775 1.5 24.04737205583712
    endloop
  endfacet
  facet normal -0.5555702330195986 0 0.8314696123025477
    outer loop
      vertex 10.775 -1.5 24.04737205583712
      vertex 10.894637571909593 -1.5 24.127311325679642
      vertex 10.894637571909593 1.5 24.127311325679642
    endloop
  endfacet
  facet normal -0.659345815100073 0 0.7518398074789737
    outer loop
      vertex 10.894637571909593 -1.5 24.127311325679642
      vertex 11.002817459305202 -1.5 24.2221825406948
      vertex 11.002817459305202 1.5 24.2221825406948
    endloop
  endfacet
  facet normal -0.7518398074789684 0 0.6593458151000791
    outer loop
      vertex 11.09768867432036 -1.5 24.330362428090407
      vertex 11.09768867432036 1.5 24.330362428090407
      vertex 11.002817459305202 -1.5 24.2221825406948
    endloop
  endfacet
  facet normal -0.8314696123025477 0 0.5555702330195986
    outer loop
      vertex 11.177627944162882 -1.5 24.45
      vertex 11.177627944162882 1.5 24.45
      vertex 11.09768867432036 -1.5 24.330362428090407
    endloop
  endfacet
  facet normal -0.8968727415326894 0 0.44228869021899936
    outer loop
      vertex 11.241267485762416 -1.5 24.579048224398402
      vertex 11.241267485762416 1.5 24.579048224398402
      vertex 11.177627944162882 -1.5 24.45
    endloop
  endfacet
  facet normal -0.9469301294951047 0 0.3214394653031647
    outer loop
      vertex 11.287518408917975 -1.5 24.715299050387227
      vertex 11.287518408917975 1.5 24.715299050387227
      vertex 11.241267485762416 -1.5 24.579048224398402
    endloop
  endfacet
  facet normal -0.9807852804032317 0 0.19509032201612195
    outer loop
      vertex 11.31558934751119 -1.5 24.856421188557942
      vertex 11.31558934751119 1.5 24.856421188557942
      vertex 11.287518408917975 -1.5 24.715299050387227
    endloop
  endfacet
  facet normal -0.9978589232386036 0 0.06540312923014333
    outer loop
      vertex 11.325 -1.5 25
      vertex 11.325 1.5 25
      vertex 11.31558934751119 -1.5 24.856421188557942
    endloop
  endfacet
  facet normal -0.9978589232386036 0 -0.06540312923014333
    outer loop
      vertex 11.31558934751119 -1.5 25.143578811442058
      vertex 11.31558934751119 1.5 25.143578811442058
      vertex 11.325 -1.5 25
    endloop
  endfacet
  facet normal -0.8968727415326894 0 -0.44228869021899936
    outer loop
      vertex 11.177627944162882 -1.5 25.55
      vertex 11.177627944162882 1.5 25.55
      vertex 11.241267485762416 -1.5 25.420951775601598
    endloop
  endfacet
  facet normal -0.9807852804032317 0 -0.19509032201612195
    outer loop
      vertex 11.287518408917975 -1.5 25.284700949612773
      vertex 11.287518408917975 1.5 25.284700949612773
      vertex 11.31558934751119 -1.5 25.143578811442058
    endloop
  endfacet
  facet normal -0.9469301294951047 0 -0.3214394653031647
    outer loop
      vertex 11.241267485762416 -1.5 25.420951775601598
      vertex 11.241267485762416 1.5 25.420951775601598
      vertex 11.287518408917975 -1.5 25.284700949612773
    endloop
  endfacet
  facet normal -0.5555702330195986 0 -0.8314696123025477
    outer loop
      vertex 10.894637571909593 -1.5 25.872688674320358
      vertex 10.775 -1.5 25.95262794416288
      vertex 10.775 1.5 25.95262794416288
    endloop
  endfacet
  facet normal -0.4422886902190141 0 -0.8968727415326819
    outer loop
      vertex 10.775 -1.5 25.95262794416288
      vertex 10.645951775601599 -1.5 26.016267485762416
      vertex 10.645951775601599 1.5 26.016267485762416
    endloop
  endfacet
  facet normal -0.659345815100073 0 -0.7518398074789737
    outer loop
      vertex 11.002817459305202 -1.5 25.7778174593052
      vertex 10.894637571909593 -1.5 25.872688674320358
      vertex 10.894637571909593 1.5 25.872688674320358
    endloop
  endfacet
  facet normal -0.7518398074789684 0 -0.6593458151000791
    outer loop
      vertex 11.002817459305202 -1.5 25.7778174593052
      vertex 11.002817459305202 1.5 25.7778174593052
      vertex 11.09768867432036 -1.5 25.669637571909593
    endloop
  endfacet
  facet normal -0.8314696123025477 0 -0.5555702330195986
    outer loop
      vertex 11.09768867432036 -1.5 25.669637571909593
      vertex 11.09768867432036 1.5 25.669637571909593
      vertex 11.177627944162882 -1.5 25.55
    endloop
  endfacet
  facet normal -0.4422886902190141 0 0.8968727415326819
    outer loop
      vertex 10.645951775601599 -1.5 23.983732514237584
      vertex 10.775 1.5 24.04737205583712
      vertex 10.645951775601599 1.5 23.983732514237584
    endloop
  endfacet
  facet normal -0.5555702330195986 0 0.8314696123025477
    outer loop
      vertex 10.775 -1.5 24.04737205583712
      vertex 10.894637571909593 1.5 24.127311325679642
      vertex 10.775 1.5 24.04737205583712
    endloop
  endfacet
  facet normal -0.659345815100073 0 0.7518398074789737
    outer loop
      vertex 10.894637571909593 -1.5 24.127311325679642
      vertex 11.002817459305202 1.5 24.2221825406948
      vertex 10.894637571909593 1.5 24.127311325679642
    endloop
  endfacet
  facet normal -0.7518398074789684 0 0.6593458151000791
    outer loop
      vertex 11.002817459305202 -1.5 24.2221825406948
      vertex 11.09768867432036 1.5 24.330362428090407
      vertex 11.002817459305202 1.5 24.2221825406948
    endloop
  endfacet
  facet normal -0.8314696123025477 0 0.5555702330195986
    outer loop
      vertex 11.09768867432036 -1.5 24.330362428090407
      vertex 11.177627944162882 1.5 24.45
      vertex 11.09768867432036 1.5 24.330362428090407
    endloop
  endfacet
  facet normal -0.8968727415326894 0 0.44228869021899936
    outer loop
      vertex 11.177627944162882 -1.5 24.45
      vertex 11.241267485762416 1.5 24.579048224398402
      vertex 11.177627944162882 1.5 24.45
    endloop
  endfacet
  facet normal -0.9469301294951047 0 0.3214394653031647
    outer loop
      vertex 11.241267485762416 -1.5 24.579048224398402
      vertex 11.287518408917975 1.5 24.715299050387227
      vertex 11.241267485762416 1.5 24.579048224398402
    endloop
  endfacet
  facet normal -0.9807852804032317 0 0.19509032201612195
    outer loop
      vertex 11.287518408917975 -1.5 24.715299050387227
      vertex 11.31558934751119 1.5 24.856421188557942
      vertex 11.287518408917975 1.5 24.715299050387227
    endloop
  endfacet
  facet normal -0.9978589232386036 0 0.06540312923014333
    outer loop
      vertex 11.31558934751119 -1.5 24.856421188557942
      vertex 11.325 1.5 25
      vertex 11.31558934751119 1.5 24.856421188557942
    endloop
  endfacet
  facet normal -0.9978589232386036 0 -0.06540312923014333
    outer loop
      vertex 11.325 -1.5 25
      vertex 11.31558934751119 1.5 25.143578811442058
      vertex 11.325 1.5 25
    endloop
  endfacet
  facet normal -0.8968727415326894 0 -0.44228869021899936
    outer loop
      vertex 11.241267485762416 -1.5 25.420951775601598
      vertex 11.177627944162882 1.5 25.55
      vertex 11.241267485762416 1.5 25.420951775601598
    endloop
  endfacet
  facet normal -0.9807852804032317 0 -0.19509032201612195
    outer loop
      vertex 11.31558934751119 -1.5 25.143578811442058
      vertex 11.287518408917975 1.5 25.284700949612773
      vertex 11.31558934751119 1.5 25.143578811442058
    endloop
  endfacet
  facet normal -0.9469301294951047 0 -0.3214394653031647
    outer loop
      vertex 11.287518408917975 -1.5 25.284700949612773
      vertex 11.241267485762416 1.5 25.420951775601598
      vertex 11.287518408917975 1.5 25.284700949612773
    endloop
  endfacet
  facet normal -0.5555702330195986 0 -0.8314696123025477
    outer loop
      vertex 10.894637571909593 -1.5 25.872688674320358
      vertex 10.775 1.5 25.95262794416288
      vertex 10.894637571909593 1.5 25.872688674320358
    endloop
  endfacet
  facet normal -0.4422886902190141 0 -0.8968727415326819
    outer loop
      vertex 10.775 -1.5 25.95262794416288
      vertex 10.645951775601599 1.5 26.016267485762416
      vertex 10.775 1.5 25.95262794416288
    endloop
  endfacet
  facet normal -0.659345815100073 0 -0.7518398074789737
    outer loop
      vertex 11.002817459305202 -1.5 25.7778174593052
      vertex 10.894637571909593 1.5 25.872688674320358
      vertex 11.002817459305202 1.5 25.7778174593052
    endloop
  endfacet
  facet normal -0.7518398074789684 0 -0.6593458151000791
    outer loop
      vertex 11.09768867432036 -1.5 25.669637571909593
      vertex 11.002817459305202 1.5 25.7778174593052
      vertex 11.09768867432036 1.5 25.669637571909593
    endloop
  endfacet
  facet normal -0.8314696123025477 0 -0.5555702330195986
    outer loop
      vertex 11.177627944162882 -1.5 25.55
      vertex 11.09768867432036 1.5 25.669637571909593
      vertex 11.177627944162882 1.5 25.55
    endloop
  endfacet
  facet normal 0.8314696123025477 0 0.5555702330195986
    outer loop
      vertex 9.35231132567964 -1.5 38.20036242809041
      vertex 9.35231132567964 1.5 38.20036242809041
      vertex 9.272372055837117 -1.5 38.32
    endloop
  endfacet
  facet normal 0.9469301294951097 0 0.32143946530314965
    outer loop
      vertex 9.208732514237584 -1.5 38.449048224398396
      vertex 9.208732514237584 1.5 38.449048224398396
      vertex 9.162481591082024 -1.5 38.58529905038723
    endloop
  endfacet
  facet normal 0.9807852804032317 0 0.19509032201612195
    outer loop
      vertex 9.162481591082024 -1.5 38.58529905038723
      vertex 9.162481591082024 1.5 38.58529905038723
      vertex 9.134410652488809 -1.5 38.72642118855794
    endloop
  endfacet
  facet normal 0.8968727415326796 0 0.44228869021901895
    outer loop
      vertex 9.272372055837117 -1.5 38.32
      vertex 9.272372055837117 1.5 38.32
      vertex 9.208732514237584 -1.5 38.449048224398396
    endloop
  endfacet
  facet normal 0.9978589232386034 0 0.06540312923014494
    outer loop
      vertex 9.134410652488809 -1.5 38.72642118855794
      vertex 9.134410652488809 1.5 38.72642118855794
      vertex 9.125 -1.5 38.87
    endloop
  endfacet
  facet normal 0.9978589232386034 0 -0.06540312923014494
    outer loop
      vertex 9.125 -1.5 38.87
      vertex 9.125 1.5 38.87
      vertex 9.134410652488809 -1.5 39.01357881144205
    endloop
  endfacet
  facet normal 0.9807852804032317 0 -0.19509032201612195
    outer loop
      vertex 9.134410652488809 -1.5 39.01357881144205
      vertex 9.134410652488809 1.5 39.01357881144205
      vertex 9.162481591082024 -1.5 39.15470094961277
    endloop
  endfacet
  facet normal 0.7518398074789899 0 0.6593458151000546
    outer loop
      vertex 9.447182540694797 -1.5 38.09218254069479
      vertex 9.447182540694797 1.5 38.09218254069479
      vertex 9.35231132567964 -1.5 38.20036242809041
    endloop
  endfacet
  facet normal 0.6593458151000591 0 0.751839807478986
    outer loop
      vertex 9.447182540694797 -1.5 38.09218254069479
      vertex 9.555362428090406 -1.5 37.99731132567964
      vertex 9.555362428090406 1.5 37.99731132567964
    endloop
  endfacet
  facet normal 0.44228869021897443 0 0.8968727415327016
    outer loop
      vertex 9.674999999999999 -1.5 37.91737205583711
      vertex 9.8040482243984 -1.5 37.853732514237585
      vertex 9.8040482243984 1.5 37.853732514237585
    endloop
  endfacet
  facet normal 0.5555702330196156 0 0.8314696123025362
    outer loop
      vertex 9.555362428090406 -1.5 37.99731132567964
      vertex 9.674999999999999 -1.5 37.91737205583711
      vertex 9.674999999999999 1.5 37.91737205583711
    endloop
  endfacet
  facet normal 0.9469301294951097 0 -0.32143946530314965
    outer loop
      vertex 9.162481591082024 -1.5 39.15470094961277
      vertex 9.162481591082024 1.5 39.15470094961277
      vertex 9.208732514237584 -1.5 39.2909517756016
    endloop
  endfacet
  facet normal 0.8968727415326796 0 -0.44228869021901895
    outer loop
      vertex 9.208732514237584 -1.5 39.2909517756016
      vertex 9.208732514237584 1.5 39.2909517756016
      vertex 9.272372055837117 -1.5 39.419999999999995
    endloop
  endfacet
  facet normal 0.8314696123025477 0 -0.5555702330195986
    outer loop
      vertex 9.272372055837117 -1.5 39.419999999999995
      vertex 9.272372055837117 1.5 39.419999999999995
      vertex 9.35231132567964 -1.5 39.53963757190959
    endloop
  endfacet
  facet normal 0.7518398074789899 0 -0.6593458151000546
    outer loop
      vertex 9.35231132567964 -1.5 39.53963757190959
      vertex 9.35231132567964 1.5 39.53963757190959
      vertex 9.447182540694797 -1.5 39.6478174593052
    endloop
  endfacet
  facet normal 0.6593458151000591 0 -0.751839807478986
    outer loop
      vertex 9.447182540694797 -1.5 39.6478174593052
      vertex 9.447182540694797 1.5 39.6478174593052
      vertex 9.555362428090406 -1.5 39.742688674320355
    endloop
  endfacet
  facet normal 0.5555702330196156 0 -0.8314696123025362
    outer loop
      vertex 9.674999999999999 -1.5 39.82262794416288
      vertex 9.555362428090406 -1.5 39.742688674320355
      vertex 9.555362428090406 1.5 39.742688674320355
    endloop
  endfacet
  facet normal 0.44228869021897443 0 -0.8968727415327016
    outer loop
      vertex 9.8040482243984 -1.5 39.88626748576241
      vertex 9.674999999999999 -1.5 39.82262794416288
      vertex 9.674999999999999 1.5 39.82262794416288
    endloop
  endfacet
  facet normal 0.32143946530317197 0 0.9469301294951021
    outer loop
      vertex 9.8040482243984 -1.5 37.853732514237585
      vertex 9.940299050387226 -1.5 37.80748159108202
      vertex 9.940299050387226 1.5 37.80748159108202
    endloop
  endfacet
  facet normal 0.19509032201613147 0 0.9807852804032298
    outer loop
      vertex 9.940299050387226 -1.5 37.80748159108202
      vertex 10.081421188557943 -1.5 37.77941065248881
      vertex 10.081421188557943 1.5 37.77941065248881
    endloop
  endfacet
  facet normal 0.06540312923015643 0 0.9978589232386026
    outer loop
      vertex 10.081421188557943 -1.5 37.77941065248881
      vertex 10.225 -1.5 37.769999999999996
      vertex 10.225 1.5 37.769999999999996
    endloop
  endfacet
  facet normal -0.06540312923015643 0 0.9978589232386026
    outer loop
      vertex 10.225 -1.5 37.769999999999996
      vertex 10.368578811442056 -1.5 37.77941065248881
      vertex 10.368578811442056 1.5 37.77941065248881
    endloop
  endfacet
  facet normal -0.19509032201613147 0 0.9807852804032298
    outer loop
      vertex 10.368578811442056 -1.5 37.77941065248881
      vertex 10.509700949612773 -1.5 37.80748159108202
      vertex 10.509700949612773 1.5 37.80748159108202
    endloop
  endfacet
  facet normal -0.32143946530317197 0 0.9469301294951021
    outer loop
      vertex 10.509700949612773 -1.5 37.80748159108202
      vertex 10.645951775601599 -1.5 37.853732514237585
      vertex 10.645951775601599 1.5 37.853732514237585
    endloop
  endfacet
  facet normal 0.32143946530317197 0 -0.9469301294951021
    outer loop
      vertex 9.940299050387226 -1.5 39.93251840891797
      vertex 9.8040482243984 -1.5 39.88626748576241
      vertex 9.8040482243984 1.5 39.88626748576241
    endloop
  endfacet
  facet normal 0.19509032201613147 0 -0.9807852804032298
    outer loop
      vertex 10.081421188557943 -1.5 39.96058934751119
      vertex 9.940299050387226 -1.5 39.93251840891797
      vertex 9.940299050387226 1.5 39.93251840891797
    endloop
  endfacet
  facet normal 0.06540312923015643 0 -0.9978589232386026
    outer loop
      vertex 10.225 -1.5 39.97
      vertex 10.081421188557943 -1.5 39.96058934751119
      vertex 10.081421188557943 1.5 39.96058934751119
    endloop
  endfacet
  facet normal -0.06540312923015643 0 -0.9978589232386026
    outer loop
      vertex 10.368578811442056 -1.5 39.96058934751119
      vertex 10.225 -1.5 39.97
      vertex 10.225 1.5 39.97
    endloop
  endfacet
  facet normal -0.19509032201613147 0 -0.9807852804032298
    outer loop
      vertex 10.509700949612773 -1.5 39.93251840891797
      vertex 10.368578811442056 -1.5 39.96058934751119
      vertex 10.368578811442056 1.5 39.96058934751119
    endloop
  endfacet
  facet normal -0.32143946530317197 0 -0.9469301294951021
    outer loop
      vertex 10.645951775601599 -1.5 39.88626748576241
      vertex 10.509700949612773 -1.5 39.93251840891797
      vertex 10.509700949612773 1.5 39.93251840891797
    endloop
  endfacet
  facet normal 0.8314696123025477 0 0.5555702330195986
    outer loop
      vertex 9.272372055837117 -1.5 38.32
      vertex 9.35231132567964 1.5 38.20036242809041
      vertex 9.272372055837117 1.5 38.32
    endloop
  endfacet
  facet normal 0.9807852804032317 0 0.19509032201612195
    outer loop
      vertex 9.134410652488809 -1.5 38.72642118855794
      vertex 9.162481591082024 1.5 38.58529905038723
      vertex 9.134410652488809 1.5 38.72642118855794
    endloop
  endfacet
  facet normal 0.9469301294951097 0 0.32143946530314965
    outer loop
      vertex 9.162481591082024 -1.5 38.58529905038723
      vertex 9.208732514237584 1.5 38.449048224398396
      vertex 9.162481591082024 1.5 38.58529905038723
    endloop
  endfacet
  facet normal 0.8968727415326796 0 0.44228869021901895
    outer loop
      vertex 9.208732514237584 -1.5 38.449048224398396
      vertex 9.272372055837117 1.5 38.32
      vertex 9.208732514237584 1.5 38.449048224398396
    endloop
  endfacet
  facet normal 0.9978589232386034 0 0.06540312923014494
    outer loop
      vertex 9.125 -1.5 38.87
      vertex 9.134410652488809 1.5 38.72642118855794
      vertex 9.125 1.5 38.87
    endloop
  endfacet
  facet normal 0.9978589232386034 0 -0.06540312923014494
    outer loop
      vertex 9.134410652488809 -1.5 39.01357881144205
      vertex 9.125 1.5 38.87
      vertex 9.134410652488809 1.5 39.01357881144205
    endloop
  endfacet
  facet normal 0.9807852804032317 0 -0.19509032201612195
    outer loop
      vertex 9.162481591082024 -1.5 39.15470094961277
      vertex 9.134410652488809 1.5 39.01357881144205
      vertex 9.162481591082024 1.5 39.15470094961277
    endloop
  endfacet
  facet normal 0.7518398074789899 0 0.6593458151000546
    outer loop
      vertex 9.35231132567964 -1.5 38.20036242809041
      vertex 9.447182540694797 1.5 38.09218254069479
      vertex 9.35231132567964 1.5 38.20036242809041
    endloop
  endfacet
  facet normal 0.6593458151000591 0 0.751839807478986
    outer loop
      vertex 9.447182540694797 -1.5 38.09218254069479
      vertex 9.555362428090406 1.5 37.99731132567964
      vertex 9.447182540694797 1.5 38.09218254069479
    endloop
  endfacet
  facet normal 0.5555702330196156 0 0.8314696123025362
    outer loop
      vertex 9.555362428090406 -1.5 37.99731132567964
      vertex 9.674999999999999 1.5 37.91737205583711
      vertex 9.555362428090406 1.5 37.99731132567964
    endloop
  endfacet
  facet normal 0.44228869021897443 0 0.8968727415327016
    outer loop
      vertex 9.674999999999999 -1.5 37.91737205583711
      vertex 9.8040482243984 1.5 37.853732514237585
      vertex 9.674999999999999 1.5 37.91737205583711
    endloop
  endfacet
  facet normal 0.9469301294951097 0 -0.32143946530314965
    outer loop
      vertex 9.208732514237584 -1.5 39.2909517756016
      vertex 9.162481591082024 1.5 39.15470094961277
      vertex 9.208732514237584 1.5 39.2909517756016
    endloop
  endfacet
  facet normal 0.8968727415326796 0 -0.44228869021901895
    outer loop
      vertex 9.272372055837117 -1.5 39.419999999999995
      vertex 9.208732514237584 1.5 39.2909517756016
      vertex 9.272372055837117 1.5 39.419999999999995
    endloop
  endfacet
  facet normal 0.8314696123025477 0 -0.5555702330195986
    outer loop
      vertex 9.35231132567964 -1.5 39.53963757190959
      vertex 9.272372055837117 1.5 39.419999999999995
      vertex 9.35231132567964 1.5 39.53963757190959
    endloop
  endfacet
  facet normal 0.7518398074789899 0 -0.6593458151000546
    outer loop
      vertex 9.447182540694797 -1.5 39.6478174593052
      vertex 9.35231132567964 1.5 39.53963757190959
      vertex 9.447182540694797 1.5 39.6478174593052
    endloop
  endfacet
  facet normal 0.6593458151000591 0 -0.751839807478986
    outer loop
      vertex 9.555362428090406 -1.5 39.742688674320355
      vertex 9.447182540694797 1.5 39.6478174593052
      vertex 9.555362428090406 1.5 39.742688674320355
    endloop
  endfacet
  facet normal 0.5555702330196156 0 -0.8314696123025362
    outer loop
      vertex 9.674999999999999 -1.5 39.82262794416288
      vertex 9.555362428090406 1.5 39.742688674320355
      vertex 9.674999999999999 1.5 39.82262794416288
    endloop
  endfacet
  facet normal 0.44228869021897443 0 -0.8968727415327016
    outer loop
      vertex 9.8040482243984 -1.5 39.88626748576241
      vertex 9.674999999999999 1.5 39.82262794416288
      vertex 9.8040482243984 1.5 39.88626748576241
    endloop
  endfacet
  facet normal 0.32143946530317197 0 0.9469301294951021
    outer loop
      vertex 9.8040482243984 -1.5 37.853732514237585
      vertex 9.940299050387226 1.5 37.80748159108202
      vertex 9.8040482243984 1.5 37.853732514237585
    endloop
  endfacet
  facet normal 0.19509032201613147 0 0.9807852804032298
    outer loop
      vertex 9.940299050387226 -1.5 37.80748159108202
      vertex 10.081421188557943 1.5 37.77941065248881
      vertex 9.940299050387226 1.5 37.80748159108202
    endloop
  endfacet
  facet normal 0.06540312923015643 0 0.9978589232386026
    outer loop
      vertex 10.081421188557943 -1.5 37.77941065248881
      vertex 10.225 1.5 37.769999999999996
      vertex 10.081421188557943 1.5 37.77941065248881
    endloop
  endfacet
  facet normal -0.06540312923015643 0 0.9978589232386026
    outer loop
      vertex 10.225 -1.5 37.769999999999996
      vertex 10.368578811442056 1.5 37.77941065248881
      vertex 10.225 1.5 37.769999999999996
    endloop
  endfacet
  facet normal -0.19509032201613147 0 0.9807852804032298
    outer loop
      vertex 10.368578811442056 -1.5 37.77941065248881
      vertex 10.509700949612773 1.5 37.80748159108202
      vertex 10.368578811442056 1.5 37.77941065248881
    endloop
  endfacet
  facet normal -0.32143946530317197 0 0.9469301294951021
    outer loop
      vertex 10.509700949612773 -1.5 37.80748159108202
      vertex 10.645951775601599 1.5 37.853732514237585
      vertex 10.509700949612773 1.5 37.80748159108202
    endloop
  endfacet
  facet normal 0.32143946530317197 0 -0.9469301294951021
    outer loop
      vertex 9.940299050387226 -1.5 39.93251840891797
      vertex 9.8040482243984 1.5 39.88626748576241
      vertex 9.940299050387226 1.5 39.93251840891797
    endloop
  endfacet
  facet normal 0.19509032201613147 0 -0.9807852804032298
    outer loop
      vertex 10.081421188557943 -1.5 39.96058934751119
      vertex 9.940299050387226 1.5 39.93251840891797
      vertex 10.081421188557943 1.5 39.96058934751119
    endloop
  endfacet
  facet normal 0.06540312923015643 0 -0.9978589232386026
    outer loop
      vertex 10.225 -1.5 39.97
      vertex 10.081421188557943 1.5 39.96058934751119
      vertex 10.225 1.5 39.97
    endloop
  endfacet
  facet normal -0.06540312923015643 0 -0.9978589232386026
    outer loop
      vertex 10.368578811442056 -1.5 39.96058934751119
      vertex 10.225 1.5 39.97
      vertex 10.368578811442056 1.5 39.96058934751119
    endloop
  endfacet
  facet normal -0.19509032201613147 0 -0.9807852804032298
    outer loop
      vertex 10.509700949612773 -1.5 39.93251840891797
      vertex 10.368578811442056 1.5 39.96058934751119
      vertex 10.509700949612773 1.5 39.93251840891797
    endloop
  endfacet
  facet normal -0.32143946530317197 0 -0.9469301294951021
    outer loop
      vertex 10.645951775601599 -1.5 39.88626748576241
      vertex 10.509700949612773 1.5 39.93251840891797
      vertex 10.645951775601599 1.5 39.88626748576241
    endloop
  endfacet
  facet normal -0.44228869021897443 0 0.8968727415327016
    outer loop
      vertex 10.645951775601599 -1.5 37.853732514237585
      vertex 10.775 -1.5 37.91737205583711
      vertex 10.775 1.5 37.91737205583711
    endloop
  endfacet
  facet normal -0.5555702330196156 0 0.8314696123025362
    outer loop
      vertex 10.775 -1.5 37.91737205583711
      vertex 10.894637571909593 -1.5 37.99731132567964
      vertex 10.894637571909593 1.5 37.99731132567964
    endloop
  endfacet
  facet normal -0.6593458151000591 0 0.751839807478986
    outer loop
      vertex 10.894637571909593 -1.5 37.99731132567964
      vertex 11.002817459305202 -1.5 38.09218254069479
      vertex 11.002817459305202 1.5 38.09218254069479
    endloop
  endfacet
  facet normal -0.7518398074789899 0 0.6593458151000546
    outer loop
      vertex 11.09768867432036 -1.5 38.20036242809041
      vertex 11.09768867432036 1.5 38.20036242809041
      vertex 11.002817459305202 -1.5 38.09218254069479
    endloop
  endfacet
  facet normal -0.8314696123025477 0 0.5555702330195986
    outer loop
      vertex 11.177627944162882 -1.5 38.32
      vertex 11.177627944162882 1.5 38.32
      vertex 11.09768867432036 -1.5 38.20036242809041
    endloop
  endfacet
  facet normal -0.8968727415326796 0 0.44228869021901895
    outer loop
      vertex 11.241267485762416 -1.5 38.449048224398396
      vertex 11.241267485762416 1.5 38.449048224398396
      vertex 11.177627944162882 -1.5 38.32
    endloop
  endfacet
  facet normal -0.9469301294951097 0 0.32143946530314965
    outer loop
      vertex 11.287518408917975 -1.5 38.58529905038723
      vertex 11.287518408917975 1.5 38.58529905038723
      vertex 11.241267485762416 -1.5 38.449048224398396
    endloop
  endfacet
  facet normal -0.9807852804032317 0 0.19509032201612195
    outer loop
      vertex 11.31558934751119 -1.5 38.72642118855794
      vertex 11.31558934751119 1.5 38.72642118855794
      vertex 11.287518408917975 -1.5 38.58529905038723
    endloop
  endfacet
  facet normal -0.9978589232386034 0 0.06540312923014494
    outer loop
      vertex 11.325 -1.5 38.87
      vertex 11.325 1.5 38.87
      vertex 11.31558934751119 -1.5 38.72642118855794
    endloop
  endfacet
  facet normal -0.9978589232386034 0 -0.06540312923014494
    outer loop
      vertex 11.31558934751119 -1.5 39.01357881144205
      vertex 11.31558934751119 1.5 39.01357881144205
      vertex 11.325 -1.5 38.87
    endloop
  endfacet
  facet normal -0.9807852804032317 0 -0.19509032201612195
    outer loop
      vertex 11.287518408917975 -1.5 39.15470094961277
      vertex 11.287518408917975 1.5 39.15470094961277
      vertex 11.31558934751119 -1.5 39.01357881144205
    endloop
  endfacet
  facet normal -0.44228869021897443 0 -0.8968727415327016
    outer loop
      vertex 10.775 -1.5 39.82262794416288
      vertex 10.645951775601599 -1.5 39.88626748576241
      vertex 10.645951775601599 1.5 39.88626748576241
    endloop
  endfacet
  facet normal -0.5555702330196156 0 -0.8314696123025362
    outer loop
      vertex 10.894637571909593 -1.5 39.742688674320355
      vertex 10.775 -1.5 39.82262794416288
      vertex 10.775 1.5 39.82262794416288
    endloop
  endfacet
  facet normal -0.6593458151000591 0 -0.751839807478986
    outer loop
      vertex 11.002817459305202 -1.5 39.6478174593052
      vertex 10.894637571909593 -1.5 39.742688674320355
      vertex 10.894637571909593 1.5 39.742688674320355
    endloop
  endfacet
  facet normal -0.7518398074789899 0 -0.6593458151000546
    outer loop
      vertex 11.002817459305202 -1.5 39.6478174593052
      vertex 11.002817459305202 1.5 39.6478174593052
      vertex 11.09768867432036 -1.5 39.53963757190959
    endloop
  endfacet
  facet normal -0.8968727415326796 0 -0.44228869021901895
    outer loop
      vertex 11.177627944162882 -1.5 39.419999999999995
      vertex 11.177627944162882 1.5 39.419999999999995
      vertex 11.241267485762416 -1.5 39.2909517756016
    endloop
  endfacet
  facet normal -0.8314696123025477 0 -0.5555702330195986
    outer loop
      vertex 11.09768867432036 -1.5 39.53963757190959
      vertex 11.09768867432036 1.5 39.53963757190959
      vertex 11.177627944162882 -1.5 39.419999999999995
    endloop
  endfacet
  facet normal -0.9469301294951097 0 -0.32143946530314965
    outer loop
      vertex 11.241267485762416 -1.5 39.2909517756016
      vertex 11.241267485762416 1.5 39.2909517756016
      vertex 11.287518408917975 -1.5 39.15470094961277
    endloop
  endfacet
  facet normal -0.44228869021897443 0 0.8968727415327016
    outer loop
      vertex 10.645951775601599 -1.5 37.853732514237585
      vertex 10.775 1.5 37.91737205583711
      vertex 10.645951775601599 1.5 37.853732514237585
    endloop
  endfacet
  facet normal -0.5555702330196156 0 0.8314696123025362
    outer loop
      vertex 10.775 -1.5 37.91737205583711
      vertex 10.894637571909593 1.5 37.99731132567964
      vertex 10.775 1.5 37.91737205583711
    endloop
  endfacet
  facet normal -0.6593458151000591 0 0.751839807478986
    outer loop
      vertex 10.894637571909593 -1.5 37.99731132567964
      vertex 11.002817459305202 1.5 38.09218254069479
      vertex 10.894637571909593 1.5 37.99731132567964
    endloop
  endfacet
  facet normal -0.7518398074789899 0 0.6593458151000546
    outer loop
      vertex 11.002817459305202 -1.5 38.09218254069479
      vertex 11.09768867432036 1.5 38.20036242809041
      vertex 11.002817459305202 1.5 38.09218254069479
    endloop
  endfacet
  facet normal -0.8314696123025477 0 0.5555702330195986
    outer loop
      vertex 11.09768867432036 -1.5 38.20036242809041
      vertex 11.177627944162882 1.5 38.32
      vertex 11.09768867432036 1.5 38.20036242809041
    endloop
  endfacet
  facet normal -0.8968727415326796 0 0.44228869021901895
    outer loop
      vertex 11.177627944162882 -1.5 38.32
      vertex 11.241267485762416 1.5 38.449048224398396
      vertex 11.177627944162882 1.5 38.32
    endloop
  endfacet
  facet normal -0.9469301294951097 0 0.32143946530314965
    outer loop
      vertex 11.241267485762416 -1.5 38.449048224398396
      vertex 11.287518408917975 1.5 38.58529905038723
      vertex 11.241267485762416 1.5 38.449048224398396
    endloop
  endfacet
  facet normal -0.9807852804032317 0 0.19509032201612195
    outer loop
      vertex 11.287518408917975 -1.5 38.58529905038723
      vertex 11.31558934751119 1.5 38.72642118855794
      vertex 11.287518408917975 1.5 38.58529905038723
    endloop
  endfacet
  facet normal -0.9978589232386034 0 0.06540312923014494
    outer loop
      vertex 11.31558934751119 -1.5 38.72642118855794
      vertex 11.325 1.5 38.87
      vertex 11.31558934751119 1.5 38.72642118855794
    endloop
  endfacet
  facet normal -0.9978589232386034 0 -0.06540312923014494
    outer loop
      vertex 11.325 -1.5 38.87
      vertex 11.31558934751119 1.5 39.01357881144205
      vertex 11.325 1.5 38.87
    endloop
  endfacet
  facet normal -0.9807852804032317 0 -0.19509032201612195
    outer loop
      vertex 11.31558934751119 -1.5 39.01357881144205
      vertex 11.287518408917975 1.5 39.15470094961277
      vertex 11.31558934751119 1.5 39.01357881144205
    endloop
  endfacet
  facet normal -0.44228869021897443 0 -0.8968727415327016
    outer loop
      vertex 10.775 -1.5 39.82262794416288
      vertex 10.645951775601599 1.5 39.88626748576241
      vertex 10.775 1.5 39.82262794416288
    endloop
  endfacet
  facet normal -0.5555702330196156 0 -0.8314696123025362
    outer loop
      vertex 10.894637571909593 -1.5 39.742688674320355
      vertex 10.775 1.5 39.82262794416288
      vertex 10.894637571909593 1.5 39.742688674320355
    endloop
  endfacet
  facet normal -0.7518398074789899 0 -0.6593458151000546
    outer loop
      vertex 11.09768867432036 -1.5 39.53963757190959
      vertex 11.002817459305202 1.5 39.6478174593052
      vertex 11.09768867432036 1.5 39.53963757190959
    endloop
  endfacet
  facet normal -0.6593458151000591 0 -0.751839807478986
    outer loop
      vertex 11.002817459305202 -1.5 39.6478174593052
      vertex 10.894637571909593 1.5 39.742688674320355
      vertex 11.002817459305202 1.5 39.6478174593052
    endloop
  endfacet
  facet normal -0.8968727415326796 0 -0.44228869021901895
    outer loop
      vertex 11.241267485762416 -1.5 39.2909517756016
      vertex 11.177627944162882 1.5 39.419999999999995
      vertex 11.241267485762416 1.5 39.2909517756016
    endloop
  endfacet
  facet normal -0.8314696123025477 0 -0.5555702330195986
    outer loop
      vertex 11.177627944162882 -1.5 39.419999999999995
      vertex 11.09768867432036 1.5 39.53963757190959
      vertex 11.177627944162882 1.5 39.419999999999995
    endloop
  endfacet
  facet normal -0.9469301294951097 0 -0.32143946530314965
    outer loop
      vertex 11.287518408917975 -1.5 39.15470094961277
      vertex 11.241267485762416 1.5 39.2909517756016
      vertex 11.287518408917975 1.5 39.15470094961277
    endloop
  endfacet
endsolid OpenSCAD_Model
