solid OpenSCAD_Model
  facet normal -0.793353340291235 -0.6087614290087205 0
    outer loop
      vertex -10.023238623319312 -10.023238623319312 0
      vertex -10.023238623319312 -10.023238623319312 2.5
      vertex -12.275910098644419 -7.0875 2.5
    endloop
  endfacet
  facet normal -0.793353340291235 -0.6087614290087205 0
    outer loop
      vertex -10.023238623319312 -10.023238623319312 0
      vertex -12.275910098644419 -7.0875 2.5
      vertex -12.275910098644419 -7.0875 0
    endloop
  endfacet
  facet normal -0.6087614290087205 -0.793353340291235 0
    outer loop
      vertex -10.023238623319312 -10.023238623319312 0
      vertex -7.0875 -12.275910098644419 2.5
      vertex -10.023238623319312 -10.023238623319312 2.5
    endloop
  endfacet
  facet normal -0.6087614290087205 -0.793353340291235 0
    outer loop
      vertex -10.023238623319312 -10.023238623319312 0
      vertex -7.0875 -12.275910098644419 0
      vertex -7.0875 -12.275910098644419 2.5
    endloop
  endfacet
  facet normal 0 0 1
    outer loop
      vertex -10.023238623319312 -10.023238623319312 2.5
      vertex -7.0875 -12.275910098644419 2.5
      vertex -9.85 -1.12583302491977 2.5
    endloop
  endfacet
  facet normal -0.9238795325112867 -0.38268343236509 0
    outer loop
      vertex -13.691998587647545 -3.6687599643282316 2.5
      vertex -12.275910098644419 -7.0875 0
      vertex -12.275910098644419 -7.0875 2.5
    endloop
  endfacet
  facet normal -0.9238795325112867 -0.38268343236509 0
    outer loop
      vertex -13.691998587647545 -3.6687599643282316 0
      vertex -12.275910098644419 -7.0875 0
      vertex -13.691998587647545 -3.6687599643282316 2.5
    endloop
  endfacet
  facet normal 0 0 -1
    outer loop
      vertex -10.023238623319312 -10.023238623319312 0
      vertex -12.275910098644419 -7.0875 0
      vertex -9.85 -1.12583302491977 0
    endloop
  endfacet
  facet normal 0 0 1
    outer loop
      vertex -10.023238623319312 -10.023238623319312 2.5
      vertex -11.419238815542512 -0.9192388155425119 2.5
      vertex -12.275910098644419 -7.0875 2.5
    endloop
  endfacet
  facet normal 0 0 1
    outer loop
      vertex -10.023238623319312 -10.023238623319312 2.5
      vertex -11.15 -1.12583302491977 2.5
      vertex -11.419238815542512 -0.9192388155425119 2.5
    endloop
  endfacet
  facet normal 0 0 1
    outer loop
      vertex -10.023238623319312 -10.023238623319312 2.5
      vertex -10.836464758633277 -1.255703574175789 2.5
      vertex -11.15 -1.12583302491977 2.5
    endloop
  endfacet
  facet normal -0.9914448613738105 -0.1305261922200513 0
    outer loop
      vertex -13.691998587647545 -3.6687599643282316 0
      vertex -13.691998587647545 -3.6687599643282316 2.5
      vertex -14.175 0 2.5
    endloop
  endfacet
  facet normal 0 0 1
    outer loop
      vertex -13.691998587647545 -3.6687599643282316 2.5
      vertex -12.275910098644419 -7.0875 2.5
      vertex -13.691998587647545 3.6687599643282316 2.5
    endloop
  endfacet
  facet normal -0.9914448613738105 -0.1305261922200513 0
    outer loop
      vertex -13.691998587647545 -3.6687599643282316 0
      vertex -14.175 0 2.5
      vertex -14.175 0 0
    endloop
  endfacet
  facet normal 0 0 -1
    outer loop
      vertex -13.691998587647545 -3.6687599643282316 0
      vertex -12.275910098644419 7.0875 0
      vertex -12.275910098644419 -7.0875 0
    endloop
  endfacet
  facet normal 0 0 -1
    outer loop
      vertex -12.275910098644419 -7.0875 0
      vertex -11.62583302491977 -0.65 0
      vertex -11.419238815542512 -0.9192388155425119 0
    endloop
  endfacet
  facet normal 0 0 -1
    outer loop
      vertex -12.275910098644419 -7.0875 0
      vertex -11.755703574175788 -0.33646475863327696 0
      vertex -11.62583302491977 -0.65 0
    endloop
  endfacet
  facet normal 0 0 -1
    outer loop
      vertex -12.275910098644419 -7.0875 0
      vertex -11.419238815542512 -0.9192388155425119 0
      vertex -11.15 -1.12583302491977 0
    endloop
  endfacet
  facet normal 0 0 -1
    outer loop
      vertex -12.275910098644419 -7.0875 0
      vertex -11.8 0 0
      vertex -11.755703574175788 -0.33646475863327696 0
    endloop
  endfacet
  facet normal 0 0 -1
    outer loop
      vertex -12.275910098644419 -7.0875 0
      vertex -11.15 -1.12583302491977 0
      vertex -10.836464758633277 -1.255703574175789 0
    endloop
  endfacet
  facet normal 0 0 -1
    outer loop
      vertex -12.275910098644419 -7.0875 0
      vertex -10.836464758633277 -1.255703574175789 0
      vertex -10.5 -1.3 0
    endloop
  endfacet
  facet normal 0 0 -1
    outer loop
      vertex -12.275910098644419 -7.0875 0
      vertex -10.5 -1.3 0
      vertex -10.163535241366723 -1.255703574175789 0
    endloop
  endfacet
  facet normal 0 0 -1
    outer loop
      vertex -12.275910098644419 -7.0875 0
      vertex -10.163535241366723 -1.255703574175789 0
      vertex -9.85 -1.12583302491977 0
    endloop
  endfacet
  facet normal 0 0 1
    outer loop
      vertex -12.275910098644419 -7.0875 2.5
      vertex -11.419238815542512 -0.9192388155425119 2.5
      vertex -11.62583302491977 -0.65 2.5
    endloop
  endfacet
  facet normal 0 0 1
    outer loop
      vertex -12.275910098644419 -7.0875 2.5
      vertex -11.62583302491977 -0.65 2.5
      vertex -11.755703574175788 -0.33646475863327696 2.5
    endloop
  endfacet
  facet normal 0 0 1
    outer loop
      vertex -12.275910098644419 -7.0875 2.5
      vertex -11.755703574175788 -0.33646475863327696 2.5
      vertex -11.8 0 2.5
    endloop
  endfacet
  facet normal 0 0 -1
    outer loop
      vertex -10.023238623319312 -10.023238623319312 0
      vertex -9.85 -1.12583302491977 0
      vertex -9.580761184457488 -0.9192388155425119 0
    endloop
  endfacet
  facet normal 0 0 -1
    outer loop
      vertex -10.023238623319312 -10.023238623319312 0
      vertex -9.580761184457488 -0.9192388155425119 0
      vertex -9.37416697508023 -0.65 0
    endloop
  endfacet
  facet normal 0 0 -1
    outer loop
      vertex -10.023238623319312 -10.023238623319312 0
      vertex -9.37416697508023 -0.65 0
      vertex -9.244296425824212 -0.33646475863327696 0
    endloop
  endfacet
  facet normal 0 0 1
    outer loop
      vertex -10.023238623319312 -10.023238623319312 2.5
      vertex -10.5 -1.3 2.5
      vertex -10.836464758633277 -1.255703574175789 2.5
    endloop
  endfacet
  facet normal 0 0 1
    outer loop
      vertex -10.023238623319312 -10.023238623319312 2.5
      vertex -10.163535241366723 -1.255703574175789 2.5
      vertex -10.5 -1.3 2.5
    endloop
  endfacet
  facet normal 0 0 1
    outer loop
      vertex -10.023238623319312 -10.023238623319312 2.5
      vertex -9.85 -1.12583302491977 2.5
      vertex -10.163535241366723 -1.255703574175789 2.5
    endloop
  endfacet
  facet normal 0 0 1
    outer loop
      vertex -7.0875 -12.275910098644419 2.5
      vertex -9.580761184457488 -0.9192388155425119 2.5
      vertex -9.85 -1.12583302491977 2.5
    endloop
  endfacet
  facet normal 0 0 1
    outer loop
      vertex -7.0875 -12.275910098644419 2.5
      vertex -9.37416697508023 -0.65 2.5
      vertex -9.580761184457488 -0.9192388155425119 2.5
    endloop
  endfacet
  facet normal 0 0 1
    outer loop
      vertex -7.0875 -12.275910098644419 2.5
      vertex -9.244296425824212 -0.33646475863327696 2.5
      vertex -9.37416697508023 -0.65 2.5
    endloop
  endfacet
  facet normal 0 0 1
    outer loop
      vertex -7.0875 -12.275910098644419 2.5
      vertex -9.2 0 2.5
      vertex -9.244296425824212 -0.33646475863327696 2.5
    endloop
  endfacet
  facet normal 0 0 1
    outer loop
      vertex -7.0875 -12.275910098644419 2.5
      vertex -9.244296425824212 0.33646475863327696 2.5
      vertex -9.2 0 2.5
    endloop
  endfacet
  facet normal 0 0 -1
    outer loop
      vertex -10.023238623319312 -10.023238623319312 0
      vertex -7.0875 12.275910098644419 0
      vertex -7.0875 -12.275910098644419 0
    endloop
  endfacet
  facet normal 0 0 1
    outer loop
      vertex -7.0875 -12.275910098644419 2.5
      vertex -10.023238623319312 10.023238623319312 2.5
      vertex -9.244296425824212 0.33646475863327696 2.5
    endloop
  endfacet
  facet normal -0.38268343236509 -0.9238795325112867 0
    outer loop
      vertex -7.0875 -12.275910098644419 0
      vertex -3.6687599643282316 -13.691998587647545 2.5
      vertex -7.0875 -12.275910098644419 2.5
    endloop
  endfacet
  facet normal 0 0 -1
    outer loop
      vertex -7.0875 -12.275910098644419 0
      vertex -6.375833024919769 -9.743266739736605 0
      vertex -6.169238815542512 -10.012505555279116 0
    endloop
  endfacet
  facet normal 0 0 -1
    outer loop
      vertex -7.0875 -12.275910098644419 0
      vertex -6.169238815542512 -10.012505555279116 0
      vertex -5.9 -10.219099764656375 0
    endloop
  endfacet
  facet normal 0 0 -1
    outer loop
      vertex -7.0875 -12.275910098644419 0
      vertex -5.5864647586332765 -10.348970313912393 0
      vertex -3.6687599643282316 -13.691998587647545 0
    endloop
  endfacet
  facet normal 0 0 -1
    outer loop
      vertex -7.0875 -12.275910098644419 0
      vertex -5.9 -10.219099764656375 0
      vertex -5.5864647586332765 -10.348970313912393 0
    endloop
  endfacet
  facet normal 0 0 1
    outer loop
      vertex -7.0875 -12.275910098644419 2.5
      vertex -6.169238815542512 -10.012505555279116 2.5
      vertex -6.375833024919769 -9.743266739736605 2.5
    endloop
  endfacet
  facet normal 0 0 1
    outer loop
      vertex -7.0875 -12.275910098644419 2.5
      vertex -5.9 -10.219099764656375 2.5
      vertex -6.169238815542512 -10.012505555279116 2.5
    endloop
  endfacet
  facet normal 0 0 1
    outer loop
      vertex -7.0875 -12.275910098644419 2.5
      vertex -3.6687599643282316 -13.691998587647545 2.5
      vertex -5.25 -10.393266739736603 2.5
    endloop
  endfacet
  facet normal 0 0 1
    outer loop
      vertex -7.0875 -12.275910098644419 2.5
      vertex -5.5864647586332765 -10.348970313912393 2.5
      vertex -5.9 -10.219099764656375 2.5
    endloop
  endfacet
  facet normal 0 0 1
    outer loop
      vertex -7.0875 -12.275910098644419 2.5
      vertex -5.25 -10.393266739736603 2.5
      vertex -5.5864647586332765 -10.348970313912393 2.5
    endloop
  endfacet
  facet normal -0.38268343236509 -0.9238795325112867 0
    outer loop
      vertex -7.0875 -12.275910098644419 0
      vertex -3.6687599643282316 -13.691998587647545 0
      vertex -3.6687599643282316 -13.691998587647545 2.5
    endloop
  endfacet
  facet normal 0 0 -1
    outer loop
      vertex -3.6687599643282316 -13.691998587647545 0
      vertex -5.5864647586332765 -10.348970313912393 0
      vertex -5.25 -10.393266739736603 0
    endloop
  endfacet
  facet normal 0 0 -1
    outer loop
      vertex -3.6687599643282316 -13.691998587647545 0
      vertex -5.25 -10.393266739736603 0
      vertex -4.913535241366723 -10.348970313912394 0
    endloop
  endfacet
  facet normal 0 0 -1
    outer loop
      vertex -3.6687599643282316 -13.691998587647545 0
      vertex -4.913535241366723 -10.348970313912394 0
      vertex -4.6000000000000005 -10.219099764656375 0
    endloop
  endfacet
  facet normal 0 0 -1
    outer loop
      vertex -3.6687599643282316 -13.691998587647545 0
      vertex -4.6000000000000005 -10.219099764656375 0
      vertex -4.330761184457488 -10.012505555279118 0
    endloop
  endfacet
  facet normal 0 0 -1
    outer loop
      vertex -3.6687599643282316 -13.691998587647545 0
      vertex -4.330761184457488 -10.012505555279118 0
      vertex -4.12416697508023 -9.743266739736606 0
    endloop
  endfacet
  facet normal 0 0 -1
    outer loop
      vertex -3.6687599643282316 -13.691998587647545 0
      vertex -4.12416697508023 -9.743266739736606 0
      vertex -3.9942964258242113 -9.429731498369883 0
    endloop
  endfacet
  facet normal 0 0 -1
    outer loop
      vertex -3.6687599643282316 -13.691998587647545 0
      vertex -3.9942964258242113 -9.429731498369883 0
      vertex -3.95 -9.093266739736606 0
    endloop
  endfacet
  facet normal 0 0 1
    outer loop
      vertex -3.6687599643282316 -13.691998587647545 2.5
      vertex -4.913535241366723 -10.348970313912394 2.5
      vertex -5.25 -10.393266739736603 2.5
    endloop
  endfacet
  facet normal 0 0 1
    outer loop
      vertex -3.6687599643282316 -13.691998587647545 2.5
      vertex -4.6000000000000005 -10.219099764656375 2.5
      vertex -4.913535241366723 -10.348970313912394 2.5
    endloop
  endfacet
  facet normal 0 0 1
    outer loop
      vertex -3.6687599643282316 -13.691998587647545 2.5
      vertex -4.330761184457488 -10.012505555279118 2.5
      vertex -4.6000000000000005 -10.219099764656375 2.5
    endloop
  endfacet
  facet normal 0 0 1
    outer loop
      vertex -3.6687599643282316 -13.691998587647545 2.5
      vertex -4.12416697508023 -9.743266739736606 2.5
      vertex -4.330761184457488 -10.012505555279118 2.5
    endloop
  endfacet
  facet normal 0 0 1
    outer loop
      vertex -3.6687599643282316 -13.691998587647545 2.5
      vertex -3.9942964258242113 -9.429731498369883 2.5
      vertex -4.12416697508023 -9.743266739736606 2.5
    endloop
  endfacet
  facet normal 0 0 1
    outer loop
      vertex -3.6687599643282316 -13.691998587647545 2.5
      vertex -3.95 -9.093266739736606 2.5
      vertex -3.9942964258242113 -9.429731498369883 2.5
    endloop
  endfacet
  facet normal 0 0 -1
    outer loop
      vertex -7.0875 -12.275910098644419 0
      vertex -6.505703574175789 -9.42973149836988 0
      vertex -6.375833024919769 -9.743266739736605 0
    endloop
  endfacet
  facet normal 0 0 -1
    outer loop
      vertex -7.0875 -12.275910098644419 0
      vertex -6.55 -9.093266739736604 0
      vertex -6.505703574175789 -9.42973149836988 0
    endloop
  endfacet
  facet normal 0 0 1
    outer loop
      vertex -7.0875 -12.275910098644419 2.5
      vertex -6.375833024919769 -9.743266739736605 2.5
      vertex -6.505703574175789 -9.42973149836988 2.5
    endloop
  endfacet
  facet normal 0 0 1
    outer loop
      vertex -7.0875 -12.275910098644419 2.5
      vertex -6.505703574175789 -9.42973149836988 2.5
      vertex -6.55 -9.093266739736604 2.5
    endloop
  endfacet
  facet normal 0 0 1
    outer loop
      vertex -7.0875 -12.275910098644419 2.5
      vertex -6.55 -9.093266739736604 2.5
      vertex -6.505703574175788 -8.756801981103328 2.5
    endloop
  endfacet
  facet normal -0.1305261922200513 -0.9914448613738105 0
    outer loop
      vertex -3.6687599643282316 -13.691998587647545 0
      vertex 0 -14.175 2.5
      vertex -3.6687599643282316 -13.691998587647545 2.5
    endloop
  endfacet
  facet normal -0.1305261922200513 -0.9914448613738105 0
    outer loop
      vertex -3.6687599643282316 -13.691998587647545 0
      vertex 0 -14.175 0
      vertex 0 -14.175 2.5
    endloop
  endfacet
  facet normal 0 0 1
    outer loop
      vertex -3.6687599643282316 -13.691998587647545 2.5
      vertex 0 -14.175 2.5
      vertex -2.121320343559643 -2.121320343559643 2.5
    endloop
  endfacet
  facet normal 0 0 -1
    outer loop
      vertex -7.0875 -12.275910098644419 0
      vertex -4.330761184457488 8.174027924194094 0
      vertex -6.55 -9.093266739736604 0
    endloop
  endfacet
  facet normal 0 0 -1
    outer loop
      vertex -3.6687599643282316 -13.691998587647545 0
      vertex -3.95 -9.093266739736606 0
      vertex -3.9942964258242113 8.75680198110333 0
    endloop
  endfacet
  facet normal 0 0 1
    outer loop
      vertex -3.6687599643282316 -13.691998587647545 2.5
      vertex -4.9135352413667235 7.837563165560818 2.5
      vertex -3.95 -9.093266739736606 2.5
    endloop
  endfacet
  facet normal 0 0 -1
    outer loop
      vertex -4.330761184457488 8.174027924194094 0
      vertex -6.505703574175788 -8.756801981103328 0
      vertex -6.55 -9.093266739736604 0
    endloop
  endfacet
  facet normal 0 0 -1
    outer loop
      vertex -4.330761184457488 8.174027924194094 0
      vertex -6.37583302491977 -8.443266739736606 0
      vertex -6.505703574175788 -8.756801981103328 0
    endloop
  endfacet
  facet normal 0 0 -1
    outer loop
      vertex -4.330761184457488 8.174027924194094 0
      vertex -6.169238815542512 -8.174027924194093 0
      vertex -6.37583302491977 -8.443266739736606 0
    endloop
  endfacet
  facet normal 0 0 -1
    outer loop
      vertex -4.330761184457488 8.174027924194094 0
      vertex -5.8999999999999995 -7.967433714816836 0
      vertex -6.169238815542512 -8.174027924194093 0
    endloop
  endfacet
  facet normal 0 0 1
    outer loop
      vertex -7.0875 -12.275910098644419 2.5
      vertex -6.505703574175788 -8.756801981103328 2.5
      vertex -7.0875 12.275910098644419 2.5
    endloop
  endfacet
  facet normal 0 0 1
    outer loop
      vertex -7.0875 12.275910098644419 2.5
      vertex -6.505703574175788 -8.756801981103328 2.5
      vertex -6.37583302491977 -8.443266739736606 2.5
    endloop
  endfacet
  facet normal 0 0 1
    outer loop
      vertex -7.0875 12.275910098644419 2.5
      vertex -6.37583302491977 -8.443266739736606 2.5
      vertex -6.169238815542512 -8.174027924194093 2.5
    endloop
  endfacet
  facet normal 0 0 1
    outer loop
      vertex -7.0875 12.275910098644419 2.5
      vertex -6.169238815542512 -8.174027924194093 2.5
      vertex -5.8999999999999995 -7.967433714816836 2.5
    endloop
  endfacet
  facet normal 0 0 1
    outer loop
      vertex -7.0875 12.275910098644419 2.5
      vertex -5.8999999999999995 -7.967433714816836 2.5
      vertex -5.586464758633277 -7.837563165560817 2.5
    endloop
  endfacet
  facet normal 0 0 1
    outer loop
      vertex -7.0875 12.275910098644419 2.5
      vertex -5.586464758633277 -7.837563165560817 2.5
      vertex -5.25 -7.793266739736606 2.5
    endloop
  endfacet
  facet normal 0 0 1
    outer loop
      vertex -7.0875 12.275910098644419 2.5
      vertex -5.25 -7.793266739736606 2.5
      vertex -4.9135352413667235 -7.837563165560818 2.5
    endloop
  endfacet
  facet normal 0 0 1
    outer loop
      vertex -7.0875 12.275910098644419 2.5
      vertex -4.9135352413667235 -7.837563165560818 2.5
      vertex -4.6 -7.967433714816835 2.5
    endloop
  endfacet
  facet normal 0 0 1
    outer loop
      vertex -7.0875 12.275910098644419 2.5
      vertex -4.6 -7.967433714816835 2.5
      vertex -4.330761184457488 -8.174027924194094 2.5
    endloop
  endfacet
  facet normal 0 0 -1
    outer loop
      vertex -4.330761184457488 8.174027924194094 0
      vertex -5.586464758633277 -7.837563165560817 0
      vertex -5.8999999999999995 -7.967433714816836 0
    endloop
  endfacet
  facet normal 0 0 -1
    outer loop
      vertex -4.330761184457488 8.174027924194094 0
      vertex -5.25 -7.793266739736606 0
      vertex -5.586464758633277 -7.837563165560817 0
    endloop
  endfacet
  facet normal 0 0 -1
    outer loop
      vertex -4.330761184457488 8.174027924194094 0
      vertex -4.9135352413667235 -7.837563165560818 0
      vertex -5.25 -7.793266739736606 0
    endloop
  endfacet
  facet normal 0 0 -1
    outer loop
      vertex -4.330761184457488 8.174027924194094 0
      vertex -4.6 -7.967433714816835 0
      vertex -4.9135352413667235 -7.837563165560818 0
    endloop
  endfacet
  facet normal 0 0 -1
    outer loop
      vertex -4.330761184457488 -8.174027924194094 0
      vertex -4.124166975080231 8.443266739736606 0
      vertex -4.124166975080231 -8.443266739736606 0
    endloop
  endfacet
  facet normal 0 0 -1
    outer loop
      vertex -4.124166975080231 -8.443266739736606 0
      vertex -3.9942964258242113 8.75680198110333 0
      vertex -3.9942964258242113 -8.75680198110333 0
    endloop
  endfacet
  facet normal 0 0 -1
    outer loop
      vertex -3.9942964258242113 -8.75680198110333 0
      vertex -3.9942964258242113 8.75680198110333 0
      vertex -3.95 -9.093266739736606 0
    endloop
  endfacet
  facet normal 0 0 -1
    outer loop
      vertex -4.330761184457488 -8.174027924194094 0
      vertex -4.6 -7.967433714816835 0
      vertex -4.330761184457488 8.174027924194094 0
    endloop
  endfacet
  facet normal 0 0 1
    outer loop
      vertex -3.95 -9.093266739736606 2.5
      vertex -4.9135352413667235 7.837563165560818 2.5
      vertex -3.9942964258242113 -8.75680198110333 2.5
    endloop
  endfacet
  facet normal 0 0 1
    outer loop
      vertex -7.0875 12.275910098644419 2.5
      vertex -4.330761184457488 -8.174027924194094 2.5
      vertex -4.124166975080231 -8.443266739736606 2.5
    endloop
  endfacet
  facet normal 0 0 1
    outer loop
      vertex -7.0875 12.275910098644419 2.5
      vertex -4.124166975080231 -8.443266739736606 2.5
      vertex -3.9942964258242113 -8.75680198110333 2.5
    endloop
  endfacet
  facet normal 0 0 1
    outer loop
      vertex -3.6687599643282316 -13.691998587647545 2.5
      vertex -2.121320343559643 -2.121320343559643 2.5
      vertex -2.598076211353316 -1.5 2.5
    endloop
  endfacet
  facet normal 0 0 1
    outer loop
      vertex -3.6687599643282316 -13.691998587647545 2.5
      vertex -2.598076211353316 -1.5 2.5
      vertex -2.897777478867205 -0.7764571353075622 2.5
    endloop
  endfacet
  facet normal 0 0 1
    outer loop
      vertex -3.6687599643282316 -13.691998587647545 2.5
      vertex -2.897777478867205 -0.7764571353075622 2.5
      vertex -3 0 2.5
    endloop
  endfacet
  facet normal 0 0 1
    outer loop
      vertex -2.121320343559643 -2.121320343559643 2.5
      vertex 0 -14.175 2.5
      vertex -1.5 -2.598076211353316 2.5
    endloop
  endfacet
  facet normal 0 0 1
    outer loop
      vertex -1.5 -2.598076211353316 2.5
      vertex 0 -14.175 2.5
      vertex -0.7764571353075622 -2.897777478867205 2.5
    endloop
  endfacet
  facet normal 0 0 1
    outer loop
      vertex -0.7764571353075622 -2.897777478867205 2.5
      vertex 0 -14.175 2.5
      vertex 0 -3 2.5
    endloop
  endfacet
  facet normal 0 0 -1
    outer loop
      vertex -3.6687599643282316 -13.691998587647545 0
      vertex 0 14.175 0
      vertex 0 -14.175 0
    endloop
  endfacet
  facet normal 0 0 -1
    outer loop
      vertex -13.691998587647545 -3.6687599643282316 0
      vertex -14.175 0 0
      vertex -13.691998587647545 3.6687599643282316 0
    endloop
  endfacet
  facet normal 0 0 1
    outer loop
      vertex -13.691998587647545 -3.6687599643282316 2.5
      vertex -13.691998587647545 3.6687599643282316 2.5
      vertex -14.175 0 2.5
    endloop
  endfacet
  facet normal -0.9914448613738105 0.1305261922200513 0
    outer loop
      vertex -14.175 0 0
      vertex -14.175 0 2.5
      vertex -13.691998587647545 3.6687599643282316 2.5
    endloop
  endfacet
  facet normal 0 0 1
    outer loop
      vertex -12.275910098644419 -7.0875 2.5
      vertex -12.275910098644419 7.0875 2.5
      vertex -13.691998587647545 3.6687599643282316 2.5
    endloop
  endfacet
  facet normal -0.9914448613738105 0.1305261922200513 0
    outer loop
      vertex -14.175 0 0
      vertex -13.691998587647545 3.6687599643282316 2.5
      vertex -13.691998587647545 3.6687599643282316 0
    endloop
  endfacet
  facet normal 0 0 -1
    outer loop
      vertex -13.691998587647545 -3.6687599643282316 0
      vertex -13.691998587647545 3.6687599643282316 0
      vertex -12.275910098644419 7.0875 0
    endloop
  endfacet
  facet normal 0 0 -1
    outer loop
      vertex -12.275910098644419 -7.0875 0
      vertex -12.275910098644419 7.0875 0
      vertex -11.8 0 0
    endloop
  endfacet
  facet normal 0 0 1
    outer loop
      vertex -12.275910098644419 -7.0875 2.5
      vertex -11.8 0 2.5
      vertex -12.275910098644419 7.0875 2.5
    endloop
  endfacet
  facet normal 0 0 -1
    outer loop
      vertex -12.275910098644419 7.0875 0
      vertex -11.755703574175788 0.33646475863327696 0
      vertex -11.8 0 0
    endloop
  endfacet
  facet normal 0 0 -1
    outer loop
      vertex -12.275910098644419 7.0875 0
      vertex -11.62583302491977 0.65 0
      vertex -11.755703574175788 0.33646475863327696 0
    endloop
  endfacet
  facet normal 0 0 -1
    outer loop
      vertex -12.275910098644419 7.0875 0
      vertex -11.419238815542512 0.9192388155425119 0
      vertex -11.62583302491977 0.65 0
    endloop
  endfacet
  facet normal 0 0 1
    outer loop
      vertex -12.275910098644419 7.0875 2.5
      vertex -11.8 0 2.5
      vertex -11.755703574175788 0.33646475863327696 2.5
    endloop
  endfacet
  facet normal 0 0 1
    outer loop
      vertex -12.275910098644419 7.0875 2.5
      vertex -11.755703574175788 0.33646475863327696 2.5
      vertex -11.62583302491977 0.65 2.5
    endloop
  endfacet
  facet normal 0 0 1
    outer loop
      vertex -12.275910098644419 7.0875 2.5
      vertex -11.62583302491977 0.65 2.5
      vertex -11.419238815542512 0.9192388155425119 2.5
    endloop
  endfacet
  facet normal 0 0 1
    outer loop
      vertex -12.275910098644419 7.0875 2.5
      vertex -11.419238815542512 0.9192388155425119 2.5
      vertex -11.15 1.12583302491977 2.5
    endloop
  endfacet
  facet normal 0 0 1
    outer loop
      vertex -12.275910098644419 7.0875 2.5
      vertex -11.15 1.12583302491977 2.5
      vertex -10.836464758633277 1.255703574175789 2.5
    endloop
  endfacet
  facet normal 0 0 1
    outer loop
      vertex -12.275910098644419 7.0875 2.5
      vertex -10.836464758633277 1.255703574175789 2.5
      vertex -10.5 1.3 2.5
    endloop
  endfacet
  facet normal 0 0 1
    outer loop
      vertex -12.275910098644419 7.0875 2.5
      vertex -10.5 1.3 2.5
      vertex -10.163535241366723 1.255703574175789 2.5
    endloop
  endfacet
  facet normal 0 0 1
    outer loop
      vertex -12.275910098644419 7.0875 2.5
      vertex -10.163535241366723 1.255703574175789 2.5
      vertex -9.85 1.12583302491977 2.5
    endloop
  endfacet
  facet normal -0.9238795325112867 0.38268343236509 0
    outer loop
      vertex -13.691998587647545 3.6687599643282316 0
      vertex -13.691998587647545 3.6687599643282316 2.5
      vertex -12.275910098644419 7.0875 2.5
    endloop
  endfacet
  facet normal -0.9238795325112867 0.38268343236509 0
    outer loop
      vertex -13.691998587647545 3.6687599643282316 0
      vertex -12.275910098644419 7.0875 2.5
      vertex -12.275910098644419 7.0875 0
    endloop
  endfacet
  facet normal 0 0 -1
    outer loop
      vertex -10.023238623319312 10.023238623319312 0
      vertex -11.15 1.12583302491977 0
      vertex -11.419238815542512 0.9192388155425119 0
    endloop
  endfacet
  facet normal 0 0 -1
    outer loop
      vertex -10.023238623319312 10.023238623319312 0
      vertex -10.836464758633277 1.255703574175789 0
      vertex -11.15 1.12583302491977 0
    endloop
  endfacet
  facet normal 0 0 -1
    outer loop
      vertex -12.275910098644419 7.0875 0
      vertex -10.023238623319312 10.023238623319312 0
      vertex -11.419238815542512 0.9192388155425119 0
    endloop
  endfacet
  facet normal 0 0 1
    outer loop
      vertex -12.275910098644419 7.0875 2.5
      vertex -9.85 1.12583302491977 2.5
      vertex -10.023238623319312 10.023238623319312 2.5
    endloop
  endfacet
  facet normal 0 0 -1
    outer loop
      vertex -10.023238623319312 -10.023238623319312 0
      vertex -9.244296425824212 -0.33646475863327696 0
      vertex -7.0875 12.275910098644419 0
    endloop
  endfacet
  facet normal 0 0 1
    outer loop
      vertex -7.0875 -12.275910098644419 2.5
      vertex -7.0875 12.275910098644419 2.5
      vertex -10.023238623319312 10.023238623319312 2.5
    endloop
  endfacet
  facet normal 0 0 -1
    outer loop
      vertex -10.023238623319312 10.023238623319312 0
      vertex -10.5 1.3 0
      vertex -10.836464758633277 1.255703574175789 0
    endloop
  endfacet
  facet normal 0 0 -1
    outer loop
      vertex -10.023238623319312 10.023238623319312 0
      vertex -10.163535241366723 1.255703574175789 0
      vertex -10.5 1.3 0
    endloop
  endfacet
  facet normal 0 0 -1
    outer loop
      vertex -10.023238623319312 10.023238623319312 0
      vertex -9.85 1.12583302491977 0
      vertex -10.163535241366723 1.255703574175789 0
    endloop
  endfacet
  facet normal 0 0 1
    outer loop
      vertex -10.023238623319312 10.023238623319312 2.5
      vertex -9.85 1.12583302491977 2.5
      vertex -9.580761184457488 0.9192388155425119 2.5
    endloop
  endfacet
  facet normal 0 0 1
    outer loop
      vertex -10.023238623319312 10.023238623319312 2.5
      vertex -9.37416697508023 0.65 2.5
      vertex -9.244296425824212 0.33646475863327696 2.5
    endloop
  endfacet
  facet normal 0 0 1
    outer loop
      vertex -10.023238623319312 10.023238623319312 2.5
      vertex -9.580761184457488 0.9192388155425119 2.5
      vertex -9.37416697508023 0.65 2.5
    endloop
  endfacet
  facet normal 0 0 -1
    outer loop
      vertex -7.0875 12.275910098644419 0
      vertex -9.244296425824212 -0.33646475863327696 0
      vertex -9.2 0 0
    endloop
  endfacet
  facet normal 0 0 -1
    outer loop
      vertex -7.0875 12.275910098644419 0
      vertex -9.2 0 0
      vertex -9.244296425824212 0.33646475863327696 0
    endloop
  endfacet
  facet normal 0 0 -1
    outer loop
      vertex -7.0875 12.275910098644419 0
      vertex -9.244296425824212 0.33646475863327696 0
      vertex -9.37416697508023 0.65 0
    endloop
  endfacet
  facet normal 0 0 -1
    outer loop
      vertex -7.0875 12.275910098644419 0
      vertex -9.37416697508023 0.65 0
      vertex -9.580761184457488 0.9192388155425119 0
    endloop
  endfacet
  facet normal 0 0 -1
    outer loop
      vertex -7.0875 12.275910098644419 0
      vertex -9.580761184457488 0.9192388155425119 0
      vertex -9.85 1.12583302491977 0
    endloop
  endfacet
  facet normal -0.793353340291235 0.6087614290087205 0
    outer loop
      vertex -12.275910098644419 7.0875 0
      vertex -12.275910098644419 7.0875 2.5
      vertex -10.023238623319312 10.023238623319312 2.5
    endloop
  endfacet
  facet normal -0.793353340291235 0.6087614290087205 0
    outer loop
      vertex -12.275910098644419 7.0875 0
      vertex -10.023238623319312 10.023238623319312 2.5
      vertex -10.023238623319312 10.023238623319312 0
    endloop
  endfacet
  facet normal 0 0 -1
    outer loop
      vertex -10.023238623319312 10.023238623319312 0
      vertex -7.0875 12.275910098644419 0
      vertex -9.85 1.12583302491977 0
    endloop
  endfacet
  facet normal -0.6087614290087205 0.793353340291235 0
    outer loop
      vertex -10.023238623319312 10.023238623319312 0
      vertex -10.023238623319312 10.023238623319312 2.5
      vertex -7.0875 12.275910098644419 0
    endloop
  endfacet
  facet normal -0.6087614290087205 0.793353340291235 0
    outer loop
      vertex -10.023238623319312 10.023238623319312 2.5
      vertex -7.0875 12.275910098644419 2.5
      vertex -7.0875 12.275910098644419 0
    endloop
  endfacet
  facet normal 0 0 -1
    outer loop
      vertex -7.0875 -12.275910098644419 0
      vertex -6.505703574175788 8.756801981103328 0
      vertex -6.37583302491977 8.443266739736606 0
    endloop
  endfacet
  facet normal 0 0 -1
    outer loop
      vertex -7.0875 -12.275910098644419 0
      vertex -6.169238815542512 8.174027924194093 0
      vertex -5.8999999999999995 7.967433714816836 0
    endloop
  endfacet
  facet normal 0 0 -1
    outer loop
      vertex -7.0875 -12.275910098644419 0
      vertex -6.37583302491977 8.443266739736606 0
      vertex -6.169238815542512 8.174027924194093 0
    endloop
  endfacet
  facet normal 0 0 -1
    outer loop
      vertex -7.0875 -12.275910098644419 0
      vertex -5.8999999999999995 7.967433714816836 0
      vertex -5.586464758633277 7.837563165560817 0
    endloop
  endfacet
  facet normal 0 0 -1
    outer loop
      vertex -7.0875 -12.275910098644419 0
      vertex -5.586464758633277 7.837563165560817 0
      vertex -5.25 7.793266739736606 0
    endloop
  endfacet
  facet normal 0 0 -1
    outer loop
      vertex -7.0875 -12.275910098644419 0
      vertex -5.25 7.793266739736606 0
      vertex -4.9135352413667235 7.837563165560818 0
    endloop
  endfacet
  facet normal 0 0 -1
    outer loop
      vertex -7.0875 -12.275910098644419 0
      vertex -4.9135352413667235 7.837563165560818 0
      vertex -4.6 7.967433714816835 0
    endloop
  endfacet
  facet normal 0 0 -1
    outer loop
      vertex -7.0875 -12.275910098644419 0
      vertex -4.6 7.967433714816835 0
      vertex -4.330761184457488 8.174027924194094 0
    endloop
  endfacet
  facet normal 0 0 -1
    outer loop
      vertex -7.0875 -12.275910098644419 0
      vertex -7.0875 12.275910098644419 0
      vertex -6.505703574175788 8.756801981103328 0
    endloop
  endfacet
  facet normal 0 0 1
    outer loop
      vertex -3.9942964258242113 -8.75680198110333 2.5
      vertex -6.169238815542512 8.174027924194093 2.5
      vertex -6.37583302491977 8.443266739736606 2.5
    endloop
  endfacet
  facet normal 0 0 1
    outer loop
      vertex -3.9942964258242113 -8.75680198110333 2.5
      vertex -5.8999999999999995 7.967433714816836 2.5
      vertex -6.169238815542512 8.174027924194093 2.5
    endloop
  endfacet
  facet normal 0 0 1
    outer loop
      vertex -3.9942964258242113 -8.75680198110333 2.5
      vertex -6.37583302491977 8.443266739736606 2.5
      vertex -6.505703574175788 8.756801981103328 2.5
    endloop
  endfacet
  facet normal 0 0 -1
    outer loop
      vertex -3.6687599643282316 -13.691998587647545 0
      vertex -3.9942964258242113 8.75680198110333 0
      vertex -3.95 9.093266739736606 0
    endloop
  endfacet
  facet normal 0 0 1
    outer loop
      vertex -3.6687599643282316 -13.691998587647545 2.5
      vertex -4.6 7.967433714816835 2.5
      vertex -4.9135352413667235 7.837563165560818 2.5
    endloop
  endfacet
  facet normal 0 0 1
    outer loop
      vertex -3.6687599643282316 -13.691998587647545 2.5
      vertex -4.330761184457488 8.174027924194094 2.5
      vertex -4.6 7.967433714816835 2.5
    endloop
  endfacet
  facet normal 0 0 1
    outer loop
      vertex -3.6687599643282316 -13.691998587647545 2.5
      vertex -4.124166975080231 8.443266739736606 2.5
      vertex -4.330761184457488 8.174027924194094 2.5
    endloop
  endfacet
  facet normal 0 0 1
    outer loop
      vertex -3.6687599643282316 -13.691998587647545 2.5
      vertex -3.9942964258242113 8.75680198110333 2.5
      vertex -4.124166975080231 8.443266739736606 2.5
    endloop
  endfacet
  facet normal 0 0 1
    outer loop
      vertex -3.6687599643282316 -13.691998587647545 2.5
      vertex -3.95 9.093266739736606 2.5
      vertex -3.9942964258242113 8.75680198110333 2.5
    endloop
  endfacet
  facet normal 0 0 -1
    outer loop
      vertex -4.330761184457488 -8.174027924194094 0
      vertex -4.330761184457488 8.174027924194094 0
      vertex -4.124166975080231 8.443266739736606 0
    endloop
  endfacet
  facet normal 0 0 -1
    outer loop
      vertex -4.124166975080231 -8.443266739736606 0
      vertex -4.124166975080231 8.443266739736606 0
      vertex -3.9942964258242113 8.75680198110333 0
    endloop
  endfacet
  facet normal 0 0 -1
    outer loop
      vertex -3.6687599643282316 -13.691998587647545 0
      vertex -3.95 9.093266739736606 0
      vertex -3.6687599643282316 13.691998587647545 0
    endloop
  endfacet
  facet normal 0 0 1
    outer loop
      vertex -3.9942964258242113 -8.75680198110333 2.5
      vertex -5.586464758633277 7.837563165560817 2.5
      vertex -5.8999999999999995 7.967433714816836 2.5
    endloop
  endfacet
  facet normal 0 0 1
    outer loop
      vertex -3.9942964258242113 -8.75680198110333 2.5
      vertex -5.25 7.793266739736606 2.5
      vertex -5.586464758633277 7.837563165560817 2.5
    endloop
  endfacet
  facet normal 0 0 1
    outer loop
      vertex -3.9942964258242113 -8.75680198110333 2.5
      vertex -4.9135352413667235 7.837563165560818 2.5
      vertex -5.25 7.793266739736606 2.5
    endloop
  endfacet
  facet normal 0 0 1
    outer loop
      vertex -3.6687599643282316 -13.691998587647545 2.5
      vertex -3.6687599643282316 13.691998587647545 2.5
      vertex -3.95 9.093266739736606 2.5
    endloop
  endfacet
  facet normal 0 0 1
    outer loop
      vertex -7.0875 12.275910098644419 2.5
      vertex -3.9942964258242113 -8.75680198110333 2.5
      vertex -6.505703574175788 8.756801981103328 2.5
    endloop
  endfacet
  facet normal 0 0 1
    outer loop
      vertex -3.6687599643282316 -13.691998587647545 2.5
      vertex -3 0 2.5
      vertex -3.6687599643282316 13.691998587647545 2.5
    endloop
  endfacet
  facet normal 0 0 -1
    outer loop
      vertex -3.6687599643282316 -13.691998587647545 0
      vertex -3.6687599643282316 13.691998587647545 0
      vertex 0 14.175 0
    endloop
  endfacet
  facet normal 0 0 1
    outer loop
      vertex -3 0 2.5
      vertex -2.897777478867205 0.7764571353075622 2.5
      vertex -3.6687599643282316 13.691998587647545 2.5
    endloop
  endfacet
  facet normal 0 0 1
    outer loop
      vertex -2.897777478867205 0.7764571353075622 2.5
      vertex -2.598076211353316 1.5 2.5
      vertex -3.6687599643282316 13.691998587647545 2.5
    endloop
  endfacet
  facet normal 0 0 1
    outer loop
      vertex -2.598076211353316 1.5 2.5
      vertex -2.121320343559643 2.121320343559643 2.5
      vertex -3.6687599643282316 13.691998587647545 2.5
    endloop
  endfacet
  facet normal 0 0 1
    outer loop
      vertex -2.121320343559643 2.121320343559643 2.5
      vertex -1.5 2.598076211353316 2.5
      vertex -3.6687599643282316 13.691998587647545 2.5
    endloop
  endfacet
  facet normal 0 0 1
    outer loop
      vertex -1.5 2.598076211353316 2.5
      vertex -0.7764571353075622 2.897777478867205 2.5
      vertex -3.6687599643282316 13.691998587647545 2.5
    endloop
  endfacet
  facet normal 0 0 1
    outer loop
      vertex -0.7764571353075622 2.897777478867205 2.5
      vertex 0 3 2.5
      vertex -3.6687599643282316 13.691998587647545 2.5
    endloop
  endfacet
  facet normal 0 0 -1
    outer loop
      vertex -7.0875 12.275910098644419 0
      vertex -6.55 9.093266739736604 0
      vertex -6.505703574175788 8.756801981103328 0
    endloop
  endfacet
  facet normal 0 0 -1
    outer loop
      vertex -7.0875 12.275910098644419 0
      vertex -6.505703574175789 9.42973149836988 0
      vertex -6.55 9.093266739736604 0
    endloop
  endfacet
  facet normal 0 0 -1
    outer loop
      vertex -7.0875 12.275910098644419 0
      vertex -6.375833024919769 9.743266739736605 0
      vertex -6.505703574175789 9.42973149836988 0
    endloop
  endfacet
  facet normal 0 0 1
    outer loop
      vertex -7.0875 12.275910098644419 2.5
      vertex -6.505703574175788 8.756801981103328 2.5
      vertex -6.55 9.093266739736604 2.5
    endloop
  endfacet
  facet normal 0 0 1
    outer loop
      vertex -7.0875 12.275910098644419 2.5
      vertex -6.55 9.093266739736604 2.5
      vertex -6.505703574175789 9.42973149836988 2.5
    endloop
  endfacet
  facet normal 0 0 1
    outer loop
      vertex -7.0875 12.275910098644419 2.5
      vertex -6.505703574175789 9.42973149836988 2.5
      vertex -6.375833024919769 9.743266739736605 2.5
    endloop
  endfacet
  facet normal 0 0 -1
    outer loop
      vertex -7.0875 12.275910098644419 0
      vertex -6.169238815542512 10.012505555279116 0
      vertex -6.375833024919769 9.743266739736605 0
    endloop
  endfacet
  facet normal 0 0 -1
    outer loop
      vertex -7.0875 12.275910098644419 0
      vertex -5.9 10.219099764656375 0
      vertex -6.169238815542512 10.012505555279116 0
    endloop
  endfacet
  facet normal 0 0 -1
    outer loop
      vertex -7.0875 12.275910098644419 0
      vertex -5.5864647586332765 10.348970313912393 0
      vertex -5.9 10.219099764656375 0
    endloop
  endfacet
  facet normal 0 0 -1
    outer loop
      vertex -7.0875 12.275910098644419 0
      vertex -5.25 10.393266739736603 0
      vertex -5.5864647586332765 10.348970313912393 0
    endloop
  endfacet
  facet normal 0 0 -1
    outer loop
      vertex -7.0875 12.275910098644419 0
      vertex -3.6687599643282316 13.691998587647545 0
      vertex -5.25 10.393266739736603 0
    endloop
  endfacet
  facet normal 0 0 1
    outer loop
      vertex -7.0875 12.275910098644419 2.5
      vertex -6.375833024919769 9.743266739736605 2.5
      vertex -6.169238815542512 10.012505555279116 2.5
    endloop
  endfacet
  facet normal 0 0 1
    outer loop
      vertex -7.0875 12.275910098644419 2.5
      vertex -6.169238815542512 10.012505555279116 2.5
      vertex -5.9 10.219099764656375 2.5
    endloop
  endfacet
  facet normal 0 0 1
    outer loop
      vertex -7.0875 12.275910098644419 2.5
      vertex -5.9 10.219099764656375 2.5
      vertex -5.5864647586332765 10.348970313912393 2.5
    endloop
  endfacet
  facet normal 0 0 1
    outer loop
      vertex -7.0875 12.275910098644419 2.5
      vertex -5.5864647586332765 10.348970313912393 2.5
      vertex -5.25 10.393266739736603 2.5
    endloop
  endfacet
  facet normal 0 0 1
    outer loop
      vertex -7.0875 12.275910098644419 2.5
      vertex -5.25 10.393266739736603 2.5
      vertex -3.6687599643282316 13.691998587647545 2.5
    endloop
  endfacet
  facet normal -0.38268343236509 0.9238795325112867 0
    outer loop
      vertex -7.0875 12.275910098644419 0
      vertex -7.0875 12.275910098644419 2.5
      vertex -3.6687599643282316 13.691998587647545 0
    endloop
  endfacet
  facet normal 0 0 -1
    outer loop
      vertex -3.6687599643282316 13.691998587647545 0
      vertex -4.913535241366723 10.348970313912394 0
      vertex -5.25 10.393266739736603 0
    endloop
  endfacet
  facet normal 0 0 -1
    outer loop
      vertex -3.6687599643282316 13.691998587647545 0
      vertex -4.6000000000000005 10.219099764656375 0
      vertex -4.913535241366723 10.348970313912394 0
    endloop
  endfacet
  facet normal 0 0 -1
    outer loop
      vertex -3.6687599643282316 13.691998587647545 0
      vertex -4.12416697508023 9.743266739736606 0
      vertex -4.330761184457488 10.012505555279118 0
    endloop
  endfacet
  facet normal 0 0 -1
    outer loop
      vertex -3.6687599643282316 13.691998587647545 0
      vertex -4.330761184457488 10.012505555279118 0
      vertex -4.6000000000000005 10.219099764656375 0
    endloop
  endfacet
  facet normal 0 0 -1
    outer loop
      vertex -3.6687599643282316 13.691998587647545 0
      vertex -3.95 9.093266739736606 0
      vertex -3.9942964258242113 9.429731498369883 0
    endloop
  endfacet
  facet normal 0 0 -1
    outer loop
      vertex -3.6687599643282316 13.691998587647545 0
      vertex -3.9942964258242113 9.429731498369883 0
      vertex -4.12416697508023 9.743266739736606 0
    endloop
  endfacet
  facet normal 0 0 1
    outer loop
      vertex -3.6687599643282316 13.691998587647545 2.5
      vertex -5.25 10.393266739736603 2.5
      vertex -4.913535241366723 10.348970313912394 2.5
    endloop
  endfacet
  facet normal 0 0 1
    outer loop
      vertex -3.6687599643282316 13.691998587647545 2.5
      vertex -4.913535241366723 10.348970313912394 2.5
      vertex -4.6000000000000005 10.219099764656375 2.5
    endloop
  endfacet
  facet normal 0 0 1
    outer loop
      vertex -3.6687599643282316 13.691998587647545 2.5
      vertex -4.330761184457488 10.012505555279118 2.5
      vertex -4.12416697508023 9.743266739736606 2.5
    endloop
  endfacet
  facet normal 0 0 1
    outer loop
      vertex -3.6687599643282316 13.691998587647545 2.5
      vertex -4.6000000000000005 10.219099764656375 2.5
      vertex -4.330761184457488 10.012505555279118 2.5
    endloop
  endfacet
  facet normal 0 0 1
    outer loop
      vertex -3.6687599643282316 13.691998587647545 2.5
      vertex -3.9942964258242113 9.429731498369883 2.5
      vertex -3.95 9.093266739736606 2.5
    endloop
  endfacet
  facet normal 0 0 1
    outer loop
      vertex -3.6687599643282316 13.691998587647545 2.5
      vertex -4.12416697508023 9.743266739736606 2.5
      vertex -3.9942964258242113 9.429731498369883 2.5
    endloop
  endfacet
  facet normal -0.38268343236509 0.9238795325112867 0
    outer loop
      vertex -7.0875 12.275910098644419 2.5
      vertex -3.6687599643282316 13.691998587647545 2.5
      vertex -3.6687599643282316 13.691998587647545 0
    endloop
  endfacet
  facet normal 0 0 1
    outer loop
      vertex -3.6687599643282316 13.691998587647545 2.5
      vertex 0 3 2.5
      vertex 0 14.175 2.5
    endloop
  endfacet
  facet normal -0.1305261922200513 0.9914448613738105 0
    outer loop
      vertex -3.6687599643282316 13.691998587647545 0
      vertex -3.6687599643282316 13.691998587647545 2.5
      vertex 0 14.175 0
    endloop
  endfacet
  facet normal -0.1305261922200513 0.9914448613738105 0
    outer loop
      vertex -3.6687599643282316 13.691998587647545 2.5
      vertex 0 14.175 2.5
      vertex 0 14.175 0
    endloop
  endfacet
  facet normal 0.1305261922200513 -0.9914448613738105 0
    outer loop
      vertex 0 -14.175 0
      vertex 3.6687599643282316 -13.691998587647545 2.5
      vertex 0 -14.175 2.5
    endloop
  endfacet
  facet normal 0.1305261922200513 -0.9914448613738105 0
    outer loop
      vertex 0 -14.175 0
      vertex 3.6687599643282316 -13.691998587647545 0
      vertex 3.6687599643282316 -13.691998587647545 2.5
    endloop
  endfacet
  facet normal 0 0 1
    outer loop
      vertex 0 -14.175 2.5
      vertex 3.6687599643282316 -13.691998587647545 2.5
      vertex 0 -3 2.5
    endloop
  endfacet
  facet normal 0.38268343236509 -0.9238795325112867 0
    outer loop
      vertex 3.6687599643282316 -13.691998587647545 0
      vertex 7.0875 -12.275910098644419 2.5
      vertex 3.6687599643282316 -13.691998587647545 2.5
    endloop
  endfacet
  facet normal 0 0 -1
    outer loop
      vertex 3.6687599643282316 -13.691998587647545 0
      vertex 3.9942964258242113 -9.429731498369883 0
      vertex 4.12416697508023 -9.743266739736606 0
    endloop
  endfacet
  facet normal 0 0 -1
    outer loop
      vertex 3.6687599643282316 -13.691998587647545 0
      vertex 3.95 -9.093266739736606 0
      vertex 3.9942964258242113 -9.429731498369883 0
    endloop
  endfacet
  facet normal 0 0 -1
    outer loop
      vertex 3.6687599643282316 -13.691998587647545 0
      vertex 4.330761184457488 -10.012505555279118 0
      vertex 4.6000000000000005 -10.219099764656375 0
    endloop
  endfacet
  facet normal 0 0 -1
    outer loop
      vertex 3.6687599643282316 -13.691998587647545 0
      vertex 4.12416697508023 -9.743266739736606 0
      vertex 4.330761184457488 -10.012505555279118 0
    endloop
  endfacet
  facet normal 0 0 -1
    outer loop
      vertex 3.6687599643282316 -13.691998587647545 0
      vertex 4.6000000000000005 -10.219099764656375 0
      vertex 4.913535241366723 -10.348970313912394 0
    endloop
  endfacet
  facet normal 0 0 -1
    outer loop
      vertex 3.6687599643282316 -13.691998587647545 0
      vertex 4.913535241366723 -10.348970313912394 0
      vertex 5.25 -10.393266739736603 0
    endloop
  endfacet
  facet normal 0 0 1
    outer loop
      vertex 3.6687599643282316 -13.691998587647545 2.5
      vertex 4.12416697508023 -9.743266739736606 2.5
      vertex 3.9942964258242113 -9.429731498369883 2.5
    endloop
  endfacet
  facet normal 0 0 1
    outer loop
      vertex 3.6687599643282316 -13.691998587647545 2.5
      vertex 3.9942964258242113 -9.429731498369883 2.5
      vertex 3.95 -9.093266739736606 2.5
    endloop
  endfacet
  facet normal 0 0 1
    outer loop
      vertex 3.6687599643282316 -13.691998587647545 2.5
      vertex 4.6000000000000005 -10.219099764656375 2.5
      vertex 4.330761184457488 -10.012505555279118 2.5
    endloop
  endfacet
  facet normal 0 0 1
    outer loop
      vertex 3.6687599643282316 -13.691998587647545 2.5
      vertex 4.330761184457488 -10.012505555279118 2.5
      vertex 4.12416697508023 -9.743266739736606 2.5
    endloop
  endfacet
  facet normal 0 0 1
    outer loop
      vertex 3.6687599643282316 -13.691998587647545 2.5
      vertex 4.913535241366723 -10.348970313912394 2.5
      vertex 4.6000000000000005 -10.219099764656375 2.5
    endloop
  endfacet
  facet normal 0 0 1
    outer loop
      vertex 3.6687599643282316 -13.691998587647545 2.5
      vertex 5.25 -10.393266739736603 2.5
      vertex 4.913535241366723 -10.348970313912394 2.5
    endloop
  endfacet
  facet normal 0 0 1
    outer loop
      vertex 3.6687599643282316 -13.691998587647545 2.5
      vertex 5.5864647586332765 -10.348970313912393 2.5
      vertex 5.25 -10.393266739736603 2.5
    endloop
  endfacet
  facet normal 0.38268343236509 -0.9238795325112867 0
    outer loop
      vertex 3.6687599643282316 -13.691998587647545 0
      vertex 7.0875 -12.275910098644419 0
      vertex 7.0875 -12.275910098644419 2.5
    endloop
  endfacet
  facet normal 0 0 -1
    outer loop
      vertex 3.6687599643282316 -13.691998587647545 0
      vertex 5.25 -10.393266739736603 0
      vertex 7.0875 -12.275910098644419 0
    endloop
  endfacet
  facet normal 0 0 -1
    outer loop
      vertex 7.0875 -12.275910098644419 0
      vertex 5.25 -10.393266739736603 0
      vertex 5.5864647586332765 -10.348970313912393 0
    endloop
  endfacet
  facet normal 0 0 -1
    outer loop
      vertex 7.0875 -12.275910098644419 0
      vertex 5.5864647586332765 -10.348970313912393 0
      vertex 5.9 -10.219099764656375 0
    endloop
  endfacet
  facet normal 0 0 -1
    outer loop
      vertex 7.0875 -12.275910098644419 0
      vertex 5.9 -10.219099764656375 0
      vertex 6.169238815542512 -10.012505555279116 0
    endloop
  endfacet
  facet normal 0 0 -1
    outer loop
      vertex 7.0875 -12.275910098644419 0
      vertex 6.169238815542512 -10.012505555279116 0
      vertex 6.375833024919769 -9.743266739736605 0
    endloop
  endfacet
  facet normal 0 0 1
    outer loop
      vertex 3.6687599643282316 -13.691998587647545 2.5
      vertex 7.0875 -12.275910098644419 2.5
      vertex 5.5864647586332765 -10.348970313912393 2.5
    endloop
  endfacet
  facet normal 0 0 1
    outer loop
      vertex 7.0875 -12.275910098644419 2.5
      vertex 5.9 -10.219099764656375 2.5
      vertex 5.5864647586332765 -10.348970313912393 2.5
    endloop
  endfacet
  facet normal 0 0 1
    outer loop
      vertex 7.0875 -12.275910098644419 2.5
      vertex 6.169238815542512 -10.012505555279116 2.5
      vertex 5.9 -10.219099764656375 2.5
    endloop
  endfacet
  facet normal 0 0 1
    outer loop
      vertex 7.0875 -12.275910098644419 2.5
      vertex 6.375833024919769 -9.743266739736605 2.5
      vertex 6.169238815542512 -10.012505555279116 2.5
    endloop
  endfacet
  facet normal 0 0 -1
    outer loop
      vertex 7.0875 -12.275910098644419 0
      vertex 6.375833024919769 -9.743266739736605 0
      vertex 6.505703574175789 -9.42973149836988 0
    endloop
  endfacet
  facet normal 0 0 -1
    outer loop
      vertex 7.0875 -12.275910098644419 0
      vertex 6.505703574175789 -9.42973149836988 0
      vertex 6.55 -9.093266739736604 0
    endloop
  endfacet
  facet normal 0 0 -1
    outer loop
      vertex 7.0875 -12.275910098644419 0
      vertex 6.55 -9.093266739736604 0
      vertex 6.505703574175788 -8.756801981103328 0
    endloop
  endfacet
  facet normal 0 0 1
    outer loop
      vertex 7.0875 -12.275910098644419 2.5
      vertex 6.505703574175789 -9.42973149836988 2.5
      vertex 6.375833024919769 -9.743266739736605 2.5
    endloop
  endfacet
  facet normal 0 0 1
    outer loop
      vertex 7.0875 -12.275910098644419 2.5
      vertex 6.55 -9.093266739736604 2.5
      vertex 6.505703574175789 -9.42973149836988 2.5
    endloop
  endfacet
  facet normal 0 0 1
    outer loop
      vertex 3.6687599643282316 -13.691998587647545 2.5
      vertex 0.7764571353075622 -2.897777478867205 2.5
      vertex 0 -3 2.5
    endloop
  endfacet
  facet normal 0 0 1
    outer loop
      vertex 3.6687599643282316 -13.691998587647545 2.5
      vertex 1.5 -2.598076211353316 2.5
      vertex 0.7764571353075622 -2.897777478867205 2.5
    endloop
  endfacet
  facet normal 0 0 1
    outer loop
      vertex 3.6687599643282316 -13.691998587647545 2.5
      vertex 2.121320343559643 -2.121320343559643 2.5
      vertex 1.5 -2.598076211353316 2.5
    endloop
  endfacet
  facet normal 0 0 1
    outer loop
      vertex 3.6687599643282316 -13.691998587647545 2.5
      vertex 2.598076211353316 -1.5 2.5
      vertex 2.121320343559643 -2.121320343559643 2.5
    endloop
  endfacet
  facet normal 0 0 1
    outer loop
      vertex 3.6687599643282316 -13.691998587647545 2.5
      vertex 2.897777478867205 -0.7764571353075622 2.5
      vertex 2.598076211353316 -1.5 2.5
    endloop
  endfacet
  facet normal 0 0 -1
    outer loop
      vertex 0 -14.175 0
      vertex 3.6687599643282316 13.691998587647545 0
      vertex 3.6687599643282316 -13.691998587647545 0
    endloop
  endfacet
  facet normal 0 0 1
    outer loop
      vertex 3.6687599643282316 -13.691998587647545 2.5
      vertex 3 0 2.5
      vertex 2.897777478867205 -0.7764571353075622 2.5
    endloop
  endfacet
  facet normal 0 0 -1
    outer loop
      vertex 3.6687599643282316 -13.691998587647545 0
      vertex 4.9135352413667235 7.837563165560818 0
      vertex 3.95 -9.093266739736606 0
    endloop
  endfacet
  facet normal 0 0 1
    outer loop
      vertex 3.6687599643282316 -13.691998587647545 2.5
      vertex 3.95 -9.093266739736606 2.5
      vertex 3.9942964258242113 8.75680198110333 2.5
    endloop
  endfacet
  facet normal 0 0 1
    outer loop
      vertex 7.0875 -12.275910098644419 2.5
      vertex 4.330761184457488 8.174027924194094 2.5
      vertex 6.55 -9.093266739736604 2.5
    endloop
  endfacet
  facet normal 0 0 -1
    outer loop
      vertex 3.95 -9.093266739736606 0
      vertex 4.9135352413667235 7.837563165560818 0
      vertex 3.9942964258242113 -8.75680198110333 0
    endloop
  endfacet
  facet normal 0 0 1
    outer loop
      vertex 3.9942964258242113 -8.75680198110333 2.5
      vertex 3.9942964258242113 8.75680198110333 2.5
      vertex 3.95 -9.093266739736606 2.5
    endloop
  endfacet
  facet normal 0 0 1
    outer loop
      vertex 4.124166975080231 -8.443266739736606 2.5
      vertex 3.9942964258242113 8.75680198110333 2.5
      vertex 3.9942964258242113 -8.75680198110333 2.5
    endloop
  endfacet
  facet normal 0 0 1
    outer loop
      vertex 4.330761184457488 -8.174027924194094 2.5
      vertex 4.124166975080231 8.443266739736606 2.5
      vertex 4.124166975080231 -8.443266739736606 2.5
    endloop
  endfacet
  facet normal 0 0 1
    outer loop
      vertex 4.330761184457488 -8.174027924194094 2.5
      vertex 4.6 -7.967433714816835 2.5
      vertex 4.330761184457488 8.174027924194094 2.5
    endloop
  endfacet
  facet normal 0 0 1
    outer loop
      vertex 4.330761184457488 8.174027924194094 2.5
      vertex 4.6 -7.967433714816835 2.5
      vertex 4.9135352413667235 -7.837563165560818 2.5
    endloop
  endfacet
  facet normal 0 0 1
    outer loop
      vertex 4.330761184457488 8.174027924194094 2.5
      vertex 4.9135352413667235 -7.837563165560818 2.5
      vertex 5.25 -7.793266739736606 2.5
    endloop
  endfacet
  facet normal 0 0 1
    outer loop
      vertex 4.330761184457488 8.174027924194094 2.5
      vertex 5.25 -7.793266739736606 2.5
      vertex 5.586464758633277 -7.837563165560817 2.5
    endloop
  endfacet
  facet normal 0 0 1
    outer loop
      vertex 4.330761184457488 8.174027924194094 2.5
      vertex 5.586464758633277 -7.837563165560817 2.5
      vertex 5.8999999999999995 -7.967433714816836 2.5
    endloop
  endfacet
  facet normal 0 0 -1
    outer loop
      vertex 7.0875 12.275910098644419 0
      vertex 4.124166975080231 -8.443266739736606 0
      vertex 3.9942964258242113 -8.75680198110333 0
    endloop
  endfacet
  facet normal 0 0 -1
    outer loop
      vertex 7.0875 12.275910098644419 0
      vertex 4.330761184457488 -8.174027924194094 0
      vertex 4.124166975080231 -8.443266739736606 0
    endloop
  endfacet
  facet normal 0 0 -1
    outer loop
      vertex 7.0875 -12.275910098644419 0
      vertex 6.505703574175788 -8.756801981103328 0
      vertex 7.0875 12.275910098644419 0
    endloop
  endfacet
  facet normal 0 0 1
    outer loop
      vertex 4.330761184457488 8.174027924194094 2.5
      vertex 6.37583302491977 -8.443266739736606 2.5
      vertex 6.505703574175788 -8.756801981103328 2.5
    endloop
  endfacet
  facet normal 0 0 1
    outer loop
      vertex 4.330761184457488 8.174027924194094 2.5
      vertex 6.169238815542512 -8.174027924194093 2.5
      vertex 6.37583302491977 -8.443266739736606 2.5
    endloop
  endfacet
  facet normal 0 0 1
    outer loop
      vertex 4.330761184457488 8.174027924194094 2.5
      vertex 6.505703574175788 -8.756801981103328 2.5
      vertex 6.55 -9.093266739736604 2.5
    endloop
  endfacet
  facet normal 0 0 1
    outer loop
      vertex 4.330761184457488 8.174027924194094 2.5
      vertex 5.8999999999999995 -7.967433714816836 2.5
      vertex 6.169238815542512 -8.174027924194093 2.5
    endloop
  endfacet
  facet normal 0 0 -1
    outer loop
      vertex 7.0875 12.275910098644419 0
      vertex 4.6 -7.967433714816835 0
      vertex 4.330761184457488 -8.174027924194094 0
    endloop
  endfacet
  facet normal 0 0 -1
    outer loop
      vertex 7.0875 12.275910098644419 0
      vertex 4.9135352413667235 -7.837563165560818 0
      vertex 4.6 -7.967433714816835 0
    endloop
  endfacet
  facet normal 0 0 -1
    outer loop
      vertex 7.0875 12.275910098644419 0
      vertex 5.25 -7.793266739736606 0
      vertex 4.9135352413667235 -7.837563165560818 0
    endloop
  endfacet
  facet normal 0 0 -1
    outer loop
      vertex 7.0875 12.275910098644419 0
      vertex 5.586464758633277 -7.837563165560817 0
      vertex 5.25 -7.793266739736606 0
    endloop
  endfacet
  facet normal 0 0 -1
    outer loop
      vertex 7.0875 12.275910098644419 0
      vertex 5.8999999999999995 -7.967433714816836 0
      vertex 5.586464758633277 -7.837563165560817 0
    endloop
  endfacet
  facet normal 0 0 -1
    outer loop
      vertex 7.0875 12.275910098644419 0
      vertex 6.37583302491977 -8.443266739736606 0
      vertex 6.169238815542512 -8.174027924194093 0
    endloop
  endfacet
  facet normal 0 0 -1
    outer loop
      vertex 7.0875 12.275910098644419 0
      vertex 6.169238815542512 -8.174027924194093 0
      vertex 5.8999999999999995 -7.967433714816836 0
    endloop
  endfacet
  facet normal 0 0 -1
    outer loop
      vertex 7.0875 12.275910098644419 0
      vertex 6.505703574175788 -8.756801981103328 0
      vertex 6.37583302491977 -8.443266739736606 0
    endloop
  endfacet
  facet normal 0.6087614290087205 -0.793353340291235 0
    outer loop
      vertex 7.0875 -12.275910098644419 0
      vertex 10.023238623319312 -10.023238623319312 2.5
      vertex 7.0875 -12.275910098644419 2.5
    endloop
  endfacet
  facet normal 0.6087614290087205 -0.793353340291235 0
    outer loop
      vertex 7.0875 -12.275910098644419 0
      vertex 10.023238623319312 -10.023238623319312 0
      vertex 10.023238623319312 -10.023238623319312 2.5
    endloop
  endfacet
  facet normal 0 0 -1
    outer loop
      vertex 7.0875 -12.275910098644419 0
      vertex 9.85 -1.12583302491977 0
      vertex 10.023238623319312 -10.023238623319312 0
    endloop
  endfacet
  facet normal 0.793353340291235 -0.6087614290087205 0
    outer loop
      vertex 10.023238623319312 -10.023238623319312 0
      vertex 12.275910098644419 -7.0875 0
      vertex 10.023238623319312 -10.023238623319312 2.5
    endloop
  endfacet
  facet normal 0.793353340291235 -0.6087614290087205 0
    outer loop
      vertex 10.023238623319312 -10.023238623319312 2.5
      vertex 12.275910098644419 -7.0875 0
      vertex 12.275910098644419 -7.0875 2.5
    endloop
  endfacet
  facet normal 0 0 -1
    outer loop
      vertex 7.0875 -12.275910098644419 0
      vertex 9.580761184457488 -0.9192388155425119 0
      vertex 9.85 -1.12583302491977 0
    endloop
  endfacet
  facet normal 0 0 -1
    outer loop
      vertex 7.0875 -12.275910098644419 0
      vertex 9.37416697508023 -0.65 0
      vertex 9.580761184457488 -0.9192388155425119 0
    endloop
  endfacet
  facet normal 0 0 -1
    outer loop
      vertex 7.0875 -12.275910098644419 0
      vertex 9.244296425824212 -0.33646475863327696 0
      vertex 9.37416697508023 -0.65 0
    endloop
  endfacet
  facet normal 0 0 -1
    outer loop
      vertex 7.0875 -12.275910098644419 0
      vertex 9.2 0 0
      vertex 9.244296425824212 -0.33646475863327696 0
    endloop
  endfacet
  facet normal 0 0 -1
    outer loop
      vertex 7.0875 -12.275910098644419 0
      vertex 9.244296425824212 0.33646475863327696 0
      vertex 9.2 0 0
    endloop
  endfacet
  facet normal 0 0 -1
    outer loop
      vertex 10.023238623319312 -10.023238623319312 0
      vertex 9.85 -1.12583302491977 0
      vertex 10.163535241366723 -1.255703574175789 0
    endloop
  endfacet
  facet normal 0 0 -1
    outer loop
      vertex 10.023238623319312 -10.023238623319312 0
      vertex 10.163535241366723 -1.255703574175789 0
      vertex 10.5 -1.3 0
    endloop
  endfacet
  facet normal 0 0 -1
    outer loop
      vertex 10.023238623319312 -10.023238623319312 0
      vertex 10.5 -1.3 0
      vertex 10.836464758633277 -1.255703574175789 0
    endloop
  endfacet
  facet normal 0 0 1
    outer loop
      vertex 10.023238623319312 -10.023238623319312 2.5
      vertex 9.580761184457488 -0.9192388155425119 2.5
      vertex 9.37416697508023 -0.65 2.5
    endloop
  endfacet
  facet normal 0 0 1
    outer loop
      vertex 10.023238623319312 -10.023238623319312 2.5
      vertex 9.37416697508023 -0.65 2.5
      vertex 9.244296425824212 -0.33646475863327696 2.5
    endloop
  endfacet
  facet normal 0 0 1
    outer loop
      vertex 10.023238623319312 -10.023238623319312 2.5
      vertex 9.85 -1.12583302491977 2.5
      vertex 9.580761184457488 -0.9192388155425119 2.5
    endloop
  endfacet
  facet normal 0 0 1
    outer loop
      vertex 7.0875 -12.275910098644419 2.5
      vertex 10.023238623319312 -10.023238623319312 2.5
      vertex 7.0875 12.275910098644419 2.5
    endloop
  endfacet
  facet normal 0 0 -1
    outer loop
      vertex 7.0875 -12.275910098644419 0
      vertex 10.023238623319312 10.023238623319312 0
      vertex 9.244296425824212 0.33646475863327696 0
    endloop
  endfacet
  facet normal 0 0 -1
    outer loop
      vertex 10.023238623319312 -10.023238623319312 0
      vertex 11.419238815542512 -0.9192388155425119 0
      vertex 12.275910098644419 -7.0875 0
    endloop
  endfacet
  facet normal 0 0 1
    outer loop
      vertex 10.023238623319312 -10.023238623319312 2.5
      vertex 12.275910098644419 -7.0875 2.5
      vertex 9.85 -1.12583302491977 2.5
    endloop
  endfacet
  facet normal 0 0 -1
    outer loop
      vertex 10.023238623319312 -10.023238623319312 0
      vertex 10.836464758633277 -1.255703574175789 0
      vertex 11.15 -1.12583302491977 0
    endloop
  endfacet
  facet normal 0 0 -1
    outer loop
      vertex 10.023238623319312 -10.023238623319312 0
      vertex 11.15 -1.12583302491977 0
      vertex 11.419238815542512 -0.9192388155425119 0
    endloop
  endfacet
  facet normal 0.9238795325112867 -0.38268343236509 0
    outer loop
      vertex 12.275910098644419 -7.0875 0
      vertex 13.691998587647545 -3.6687599643282316 0
      vertex 12.275910098644419 -7.0875 2.5
    endloop
  endfacet
  facet normal 0.9238795325112867 -0.38268343236509 0
    outer loop
      vertex 12.275910098644419 -7.0875 2.5
      vertex 13.691998587647545 -3.6687599643282316 0
      vertex 13.691998587647545 -3.6687599643282316 2.5
    endloop
  endfacet
  facet normal 0 0 -1
    outer loop
      vertex 12.275910098644419 -7.0875 0
      vertex 11.419238815542512 -0.9192388155425119 0
      vertex 11.62583302491977 -0.65 0
    endloop
  endfacet
  facet normal 0 0 -1
    outer loop
      vertex 12.275910098644419 -7.0875 0
      vertex 11.62583302491977 -0.65 0
      vertex 11.755703574175788 -0.33646475863327696 0
    endloop
  endfacet
  facet normal 0 0 -1
    outer loop
      vertex 12.275910098644419 -7.0875 0
      vertex 11.755703574175788 -0.33646475863327696 0
      vertex 11.8 0 0
    endloop
  endfacet
  facet normal 0 0 1
    outer loop
      vertex 12.275910098644419 -7.0875 2.5
      vertex 10.163535241366723 -1.255703574175789 2.5
      vertex 9.85 -1.12583302491977 2.5
    endloop
  endfacet
  facet normal 0 0 1
    outer loop
      vertex 12.275910098644419 -7.0875 2.5
      vertex 10.5 -1.3 2.5
      vertex 10.163535241366723 -1.255703574175789 2.5
    endloop
  endfacet
  facet normal 0 0 1
    outer loop
      vertex 12.275910098644419 -7.0875 2.5
      vertex 10.836464758633277 -1.255703574175789 2.5
      vertex 10.5 -1.3 2.5
    endloop
  endfacet
  facet normal 0 0 1
    outer loop
      vertex 12.275910098644419 -7.0875 2.5
      vertex 11.15 -1.12583302491977 2.5
      vertex 10.836464758633277 -1.255703574175789 2.5
    endloop
  endfacet
  facet normal 0 0 1
    outer loop
      vertex 12.275910098644419 -7.0875 2.5
      vertex 11.419238815542512 -0.9192388155425119 2.5
      vertex 11.15 -1.12583302491977 2.5
    endloop
  endfacet
  facet normal 0 0 1
    outer loop
      vertex 12.275910098644419 -7.0875 2.5
      vertex 11.62583302491977 -0.65 2.5
      vertex 11.419238815542512 -0.9192388155425119 2.5
    endloop
  endfacet
  facet normal 0 0 1
    outer loop
      vertex 12.275910098644419 -7.0875 2.5
      vertex 11.755703574175788 -0.33646475863327696 2.5
      vertex 11.62583302491977 -0.65 2.5
    endloop
  endfacet
  facet normal 0 0 1
    outer loop
      vertex 12.275910098644419 -7.0875 2.5
      vertex 11.8 0 2.5
      vertex 11.755703574175788 -0.33646475863327696 2.5
    endloop
  endfacet
  facet normal 0 0 -1
    outer loop
      vertex 12.275910098644419 -7.0875 0
      vertex 13.691998587647545 3.6687599643282316 0
      vertex 13.691998587647545 -3.6687599643282316 0
    endloop
  endfacet
  facet normal 0.9914448613738105 -0.1305261922200513 0
    outer loop
      vertex 13.691998587647545 -3.6687599643282316 0
      vertex 14.175 0 0
      vertex 13.691998587647545 -3.6687599643282316 2.5
    endloop
  endfacet
  facet normal 0 0 1
    outer loop
      vertex 12.275910098644419 -7.0875 2.5
      vertex 13.691998587647545 -3.6687599643282316 2.5
      vertex 12.275910098644419 7.0875 2.5
    endloop
  endfacet
  facet normal 0.9914448613738105 -0.1305261922200513 0
    outer loop
      vertex 13.691998587647545 -3.6687599643282316 2.5
      vertex 14.175 0 0
      vertex 14.175 0 2.5
    endloop
  endfacet
  facet normal 0 0 1
    outer loop
      vertex 3.6687599643282316 -13.691998587647545 2.5
      vertex 3.6687599643282316 13.691998587647545 2.5
      vertex 3 0 2.5
    endloop
  endfacet
  facet normal 0 0 -1
    outer loop
      vertex 0 -14.175 0
      vertex 0 14.175 0
      vertex 3.6687599643282316 13.691998587647545 0
    endloop
  endfacet
  facet normal 0 0 1
    outer loop
      vertex 0 3 2.5
      vertex 0.7764571353075622 2.897777478867205 2.5
      vertex 0 14.175 2.5
    endloop
  endfacet
  facet normal 0 0 1
    outer loop
      vertex 0.7764571353075622 2.897777478867205 2.5
      vertex 1.5 2.598076211353316 2.5
      vertex 0 14.175 2.5
    endloop
  endfacet
  facet normal 0 0 1
    outer loop
      vertex 1.5 2.598076211353316 2.5
      vertex 2.121320343559643 2.121320343559643 2.5
      vertex 0 14.175 2.5
    endloop
  endfacet
  facet normal 0 0 1
    outer loop
      vertex 3 0 2.5
      vertex 3.6687599643282316 13.691998587647545 2.5
      vertex 2.897777478867205 0.7764571353075622 2.5
    endloop
  endfacet
  facet normal 0 0 1
    outer loop
      vertex 2.598076211353316 1.5 2.5
      vertex 2.897777478867205 0.7764571353075622 2.5
      vertex 3.6687599643282316 13.691998587647545 2.5
    endloop
  endfacet
  facet normal 0 0 1
    outer loop
      vertex 2.598076211353316 1.5 2.5
      vertex 3.6687599643282316 13.691998587647545 2.5
      vertex 2.121320343559643 2.121320343559643 2.5
    endloop
  endfacet
  facet normal 0 0 -1
    outer loop
      vertex 3.6687599643282316 -13.691998587647545 0
      vertex 4.330761184457488 8.174027924194094 0
      vertex 4.6 7.967433714816835 0
    endloop
  endfacet
  facet normal 0 0 -1
    outer loop
      vertex 3.6687599643282316 -13.691998587647545 0
      vertex 4.6 7.967433714816835 0
      vertex 4.9135352413667235 7.837563165560818 0
    endloop
  endfacet
  facet normal 0 0 -1
    outer loop
      vertex 3.6687599643282316 -13.691998587647545 0
      vertex 3.9942964258242113 8.75680198110333 0
      vertex 4.124166975080231 8.443266739736606 0
    endloop
  endfacet
  facet normal 0 0 -1
    outer loop
      vertex 3.6687599643282316 -13.691998587647545 0
      vertex 3.95 9.093266739736606 0
      vertex 3.9942964258242113 8.75680198110333 0
    endloop
  endfacet
  facet normal 0 0 -1
    outer loop
      vertex 3.6687599643282316 -13.691998587647545 0
      vertex 4.124166975080231 8.443266739736606 0
      vertex 4.330761184457488 8.174027924194094 0
    endloop
  endfacet
  facet normal 0 0 1
    outer loop
      vertex 3.6687599643282316 -13.691998587647545 2.5
      vertex 3.9942964258242113 8.75680198110333 2.5
      vertex 3.95 9.093266739736606 2.5
    endloop
  endfacet
  facet normal 0 0 -1
    outer loop
      vertex 3.6687599643282316 -13.691998587647545 0
      vertex 3.6687599643282316 13.691998587647545 0
      vertex 3.95 9.093266739736606 0
    endloop
  endfacet
  facet normal 0 0 -1
    outer loop
      vertex 3.9942964258242113 -8.75680198110333 0
      vertex 4.9135352413667235 7.837563165560818 0
      vertex 5.25 7.793266739736606 0
    endloop
  endfacet
  facet normal 0 0 -1
    outer loop
      vertex 3.9942964258242113 -8.75680198110333 0
      vertex 5.25 7.793266739736606 0
      vertex 5.586464758633277 7.837563165560817 0
    endloop
  endfacet
  facet normal 0 0 -1
    outer loop
      vertex 3.9942964258242113 -8.75680198110333 0
      vertex 5.586464758633277 7.837563165560817 0
      vertex 5.8999999999999995 7.967433714816836 0
    endloop
  endfacet
  facet normal 0 0 1
    outer loop
      vertex 3.6687599643282316 -13.691998587647545 2.5
      vertex 3.95 9.093266739736606 2.5
      vertex 3.6687599643282316 13.691998587647545 2.5
    endloop
  endfacet
  facet normal 0 0 1
    outer loop
      vertex 4.124166975080231 -8.443266739736606 2.5
      vertex 4.124166975080231 8.443266739736606 2.5
      vertex 3.9942964258242113 8.75680198110333 2.5
    endloop
  endfacet
  facet normal 0 0 1
    outer loop
      vertex 4.330761184457488 -8.174027924194094 2.5
      vertex 4.330761184457488 8.174027924194094 2.5
      vertex 4.124166975080231 8.443266739736606 2.5
    endloop
  endfacet
  facet normal 0 0 1
    outer loop
      vertex 7.0875 -12.275910098644419 2.5
      vertex 4.6 7.967433714816835 2.5
      vertex 4.330761184457488 8.174027924194094 2.5
    endloop
  endfacet
  facet normal 0 0 1
    outer loop
      vertex 7.0875 -12.275910098644419 2.5
      vertex 4.9135352413667235 7.837563165560818 2.5
      vertex 4.6 7.967433714816835 2.5
    endloop
  endfacet
  facet normal 0 0 1
    outer loop
      vertex 7.0875 -12.275910098644419 2.5
      vertex 5.25 7.793266739736606 2.5
      vertex 4.9135352413667235 7.837563165560818 2.5
    endloop
  endfacet
  facet normal 0 0 1
    outer loop
      vertex 7.0875 -12.275910098644419 2.5
      vertex 5.586464758633277 7.837563165560817 2.5
      vertex 5.25 7.793266739736606 2.5
    endloop
  endfacet
  facet normal 0 0 1
    outer loop
      vertex 7.0875 -12.275910098644419 2.5
      vertex 5.8999999999999995 7.967433714816836 2.5
      vertex 5.586464758633277 7.837563165560817 2.5
    endloop
  endfacet
  facet normal 0 0 1
    outer loop
      vertex 7.0875 -12.275910098644419 2.5
      vertex 6.169238815542512 8.174027924194093 2.5
      vertex 5.8999999999999995 7.967433714816836 2.5
    endloop
  endfacet
  facet normal 0 0 1
    outer loop
      vertex 7.0875 -12.275910098644419 2.5
      vertex 6.37583302491977 8.443266739736606 2.5
      vertex 6.169238815542512 8.174027924194093 2.5
    endloop
  endfacet
  facet normal 0 0 1
    outer loop
      vertex 7.0875 -12.275910098644419 2.5
      vertex 6.505703574175788 8.756801981103328 2.5
      vertex 6.37583302491977 8.443266739736606 2.5
    endloop
  endfacet
  facet normal 0 0 -1
    outer loop
      vertex 3.9942964258242113 -8.75680198110333 0
      vertex 5.8999999999999995 7.967433714816836 0
      vertex 6.169238815542512 8.174027924194093 0
    endloop
  endfacet
  facet normal 0 0 -1
    outer loop
      vertex 3.9942964258242113 -8.75680198110333 0
      vertex 6.169238815542512 8.174027924194093 0
      vertex 6.37583302491977 8.443266739736606 0
    endloop
  endfacet
  facet normal 0 0 -1
    outer loop
      vertex 3.9942964258242113 -8.75680198110333 0
      vertex 6.37583302491977 8.443266739736606 0
      vertex 6.505703574175788 8.756801981103328 0
    endloop
  endfacet
  facet normal 0 0 1
    outer loop
      vertex 7.0875 -12.275910098644419 2.5
      vertex 7.0875 12.275910098644419 2.5
      vertex 6.505703574175788 8.756801981103328 2.5
    endloop
  endfacet
  facet normal 0 0 -1
    outer loop
      vertex 7.0875 12.275910098644419 0
      vertex 3.9942964258242113 -8.75680198110333 0
      vertex 6.505703574175788 8.756801981103328 0
    endloop
  endfacet
  facet normal 0 0 1
    outer loop
      vertex 2.121320343559643 2.121320343559643 2.5
      vertex 3.6687599643282316 13.691998587647545 2.5
      vertex 0 14.175 2.5
    endloop
  endfacet
  facet normal 0.1305261922200513 0.9914448613738105 0
    outer loop
      vertex 0 14.175 0
      vertex 0 14.175 2.5
      vertex 3.6687599643282316 13.691998587647545 0
    endloop
  endfacet
  facet normal 0.1305261922200513 0.9914448613738105 0
    outer loop
      vertex 0 14.175 2.5
      vertex 3.6687599643282316 13.691998587647545 2.5
      vertex 3.6687599643282316 13.691998587647545 0
    endloop
  endfacet
  facet normal 0 0 -1
    outer loop
      vertex 7.0875 12.275910098644419 0
      vertex 6.505703574175788 8.756801981103328 0
      vertex 6.55 9.093266739736604 0
    endloop
  endfacet
  facet normal 0 0 -1
    outer loop
      vertex 7.0875 12.275910098644419 0
      vertex 6.55 9.093266739736604 0
      vertex 6.505703574175789 9.42973149836988 0
    endloop
  endfacet
  facet normal 0 0 -1
    outer loop
      vertex 7.0875 12.275910098644419 0
      vertex 6.505703574175789 9.42973149836988 0
      vertex 6.375833024919769 9.743266739736605 0
    endloop
  endfacet
  facet normal 0 0 1
    outer loop
      vertex 7.0875 12.275910098644419 2.5
      vertex 6.55 9.093266739736604 2.5
      vertex 6.505703574175788 8.756801981103328 2.5
    endloop
  endfacet
  facet normal 0 0 1
    outer loop
      vertex 7.0875 12.275910098644419 2.5
      vertex 6.505703574175789 9.42973149836988 2.5
      vertex 6.55 9.093266739736604 2.5
    endloop
  endfacet
  facet normal 0 0 1
    outer loop
      vertex 7.0875 12.275910098644419 2.5
      vertex 6.375833024919769 9.743266739736605 2.5
      vertex 6.505703574175789 9.42973149836988 2.5
    endloop
  endfacet
  facet normal 0 0 -1
    outer loop
      vertex 3.6687599643282316 13.691998587647545 0
      vertex 3.9942964258242113 9.429731498369883 0
      vertex 3.95 9.093266739736606 0
    endloop
  endfacet
  facet normal 0 0 -1
    outer loop
      vertex 3.6687599643282316 13.691998587647545 0
      vertex 4.12416697508023 9.743266739736606 0
      vertex 3.9942964258242113 9.429731498369883 0
    endloop
  endfacet
  facet normal 0 0 -1
    outer loop
      vertex 3.6687599643282316 13.691998587647545 0
      vertex 4.330761184457488 10.012505555279118 0
      vertex 4.12416697508023 9.743266739736606 0
    endloop
  endfacet
  facet normal 0 0 -1
    outer loop
      vertex 3.6687599643282316 13.691998587647545 0
      vertex 4.6000000000000005 10.219099764656375 0
      vertex 4.330761184457488 10.012505555279118 0
    endloop
  endfacet
  facet normal 0 0 -1
    outer loop
      vertex 3.6687599643282316 13.691998587647545 0
      vertex 4.913535241366723 10.348970313912394 0
      vertex 4.6000000000000005 10.219099764656375 0
    endloop
  endfacet
  facet normal 0 0 -1
    outer loop
      vertex 3.6687599643282316 13.691998587647545 0
      vertex 5.25 10.393266739736603 0
      vertex 4.913535241366723 10.348970313912394 0
    endloop
  endfacet
  facet normal 0 0 1
    outer loop
      vertex 3.6687599643282316 13.691998587647545 2.5
      vertex 3.95 9.093266739736606 2.5
      vertex 3.9942964258242113 9.429731498369883 2.5
    endloop
  endfacet
  facet normal 0 0 1
    outer loop
      vertex 3.6687599643282316 13.691998587647545 2.5
      vertex 3.9942964258242113 9.429731498369883 2.5
      vertex 4.12416697508023 9.743266739736606 2.5
    endloop
  endfacet
  facet normal 0 0 1
    outer loop
      vertex 3.6687599643282316 13.691998587647545 2.5
      vertex 4.12416697508023 9.743266739736606 2.5
      vertex 4.330761184457488 10.012505555279118 2.5
    endloop
  endfacet
  facet normal 0 0 1
    outer loop
      vertex 3.6687599643282316 13.691998587647545 2.5
      vertex 4.330761184457488 10.012505555279118 2.5
      vertex 4.6000000000000005 10.219099764656375 2.5
    endloop
  endfacet
  facet normal 0 0 1
    outer loop
      vertex 3.6687599643282316 13.691998587647545 2.5
      vertex 4.6000000000000005 10.219099764656375 2.5
      vertex 4.913535241366723 10.348970313912394 2.5
    endloop
  endfacet
  facet normal 0 0 1
    outer loop
      vertex 3.6687599643282316 13.691998587647545 2.5
      vertex 4.913535241366723 10.348970313912394 2.5
      vertex 5.25 10.393266739736603 2.5
    endloop
  endfacet
  facet normal 0.38268343236509 0.9238795325112867 0
    outer loop
      vertex 3.6687599643282316 13.691998587647545 0
      vertex 3.6687599643282316 13.691998587647545 2.5
      vertex 7.0875 12.275910098644419 0
    endloop
  endfacet
  facet normal 0 0 -1
    outer loop
      vertex 7.0875 12.275910098644419 0
      vertex 5.5864647586332765 10.348970313912393 0
      vertex 5.25 10.393266739736603 0
    endloop
  endfacet
  facet normal 0 0 -1
    outer loop
      vertex 7.0875 12.275910098644419 0
      vertex 5.9 10.219099764656375 0
      vertex 5.5864647586332765 10.348970313912393 0
    endloop
  endfacet
  facet normal 0 0 -1
    outer loop
      vertex 3.6687599643282316 13.691998587647545 0
      vertex 7.0875 12.275910098644419 0
      vertex 5.25 10.393266739736603 0
    endloop
  endfacet
  facet normal 0 0 -1
    outer loop
      vertex 7.0875 12.275910098644419 0
      vertex 6.169238815542512 10.012505555279116 0
      vertex 5.9 10.219099764656375 0
    endloop
  endfacet
  facet normal 0 0 -1
    outer loop
      vertex 7.0875 12.275910098644419 0
      vertex 6.375833024919769 9.743266739736605 0
      vertex 6.169238815542512 10.012505555279116 0
    endloop
  endfacet
  facet normal 0 0 1
    outer loop
      vertex 7.0875 12.275910098644419 2.5
      vertex 5.25 10.393266739736603 2.5
      vertex 5.5864647586332765 10.348970313912393 2.5
    endloop
  endfacet
  facet normal 0 0 1
    outer loop
      vertex 7.0875 12.275910098644419 2.5
      vertex 5.5864647586332765 10.348970313912393 2.5
      vertex 5.9 10.219099764656375 2.5
    endloop
  endfacet
  facet normal 0 0 1
    outer loop
      vertex 3.6687599643282316 13.691998587647545 2.5
      vertex 5.25 10.393266739736603 2.5
      vertex 7.0875 12.275910098644419 2.5
    endloop
  endfacet
  facet normal 0 0 1
    outer loop
      vertex 7.0875 12.275910098644419 2.5
      vertex 5.9 10.219099764656375 2.5
      vertex 6.169238815542512 10.012505555279116 2.5
    endloop
  endfacet
  facet normal 0 0 1
    outer loop
      vertex 7.0875 12.275910098644419 2.5
      vertex 6.169238815542512 10.012505555279116 2.5
      vertex 6.375833024919769 9.743266739736605 2.5
    endloop
  endfacet
  facet normal 0.38268343236509 0.9238795325112867 0
    outer loop
      vertex 3.6687599643282316 13.691998587647545 2.5
      vertex 7.0875 12.275910098644419 2.5
      vertex 7.0875 12.275910098644419 0
    endloop
  endfacet
  facet normal 0 0 1
    outer loop
      vertex 10.023238623319312 -10.023238623319312 2.5
      vertex 9.244296425824212 -0.33646475863327696 2.5
      vertex 7.0875 12.275910098644419 2.5
    endloop
  endfacet
  facet normal 0 0 -1
    outer loop
      vertex 7.0875 -12.275910098644419 0
      vertex 7.0875 12.275910098644419 0
      vertex 10.023238623319312 10.023238623319312 0
    endloop
  endfacet
  facet normal 0 0 1
    outer loop
      vertex 7.0875 12.275910098644419 2.5
      vertex 9.244296425824212 -0.33646475863327696 2.5
      vertex 9.2 0 2.5
    endloop
  endfacet
  facet normal 0 0 1
    outer loop
      vertex 7.0875 12.275910098644419 2.5
      vertex 9.2 0 2.5
      vertex 9.244296425824212 0.33646475863327696 2.5
    endloop
  endfacet
  facet normal 0 0 1
    outer loop
      vertex 7.0875 12.275910098644419 2.5
      vertex 9.244296425824212 0.33646475863327696 2.5
      vertex 9.37416697508023 0.65 2.5
    endloop
  endfacet
  facet normal 0 0 1
    outer loop
      vertex 7.0875 12.275910098644419 2.5
      vertex 9.37416697508023 0.65 2.5
      vertex 9.580761184457488 0.9192388155425119 2.5
    endloop
  endfacet
  facet normal 0 0 1
    outer loop
      vertex 7.0875 12.275910098644419 2.5
      vertex 9.580761184457488 0.9192388155425119 2.5
      vertex 9.85 1.12583302491977 2.5
    endloop
  endfacet
  facet normal 0 0 -1
    outer loop
      vertex 10.023238623319312 10.023238623319312 0
      vertex 9.37416697508023 0.65 0
      vertex 9.244296425824212 0.33646475863327696 0
    endloop
  endfacet
  facet normal 0 0 -1
    outer loop
      vertex 10.023238623319312 10.023238623319312 0
      vertex 9.580761184457488 0.9192388155425119 0
      vertex 9.37416697508023 0.65 0
    endloop
  endfacet
  facet normal 0 0 -1
    outer loop
      vertex 10.023238623319312 10.023238623319312 0
      vertex 9.85 1.12583302491977 0
      vertex 9.580761184457488 0.9192388155425119 0
    endloop
  endfacet
  facet normal 0 0 1
    outer loop
      vertex 10.023238623319312 10.023238623319312 2.5
      vertex 9.85 1.12583302491977 2.5
      vertex 10.163535241366723 1.255703574175789 2.5
    endloop
  endfacet
  facet normal 0 0 1
    outer loop
      vertex 10.023238623319312 10.023238623319312 2.5
      vertex 10.163535241366723 1.255703574175789 2.5
      vertex 10.5 1.3 2.5
    endloop
  endfacet
  facet normal 0 0 1
    outer loop
      vertex 10.023238623319312 10.023238623319312 2.5
      vertex 10.5 1.3 2.5
      vertex 10.836464758633277 1.255703574175789 2.5
    endloop
  endfacet
  facet normal 0 0 -1
    outer loop
      vertex 12.275910098644419 -7.0875 0
      vertex 11.8 0 0
      vertex 12.275910098644419 7.0875 0
    endloop
  endfacet
  facet normal 0 0 1
    outer loop
      vertex 12.275910098644419 -7.0875 2.5
      vertex 12.275910098644419 7.0875 2.5
      vertex 11.8 0 2.5
    endloop
  endfacet
  facet normal 0 0 -1
    outer loop
      vertex 12.275910098644419 7.0875 0
      vertex 10.163535241366723 1.255703574175789 0
      vertex 9.85 1.12583302491977 0
    endloop
  endfacet
  facet normal 0 0 -1
    outer loop
      vertex 12.275910098644419 7.0875 0
      vertex 10.5 1.3 0
      vertex 10.163535241366723 1.255703574175789 0
    endloop
  endfacet
  facet normal 0 0 -1
    outer loop
      vertex 12.275910098644419 7.0875 0
      vertex 10.836464758633277 1.255703574175789 0
      vertex 10.5 1.3 0
    endloop
  endfacet
  facet normal 0 0 -1
    outer loop
      vertex 12.275910098644419 7.0875 0
      vertex 11.15 1.12583302491977 0
      vertex 10.836464758633277 1.255703574175789 0
    endloop
  endfacet
  facet normal 0 0 -1
    outer loop
      vertex 12.275910098644419 7.0875 0
      vertex 11.8 0 0
      vertex 11.755703574175788 0.33646475863327696 0
    endloop
  endfacet
  facet normal 0 0 -1
    outer loop
      vertex 12.275910098644419 7.0875 0
      vertex 11.419238815542512 0.9192388155425119 0
      vertex 11.15 1.12583302491977 0
    endloop
  endfacet
  facet normal 0 0 -1
    outer loop
      vertex 12.275910098644419 7.0875 0
      vertex 11.755703574175788 0.33646475863327696 0
      vertex 11.62583302491977 0.65 0
    endloop
  endfacet
  facet normal 0 0 -1
    outer loop
      vertex 12.275910098644419 7.0875 0
      vertex 11.62583302491977 0.65 0
      vertex 11.419238815542512 0.9192388155425119 0
    endloop
  endfacet
  facet normal 0 0 1
    outer loop
      vertex 12.275910098644419 7.0875 2.5
      vertex 11.755703574175788 0.33646475863327696 2.5
      vertex 11.8 0 2.5
    endloop
  endfacet
  facet normal 0 0 1
    outer loop
      vertex 12.275910098644419 7.0875 2.5
      vertex 11.62583302491977 0.65 2.5
      vertex 11.755703574175788 0.33646475863327696 2.5
    endloop
  endfacet
  facet normal 0 0 1
    outer loop
      vertex 12.275910098644419 7.0875 2.5
      vertex 11.419238815542512 0.9192388155425119 2.5
      vertex 11.62583302491977 0.65 2.5
    endloop
  endfacet
  facet normal 0 0 -1
    outer loop
      vertex 12.275910098644419 -7.0875 0
      vertex 12.275910098644419 7.0875 0
      vertex 13.691998587647545 3.6687599643282316 0
    endloop
  endfacet
  facet normal 0 0 -1
    outer loop
      vertex 13.691998587647545 -3.6687599643282316 0
      vertex 13.691998587647545 3.6687599643282316 0
      vertex 14.175 0 0
    endloop
  endfacet
  facet normal 0.9914448613738105 0.1305261922200513 0
    outer loop
      vertex 14.175 0 0
      vertex 13.691998587647545 3.6687599643282316 0
      vertex 14.175 0 2.5
    endloop
  endfacet
  facet normal 0 0 1
    outer loop
      vertex 13.691998587647545 -3.6687599643282316 2.5
      vertex 14.175 0 2.5
      vertex 13.691998587647545 3.6687599643282316 2.5
    endloop
  endfacet
  facet normal 0 0 1
    outer loop
      vertex 13.691998587647545 -3.6687599643282316 2.5
      vertex 13.691998587647545 3.6687599643282316 2.5
      vertex 12.275910098644419 7.0875 2.5
    endloop
  endfacet
  facet normal 0.9914448613738105 0.1305261922200513 0
    outer loop
      vertex 14.175 0 2.5
      vertex 13.691998587647545 3.6687599643282316 0
      vertex 13.691998587647545 3.6687599643282316 2.5
    endloop
  endfacet
  facet normal 0 0 1
    outer loop
      vertex 10.023238623319312 10.023238623319312 2.5
      vertex 10.836464758633277 1.255703574175789 2.5
      vertex 11.15 1.12583302491977 2.5
    endloop
  endfacet
  facet normal 0 0 1
    outer loop
      vertex 10.023238623319312 10.023238623319312 2.5
      vertex 11.15 1.12583302491977 2.5
      vertex 11.419238815542512 0.9192388155425119 2.5
    endloop
  endfacet
  facet normal 0 0 -1
    outer loop
      vertex 10.023238623319312 10.023238623319312 0
      vertex 12.275910098644419 7.0875 0
      vertex 9.85 1.12583302491977 0
    endloop
  endfacet
  facet normal 0 0 1
    outer loop
      vertex 10.023238623319312 10.023238623319312 2.5
      vertex 11.419238815542512 0.9192388155425119 2.5
      vertex 12.275910098644419 7.0875 2.5
    endloop
  endfacet
  facet normal 0.9238795325112867 0.38268343236509 0
    outer loop
      vertex 13.691998587647545 3.6687599643282316 0
      vertex 12.275910098644419 7.0875 0
      vertex 13.691998587647545 3.6687599643282316 2.5
    endloop
  endfacet
  facet normal 0.9238795325112867 0.38268343236509 0
    outer loop
      vertex 13.691998587647545 3.6687599643282316 2.5
      vertex 12.275910098644419 7.0875 0
      vertex 12.275910098644419 7.0875 2.5
    endloop
  endfacet
  facet normal 0 0 1
    outer loop
      vertex 10.023238623319312 10.023238623319312 2.5
      vertex 7.0875 12.275910098644419 2.5
      vertex 9.85 1.12583302491977 2.5
    endloop
  endfacet
  facet normal 0.6087614290087205 0.793353340291235 0
    outer loop
      vertex 10.023238623319312 10.023238623319312 0
      vertex 7.0875 12.275910098644419 0
      vertex 7.0875 12.275910098644419 2.5
    endloop
  endfacet
  facet normal 0.6087614290087205 0.793353340291235 0
    outer loop
      vertex 10.023238623319312 10.023238623319312 0
      vertex 7.0875 12.275910098644419 2.5
      vertex 10.023238623319312 10.023238623319312 2.5
    endloop
  endfacet
  facet normal 0.793353340291235 0.6087614290087205 0
    outer loop
      vertex 10.023238623319312 10.023238623319312 0
      vertex 12.275910098644419 7.0875 2.5
      vertex 12.275910098644419 7.0875 0
    endloop
  endfacet
  facet normal 0.793353340291235 0.6087614290087205 0
    outer loop
      vertex 10.023238623319312 10.023238623319312 0
      vertex 10.023238623319312 10.023238623319312 2.5
      vertex 12.275910098644419 7.0875 2.5
    endloop
  endfacet
  facet normal -0.9238795325112867 -0.3826834323650899 0
    outer loop
      vertex -2.897777478867205 -0.7764571353075622 2.5
      vertex -2.598076211353316 -1.5 2.5
      vertex -2.897777478867205 -0.7764571353075622 19.119999999999997
    endloop
  endfacet
  facet normal -0.9914448613738104 -0.13052619222005135 0
    outer loop
      vertex -2.897777478867205 -0.7764571353075622 2.5
      vertex -3 0 19.103456216351294
      vertex -3 0 2.5
    endloop
  endfacet
  facet normal -0.7933533402912354 -0.6087614290087203 0
    outer loop
      vertex -2.121320343559643 -2.121320343559643 2.5
      vertex -2.598076211353316 -1.5 19.119999999999997
      vertex -2.598076211353316 -1.5 2.5
    endloop
  endfacet
  facet normal -0.3826834323650899 -0.9238795325112867 0
    outer loop
      vertex -1.5 -2.598076211353316 2.5
      vertex -0.7764571353075622 -2.897777478867205 2.5
      vertex -0.7764571353075622 -2.897777478867205 19.119999999999997
    endloop
  endfacet
  facet normal -0.6087614290087203 -0.7933533402912354 0
    outer loop
      vertex -2.121320343559643 -2.121320343559643 2.5
      vertex -1.5 -2.598076211353316 2.5
      vertex -1.5 -2.598076211353316 19.119999999999997
    endloop
  endfacet
  facet normal -0.13052619222005135 -0.9914448613738104 0
    outer loop
      vertex -0.7764571353075622 -2.897777478867205 2.5
      vertex 0 -3 2.5
      vertex 0 -3 19.119999999999997
    endloop
  endfacet
  facet normal -0.7933533402912354 -0.6087614290087203 0
    outer loop
      vertex -2.121320343559643 -2.121320343559643 2.5
      vertex -2.121320343559643 -2.121320343559643 19.119999999999997
      vertex -2.598076211353316 -1.5 19.119999999999997
    endloop
  endfacet
  facet normal -0.6087614290087203 -0.7933533402912354 0
    outer loop
      vertex -2.121320343559643 -2.121320343559643 2.5
      vertex -1.5 -2.598076211353316 19.119999999999997
      vertex -2.121320343559643 -2.121320343559643 19.119999999999997
    endloop
  endfacet
  facet normal -0.9238795325112867 -0.3826834323650899 0
    outer loop
      vertex -2.598076211353316 -1.5 2.5
      vertex -2.598076211353316 -1.5 19.119999999999997
      vertex -2.897777478867205 -0.7764571353075622 19.119999999999997
    endloop
  endfacet
  facet normal -0.9914448613738104 -0.13052619222005152 0
    outer loop
      vertex -2.897777478867205 -0.7764571353075622 2.5
      vertex -2.897777478867205 -0.7764571353075622 19.119999999999997
      vertex -2.9667096993376783 -0.25286493816968836 19.119999999999997
    endloop
  endfacet
  facet normal -0.9914448613738105 -0.130526192220051 -1.6335971106754445e-17
    outer loop
      vertex -2.897777478867205 -0.7764571353075622 2.5
      vertex -2.9667096993376783 -0.25286493816968836 19.119999999999997
      vertex -3 0 19.103456216351294
    endloop
  endfacet
  facet normal -0.3826834323650899 -0.9238795325112867 0
    outer loop
      vertex -1.5 -2.598076211353316 2.5
      vertex -0.7764571353075622 -2.897777478867205 19.119999999999997
      vertex -1.5 -2.598076211353316 19.119999999999997
    endloop
  endfacet
  facet normal -0.13052619222005135 -0.9914448613738104 0
    outer loop
      vertex -0.7764571353075622 -2.897777478867205 2.5
      vertex 0 -3 19.119999999999997
      vertex -0.7764571353075622 -2.897777478867205 19.119999999999997
    endloop
  endfacet
  facet normal -0.9914448613738104 0.13052619222005135 -6.1403402172282586e-18
    outer loop
      vertex -3 0 2.5
      vertex -2.9848963451740826 0.11472364826114381 19.0938337118648
      vertex -2.897777478867205 0.7764571353075622 2.5
    endloop
  endfacet
  facet normal -0.9238795325112866 0.3826834323650899 5.3565078342466265e-18
    outer loop
      vertex -2.897777478867205 0.7764571353075622 2.5
      vertex -2.853495803505869 0.8833625565295018 19.040917045198135
      vertex -2.598076211353316 1.5 2.5
    endloop
  endfacet
  facet normal -0.7933533402912354 0.6087614290087203 0
    outer loop
      vertex -2.598076211353316 1.5 2.5
      vertex -2.121320343559643 2.121320343559643 19.119999999999997
      vertex -2.121320343559643 2.121320343559643 2.5
    endloop
  endfacet
  facet normal -0.6087614290087203 0.7933533402912354 0
    outer loop
      vertex -2.121320343559643 2.121320343559643 2.5
      vertex -2.121320343559643 2.121320343559643 19.119999999999997
      vertex -1.5 2.598076211353316 2.5
    endloop
  endfacet
  facet normal -0.3826834323650899 0.9238795325112867 0
    outer loop
      vertex -1.5 2.598076211353316 2.5
      vertex -1.5 2.598076211353316 19.119999999999997
      vertex -0.7764571353075622 2.897777478867205 2.5
    endloop
  endfacet
  facet normal -0.13052619222005135 0.9914448613738104 0
    outer loop
      vertex -0.7764571353075622 2.897777478867205 2.5
      vertex -0.7764571353075622 2.897777478867205 19.119999999999997
      vertex 0 3 2.5
    endloop
  endfacet
  facet normal -0.9914448613738106 0.1305261922200505 0
    outer loop
      vertex -3 0 2.5
      vertex -3 0 19.103456216351294
      vertex -2.9848963451740826 0.11472364826114381 19.0938337118648
    endloop
  endfacet
  facet normal -0.9914448613738104 0.13052619222005152 0
    outer loop
      vertex -2.897777478867205 0.7764571353075622 2.5
      vertex -2.9848963451740826 0.11472364826114381 19.0938337118648
      vertex -2.897777478867205 0.7764571353075622 19.05053954968463
    endloop
  endfacet
  facet normal -0.9238795325112865 0.3826834323650906 0
    outer loop
      vertex -2.897777478867205 0.7764571353075622 2.5
      vertex -2.897777478867205 0.7764571353075622 19.05053954968463
      vertex -2.853495803505869 0.8833625565295018 19.040917045198135
    endloop
  endfacet
  facet normal -0.9238795325112867 0.3826834323650897 0
    outer loop
      vertex -2.598076211353316 1.5 2.5
      vertex -2.853495803505869 0.8833625565295018 19.040917045198135
      vertex -2.598076211353316 1.5 18.99762288301796
    endloop
  endfacet
  facet normal -0.7933533402912363 0.6087614290087191 0
    outer loop
      vertex -2.598076211353316 1.5 2.5
      vertex -2.598076211353316 1.5 18.99762288301796
      vertex -2.5276342384535084 1.5918017663960222 19.04970468855111
    endloop
  endfacet
  facet normal -0.7933533402912353 0.6087614290087205 -1.3201542348766171e-17
    outer loop
      vertex -2.598076211353316 1.5 2.5
      vertex -2.5276342384535084 1.5918017663960222 19.04970468855111
      vertex -2.121320343559643 2.121320343559643 19.119999999999997
    endloop
  endfacet
  facet normal -0.6087614290087203 0.7933533402912354 0
    outer loop
      vertex -1.5 2.598076211353316 2.5
      vertex -2.121320343559643 2.121320343559643 19.119999999999997
      vertex -1.5 2.598076211353316 19.119999999999997
    endloop
  endfacet
  facet normal -0.3826834323650899 0.9238795325112867 0
    outer loop
      vertex -0.7764571353075622 2.897777478867205 2.5
      vertex -1.5 2.598076211353316 19.119999999999997
      vertex -0.7764571353075622 2.897777478867205 19.119999999999997
    endloop
  endfacet
  facet normal -0.13052619222005135 0.9914448613738104 0
    outer loop
      vertex -0.7764571353075622 2.897777478867205 19.119999999999997
      vertex 0 3 19.119999999999997
      vertex 0 3 2.5
    endloop
  endfacet
  facet normal -0.7933533402912352 0.6087614290087205 0
    outer loop
      vertex -2.5276342384535084 1.5918017663960222 19.04970468855111
      vertex -2.5276342384535084 1.5918017663960222 19.119999999999997
      vertex -2.121320343559643 2.121320343559643 19.119999999999997
    endloop
  endfacet
  facet normal 0.13052619222005135 -0.9914448613738104 0
    outer loop
      vertex 0 -3 2.5
      vertex 0.7764571353075622 -2.897777478867205 2.5
      vertex 0.7764571353075622 -2.897777478867205 19.119999999999997
    endloop
  endfacet
  facet normal 0.3826834323650899 -0.9238795325112867 0
    outer loop
      vertex 0.7764571353075622 -2.897777478867205 2.5
      vertex 1.5 -2.598076211353316 2.5
      vertex 1.5 -2.598076211353316 19.119999999999997
    endloop
  endfacet
  facet normal 0.6087614290087203 -0.7933533402912354 0
    outer loop
      vertex 1.5 -2.598076211353316 2.5
      vertex 2.121320343559643 -2.121320343559643 2.5
      vertex 2.121320343559643 -2.121320343559643 19.119999999999997
    endloop
  endfacet
  facet normal 0.7933533402912354 -0.6087614290087203 0
    outer loop
      vertex 2.121320343559643 -2.121320343559643 2.5
      vertex 2.598076211353316 -1.5 2.5
      vertex 2.121320343559643 -2.121320343559643 19.119999999999997
    endloop
  endfacet
  facet normal 0.9238795325112867 -0.3826834323650899 0
    outer loop
      vertex 2.598076211353316 -1.5 2.5
      vertex 2.897777478867205 -0.7764571353075622 2.5
      vertex 2.598076211353316 -1.5 19.119999999999997
    endloop
  endfacet
  facet normal 0.9914448613738104 -0.13052619222005135 0
    outer loop
      vertex 2.897777478867205 -0.7764571353075622 2.5
      vertex 3 0 2.5
      vertex 2.897777478867205 -0.7764571353075622 19.119999999999997
    endloop
  endfacet
  facet normal 0.13052619222005135 -0.9914448613738104 0
    outer loop
      vertex 0 -3 2.5
      vertex 0.7764571353075622 -2.897777478867205 19.119999999999997
      vertex 0 -3 19.119999999999997
    endloop
  endfacet
  facet normal 0.3826834323650899 -0.9238795325112867 0
    outer loop
      vertex 0.7764571353075622 -2.897777478867205 2.5
      vertex 1.5 -2.598076211353316 19.119999999999997
      vertex 0.7764571353075622 -2.897777478867205 19.119999999999997
    endloop
  endfacet
  facet normal 0.6087614290087203 -0.7933533402912354 0
    outer loop
      vertex 1.5 -2.598076211353316 2.5
      vertex 2.121320343559643 -2.121320343559643 19.119999999999997
      vertex 1.5 -2.598076211353316 19.119999999999997
    endloop
  endfacet
  facet normal 0.7933533402912354 -0.6087614290087203 0
    outer loop
      vertex 2.598076211353316 -1.5 2.5
      vertex 2.598076211353316 -1.5 19.119999999999997
      vertex 2.121320343559643 -2.121320343559643 19.119999999999997
    endloop
  endfacet
  facet normal 0.9238795325112867 -0.3826834323650899 0
    outer loop
      vertex 2.897777478867205 -0.7764571353075622 2.5
      vertex 2.897777478867205 -0.7764571353075622 19.119999999999997
      vertex 2.598076211353316 -1.5 19.119999999999997
    endloop
  endfacet
  facet normal 0.9914448613738104 -0.13052619222005135 0
    outer loop
      vertex 2.897777478867205 -0.7764571353075622 19.119999999999997
      vertex 3 0 2.5
      vertex 3 0 19.119999999999997
    endloop
  endfacet
  facet normal 0.13052619222005135 0.9914448613738104 0
    outer loop
      vertex 0 3 2.5
      vertex 0 3 19.119999999999997
      vertex 0.7764571353075622 2.897777478867205 2.5
    endloop
  endfacet
  facet normal 0.6087614290087203 0.7933533402912354 0
    outer loop
      vertex 1.5 2.598076211353316 2.5
      vertex 1.5 2.598076211353316 19.119999999999997
      vertex 2.121320343559643 2.121320343559643 2.5
    endloop
  endfacet
  facet normal 0.3826834323650899 0.9238795325112867 0
    outer loop
      vertex 0.7764571353075622 2.897777478867205 2.5
      vertex 0.7764571353075622 2.897777478867205 19.119999999999997
      vertex 1.5 2.598076211353316 2.5
    endloop
  endfacet
  facet normal 0.7933533402912354 0.6087614290087203 0
    outer loop
      vertex 2.598076211353316 1.5 2.5
      vertex 2.121320343559643 2.121320343559643 2.5
      vertex 2.598076211353316 1.5 19.119999999999997
    endloop
  endfacet
  facet normal 0.9914448613738104 0.13052619222005135 0
    outer loop
      vertex 3 0 2.5
      vertex 2.897777478867205 0.7764571353075622 2.5
      vertex 3 0 19.119999999999997
    endloop
  endfacet
  facet normal 0.9238795325112867 0.3826834323650899 0
    outer loop
      vertex 2.598076211353316 1.5 2.5
      vertex 2.897777478867205 0.7764571353075622 19.119999999999997
      vertex 2.897777478867205 0.7764571353075622 2.5
    endloop
  endfacet
  facet normal 0.13052619222005135 0.9914448613738104 0
    outer loop
      vertex 0.7764571353075622 2.897777478867205 2.5
      vertex 0 3 19.119999999999997
      vertex 0.7764571353075622 2.897777478867205 19.119999999999997
    endloop
  endfacet
  facet normal 0.3826834323650899 0.9238795325112867 0
    outer loop
      vertex 1.5 2.598076211353316 2.5
      vertex 0.7764571353075622 2.897777478867205 19.119999999999997
      vertex 1.5 2.598076211353316 19.119999999999997
    endloop
  endfacet
  facet normal 0.9914448613738104 0.13052619222005135 0
    outer loop
      vertex 2.897777478867205 0.7764571353075622 2.5
      vertex 2.897777478867205 0.7764571353075622 19.119999999999997
      vertex 3 0 19.119999999999997
    endloop
  endfacet
  facet normal 0.9238795325112867 0.3826834323650899 0
    outer loop
      vertex 2.598076211353316 1.5 2.5
      vertex 2.598076211353316 1.5 19.119999999999997
      vertex 2.897777478867205 0.7764571353075622 19.119999999999997
    endloop
  endfacet
  facet normal 0.6087614290087203 0.7933533402912354 0
    outer loop
      vertex 2.121320343559643 2.121320343559643 2.5
      vertex 1.5 2.598076211353316 19.119999999999997
      vertex 2.121320343559643 2.121320343559643 19.119999999999997
    endloop
  endfacet
  facet normal 0.7933533402912354 0.6087614290087203 0
    outer loop
      vertex 2.121320343559643 2.121320343559643 2.5
      vertex 2.121320343559643 2.121320343559643 19.119999999999997
      vertex 2.598076211353316 1.5 19.119999999999997
    endloop
  endfacet
  facet normal -0.7933533402912352 -0.6087614290087205 0
    outer loop
      vertex -10.023238623319312 -10.023238623319312 19.119999999999997
      vertex -10.023238623319312 -10.023238623319312 22.119999999999997
      vertex -12.275910098644419 -7.0875 22.119999999999997
    endloop
  endfacet
  facet normal -0.7933533402912352 -0.6087614290087205 0
    outer loop
      vertex -10.023238623319312 -10.023238623319312 19.119999999999997
      vertex -12.275910098644419 -7.0875 22.119999999999997
      vertex -12.275910098644419 -7.0875 19.119999999999997
    endloop
  endfacet
  facet normal -0.6087614290087205 -0.7933533402912352 0
    outer loop
      vertex -10.023238623319312 -10.023238623319312 19.119999999999997
      vertex -7.0875 -12.275910098644419 22.119999999999997
      vertex -10.023238623319312 -10.023238623319312 22.119999999999997
    endloop
  endfacet
  facet normal -0.6087614290087205 -0.7933533402912352 0
    outer loop
      vertex -10.023238623319312 -10.023238623319312 19.119999999999997
      vertex -7.0875 -12.275910098644419 19.119999999999997
      vertex -7.0875 -12.275910098644419 22.119999999999997
    endloop
  endfacet
  facet normal 0 0 -1
    outer loop
      vertex -13.691998587647545 -3.6687599643282316 19.119999999999997
      vertex -12.275910098644419 7.0875 19.119999999999997
      vertex -12.275910098644419 -7.0875 19.119999999999997
    endloop
  endfacet
  facet normal 0 0 -1
    outer loop
      vertex -10.023238623319312 -10.023238623319312 19.119999999999997
      vertex -12.275910098644419 -7.0875 19.119999999999997
      vertex -10.023238623319312 10.023238623319312 19.119999999999997
    endloop
  endfacet
  facet normal 0 0 -1
    outer loop
      vertex -10.023238623319312 -10.023238623319312 19.119999999999997
      vertex -7.0875 12.275910098644419 19.119999999999997
      vertex -7.0875 -12.275910098644419 19.119999999999997
    endloop
  endfacet
  facet normal -0.9238795325112866 -0.38268343236508995 0
    outer loop
      vertex -12.275910098644419 -7.0875 19.119999999999997
      vertex -12.275910098644419 -7.0875 22.119999999999997
      vertex -13.691998587647545 -3.6687599643282316 22.119999999999997
    endloop
  endfacet
  facet normal -0.9238795325112866 -0.38268343236508995 0
    outer loop
      vertex -13.691998587647545 -3.6687599643282316 19.119999999999997
      vertex -12.275910098644419 -7.0875 19.119999999999997
      vertex -13.691998587647545 -3.6687599643282316 22.119999999999997
    endloop
  endfacet
  facet normal -0.9914448613738106 -0.13052619222005132 0
    outer loop
      vertex -13.691998587647545 -3.6687599643282316 19.119999999999997
      vertex -13.691998587647545 -3.6687599643282316 22.119999999999997
      vertex -14.175 0 22.119999999999997
    endloop
  endfacet
  facet normal 0 0 1
    outer loop
      vertex -13.691998587647545 -3.6687599643282316 22.119999999999997
      vertex -12.275910098644419 -7.0875 22.119999999999997
      vertex -13.691998587647545 3.6687599643282316 22.119999999999997
    endloop
  endfacet
  facet normal -0.9914448613738106 -0.13052619222005132 0
    outer loop
      vertex -13.691998587647545 -3.6687599643282316 19.119999999999997
      vertex -14.175 0 22.119999999999997
      vertex -14.175 0 19.119999999999997
    endloop
  endfacet
  facet normal 0 0 1
    outer loop
      vertex -10.023238623319312 -10.023238623319312 22.119999999999997
      vertex -12.275910098644419 7.0875 22.119999999999997
      vertex -12.275910098644419 -7.0875 22.119999999999997
    endloop
  endfacet
  facet normal 0 0 1
    outer loop
      vertex -10.023238623319312 -10.023238623319312 22.119999999999997
      vertex -7.0875 -12.275910098644419 22.119999999999997
      vertex -10.023238623319312 10.023238623319312 22.119999999999997
    endloop
  endfacet
  facet normal 0 0 -1
    outer loop
      vertex -3.6687599643282316 -13.691998587647545 19.119999999999997
      vertex 0 -3 19.119999999999997
      vertex 0 -14.175 19.119999999999997
    endloop
  endfacet
  facet normal -0.38268343236508995 -0.9238795325112866 0
    outer loop
      vertex -7.0875 -12.275910098644419 19.119999999999997
      vertex -3.6687599643282316 -13.691998587647545 22.119999999999997
      vertex -7.0875 -12.275910098644419 22.119999999999997
    endloop
  endfacet
  facet normal -0.38268343236508995 -0.9238795325112866 0
    outer loop
      vertex -7.0875 -12.275910098644419 19.119999999999997
      vertex -3.6687599643282316 -13.691998587647545 19.119999999999997
      vertex -3.6687599643282316 -13.691998587647545 22.119999999999997
    endloop
  endfacet
  facet normal -0.13052619222005132 -0.9914448613738106 0
    outer loop
      vertex -3.6687599643282316 -13.691998587647545 19.119999999999997
      vertex 0 -14.175 22.119999999999997
      vertex -3.6687599643282316 -13.691998587647545 22.119999999999997
    endloop
  endfacet
  facet normal -0.13052619222005132 -0.9914448613738106 0
    outer loop
      vertex -3.6687599643282316 -13.691998587647545 19.119999999999997
      vertex 0 -14.175 19.119999999999997
      vertex 0 -14.175 22.119999999999997
    endloop
  endfacet
  facet normal 0 0 1
    outer loop
      vertex -3.6687599643282316 -13.691998587647545 22.119999999999997
      vertex 0 -14.175 22.119999999999997
      vertex -1.4921657884539083 -2.679769522393911 22.119999999999997
    endloop
  endfacet
  facet normal 0 0 -1
    outer loop
      vertex -7.0875 -12.275910098644419 19.119999999999997
      vertex -3.6687599643282316 13.691998587647545 19.119999999999997
      vertex -3.6687599643282316 -13.691998587647545 19.119999999999997
    endloop
  endfacet
  facet normal 0 0 -1
    outer loop
      vertex -3.6687599643282316 -13.691998587647545 19.119999999999997
      vertex -2.598076211353316 -1.5 19.119999999999997
      vertex -2.121320343559643 -2.121320343559643 19.119999999999997
    endloop
  endfacet
  facet normal 0 0 -1
    outer loop
      vertex -3.6687599643282316 -13.691998587647545 19.119999999999997
      vertex -2.897777478867205 -0.7764571353075622 19.119999999999997
      vertex -2.598076211353316 -1.5 19.119999999999997
    endloop
  endfacet
  facet normal 0 0 -1
    outer loop
      vertex -3.6687599643282316 -13.691998587647545 19.119999999999997
      vertex -1.5 -2.598076211353316 19.119999999999997
      vertex -0.7764571353075622 -2.897777478867205 19.119999999999997
    endloop
  endfacet
  facet normal 0 0 -1
    outer loop
      vertex -3.6687599643282316 -13.691998587647545 19.119999999999997
      vertex -2.121320343559643 -2.121320343559643 19.119999999999997
      vertex -1.5 -2.598076211353316 19.119999999999997
    endloop
  endfacet
  facet normal 0 0 -1
    outer loop
      vertex -3.6687599643282316 -13.691998587647545 19.119999999999997
      vertex -2.9667096993376783 -0.25286493816968836 19.119999999999997
      vertex -2.897777478867205 -0.7764571353075622 19.119999999999997
    endloop
  endfacet
  facet normal 0 0 -1
    outer loop
      vertex -3.6687599643282316 -13.691998587647545 19.119999999999997
      vertex -3.0286546738289823 0 19.119999999999997
      vertex -2.9667096993376783 -0.25286493816968836 19.119999999999997
    endloop
  endfacet
  facet normal 0 0 -1
    outer loop
      vertex -3.6687599643282316 -13.691998587647545 19.119999999999997
      vertex -0.7764571353075622 -2.897777478867205 19.119999999999997
      vertex 0 -3 19.119999999999997
    endloop
  endfacet
  facet normal 0 0 1
    outer loop
      vertex -7.0875 -12.275910098644419 22.119999999999997
      vertex -3.6687599643282316 -13.691998587647545 22.119999999999997
      vertex -7.0875 12.275910098644419 22.119999999999997
    endloop
  endfacet
  facet normal 0 0 1
    outer loop
      vertex -3.6687599643282316 -13.691998587647545 22.119999999999997
      vertex -2.103308980505817 -2.103308980505817 22.119999999999997
      vertex -2.400916754432086 -1.6125804285415652 22.119999999999997
    endloop
  endfacet
  facet normal 0 0 1
    outer loop
      vertex -3.6687599643282316 -13.691998587647545 22.119999999999997
      vertex -2.4966418868263704 -1.4414368654293002 22.119999999999997
      vertex -2.629709165327289 -0.9844638249000305 22.119999999999997
    endloop
  endfacet
  facet normal 0 0 1
    outer loop
      vertex -3.6687599643282316 -13.691998587647545 22.119999999999997
      vertex -2.400916754432086 -1.6125804285415652 22.119999999999997
      vertex -2.4966418868263704 -1.4414368654293002 22.119999999999997
    endloop
  endfacet
  facet normal 0 0 1
    outer loop
      vertex -3.6687599643282316 -13.691998587647545 22.119999999999997
      vertex -1.4921657884539083 -2.679769522393911 22.119999999999997
      vertex -1.5330912206631533 -2.6553918868263704 22.119999999999997
    endloop
  endfacet
  facet normal 0 0 1
    outer loop
      vertex -3.6687599643282316 -13.691998587647545 22.119999999999997
      vertex -2.018318917131697 -2.1906468651648288 22.119999999999997
      vertex -2.103308980505817 -2.103308980505817 22.119999999999997
    endloop
  endfacet
  facet normal 0 0 1
    outer loop
      vertex -3.6687599643282316 -13.691998587647545 22.119999999999997
      vertex -1.5330912206631533 -2.6553918868263704 22.119999999999997
      vertex -2.018318917131697 -2.1906468651648288 22.119999999999997
    endloop
  endfacet
  facet normal 0 0 1
    outer loop
      vertex -3.6687599643282316 -13.691998587647545 22.119999999999997
      vertex -2.629709165327289 -0.9844638249000305 22.119999999999997
      vertex -2.6961108817543917 -0.7224207334708515 22.119999999999997
    endloop
  endfacet
  facet normal 0 0 1
    outer loop
      vertex -1.0788324846421093 -2.906671031366906 22.119999999999997
      vertex 0 -14.175 22.119999999999997
      vertex -0.8088095159453773 -3.0185182071533383 22.119999999999997
    endloop
  endfacet
  facet normal 0 0 1
    outer loop
      vertex -1.4921657884539083 -2.679769522393911 22.119999999999997
      vertex 0 -14.175 22.119999999999997
      vertex -1.0788324846421093 -2.906671031366906 22.119999999999997
    endloop
  endfacet
  facet normal 0 0 1
    outer loop
      vertex -0.8088095159453773 -3.0185182071533383 22.119999999999997
      vertex 0 -14.175 22.119999999999997
      vertex 0 -3.125 22.119999999999997
    endloop
  endfacet
  facet normal 0 0 1
    outer loop
      vertex -3.6687599643282316 -13.691998587647545 22.119999999999997
      vertex -2.6961108817543917 -0.7224207334708515 22.119999999999997
      vertex -3.6687599643282316 13.691998587647545 22.119999999999997
    endloop
  endfacet
  facet normal 0 0 -1
    outer loop
      vertex -13.691998587647545 -3.6687599643282316 19.119999999999997
      vertex -14.175 0 19.119999999999997
      vertex -13.691998587647545 3.6687599643282316 19.119999999999997
    endloop
  endfacet
  facet normal 0 0 -1
    outer loop
      vertex -13.691998587647545 -3.6687599643282316 19.119999999999997
      vertex -13.691998587647545 3.6687599643282316 19.119999999999997
      vertex -12.275910098644419 7.0875 19.119999999999997
    endloop
  endfacet
  facet normal 0 0 -1
    outer loop
      vertex -12.275910098644419 -7.0875 19.119999999999997
      vertex -12.275910098644419 7.0875 19.119999999999997
      vertex -10.023238623319312 10.023238623319312 19.119999999999997
    endloop
  endfacet
  facet normal 0 0 -1
    outer loop
      vertex -10.023238623319312 -10.023238623319312 19.119999999999997
      vertex -10.023238623319312 10.023238623319312 19.119999999999997
      vertex -7.0875 12.275910098644419 19.119999999999997
    endloop
  endfacet
  facet normal 0 0 1
    outer loop
      vertex -13.691998587647545 -3.6687599643282316 22.119999999999997
      vertex -13.691998587647545 3.6687599643282316 22.119999999999997
      vertex -14.175 0 22.119999999999997
    endloop
  endfacet
  facet normal -0.9914448613738106 0.13052619222005132 0
    outer loop
      vertex -14.175 0 19.119999999999997
      vertex -14.175 0 22.119999999999997
      vertex -13.691998587647545 3.6687599643282316 22.119999999999997
    endloop
  endfacet
  facet normal 0 0 1
    outer loop
      vertex -12.275910098644419 -7.0875 22.119999999999997
      vertex -12.275910098644419 7.0875 22.119999999999997
      vertex -13.691998587647545 3.6687599643282316 22.119999999999997
    endloop
  endfacet
  facet normal -0.9914448613738106 0.13052619222005132 0
    outer loop
      vertex -14.175 0 19.119999999999997
      vertex -13.691998587647545 3.6687599643282316 22.119999999999997
      vertex -13.691998587647545 3.6687599643282316 19.119999999999997
    endloop
  endfacet
  facet normal 0 0 1
    outer loop
      vertex -10.023238623319312 -10.023238623319312 22.119999999999997
      vertex -10.023238623319312 10.023238623319312 22.119999999999997
      vertex -12.275910098644419 7.0875 22.119999999999997
    endloop
  endfacet
  facet normal -0.9238795325112866 0.38268343236508995 0
    outer loop
      vertex -13.691998587647545 3.6687599643282316 19.119999999999997
      vertex -13.691998587647545 3.6687599643282316 22.119999999999997
      vertex -12.275910098644419 7.0875 22.119999999999997
    endloop
  endfacet
  facet normal -0.9238795325112866 0.38268343236508995 0
    outer loop
      vertex -13.691998587647545 3.6687599643282316 19.119999999999997
      vertex -12.275910098644419 7.0875 22.119999999999997
      vertex -12.275910098644419 7.0875 19.119999999999997
    endloop
  endfacet
  facet normal 0 0 1
    outer loop
      vertex -7.0875 -12.275910098644419 22.119999999999997
      vertex -7.0875 12.275910098644419 22.119999999999997
      vertex -10.023238623319312 10.023238623319312 22.119999999999997
    endloop
  endfacet
  facet normal -0.7933533402912352 0.6087614290087205 0
    outer loop
      vertex -12.275910098644419 7.0875 19.119999999999997
      vertex -12.275910098644419 7.0875 22.119999999999997
      vertex -10.023238623319312 10.023238623319312 22.119999999999997
    endloop
  endfacet
  facet normal -0.7933533402912352 0.6087614290087205 0
    outer loop
      vertex -12.275910098644419 7.0875 19.119999999999997
      vertex -10.023238623319312 10.023238623319312 22.119999999999997
      vertex -10.023238623319312 10.023238623319312 19.119999999999997
    endloop
  endfacet
  facet normal -0.6087614290087205 0.7933533402912352 0
    outer loop
      vertex -10.023238623319312 10.023238623319312 19.119999999999997
      vertex -10.023238623319312 10.023238623319312 22.119999999999997
      vertex -7.0875 12.275910098644419 19.119999999999997
    endloop
  endfacet
  facet normal -0.6087614290087205 0.7933533402912352 0
    outer loop
      vertex -10.023238623319312 10.023238623319312 22.119999999999997
      vertex -7.0875 12.275910098644419 22.119999999999997
      vertex -7.0875 12.275910098644419 19.119999999999997
    endloop
  endfacet
  facet normal 0 0 -1
    outer loop
      vertex -7.0875 -12.275910098644419 19.119999999999997
      vertex -7.0875 12.275910098644419 19.119999999999997
      vertex -3.6687599643282316 13.691998587647545 19.119999999999997
    endloop
  endfacet
  facet normal 0 0 -1
    outer loop
      vertex -3.6687599643282316 -13.691998587647545 19.119999999999997
      vertex -3.6687599643282316 13.691998587647545 19.119999999999997
      vertex -3.0286546738289823 0 19.119999999999997
    endloop
  endfacet
  facet normal 0 0 -1
    outer loop
      vertex -3.0286546738289823 0 19.119999999999997
      vertex -3.6687599643282316 13.691998587647545 19.119999999999997
      vertex -3.029717654197967 0.0780217927852869 19.119999999999997
    endloop
  endfacet
  facet normal 0 0 -1
    outer loop
      vertex -3.029717654197967 0.0780217927852869 19.119999999999997
      vertex -3.6687599643282316 13.691998587647545 19.119999999999997
      vertex -3.0139870771747566 0.8075954033268159 19.119999999999997
    endloop
  endfacet
  facet normal 0 0 -1
    outer loop
      vertex -3.0130538638628077 0.8112781710982545 19.119999999999997
      vertex -3.6687599643282316 13.691998587647545 19.119999999999997
      vertex -3.0025400391838417 0.8473842257592109 19.119999999999997
    endloop
  endfacet
  facet normal 0 0 -1
    outer loop
      vertex -3.0139870771747566 0.8075954033268159 19.119999999999997
      vertex -3.6687599643282316 13.691998587647545 19.119999999999997
      vertex -3.0130538638628077 0.8112781710982545 19.119999999999997
    endloop
  endfacet
  facet normal 0 0 -1
    outer loop
      vertex -3.0025400391838417 0.8473842257592109 19.119999999999997
      vertex -3.6687599643282316 13.691998587647545 19.119999999999997
      vertex -2.7063293868263707 1.5625 19.119999999999997
    endloop
  endfacet
  facet normal 0 0 -1
    outer loop
      vertex -2.7063293868263707 1.5625 19.119999999999997
      vertex -3.6687599643282316 13.691998587647545 19.119999999999997
      vertex -2.5276342384535084 1.5918017663960222 19.119999999999997
    endloop
  endfacet
  facet normal 0 0 -1
    outer loop
      vertex -2.5276342384535084 1.5918017663960222 19.119999999999997
      vertex -3.6687599643282316 13.691998587647545 19.119999999999997
      vertex -2.121320343559643 2.121320343559643 19.119999999999997
    endloop
  endfacet
  facet normal 0 0 -1
    outer loop
      vertex -2.121320343559643 2.121320343559643 19.119999999999997
      vertex -3.6687599643282316 13.691998587647545 19.119999999999997
      vertex -1.5 2.598076211353316 19.119999999999997
    endloop
  endfacet
  facet normal 0 0 -1
    outer loop
      vertex -1.5 2.598076211353316 19.119999999999997
      vertex 0 14.175 19.119999999999997
      vertex -0.7764571353075622 2.897777478867205 19.119999999999997
    endloop
  endfacet
  facet normal 0 0 -1
    outer loop
      vertex -0.7764571353075622 2.897777478867205 19.119999999999997
      vertex 0 14.175 19.119999999999997
      vertex 0 3 19.119999999999997
    endloop
  endfacet
  facet normal 0 0 1
    outer loop
      vertex -3.6687599643282316 -13.691998587647545 22.119999999999997
      vertex -3.6687599643282316 13.691998587647545 22.119999999999997
      vertex -7.0875 12.275910098644419 22.119999999999997
    endloop
  endfacet
  facet normal 0 0 1
    outer loop
      vertex -2.6961108817543917 -0.7224207334708515 22.119999999999997
      vertex -2.7042588550539373 -0.3445231973552615 22.119999999999997
      vertex -3.6687599643282316 13.691998587647545 22.119999999999997
    endloop
  endfacet
  facet normal 0 0 1
    outer loop
      vertex -2.7042588550539373 -0.3445231973552615 22.119999999999997
      vertex -2.6995650203908954 0 22.119999999999997
      vertex -3.6687599643282316 13.691998587647545 22.119999999999997
    endloop
  endfacet
  facet normal 0 0 1
    outer loop
      vertex -2.6995650203908954 0 22.119999999999997
      vertex -2.6329384138571057 0.2719757797945106 22.119999999999997
      vertex -3.6687599643282316 13.691998587647545 22.119999999999997
    endloop
  endfacet
  facet normal 0 0 1
    outer loop
      vertex -2.6329384138571057 0.2719757797945106 22.119999999999997
      vertex -2.519048264129889 0.6749769480686252 22.119999999999997
      vertex -3.6687599643282316 13.691998587647545 22.119999999999997
    endloop
  endfacet
  facet normal 0 0 1
    outer loop
      vertex -2.519048264129889 0.6749769480686252 22.119999999999997
      vertex -2.4314429371480863 0.8345624854094562 22.119999999999997
      vertex -3.6687599643282316 13.691998587647545 22.119999999999997
    endloop
  endfacet
  facet normal 0 0 1
    outer loop
      vertex -2.4314429371480863 0.8345624854094562 22.119999999999997
      vertex -2.1791418868263723 1.2581281549615952 22.119999999999997
      vertex -3.6687599643282316 13.691998587647545 22.119999999999997
    endloop
  endfacet
  facet normal 0 0 1
    outer loop
      vertex -2.1791418868263723 1.2581281549615952 22.119999999999997
      vertex -2.1209820620719415 1.318851253601173 22.119999999999997
      vertex -3.6687599643282316 13.691998587647545 22.119999999999997
    endloop
  endfacet
  facet normal 0 0 1
    outer loop
      vertex -2.1209820620719415 1.318851253601173 22.119999999999997
      vertex -1.7785421545959619 1.652085674744306 22.119999999999997
      vertex -3.6687599643282316 13.691998587647545 22.119999999999997
    endloop
  endfacet
  facet normal 0 0 1
    outer loop
      vertex -1.7785421545959619 1.652085674744306 22.119999999999997
      vertex -1.7236380703744243 1.7236380703744243 22.119999999999997
      vertex -3.6687599643282316 13.691998587647545 22.119999999999997
    endloop
  endfacet
  facet normal 0 0 1
    outer loop
      vertex -1.7236380703744243 1.7236380703744243 22.119999999999997
      vertex -1.218796167873051 2.111016886826371 22.119999999999997
      vertex -3.6687599643282316 13.691998587647545 22.119999999999997
    endloop
  endfacet
  facet normal 0 0 1
    outer loop
      vertex -1.218796167873051 2.111016886826371 22.119999999999997
      vertex -0.6308953206870292 2.3545333910614534 22.119999999999997
      vertex -3.6687599643282316 13.691998587647545 22.119999999999997
    endloop
  endfacet
  facet normal 0 0 1
    outer loop
      vertex -0.6308953206870292 2.3545333910614534 22.119999999999997
      vertex 0 2.437592335746102 22.119999999999997
      vertex -3.6687599643282316 13.691998587647545 22.119999999999997
    endloop
  endfacet
  facet normal 0 0 -1
    outer loop
      vertex -1.5 2.598076211353316 19.119999999999997
      vertex -3.6687599643282316 13.691998587647545 19.119999999999997
      vertex 0 14.175 19.119999999999997
    endloop
  endfacet
  facet normal -0.38268343236508995 0.9238795325112866 0
    outer loop
      vertex -7.0875 12.275910098644419 19.119999999999997
      vertex -7.0875 12.275910098644419 22.119999999999997
      vertex -3.6687599643282316 13.691998587647545 19.119999999999997
    endloop
  endfacet
  facet normal -0.38268343236508995 0.9238795325112866 0
    outer loop
      vertex -3.6687599643282316 13.691998587647545 19.119999999999997
      vertex -7.0875 12.275910098644419 22.119999999999997
      vertex -3.6687599643282316 13.691998587647545 22.119999999999997
    endloop
  endfacet
  facet normal 0 0 1
    outer loop
      vertex -3.6687599643282316 13.691998587647545 22.119999999999997
      vertex 0 2.437592335746102 22.119999999999997
      vertex 0 14.175 22.119999999999997
    endloop
  endfacet
  facet normal -0.13052619222005132 0.9914448613738106 0
    outer loop
      vertex -3.6687599643282316 13.691998587647545 19.119999999999997
      vertex -3.6687599643282316 13.691998587647545 22.119999999999997
      vertex 0 14.175 19.119999999999997
    endloop
  endfacet
  facet normal -0.13052619222005132 0.9914448613738106 0
    outer loop
      vertex -3.6687599643282316 13.691998587647545 22.119999999999997
      vertex 0 14.175 22.119999999999997
      vertex 0 14.175 19.119999999999997
    endloop
  endfacet
  facet normal 0 0 -1
    outer loop
      vertex 0 -14.175 19.119999999999997
      vertex 1.5 -2.598076211353316 19.119999999999997
      vertex 3.6687599643282316 -13.691998587647545 19.119999999999997
    endloop
  endfacet
  facet normal 0.13052619222005132 -0.9914448613738106 0
    outer loop
      vertex 0 -14.175 19.119999999999997
      vertex 3.6687599643282316 -13.691998587647545 22.119999999999997
      vertex 0 -14.175 22.119999999999997
    endloop
  endfacet
  facet normal 0.13052619222005132 -0.9914448613738106 0
    outer loop
      vertex 0 -14.175 19.119999999999997
      vertex 3.6687599643282316 -13.691998587647545 19.119999999999997
      vertex 3.6687599643282316 -13.691998587647545 22.119999999999997
    endloop
  endfacet
  facet normal 0 0 1
    outer loop
      vertex 0 -14.175 22.119999999999997
      vertex 3.6687599643282316 -13.691998587647545 22.119999999999997
      vertex 0 -3.125 22.119999999999997
    endloop
  endfacet
  facet normal 0.38268343236508995 -0.9238795325112866 0
    outer loop
      vertex 3.6687599643282316 -13.691998587647545 19.119999999999997
      vertex 7.0875 -12.275910098644419 22.119999999999997
      vertex 3.6687599643282316 -13.691998587647545 22.119999999999997
    endloop
  endfacet
  facet normal 0.38268343236508995 -0.9238795325112866 0
    outer loop
      vertex 3.6687599643282316 -13.691998587647545 19.119999999999997
      vertex 7.0875 -12.275910098644419 19.119999999999997
      vertex 7.0875 -12.275910098644419 22.119999999999997
    endloop
  endfacet
  facet normal 0 0 -1
    outer loop
      vertex 0 -14.175 19.119999999999997
      vertex 0 -3 19.119999999999997
      vertex 0.7764571353075622 -2.897777478867205 19.119999999999997
    endloop
  endfacet
  facet normal 0 0 -1
    outer loop
      vertex 0 -14.175 19.119999999999997
      vertex 0.7764571353075622 -2.897777478867205 19.119999999999997
      vertex 1.5 -2.598076211353316 19.119999999999997
    endloop
  endfacet
  facet normal 0 0 -1
    outer loop
      vertex 3.6687599643282316 -13.691998587647545 19.119999999999997
      vertex 1.5 -2.598076211353316 19.119999999999997
      vertex 2.121320343559643 -2.121320343559643 19.119999999999997
    endloop
  endfacet
  facet normal 0 0 -1
    outer loop
      vertex 3.6687599643282316 -13.691998587647545 19.119999999999997
      vertex 2.121320343559643 -2.121320343559643 19.119999999999997
      vertex 2.598076211353316 -1.5 19.119999999999997
    endloop
  endfacet
  facet normal 0 0 -1
    outer loop
      vertex 3.6687599643282316 -13.691998587647545 19.119999999999997
      vertex 2.598076211353316 -1.5 19.119999999999997
      vertex 2.897777478867205 -0.7764571353075622 19.119999999999997
    endloop
  endfacet
  facet normal 0 0 -1
    outer loop
      vertex 3.6687599643282316 -13.691998587647545 19.119999999999997
      vertex 2.897777478867205 -0.7764571353075622 19.119999999999997
      vertex 3 0 19.119999999999997
    endloop
  endfacet
  facet normal 0 0 -1
    outer loop
      vertex 3.6687599643282316 -13.691998587647545 19.119999999999997
      vertex 7.0875 12.275910098644419 19.119999999999997
      vertex 7.0875 -12.275910098644419 19.119999999999997
    endloop
  endfacet
  facet normal 0 0 1
    outer loop
      vertex 3.6687599643282316 -13.691998587647545 22.119999999999997
      vertex 0.8088095159453773 -3.0185182071533383 22.119999999999997
      vertex 0 -3.125 22.119999999999997
    endloop
  endfacet
  facet normal 0 0 1
    outer loop
      vertex 3.6687599643282316 -13.691998587647545 22.119999999999997
      vertex 1.2924770313032659 -2.8181765626128037 22.119999999999997
      vertex 0.8088095159453773 -3.0185182071533383 22.119999999999997
    endloop
  endfacet
  facet normal 0 0 1
    outer loop
      vertex 3.6687599643282316 -13.691998587647545 22.119999999999997
      vertex 1.5232336610386832 -2.6915014870511933 22.119999999999997
      vertex 1.2924770313032659 -2.8181765626128037 22.119999999999997
    endloop
  endfacet
  facet normal 0 0 1
    outer loop
      vertex 3.6687599643282316 -13.691998587647545 22.119999999999997
      vertex 1.5460816017199197 -2.67789188682637 22.119999999999997
      vertex 1.5232336610386832 -2.6915014870511933 22.119999999999997
    endloop
  endfacet
  facet normal 0 0 1
    outer loop
      vertex 3.6687599643282316 -13.691998587647545 22.119999999999997
      vertex 2.05136463351897 -2.1939381157046505 22.119999999999997
      vertex 1.5460816017199197 -2.67789188682637 22.119999999999997
    endloop
  endfacet
  facet normal 0 0 1
    outer loop
      vertex 3.6687599643282316 -13.691998587647545 22.119999999999997
      vertex 2.1216801535766936 -2.1216801535766936 22.119999999999997
      vertex 2.05136463351897 -2.1939381157046505 22.119999999999997
    endloop
  endfacet
  facet normal 0 0 1
    outer loop
      vertex 3.6687599643282316 -13.691998587647545 22.119999999999997
      vertex 2.433688303660684 -1.6072066716786848 22.119999999999997
      vertex 2.1216801535766936 -2.1216801535766936 22.119999999999997
    endloop
  endfacet
  facet normal 0 0 1
    outer loop
      vertex 3.6687599643282316 -13.691998587647545 22.119999999999997
      vertex 2.5191418868263713 -1.4544272464860672 22.119999999999997
      vertex 2.433688303660684 -1.6072066716786848 22.119999999999997
    endloop
  endfacet
  facet normal 0 0 1
    outer loop
      vertex 3.6687599643282316 -13.691998587647545 22.119999999999997
      vertex 2.659973220474827 -0.9707912732841021 22.119999999999997
      vertex 2.5191418868263713 -1.4544272464860672 22.119999999999997
    endloop
  endfacet
  facet normal 0 0 1
    outer loop
      vertex 3.6687599643282316 -13.691998587647545 22.119999999999997
      vertex 2.7212063708665237 -0.7291450495121112 22.119999999999997
      vertex 2.659973220474827 -0.9707912732841021 22.119999999999997
    endloop
  endfacet
  facet normal 0 0 1
    outer loop
      vertex 3.6687599643282316 -13.691998587647545 22.119999999999997
      vertex 3.6687599643282316 13.691998587647545 22.119999999999997
      vertex 2.7212063708665237 -0.7291450495121112 22.119999999999997
    endloop
  endfacet
  facet normal 0 0 1
    outer loop
      vertex 3.6687599643282316 -13.691998587647545 22.119999999999997
      vertex 7.0875 -12.275910098644419 22.119999999999997
      vertex 3.6687599643282316 13.691998587647545 22.119999999999997
    endloop
  endfacet
  facet normal 0.6087614290087205 -0.7933533402912352 0
    outer loop
      vertex 7.0875 -12.275910098644419 19.119999999999997
      vertex 10.023238623319312 -10.023238623319312 22.119999999999997
      vertex 7.0875 -12.275910098644419 22.119999999999997
    endloop
  endfacet
  facet normal 0.6087614290087205 -0.7933533402912352 0
    outer loop
      vertex 7.0875 -12.275910098644419 19.119999999999997
      vertex 10.023238623319312 -10.023238623319312 19.119999999999997
      vertex 10.023238623319312 -10.023238623319312 22.119999999999997
    endloop
  endfacet
  facet normal 0.7933533402912352 -0.6087614290087205 0
    outer loop
      vertex 10.023238623319312 -10.023238623319312 19.119999999999997
      vertex 12.275910098644419 -7.0875 19.119999999999997
      vertex 10.023238623319312 -10.023238623319312 22.119999999999997
    endloop
  endfacet
  facet normal 0.7933533402912352 -0.6087614290087205 0
    outer loop
      vertex 10.023238623319312 -10.023238623319312 22.119999999999997
      vertex 12.275910098644419 -7.0875 19.119999999999997
      vertex 12.275910098644419 -7.0875 22.119999999999997
    endloop
  endfacet
  facet normal 0 0 -1
    outer loop
      vertex 7.0875 -12.275910098644419 19.119999999999997
      vertex 10.023238623319312 10.023238623319312 19.119999999999997
      vertex 10.023238623319312 -10.023238623319312 19.119999999999997
    endloop
  endfacet
  facet normal 0 0 -1
    outer loop
      vertex 10.023238623319312 -10.023238623319312 19.119999999999997
      vertex 12.275910098644419 7.0875 19.119999999999997
      vertex 12.275910098644419 -7.0875 19.119999999999997
    endloop
  endfacet
  facet normal 0 0 -1
    outer loop
      vertex 12.275910098644419 -7.0875 19.119999999999997
      vertex 13.691998587647545 3.6687599643282316 19.119999999999997
      vertex 13.691998587647545 -3.6687599643282316 19.119999999999997
    endloop
  endfacet
  facet normal 0 0 1
    outer loop
      vertex 7.0875 -12.275910098644419 22.119999999999997
      vertex 10.023238623319312 -10.023238623319312 22.119999999999997
      vertex 7.0875 12.275910098644419 22.119999999999997
    endloop
  endfacet
  facet normal 0.9238795325112866 -0.38268343236508995 0
    outer loop
      vertex 12.275910098644419 -7.0875 19.119999999999997
      vertex 13.691998587647545 -3.6687599643282316 19.119999999999997
      vertex 12.275910098644419 -7.0875 22.119999999999997
    endloop
  endfacet
  facet normal 0.9238795325112866 -0.38268343236508995 0
    outer loop
      vertex 13.691998587647545 -3.6687599643282316 19.119999999999997
      vertex 13.691998587647545 -3.6687599643282316 22.119999999999997
      vertex 12.275910098644419 -7.0875 22.119999999999997
    endloop
  endfacet
  facet normal 0 0 1
    outer loop
      vertex 10.023238623319312 -10.023238623319312 22.119999999999997
      vertex 12.275910098644419 -7.0875 22.119999999999997
      vertex 10.023238623319312 10.023238623319312 22.119999999999997
    endloop
  endfacet
  facet normal 0.9914448613738106 -0.13052619222005132 0
    outer loop
      vertex 13.691998587647545 -3.6687599643282316 19.119999999999997
      vertex 14.175 0 19.119999999999997
      vertex 13.691998587647545 -3.6687599643282316 22.119999999999997
    endloop
  endfacet
  facet normal 0 0 1
    outer loop
      vertex 12.275910098644419 -7.0875 22.119999999999997
      vertex 13.691998587647545 -3.6687599643282316 22.119999999999997
      vertex 12.275910098644419 7.0875 22.119999999999997
    endloop
  endfacet
  facet normal 0.9914448613738106 -0.13052619222005132 0
    outer loop
      vertex 13.691998587647545 -3.6687599643282316 22.119999999999997
      vertex 14.175 0 19.119999999999997
      vertex 14.175 0 22.119999999999997
    endloop
  endfacet
  facet normal 0 0 -1
    outer loop
      vertex 3.6687599643282316 -13.691998587647545 19.119999999999997
      vertex 3 0 19.119999999999997
      vertex 3.6687599643282316 13.691998587647545 19.119999999999997
    endloop
  endfacet
  facet normal 0 0 -1
    outer loop
      vertex 0 3 19.119999999999997
      vertex 3.6687599643282316 13.691998587647545 19.119999999999997
      vertex 0.7764571353075622 2.897777478867205 19.119999999999997
    endloop
  endfacet
  facet normal 0 0 -1
    outer loop
      vertex 3 0 19.119999999999997
      vertex 2.897777478867205 0.7764571353075622 19.119999999999997
      vertex 3.6687599643282316 13.691998587647545 19.119999999999997
    endloop
  endfacet
  facet normal 0 0 -1
    outer loop
      vertex 1.5 2.598076211353316 19.119999999999997
      vertex 3.6687599643282316 13.691998587647545 19.119999999999997
      vertex 2.121320343559643 2.121320343559643 19.119999999999997
    endloop
  endfacet
  facet normal 0 0 -1
    outer loop
      vertex 0.7764571353075622 2.897777478867205 19.119999999999997
      vertex 3.6687599643282316 13.691998587647545 19.119999999999997
      vertex 1.5 2.598076211353316 19.119999999999997
    endloop
  endfacet
  facet normal 0 0 -1
    outer loop
      vertex 2.598076211353316 1.5 19.119999999999997
      vertex 3.6687599643282316 13.691998587647545 19.119999999999997
      vertex 2.897777478867205 0.7764571353075622 19.119999999999997
    endloop
  endfacet
  facet normal 0 0 -1
    outer loop
      vertex 2.598076211353316 1.5 19.119999999999997
      vertex 2.121320343559643 2.121320343559643 19.119999999999997
      vertex 3.6687599643282316 13.691998587647545 19.119999999999997
    endloop
  endfacet
  facet normal 0 0 -1
    outer loop
      vertex 3.6687599643282316 -13.691998587647545 19.119999999999997
      vertex 3.6687599643282316 13.691998587647545 19.119999999999997
      vertex 7.0875 12.275910098644419 19.119999999999997
    endloop
  endfacet
  facet normal 0 0 1
    outer loop
      vertex 0 2.437592335746102 22.119999999999997
      vertex 0.6308953206870292 2.3545333910614534 22.119999999999997
      vertex 0 14.175 22.119999999999997
    endloop
  endfacet
  facet normal 0 0 1
    outer loop
      vertex 0.6308953206870292 2.3545333910614534 22.119999999999997
      vertex 1.218796167873051 2.111016886826371 22.119999999999997
      vertex 0 14.175 22.119999999999997
    endloop
  endfacet
  facet normal 0 0 1
    outer loop
      vertex 2.7212063708665237 -0.7291450495121112 22.119999999999997
      vertex 3.6687599643282316 13.691998587647545 22.119999999999997
      vertex 2.729952970775835 -0.3234836127839471 22.119999999999997
    endloop
  endfacet
  facet normal 0 0 1
    outer loop
      vertex 2.729952970775835 -0.3234836127839471 22.119999999999997
      vertex 3.6687599643282316 13.691998587647545 22.119999999999997
      vertex 2.7255457825044296 0 22.119999999999997
    endloop
  endfacet
  facet normal 0 0 1
    outer loop
      vertex 2.652311578628444 0.29894858440222916 22.119999999999997
      vertex 2.7255457825044296 0 22.119999999999997
      vertex 3.6687599643282316 13.691998587647545 22.119999999999997
    endloop
  endfacet
  facet normal 0 0 1
    outer loop
      vertex 2.4431749018053694 0.8656303579942346 22.119999999999997
      vertex 3.6687599643282316 13.691998587647545 22.119999999999997
      vertex 2.2016418868263687 1.2711185360183597 22.119999999999997
    endloop
  endfacet
  facet normal 0 0 1
    outer loop
      vertex 2.652311578628444 0.29894858440222916 22.119999999999997
      vertex 3.6687599643282316 13.691998587647545 22.119999999999997
      vertex 2.5441437532420226 0.6817012641098854 22.119999999999997
    endloop
  endfacet
  facet normal 0 0 1
    outer loop
      vertex 2.5441437532420226 0.6817012641098854 22.119999999999997
      vertex 3.6687599643282316 13.691998587647545 22.119999999999997
      vertex 2.4431749018053694 0.8656303579942346 22.119999999999997
    endloop
  endfacet
  facet normal 0 0 1
    outer loop
      vertex 1.218796167873051 2.111016886826371 22.119999999999997
      vertex 1.6520856747443164 1.7785421545959539 22.119999999999997
      vertex 3.6687599643282316 13.691998587647545 22.119999999999997
    endloop
  endfacet
  facet normal 0 0 1
    outer loop
      vertex 1.720951191942984 1.7400238449887233 22.119999999999997
      vertex 3.6687599643282316 13.691998587647545 22.119999999999997
      vertex 1.6520856747443164 1.7785421545959539 22.119999999999997
    endloop
  endfacet
  facet normal 0 0 1
    outer loop
      vertex 1.7328236569098616 1.7328236569098616 22.119999999999997
      vertex 3.6687599643282316 13.691998587647545 22.119999999999997
      vertex 1.720951191942984 1.7400238449887233 22.119999999999997
    endloop
  endfacet
  facet normal 0 0 1
    outer loop
      vertex 1.7328236569098616 1.7328236569098616 22.119999999999997
      vertex 2.1242733126117623 1.351896969988436 22.119999999999997
      vertex 3.6687599643282316 13.691998587647545 22.119999999999997
    endloop
  endfacet
  facet normal 0 0 1
    outer loop
      vertex 2.2016418868263687 1.2711185360183597 22.119999999999997
      vertex 3.6687599643282316 13.691998587647545 22.119999999999997
      vertex 2.1242733126117623 1.351896969988436 22.119999999999997
    endloop
  endfacet
  facet normal 0 0 1
    outer loop
      vertex 7.0875 -12.275910098644419 22.119999999999997
      vertex 7.0875 12.275910098644419 22.119999999999997
      vertex 3.6687599643282316 13.691998587647545 22.119999999999997
    endloop
  endfacet
  facet normal 0 0 -1
    outer loop
      vertex 0 3 19.119999999999997
      vertex 0 14.175 19.119999999999997
      vertex 3.6687599643282316 13.691998587647545 19.119999999999997
    endloop
  endfacet
  facet normal 0 0 1
    outer loop
      vertex 1.218796167873051 2.111016886826371 22.119999999999997
      vertex 3.6687599643282316 13.691998587647545 22.119999999999997
      vertex 0 14.175 22.119999999999997
    endloop
  endfacet
  facet normal 0.13052619222005132 0.9914448613738106 0
    outer loop
      vertex 0 14.175 19.119999999999997
      vertex 0 14.175 22.119999999999997
      vertex 3.6687599643282316 13.691998587647545 19.119999999999997
    endloop
  endfacet
  facet normal 0.13052619222005132 0.9914448613738106 0
    outer loop
      vertex 3.6687599643282316 13.691998587647545 19.119999999999997
      vertex 0 14.175 22.119999999999997
      vertex 3.6687599643282316 13.691998587647545 22.119999999999997
    endloop
  endfacet
  facet normal 0.38268343236508995 0.9238795325112866 0
    outer loop
      vertex 3.6687599643282316 13.691998587647545 19.119999999999997
      vertex 3.6687599643282316 13.691998587647545 22.119999999999997
      vertex 7.0875 12.275910098644419 19.119999999999997
    endloop
  endfacet
  facet normal 0.38268343236508995 0.9238795325112866 0
    outer loop
      vertex 3.6687599643282316 13.691998587647545 22.119999999999997
      vertex 7.0875 12.275910098644419 22.119999999999997
      vertex 7.0875 12.275910098644419 19.119999999999997
    endloop
  endfacet
  facet normal 0 0 -1
    outer loop
      vertex 7.0875 -12.275910098644419 19.119999999999997
      vertex 7.0875 12.275910098644419 19.119999999999997
      vertex 10.023238623319312 10.023238623319312 19.119999999999997
    endloop
  endfacet
  facet normal 0 0 -1
    outer loop
      vertex 10.023238623319312 -10.023238623319312 19.119999999999997
      vertex 10.023238623319312 10.023238623319312 19.119999999999997
      vertex 12.275910098644419 7.0875 19.119999999999997
    endloop
  endfacet
  facet normal 0 0 -1
    outer loop
      vertex 12.275910098644419 -7.0875 19.119999999999997
      vertex 12.275910098644419 7.0875 19.119999999999997
      vertex 13.691998587647545 3.6687599643282316 19.119999999999997
    endloop
  endfacet
  facet normal 0 0 -1
    outer loop
      vertex 13.691998587647545 -3.6687599643282316 19.119999999999997
      vertex 13.691998587647545 3.6687599643282316 19.119999999999997
      vertex 14.175 0 19.119999999999997
    endloop
  endfacet
  facet normal 0 0 1
    outer loop
      vertex 10.023238623319312 -10.023238623319312 22.119999999999997
      vertex 10.023238623319312 10.023238623319312 22.119999999999997
      vertex 7.0875 12.275910098644419 22.119999999999997
    endloop
  endfacet
  facet normal 0 0 1
    outer loop
      vertex 12.275910098644419 -7.0875 22.119999999999997
      vertex 12.275910098644419 7.0875 22.119999999999997
      vertex 10.023238623319312 10.023238623319312 22.119999999999997
    endloop
  endfacet
  facet normal 0.9914448613738106 0.13052619222005132 0
    outer loop
      vertex 14.175 0 19.119999999999997
      vertex 13.691998587647545 3.6687599643282316 19.119999999999997
      vertex 14.175 0 22.119999999999997
    endloop
  endfacet
  facet normal 0 0 1
    outer loop
      vertex 13.691998587647545 -3.6687599643282316 22.119999999999997
      vertex 14.175 0 22.119999999999997
      vertex 13.691998587647545 3.6687599643282316 22.119999999999997
    endloop
  endfacet
  facet normal 0 0 1
    outer loop
      vertex 13.691998587647545 -3.6687599643282316 22.119999999999997
      vertex 13.691998587647545 3.6687599643282316 22.119999999999997
      vertex 12.275910098644419 7.0875 22.119999999999997
    endloop
  endfacet
  facet normal 0.9914448613738106 0.13052619222005132 0
    outer loop
      vertex 13.691998587647545 3.6687599643282316 19.119999999999997
      vertex 13.691998587647545 3.6687599643282316 22.119999999999997
      vertex 14.175 0 22.119999999999997
    endloop
  endfacet
  facet normal 0.9238795325112866 0.38268343236508995 0
    outer loop
      vertex 13.691998587647545 3.6687599643282316 19.119999999999997
      vertex 12.275910098644419 7.0875 19.119999999999997
      vertex 13.691998587647545 3.6687599643282316 22.119999999999997
    endloop
  endfacet
  facet normal 0.9238795325112866 0.38268343236508995 0
    outer loop
      vertex 13.691998587647545 3.6687599643282316 22.119999999999997
      vertex 12.275910098644419 7.0875 19.119999999999997
      vertex 12.275910098644419 7.0875 22.119999999999997
    endloop
  endfacet
  facet normal 0.6087614290087205 0.7933533402912352 0
    outer loop
      vertex 10.023238623319312 10.023238623319312 19.119999999999997
      vertex 7.0875 12.275910098644419 19.119999999999997
      vertex 7.0875 12.275910098644419 22.119999999999997
    endloop
  endfacet
  facet normal 0.6087614290087205 0.7933533402912352 0
    outer loop
      vertex 10.023238623319312 10.023238623319312 19.119999999999997
      vertex 7.0875 12.275910098644419 22.119999999999997
      vertex 10.023238623319312 10.023238623319312 22.119999999999997
    endloop
  endfacet
  facet normal 0.7933533402912352 0.6087614290087205 0
    outer loop
      vertex 10.023238623319312 10.023238623319312 19.119999999999997
      vertex 12.275910098644419 7.0875 22.119999999999997
      vertex 12.275910098644419 7.0875 19.119999999999997
    endloop
  endfacet
  facet normal 0.7933533402912352 0.6087614290087205 0
    outer loop
      vertex 10.023238623319312 10.023238623319312 19.119999999999997
      vertex 10.023238623319312 10.023238623319312 22.119999999999997
      vertex 12.275910098644419 7.0875 22.119999999999997
    endloop
  endfacet
  facet normal -0.49629096035460213 -0.12157767344874175 -0.8596011586713328
    outer loop
      vertex -2.9667096993376783 -0.25286493816968836 19.119999999999997
      vertex -3.0286546738289823 0 19.119999999999997
      vertex -3 0 19.103456216351294
    endloop
  endfacet
  facet normal -0.4368991008448144 -0.2649623061718358 0.8596011586713311
    outer loop
      vertex -2.103308980505817 -2.103308980505817 22.119999999999997
      vertex -1.7236380703744243 -1.7236380703744243 22.429999999999996
      vertex -2.400916754432086 -1.6125804285415652 22.119999999999997
    endloop
  endfacet
  facet normal -0.3583619392567787 -0.34872843608725523 0.8660053108129636
    outer loop
      vertex -2.018318917131697 -2.1906468651648288 22.119999999999997
      vertex -1.7236380703744243 -1.7236380703744243 22.429999999999996
      vertex -2.103308980505817 -2.103308980505817 22.119999999999997
    endloop
  endfacet
  facet normal -0.43640861311535556 -0.2440949078585565 0.866005310812962
    outer loop
      vertex -2.4966418868263704 -1.4414368654293002 22.119999999999997
      vertex -2.400916754432086 -1.6125804285415652 22.119999999999997
      vertex -2.111016886826371 -1.218796167873051 22.37708333333333
    endloop
  endfacet
  facet normal -0.4905894160600359 -0.14285612643768722 0.8596011586713297
    outer loop
      vertex -2.4966418868263704 -1.4414368654293002 22.119999999999997
      vertex -2.111016886826371 -1.218796167873051 22.37708333333333
      vertex -2.629709165327289 -0.9844638249000305 22.119999999999997
    endloop
  endfacet
  facet normal -0.48471476118945384 -0.12282671504519228 0.8660053108129638
    outer loop
      vertex -2.629709165327289 -0.9844638249000305 22.119999999999997
      vertex -2.111016886826371 -1.218796167873051 22.37708333333333
      vertex -2.3545333910614534 -0.6308953206870292 22.324166666666663
    endloop
  endfacet
  facet normal -0.43640861311535556 -0.2440949078585563 0.866005310812962
    outer loop
      vertex -2.400916754432086 -1.6125804285415652 22.119999999999997
      vertex -1.7236380703744243 -1.7236380703744243 22.429999999999996
      vertex -2.111016886826371 -1.218796167873051 22.37708333333333
    endloop
  endfacet
  facet normal -0.48471476118945384 -0.1228267150451922 0.8660053108129637
    outer loop
      vertex -2.6961108817543917 -0.7224207334708515 22.119999999999997
      vertex -2.629709165327289 -0.9844638249000305 22.119999999999997
      vertex -2.3545333910614534 -0.6308953206870292 22.324166666666663
    endloop
  endfacet
  facet normal -0.5108468733081064 -0.011014537767712778 0.8596011586713312
    outer loop
      vertex -2.6961108817543917 -0.7224207334708515 22.119999999999997
      vertex -2.3545333910614534 -0.6308953206870292 22.324166666666663
      vertex -2.7042588550539373 -0.3445231973552615 22.119999999999997
    endloop
  endfacet
  facet normal -0.4999883993175112 0.006811915417745906 0.8660053108129618
    outer loop
      vertex -2.7042588550539373 -0.3445231973552615 22.119999999999997
      vertex -2.3545333910614534 -0.6308953206870292 22.324166666666663
      vertex -2.437592335746102 0 22.27125
    endloop
  endfacet
  facet normal -0.49998839931751105 0.006811915417745683 0.866005310812962
    outer loop
      vertex -2.7042588550539373 -0.3445231973552615 22.119999999999997
      vertex -2.437592335746102 0 22.27125
      vertex -2.6995650203908954 0 22.119999999999997
    endloop
  endfacet
  facet normal -0.9914448613738104 -0.1305261922200518 0
    outer loop
      vertex -2.3545333910614534 -0.6308953206870292 22.324166666666663
      vertex -2.3545333910614534 -0.6308953206870292 22.641666666666666
      vertex -2.437592335746102 0 22.27125
    endloop
  endfacet
  facet normal -0.2458845671362804 -0.4479136386125522 0.8596011586713155
    outer loop
      vertex -1.4921657884539083 -2.679769522393911 22.119999999999997
      vertex -1.0788324846421093 -2.906671031366906 22.119999999999997
      vertex -0.8088095159453773 -3.0185182071533383 22.13895833333333
    endloop
  endfacet
  facet normal -0.3826834323650898 -0.9238795325112867 0
    outer loop
      vertex -1.0788324846421093 -2.906671031366906 22.119999999999997
      vertex -0.8088095159453773 -3.0185182071533383 22.119999999999997
      vertex -0.8088095159453773 -3.0185182071533383 22.13895833333333
    endloop
  endfacet
  facet normal -0.2458845671362688 -0.4479136386125278 0.8596011586713314
    outer loop
      vertex -1.4921657884539083 -2.679769522393911 22.119999999999997
      vertex -0.8088095159453773 -3.0185182071533383 22.13895833333333
      vertex -0.6308953206870292 -2.3545333910614534 22.53583333333333
    endloop
  endfacet
  facet normal -0.353434833916921 -0.3690117426112959 0.85960115867133
    outer loop
      vertex -2.018318917131697 -2.1906468651648288 22.119999999999997
      vertex -1.5330912206631533 -2.6553918868263704 22.119999999999997
      vertex -1.218796167873051 -2.111016886826371 22.482916666666664
    endloop
  endfacet
  facet normal -0.25589349145896917 -0.42959669769760006 0.8660053108129623
    outer loop
      vertex -1.4921657884539083 -2.679769522393911 22.119999999999997
      vertex -1.218796167873051 -2.111016886826371 22.482916666666664
      vertex -1.5330912206631533 -2.6553918868263704 22.119999999999997
    endloop
  endfacet
  facet normal -0.3583619392567782 -0.34872843608725573 0.8660053108129638
    outer loop
      vertex -2.018318917131697 -2.1906468651648288 22.119999999999997
      vertex -1.218796167873051 -2.111016886826371 22.482916666666664
      vertex -1.7236380703744243 -1.7236380703744243 22.429999999999996
    endloop
  endfacet
  facet normal -0.2558934914589538 -0.4295966976976079 0.8660053108129628
    outer loop
      vertex -1.4921657884539083 -2.679769522393911 22.119999999999997
      vertex -0.6308953206870292 -2.3545333910614534 22.53583333333333
      vertex -1.218796167873051 -2.111016886826371 22.482916666666664
    endloop
  endfacet
  facet normal -0.13052619222005174 -0.9914448613738105 0
    outer loop
      vertex -0.8088095159453773 -3.0185182071533383 22.13895833333333
      vertex -0.8088095159453773 -3.0185182071533383 22.119999999999997
      vertex 0 -3.125 22.119999999999997
    endloop
  endfacet
  facet normal -0.13052619222005174 -0.9914448613738104 0
    outer loop
      vertex -0.8088095159453773 -3.0185182071533383 22.13895833333333
      vertex 0 -3.125 22.119999999999997
      vertex 0 -3.125 22.191874999999996
    endloop
  endfacet
  facet normal -0.12157767344873897 -0.4962909603546083 0.8596011586713296
    outer loop
      vertex -0.8088095159453773 -3.0185182071533383 22.13895833333333
      vertex 0 -3.125 22.191874999999996
      vertex 0 -2.437592335746102 22.588749999999997
    endloop
  endfacet
  facet normal -0.7933533402912354 -0.6087614290087205 0
    outer loop
      vertex -2.209708691207961 -2.209708691207961 23.303124999999998
      vertex -2.7063293868263707 -1.5625 23.25020833333333
      vertex -2.7063293868263707 -1.5625 23.091458333333332
    endloop
  endfacet
  facet normal -0.7933533402912353 -0.6087614290087205 0
    outer loop
      vertex -2.209708691207961 -2.209708691207961 23.144374999999997
      vertex -2.209708691207961 -2.209708691207961 23.303124999999998
      vertex -2.7063293868263707 -1.5625 23.091458333333332
    endloop
  endfacet
  facet normal -0.2649623061718355 -0.4368991008448144 -0.8596011586713312
    outer loop
      vertex -2.209708691207961 -2.209708691207961 23.144374999999997
      vertex -1.7236380703744243 -1.7236380703744243 22.7475
      vertex -1.5625 -2.7063293868263707 23.197291666666665
    endloop
  endfacet
  facet normal -0.6087614290087205 -0.7933533402912353 0
    outer loop
      vertex -2.209708691207961 -2.209708691207961 23.144374999999997
      vertex -1.5625 -2.7063293868263707 23.356041666666663
      vertex -2.209708691207961 -2.209708691207961 23.303124999999998
    endloop
  endfacet
  facet normal -0.6087614290087205 -0.7933533402912354 0
    outer loop
      vertex -2.209708691207961 -2.209708691207961 23.144374999999997
      vertex -1.5625 -2.7063293868263707 23.197291666666665
      vertex -1.5625 -2.7063293868263707 23.356041666666663
    endloop
  endfacet
  facet normal -0.4368991008448144 -0.2649623061718355 0.8596011586713312
    outer loop
      vertex -2.209708691207961 -2.209708691207961 23.303124999999998
      vertex -1.7236380703744243 -1.7236380703744243 23.699999999999996
      vertex -2.7063293868263707 -1.5625 23.25020833333333
    endloop
  endfacet
  facet normal -0.7933533402912354 -0.6087614290087205 0
    outer loop
      vertex -2.209708691207961 -2.209708691207961 24.573124999999997
      vertex -2.7063293868263707 -1.5625 24.52020833333333
      vertex -2.7063293868263707 -1.5625 24.36145833333333
    endloop
  endfacet
  facet normal -0.7933533402912353 -0.6087614290087205 0
    outer loop
      vertex -2.209708691207961 -2.209708691207961 24.414374999999996
      vertex -2.209708691207961 -2.209708691207961 24.573124999999997
      vertex -2.7063293868263707 -1.5625 24.36145833333333
    endloop
  endfacet
  facet normal -0.6087614290087205 -0.7933533402912353 0
    outer loop
      vertex -2.209708691207961 -2.209708691207961 24.414374999999996
      vertex -1.5625 -2.7063293868263707 24.626041666666666
      vertex -2.209708691207961 -2.209708691207961 24.573124999999997
    endloop
  endfacet
  facet normal -0.6087614290087205 -0.7933533402912353 0
    outer loop
      vertex -2.209708691207961 -2.209708691207961 24.414374999999996
      vertex -1.5625 -2.7063293868263707 24.467291666666664
      vertex -1.5625 -2.7063293868263707 24.626041666666666
    endloop
  endfacet
  facet normal -0.2649623061718355 -0.4368991008448144 -0.8596011586713312
    outer loop
      vertex -2.209708691207961 -2.209708691207961 24.414374999999996
      vertex -1.7236380703744243 -1.7236380703744243 24.0175
      vertex -1.5625 -2.7063293868263707 24.467291666666664
    endloop
  endfacet
  facet normal -0.436899100844817 -0.26496230617183764 0.8596011586713291
    outer loop
      vertex -2.209708691207961 -2.209708691207961 24.573124999999997
      vertex -1.7236380703744243 -1.7236380703744243 24.97
      vertex -2.7063293868263707 -1.5625 24.52020833333333
    endloop
  endfacet
  facet normal -0.9238795325112868 -0.3826834323650898 0
    outer loop
      vertex -2.7063293868263707 -1.5625 23.25020833333333
      vertex -3.0185182071533383 -0.8088095159453773 23.197291666666665
      vertex -3.0185182071533383 -0.8088095159453773 23.038541666666664
    endloop
  endfacet
  facet normal -0.9238795325112867 -0.38268343236508967 0
    outer loop
      vertex -2.7063293868263707 -1.5625 23.091458333333332
      vertex -2.7063293868263707 -1.5625 23.25020833333333
      vertex -3.0185182071533383 -0.8088095159453773 23.038541666666664
    endloop
  endfacet
  facet normal -0.44791363861252725 -0.24588456713627066 -0.8596011586713312
    outer loop
      vertex -2.7063293868263707 -1.5625 23.091458333333332
      vertex -3.0185182071533383 -0.8088095159453773 23.038541666666664
      vertex -2.3545333910614534 -0.6308953206870292 22.641666666666666
    endloop
  endfacet
  facet normal -0.9914448613738104 -0.13052619222005174 0
    outer loop
      vertex -3.0185182071533383 -0.8088095159453773 23.038541666666664
      vertex -3.0185182071533383 -0.8088095159453773 23.197291666666665
      vertex -3.125 0 22.985625
    endloop
  endfacet
  facet normal -0.9914448613738105 -0.1305261922200517 0
    outer loop
      vertex -3.0185182071533383 -0.8088095159453773 23.197291666666665
      vertex -3.125 0 23.144374999999997
      vertex -3.125 0 22.985625
    endloop
  endfacet
  facet normal -0.4962909603546083 -0.12157767344873897 -0.8596011586713296
    outer loop
      vertex -3.0185182071533383 -0.8088095159453773 23.038541666666664
      vertex -3.125 0 22.985625
      vertex -2.437592335746102 0 22.588749999999997
    endloop
  endfacet
  facet normal -0.5108468733081064 -0.011014537767712917 0.8596011586713312
    outer loop
      vertex -3.0185182071533383 -0.8088095159453773 23.197291666666665
      vertex -2.3545333910614534 -0.6308953206870292 23.594166666666663
      vertex -3.125 0 23.144374999999997
    endloop
  endfacet
  facet normal -0.3690117426112971 -0.3534348339169207 -0.8596011586713296
    outer loop
      vertex -2.209708691207961 -2.209708691207961 23.144374999999997
      vertex -2.7063293868263707 -1.5625 23.091458333333332
      vertex -2.111016886826371 -1.218796167873051 22.69458333333333
    endloop
  endfacet
  facet normal -0.42959669769760955 -0.25589349145895446 -0.8660053108129618
    outer loop
      vertex -2.7063293868263707 -1.5625 23.091458333333332
      vertex -2.3545333910614534 -0.6308953206870292 22.641666666666666
      vertex -2.111016886826371 -1.218796167873051 22.69458333333333
    endloop
  endfacet
  facet normal -0.7933533402912354 -0.6087614290087204 0
    outer loop
      vertex -2.111016886826371 -1.218796167873051 22.37708333333333
      vertex -1.7236380703744243 -1.7236380703744243 22.429999999999996
      vertex -1.7236380703744243 -1.7236380703744243 22.7475
    endloop
  endfacet
  facet normal -0.7933533402912354 -0.6087614290087204 0
    outer loop
      vertex -2.111016886826371 -1.218796167873051 22.37708333333333
      vertex -1.7236380703744243 -1.7236380703744243 22.7475
      vertex -2.111016886826371 -1.218796167873051 22.69458333333333
    endloop
  endfacet
  facet normal -0.34872843608725573 -0.35836193925677806 -0.8660053108129637
    outer loop
      vertex -2.209708691207961 -2.209708691207961 23.144374999999997
      vertex -2.111016886826371 -1.218796167873051 22.69458333333333
      vertex -1.7236380703744243 -1.7236380703744243 22.7475
    endloop
  endfacet
  facet normal -0.9238795325112868 -0.3826834323650898 0
    outer loop
      vertex -2.111016886826371 -1.218796167873051 22.37708333333333
      vertex -2.111016886826371 -1.218796167873051 22.69458333333333
      vertex -2.3545333910614534 -0.6308953206870292 22.324166666666663
    endloop
  endfacet
  facet normal -0.490589416060036 -0.1428561264376874 0.8596011586713296
    outer loop
      vertex -2.7063293868263707 -1.5625 23.25020833333333
      vertex -2.111016886826371 -1.218796167873051 23.64708333333333
      vertex -3.0185182071533383 -0.8088095159453773 23.197291666666665
    endloop
  endfacet
  facet normal -0.4847147611894538 -0.12282671504519223 0.8660053108129638
    outer loop
      vertex -3.0185182071533383 -0.8088095159453773 23.197291666666665
      vertex -2.111016886826371 -1.218796167873051 23.64708333333333
      vertex -2.3545333910614534 -0.6308953206870292 23.594166666666663
    endloop
  endfacet
  facet normal -0.43640861311535567 -0.24409490785855636 0.8660053108129618
    outer loop
      vertex -2.7063293868263707 -1.5625 23.25020833333333
      vertex -1.7236380703744243 -1.7236380703744243 23.699999999999996
      vertex -2.111016886826371 -1.218796167873051 23.64708333333333
    endloop
  endfacet
  facet normal -0.7933533402912354 -0.6087614290087204 0
    outer loop
      vertex -2.111016886826371 -1.218796167873051 23.64708333333333
      vertex -1.7236380703744243 -1.7236380703744243 23.699999999999996
      vertex -1.7236380703744243 -1.7236380703744243 24.0175
    endloop
  endfacet
  facet normal -0.7933533402912354 -0.6087614290087204 0
    outer loop
      vertex -2.111016886826371 -1.218796167873051 23.64708333333333
      vertex -1.7236380703744243 -1.7236380703744243 24.0175
      vertex -2.111016886826371 -1.218796167873051 23.96458333333333
    endloop
  endfacet
  facet normal -0.9238795325112868 -0.3826834323650898 0
    outer loop
      vertex -2.111016886826371 -1.218796167873051 23.64708333333333
      vertex -2.111016886826371 -1.218796167873051 23.96458333333333
      vertex -2.3545333910614534 -0.6308953206870292 23.594166666666663
    endloop
  endfacet
  facet normal -0.48118865430197055 -0.13598632510219819 -0.8660053108129637
    outer loop
      vertex -3.0185182071533383 -0.8088095159453773 23.038541666666664
      vertex -2.437592335746102 0 22.588749999999997
      vertex -2.3545333910614534 -0.6308953206870292 22.641666666666666
    endloop
  endfacet
  facet normal -0.9238795325112867 -0.3826834323650898 0
    outer loop
      vertex -2.3545333910614534 -0.6308953206870292 22.324166666666663
      vertex -2.111016886826371 -1.218796167873051 22.69458333333333
      vertex -2.3545333910614534 -0.6308953206870292 22.641666666666666
    endloop
  endfacet
  facet normal -0.9914448613738103 -0.1305261922200518 0
    outer loop
      vertex -2.3545333910614534 -0.6308953206870292 22.641666666666666
      vertex -2.437592335746102 0 22.588749999999997
      vertex -2.437592335746102 0 22.27125
    endloop
  endfacet
  facet normal -0.9238795325112868 -0.3826834323650898 0
    outer loop
      vertex -2.111016886826371 -1.218796167873051 23.96458333333333
      vertex -2.3545333910614534 -0.6308953206870292 23.911666666666665
      vertex -2.3545333910614534 -0.6308953206870292 23.594166666666663
    endloop
  endfacet
  facet normal -0.49998839931751093 0.0068119154177459515 0.8660053108129618
    outer loop
      vertex -2.3545333910614534 -0.6308953206870292 23.594166666666663
      vertex -2.437592335746102 0 23.541249999999998
      vertex -3.125 0 23.144374999999997
    endloop
  endfacet
  facet normal -0.9914448613738104 -0.1305261922200518 0
    outer loop
      vertex -2.3545333910614534 -0.6308953206870292 23.594166666666663
      vertex -2.3545333910614534 -0.6308953206870292 23.911666666666665
      vertex -2.437592335746102 0 23.541249999999998
    endloop
  endfacet
  facet normal -0.9914448613738103 -0.1305261922200518 0
    outer loop
      vertex -2.3545333910614534 -0.6308953206870292 23.911666666666665
      vertex -2.437592335746102 0 23.858749999999997
      vertex -2.437592335746102 0 23.541249999999998
    endloop
  endfacet
  facet normal -0.9238795325112867 -0.38268343236508967 0
    outer loop
      vertex -2.7063293868263707 -1.5625 24.36145833333333
      vertex -2.7063293868263707 -1.5625 24.52020833333333
      vertex -3.0185182071533383 -0.8088095159453773 24.308541666666663
    endloop
  endfacet
  facet normal -0.44791363861252725 -0.24588456713627072 -0.8596011586713312
    outer loop
      vertex -2.3545333910614534 -0.6308953206870292 23.911666666666665
      vertex -2.7063293868263707 -1.5625 24.36145833333333
      vertex -3.0185182071533383 -0.8088095159453773 24.308541666666663
    endloop
  endfacet
  facet normal -0.9238795325112868 -0.3826834323650898 0
    outer loop
      vertex -2.7063293868263707 -1.5625 24.52020833333333
      vertex -3.0185182071533383 -0.8088095159453773 24.467291666666664
      vertex -3.0185182071533383 -0.8088095159453773 24.308541666666663
    endloop
  endfacet
  facet normal -0.9914448613738104 -0.13052619222005174 0
    outer loop
      vertex -3.0185182071533383 -0.8088095159453773 24.308541666666663
      vertex -3.0185182071533383 -0.8088095159453773 24.467291666666664
      vertex -3.125 0 24.255625
    endloop
  endfacet
  facet normal -0.5108468733081064 -0.011014537767712917 0.8596011586713312
    outer loop
      vertex -3.0185182071533383 -0.8088095159453773 24.467291666666664
      vertex -2.3545333910614534 -0.6308953206870292 24.864166666666662
      vertex -3.125 0 24.414374999999996
    endloop
  endfacet
  facet normal -0.9914448613738105 -0.1305261922200517 0
    outer loop
      vertex -3.0185182071533383 -0.8088095159453773 24.467291666666664
      vertex -3.125 0 24.414374999999996
      vertex -3.125 0 24.255625
    endloop
  endfacet
  facet normal -0.4962909603546083 -0.12157767344873897 -0.8596011586713296
    outer loop
      vertex -3.0185182071533383 -0.8088095159453773 24.308541666666663
      vertex -3.125 0 24.255625
      vertex -2.437592335746102 0 23.858749999999997
    endloop
  endfacet
  facet normal -0.3690117426112971 -0.3534348339169207 -0.8596011586713296
    outer loop
      vertex -2.209708691207961 -2.209708691207961 24.414374999999996
      vertex -2.7063293868263707 -1.5625 24.36145833333333
      vertex -2.111016886826371 -1.218796167873051 23.96458333333333
    endloop
  endfacet
  facet normal -0.4295966976976095 -0.2558934914589544 -0.8660053108129618
    outer loop
      vertex -2.111016886826371 -1.218796167873051 23.96458333333333
      vertex -2.7063293868263707 -1.5625 24.36145833333333
      vertex -2.3545333910614534 -0.6308953206870292 23.911666666666665
    endloop
  endfacet
  facet normal -0.490589416060036 -0.1428561264376874 0.8596011586713296
    outer loop
      vertex -2.7063293868263707 -1.5625 24.52020833333333
      vertex -2.111016886826371 -1.218796167873051 24.91708333333333
      vertex -3.0185182071533383 -0.8088095159453773 24.467291666666664
    endloop
  endfacet
  facet normal -0.4847147611894538 -0.12282671504519223 0.8660053108129638
    outer loop
      vertex -3.0185182071533383 -0.8088095159453773 24.467291666666664
      vertex -2.111016886826371 -1.218796167873051 24.91708333333333
      vertex -2.3545333910614534 -0.6308953206870292 24.864166666666662
    endloop
  endfacet
  facet normal -0.34872843608725573 -0.35836193925677806 -0.8660053108129637
    outer loop
      vertex -2.209708691207961 -2.209708691207961 24.414374999999996
      vertex -2.111016886826371 -1.218796167873051 23.96458333333333
      vertex -1.7236380703744243 -1.7236380703744243 24.0175
    endloop
  endfacet
  facet normal -0.4364086131153581 -0.24409490785855215 0.8660053108129618
    outer loop
      vertex -2.7063293868263707 -1.5625 24.52020833333333
      vertex -1.7236380703744243 -1.7236380703744243 24.97
      vertex -2.111016886826371 -1.218796167873051 24.91708333333333
    endloop
  endfacet
  facet normal -0.7933533402912353 -0.6087614290087204 0
    outer loop
      vertex -2.111016886826371 -1.218796167873051 24.91708333333333
      vertex -1.7236380703744243 -1.7236380703744243 24.97
      vertex -1.7236380703744243 -1.7236380703744243 25.619999999999997
    endloop
  endfacet
  facet normal -0.7933533402912354 -0.6087614290087204 0
    outer loop
      vertex -2.111016886826371 -1.218796167873051 24.91708333333333
      vertex -1.7236380703744243 -1.7236380703744243 25.619999999999997
      vertex -2.111016886826371 -1.218796167873051 25.57391145833333
    endloop
  endfacet
  facet normal -0.7933533402912353 -0.6087614290087204 0
    outer loop
      vertex -2.111016886826371 -1.218796167873051 25.57391145833333
      vertex -1.7236380703744243 -1.7236380703744243 25.619999999999997
      vertex -2.111016886826371 -1.218796167873051 25.619999999999997
    endloop
  endfacet
  facet normal -0.9238795325112868 -0.3826834323650898 0
    outer loop
      vertex -2.111016886826371 -1.218796167873051 24.91708333333333
      vertex -2.111016886826371 -1.218796167873051 25.57391145833333
      vertex -2.3545333910614534 -0.6308953206870292 24.864166666666662
    endloop
  endfacet
  facet normal -0.9238795325112868 -0.3826834323650898 0
    outer loop
      vertex -2.111016886826371 -1.218796167873051 25.57391145833333
      vertex -2.111016886826371 -1.218796167873051 25.619999999999997
      vertex -2.3545333910614534 -0.6308953206870292 25.520994791666663
    endloop
  endfacet
  facet normal -0.4811886543019705 -0.13598632510219813 -0.8660053108129637
    outer loop
      vertex -2.3545333910614534 -0.6308953206870292 23.911666666666665
      vertex -3.0185182071533383 -0.8088095159453773 24.308541666666663
      vertex -2.437592335746102 0 23.858749999999997
    endloop
  endfacet
  facet normal -0.49998839931751093 0.0068119154177459515 0.8660053108129618
    outer loop
      vertex -2.3545333910614534 -0.6308953206870292 24.864166666666662
      vertex -2.437592335746102 0 24.811249999999998
      vertex -3.125 0 24.414374999999996
    endloop
  endfacet
  facet normal -0.9238795325112868 -0.3826834323650898 0
    outer loop
      vertex -2.111016886826371 -1.218796167873051 25.57391145833333
      vertex -2.3545333910614534 -0.6308953206870292 25.520994791666663
      vertex -2.3545333910614534 -0.6308953206870292 24.864166666666662
    endloop
  endfacet
  facet normal -0.9238795325112867 -0.3826834323650898 0
    outer loop
      vertex -2.111016886826371 -1.218796167873051 25.619999999999997
      vertex -2.3545333910614534 -0.6308953206870292 25.619999999999997
      vertex -2.3545333910614534 -0.6308953206870292 25.520994791666663
    endloop
  endfacet
  facet normal -0.9914448613738103 -0.1305261922200518 0
    outer loop
      vertex -2.3545333910614534 -0.6308953206870292 24.864166666666662
      vertex -2.3545333910614534 -0.6308953206870292 25.520994791666663
      vertex -2.437592335746102 0 24.811249999999998
    endloop
  endfacet
  facet normal -0.9914448613738104 -0.1305261922200518 0
    outer loop
      vertex -2.3545333910614534 -0.6308953206870292 25.520994791666663
      vertex -2.3545333910614534 -0.6308953206870292 25.619999999999997
      vertex -2.437592335746102 0 25.468078124999998
    endloop
  endfacet
  facet normal -0.9914448613738103 -0.13052619222005177 0
    outer loop
      vertex -2.3545333910614534 -0.6308953206870292 25.520994791666663
      vertex -2.437592335746102 0 25.468078124999998
      vertex -2.437592335746102 0 24.811249999999998
    endloop
  endfacet
  facet normal -0.9914448613738104 -0.1305261922200518 0
    outer loop
      vertex -2.3545333910614534 -0.6308953206870292 25.619999999999997
      vertex -2.437592335746102 0 25.5821796875
      vertex -2.437592335746102 0 25.468078124999998
    endloop
  endfacet
  facet normal -0.9914448613738105 -0.1305261922200518 0
    outer loop
      vertex -2.3545333910614534 -0.6308953206870292 25.619999999999997
      vertex -2.437592335746102 0 25.619999999999997
      vertex -2.437592335746102 0 25.5821796875
    endloop
  endfacet
  facet normal -0.38268343236508967 -0.9238795325112867 0
    outer loop
      vertex -1.5625 -2.7063293868263707 23.197291666666665
      vertex -0.8088095159453773 -3.0185182071533383 23.40895833333333
      vertex -1.5625 -2.7063293868263707 23.356041666666663
    endloop
  endfacet
  facet normal -0.3826834323650898 -0.9238795325112868 0
    outer loop
      vertex -1.5625 -2.7063293868263707 23.197291666666665
      vertex -0.8088095159453773 -3.0185182071533383 23.25020833333333
      vertex -0.8088095159453773 -3.0185182071533383 23.40895833333333
    endloop
  endfacet
  facet normal -0.2458845671362718 -0.44791363861253025 0.8596011586713292
    outer loop
      vertex -1.5625 -2.7063293868263707 23.356041666666663
      vertex -0.8088095159453773 -3.0185182071533383 23.40895833333333
      vertex -0.6308953206870292 -2.3545333910614534 23.805833333333332
    endloop
  endfacet
  facet normal -0.6087614290087204 -0.7933533402912354 0
    outer loop
      vertex -1.218796167873051 -2.111016886826371 22.800416666666663
      vertex -1.7236380703744243 -1.7236380703744243 22.7475
      vertex -1.7236380703744243 -1.7236380703744243 22.429999999999996
    endloop
  endfacet
  facet normal -0.6087614290087204 -0.7933533402912354 0
    outer loop
      vertex -1.218796167873051 -2.111016886826371 22.482916666666664
      vertex -1.218796167873051 -2.111016886826371 22.800416666666663
      vertex -1.7236380703744243 -1.7236380703744243 22.429999999999996
    endloop
  endfacet
  facet normal -0.24409490785855636 -0.43640861311535567 -0.8660053108129618
    outer loop
      vertex -1.5625 -2.7063293868263707 23.197291666666665
      vertex -1.7236380703744243 -1.7236380703744243 22.7475
      vertex -1.218796167873051 -2.111016886826371 22.800416666666663
    endloop
  endfacet
  facet normal -0.1428561264376874 -0.490589416060036 -0.8596011586713296
    outer loop
      vertex -1.5625 -2.7063293868263707 23.197291666666665
      vertex -1.218796167873051 -2.111016886826371 22.800416666666663
      vertex -0.8088095159453773 -3.0185182071533383 23.25020833333333
    endloop
  endfacet
  facet normal -0.12282671504519228 -0.4847147611894538 -0.8660053108129638
    outer loop
      vertex -1.218796167873051 -2.111016886826371 22.800416666666663
      vertex -0.6308953206870292 -2.3545333910614534 22.85333333333333
      vertex -0.8088095159453773 -3.0185182071533383 23.25020833333333
    endloop
  endfacet
  facet normal -0.3826834323650898 -0.9238795325112868 0
    outer loop
      vertex -1.218796167873051 -2.111016886826371 22.482916666666664
      vertex -0.6308953206870292 -2.3545333910614534 22.85333333333333
      vertex -1.218796167873051 -2.111016886826371 22.800416666666663
    endloop
  endfacet
  facet normal -0.3534348339169207 -0.3690117426112971 0.8596011586713296
    outer loop
      vertex -2.209708691207961 -2.209708691207961 23.303124999999998
      vertex -1.5625 -2.7063293868263707 23.356041666666663
      vertex -1.218796167873051 -2.111016886826371 23.752916666666664
    endloop
  endfacet
  facet normal -0.35836193925677806 -0.34872843608725573 0.8660053108129637
    outer loop
      vertex -2.209708691207961 -2.209708691207961 23.303124999999998
      vertex -1.218796167873051 -2.111016886826371 23.752916666666664
      vertex -1.7236380703744243 -1.7236380703744243 23.699999999999996
    endloop
  endfacet
  facet normal -0.6087614290087204 -0.7933533402912354 0
    outer loop
      vertex -1.218796167873051 -2.111016886826371 24.070416666666663
      vertex -1.7236380703744243 -1.7236380703744243 24.0175
      vertex -1.7236380703744243 -1.7236380703744243 23.699999999999996
    endloop
  endfacet
  facet normal -0.6087614290087204 -0.7933533402912354 0
    outer loop
      vertex -1.218796167873051 -2.111016886826371 23.752916666666664
      vertex -1.218796167873051 -2.111016886826371 24.070416666666663
      vertex -1.7236380703744243 -1.7236380703744243 23.699999999999996
    endloop
  endfacet
  facet normal -0.2558934914589587 -0.4295966976976071 0.8660053108129618
    outer loop
      vertex -1.5625 -2.7063293868263707 23.356041666666663
      vertex -0.6308953206870292 -2.3545333910614534 23.805833333333332
      vertex -1.218796167873051 -2.111016886826371 23.752916666666664
    endloop
  endfacet
  facet normal -0.3826834323650898 -0.9238795325112868 0
    outer loop
      vertex -1.218796167873051 -2.111016886826371 23.752916666666664
      vertex -0.6308953206870292 -2.3545333910614534 24.12333333333333
      vertex -1.218796167873051 -2.111016886826371 24.070416666666663
    endloop
  endfacet
  facet normal -0.011014537767712917 -0.5108468733081064 -0.8596011586713312
    outer loop
      vertex -0.8088095159453773 -3.0185182071533383 23.25020833333333
      vertex -0.6308953206870292 -2.3545333910614534 22.85333333333333
      vertex 0 -3.125 23.303124999999998
    endloop
  endfacet
  facet normal -0.13052619222005174 -0.9914448613738104 0
    outer loop
      vertex -0.8088095159453773 -3.0185182071533383 23.25020833333333
      vertex 0 -3.125 23.461875
      vertex -0.8088095159453773 -3.0185182071533383 23.40895833333333
    endloop
  endfacet
  facet normal -0.13052619222005174 -0.9914448613738104 0
    outer loop
      vertex -0.8088095159453773 -3.0185182071533383 23.25020833333333
      vertex 0 -3.125 23.303124999999998
      vertex 0 -3.125 23.461875
    endloop
  endfacet
  facet normal -0.1215776734487424 -0.49629096035460474 0.8596011586713312
    outer loop
      vertex -0.8088095159453773 -3.0185182071533383 23.40895833333333
      vertex 0 -3.125 23.461875
      vertex 0 -2.437592335746102 23.858749999999997
    endloop
  endfacet
  facet normal -0.3826834323650898 -0.9238795325112868 0
    outer loop
      vertex -1.218796167873051 -2.111016886826371 22.482916666666664
      vertex -0.6308953206870292 -2.3545333910614534 22.53583333333333
      vertex -0.6308953206870292 -2.3545333910614534 22.85333333333333
    endloop
  endfacet
  facet normal -0.13598632510219819 -0.48118865430197055 0.8660053108129637
    outer loop
      vertex -0.8088095159453773 -3.0185182071533383 22.13895833333333
      vertex 0 -2.437592335746102 22.588749999999997
      vertex -0.6308953206870292 -2.3545333910614534 22.53583333333333
    endloop
  endfacet
  facet normal -0.1305261922200518 -0.9914448613738104 0
    outer loop
      vertex -0.6308953206870292 -2.3545333910614534 22.53583333333333
      vertex 0 -2.437592335746102 22.906249999999996
      vertex -0.6308953206870292 -2.3545333910614534 22.85333333333333
    endloop
  endfacet
  facet normal -0.1305261922200518 -0.9914448613738103 0
    outer loop
      vertex -0.6308953206870292 -2.3545333910614534 22.53583333333333
      vertex 0 -2.437592335746102 22.588749999999997
      vertex 0 -2.437592335746102 22.906249999999996
    endloop
  endfacet
  facet normal 0.0068119154177459515 -0.49998839931751093 -0.8660053108129618
    outer loop
      vertex -0.6308953206870292 -2.3545333910614534 22.85333333333333
      vertex 0 -2.437592335746102 22.906249999999996
      vertex 0 -3.125 23.303124999999998
    endloop
  endfacet
  facet normal -0.3826834323650898 -0.9238795325112868 0
    outer loop
      vertex -1.218796167873051 -2.111016886826371 23.752916666666664
      vertex -0.6308953206870292 -2.3545333910614534 23.805833333333332
      vertex -0.6308953206870292 -2.3545333910614534 24.12333333333333
    endloop
  endfacet
  facet normal -0.13598632510219377 -0.4811886543019751 0.8660053108129617
    outer loop
      vertex -0.8088095159453773 -3.0185182071533383 23.40895833333333
      vertex 0 -2.437592335746102 23.858749999999997
      vertex -0.6308953206870292 -2.3545333910614534 23.805833333333332
    endloop
  endfacet
  facet normal -0.1305261922200518 -0.9914448613738105 0
    outer loop
      vertex -0.6308953206870292 -2.3545333910614534 23.805833333333332
      vertex 0 -2.437592335746102 23.858749999999997
      vertex 0 -2.437592335746102 24.176249999999996
    endloop
  endfacet
  facet normal -0.3826834323650897 -0.9238795325112868 0
    outer loop
      vertex -1.5625 -2.7063293868263707 24.467291666666664
      vertex -0.8088095159453773 -3.0185182071533383 24.67895833333333
      vertex -1.5625 -2.7063293868263707 24.626041666666666
    endloop
  endfacet
  facet normal -0.3826834323650898 -0.9238795325112868 0
    outer loop
      vertex -1.5625 -2.7063293868263707 24.467291666666664
      vertex -0.8088095159453773 -3.0185182071533383 24.52020833333333
      vertex -0.8088095159453773 -3.0185182071533383 24.67895833333333
    endloop
  endfacet
  facet normal -0.24588456713626827 -0.44791363861253153 0.8596011586713297
    outer loop
      vertex -1.5625 -2.7063293868263707 24.626041666666666
      vertex -0.8088095159453773 -3.0185182071533383 24.67895833333333
      vertex -0.6308953206870292 -2.3545333910614534 25.075833333333332
    endloop
  endfacet
  facet normal -0.35343483391692193 -0.3690117426112923 0.8596011586713312
    outer loop
      vertex -2.209708691207961 -2.209708691207961 24.573124999999997
      vertex -1.5625 -2.7063293868263707 24.626041666666666
      vertex -1.218796167873051 -2.111016886826371 25.022916666666664
    endloop
  endfacet
  facet normal -0.24409490785855636 -0.43640861311535567 -0.8660053108129618
    outer loop
      vertex -1.5625 -2.7063293868263707 24.467291666666664
      vertex -1.7236380703744243 -1.7236380703744243 24.0175
      vertex -1.218796167873051 -2.111016886826371 24.070416666666663
    endloop
  endfacet
  facet normal -0.1428561264376874 -0.490589416060036 -0.8596011586713296
    outer loop
      vertex -1.5625 -2.7063293868263707 24.467291666666664
      vertex -1.218796167873051 -2.111016886826371 24.070416666666663
      vertex -0.8088095159453773 -3.0185182071533383 24.52020833333333
    endloop
  endfacet
  facet normal -0.12282671504519228 -0.4847147611894538 -0.8660053108129638
    outer loop
      vertex -1.218796167873051 -2.111016886826371 24.070416666666663
      vertex -0.6308953206870292 -2.3545333910614534 24.12333333333333
      vertex -0.8088095159453773 -3.0185182071533383 24.52020833333333
    endloop
  endfacet
  facet normal -0.3583619392567766 -0.34872843608726206 0.8660053108129617
    outer loop
      vertex -2.209708691207961 -2.209708691207961 24.573124999999997
      vertex -1.218796167873051 -2.111016886826371 25.022916666666664
      vertex -1.7236380703744243 -1.7236380703744243 24.97
    endloop
  endfacet
  facet normal -0.6087614290087204 -0.7933533402912354 0
    outer loop
      vertex -1.218796167873051 -2.111016886826371 25.022916666666664
      vertex -1.218796167873051 -2.111016886826371 25.619999999999997
      vertex -1.7236380703744243 -1.7236380703744243 24.97
    endloop
  endfacet
  facet normal -0.6087614290087204 -0.7933533402912353 0
    outer loop
      vertex -1.218796167873051 -2.111016886826371 25.619999999999997
      vertex -1.7236380703744243 -1.7236380703744243 25.619999999999997
      vertex -1.7236380703744243 -1.7236380703744243 24.97
    endloop
  endfacet
  facet normal -0.2558934914589575 -0.42959669769760395 0.8660053108129638
    outer loop
      vertex -1.5625 -2.7063293868263707 24.626041666666666
      vertex -0.6308953206870292 -2.3545333910614534 25.075833333333332
      vertex -1.218796167873051 -2.111016886826371 25.022916666666664
    endloop
  endfacet
  facet normal -0.3826834323650898 -0.9238795325112868 0
    outer loop
      vertex -1.218796167873051 -2.111016886826371 25.022916666666664
      vertex -0.6308953206870292 -2.3545333910614534 25.619999999999997
      vertex -1.218796167873051 -2.111016886826371 25.619999999999997
    endloop
  endfacet
  facet normal -0.011014537767712917 -0.5108468733081064 -0.8596011586713312
    outer loop
      vertex -0.8088095159453773 -3.0185182071533383 24.52020833333333
      vertex -0.6308953206870292 -2.3545333910614534 24.12333333333333
      vertex 0 -3.125 24.573124999999997
    endloop
  endfacet
  facet normal -0.13052619222005174 -0.9914448613738104 0
    outer loop
      vertex -0.8088095159453773 -3.0185182071533383 24.52020833333333
      vertex 0 -3.125 24.731875
      vertex -0.8088095159453773 -3.0185182071533383 24.67895833333333
    endloop
  endfacet
  facet normal -0.13052619222005174 -0.9914448613738104 0
    outer loop
      vertex -0.8088095159453773 -3.0185182071533383 24.52020833333333
      vertex 0 -3.125 24.573124999999997
      vertex 0 -3.125 24.731875
    endloop
  endfacet
  facet normal -0.1215776734487424 -0.49629096035460474 0.8596011586713312
    outer loop
      vertex -0.8088095159453773 -3.0185182071533383 24.67895833333333
      vertex 0 -3.125 24.731875
      vertex 0 -2.437592335746102 25.128749999999997
    endloop
  endfacet
  facet normal -0.1305261922200518 -0.9914448613738103 0
    outer loop
      vertex -0.6308953206870292 -2.3545333910614534 23.805833333333332
      vertex 0 -2.437592335746102 24.176249999999996
      vertex -0.6308953206870292 -2.3545333910614534 24.12333333333333
    endloop
  endfacet
  facet normal 0.0068119154177459515 -0.49998839931751093 -0.8660053108129618
    outer loop
      vertex -0.6308953206870292 -2.3545333910614534 24.12333333333333
      vertex 0 -2.437592335746102 24.176249999999996
      vertex 0 -3.125 24.573124999999997
    endloop
  endfacet
  facet normal -0.13598632510219377 -0.4811886543019751 0.8660053108129617
    outer loop
      vertex -0.8088095159453773 -3.0185182071533383 24.67895833333333
      vertex 0 -2.437592335746102 25.128749999999997
      vertex -0.6308953206870292 -2.3545333910614534 25.075833333333332
    endloop
  endfacet
  facet normal -0.3826834323650897 -0.9238795325112867 0
    outer loop
      vertex -1.218796167873051 -2.111016886826371 25.022916666666664
      vertex -0.6308953206870292 -2.3545333910614534 25.075833333333332
      vertex -0.6308953206870292 -2.3545333910614534 25.619999999999997
    endloop
  endfacet
  facet normal -0.1305261922200518 -0.9914448613738103 0
    outer loop
      vertex -0.6308953206870292 -2.3545333910614534 25.075833333333332
      vertex 0 -2.437592335746102 25.619999999999997
      vertex -0.6308953206870292 -2.3545333910614534 25.619999999999997
    endloop
  endfacet
  facet normal -0.1305261922200518 -0.9914448613738104 0
    outer loop
      vertex -0.6308953206870292 -2.3545333910614534 25.075833333333332
      vertex 0 -2.437592335746102 25.128749999999997
      vertex 0 -2.437592335746102 25.619999999999997
    endloop
  endfacet
  facet normal 0 0 1
    outer loop
      vertex -2.111016886826371 -1.218796167873051 25.619999999999997
      vertex -1.7236380703744243 -1.7236380703744243 25.619999999999997
      vertex 0 0 25.619999999999997
    endloop
  endfacet
  facet normal 0 0 1
    outer loop
      vertex -1.218796167873051 -2.111016886826371 25.619999999999997
      vertex 0 0 25.619999999999997
      vertex -1.7236380703744243 -1.7236380703744243 25.619999999999997
    endloop
  endfacet
  facet normal 0 0 1
    outer loop
      vertex -2.111016886826371 -1.218796167873051 25.619999999999997
      vertex 0 0 25.619999999999997
      vertex -2.3545333910614534 -0.6308953206870292 25.619999999999997
    endloop
  endfacet
  facet normal 0 0 1
    outer loop
      vertex -2.3545333910614534 -0.6308953206870292 25.619999999999997
      vertex 0 0 25.619999999999997
      vertex -2.437592335746102 0 25.619999999999997
    endloop
  endfacet
  facet normal 0 0 1
    outer loop
      vertex -1.218796167873051 -2.111016886826371 25.619999999999997
      vertex -0.6308953206870292 -2.3545333910614534 25.619999999999997
      vertex 0 0 25.619999999999997
    endloop
  endfacet
  facet normal 0 0 1
    outer loop
      vertex -0.6308953206870292 -2.3545333910614534 25.619999999999997
      vertex 0 -2.437592335746102 25.619999999999997
      vertex 0 0 25.619999999999997
    endloop
  endfacet
  facet normal -0.49998839931750494 -0.0068119154177504835 -0.8660053108129653
    outer loop
      vertex -3 0 19.103456216351294
      vertex -3.0286546738289823 0 19.119999999999997
      vertex -3.029717654197967 0.0780217927852869 19.119999999999997
    endloop
  endfacet
  facet normal -0.4999883993175041 -0.006811915417750112 -0.8660053108129657
    outer loop
      vertex -3 0 19.103456216351294
      vertex -3.029717654197967 0.0780217927852869 19.119999999999997
      vertex -2.9848963451740826 0.11472364826114381 19.0938337118648
    endloop
  endfacet
  facet normal -0.5108468733081047 0.011014537767717148 -0.859601158671332
    outer loop
      vertex -3.029717654197967 0.0780217927852869 19.119999999999997
      vertex -3.0139870771747566 0.8075954033268159 19.119999999999997
      vertex -2.9848963451740826 0.11472364826114381 19.0938337118648
    endloop
  endfacet
  facet normal -0.5108468733081066 0.01101453776771703 -0.859601158671331
    outer loop
      vertex -2.9848963451740826 0.11472364826114381 19.0938337118648
      vertex -3.0139870771747566 0.8075954033268159 19.119999999999997
      vertex -2.897777478867205 0.7764571353075622 19.05053954968463
    endloop
  endfacet
  facet normal -0.48471476118945506 0.12282671504519126 -0.8660053108129631
    outer loop
      vertex -3.0139870771747566 0.8075954033268159 19.119999999999997
      vertex -3.0130538638628077 0.8112781710982545 19.119999999999997
      vertex -2.897777478867205 0.7764571353075622 19.05053954968463
    endloop
  endfacet
  facet normal -0.48471476118945384 0.12282671504519556 -0.8660053108129633
    outer loop
      vertex -3.0130538638628077 0.8112781710982545 19.119999999999997
      vertex -2.853495803505869 0.8833625565295018 19.040917045198135
      vertex -2.897777478867205 0.7764571353075622 19.05053954968463
    endloop
  endfacet
  facet normal -0.49058941606004214 0.142856126437686 -0.8596011586713264
    outer loop
      vertex -3.0130538638628077 0.8112781710982545 19.119999999999997
      vertex -3.0025400391838417 0.8473842257592109 19.119999999999997
      vertex -2.7063293868263707 1.5625 19.069791666666664
    endloop
  endfacet
  facet normal -0.49058941606003353 0.14285612643768214 -0.8596011586713319
    outer loop
      vertex -3.0130538638628077 0.8112781710982545 19.119999999999997
      vertex -2.7063293868263707 1.5625 19.069791666666664
      vertex -2.853495803505869 0.8833625565295018 19.040917045198135
    endloop
  endfacet
  facet normal -0.923879532511287 0.38268343236508956 0
    outer loop
      vertex -3.0025400391838417 0.8473842257592109 19.119999999999997
      vertex -2.7063293868263707 1.5625 19.119999999999997
      vertex -2.7063293868263707 1.5625 19.069791666666664
    endloop
  endfacet
  facet normal -0.490589416060035 0.1428561264376824 -0.859601158671331
    outer loop
      vertex -2.853495803505869 0.8833625565295018 19.040917045198135
      vertex -2.7063293868263707 1.5625 19.069791666666664
      vertex -2.598076211353316 1.5 18.99762288301796
    endloop
  endfacet
  facet normal -0.18496938415189848 0.5884653118675511 -0.7870799855510832
    outer loop
      vertex -2.7063293868263707 1.5625 19.069791666666664
      vertex -2.5276342384535084 1.5918017663960222 19.04970468855111
      vertex -2.598076211353316 1.5 18.99762288301796
    endloop
  endfacet
  facet normal -0.16181525201656868 0.9868210700095609 0
    outer loop
      vertex -2.7063293868263707 1.5625 19.069791666666664
      vertex -2.7063293868263707 1.5625 19.119999999999997
      vertex -2.5276342384535084 1.5918017663960222 19.04970468855111
    endloop
  endfacet
  facet normal -0.16181525201656866 0.9868210700095607 0
    outer loop
      vertex -2.7063293868263707 1.5625 19.119999999999997
      vertex -2.5276342384535084 1.5918017663960222 19.119999999999997
      vertex -2.5276342384535084 1.5918017663960222 19.04970468855111
    endloop
  endfacet
  facet normal -0.4962909603546083 0.12157767344873885 0.8596011586713296
    outer loop
      vertex -2.6995650203908954 0 22.119999999999997
      vertex -2.437592335746102 0 22.27125
      vertex -2.6329384138571057 0.2719757797945106 22.119999999999997
    endloop
  endfacet
  facet normal -0.4811886543019705 0.13598632510219816 0.8660053108129638
    outer loop
      vertex -2.437592335746102 0 22.27125
      vertex -2.3545333910614534 0.6308953206870292 22.21833333333333
      vertex -2.6329384138571057 0.2719757797945106 22.119999999999997
    endloop
  endfacet
  facet normal -0.9914448613738103 0.1305261922200518 0
    outer loop
      vertex -2.437592335746102 0 22.27125
      vertex -2.437592335746102 0 22.588749999999997
      vertex -2.3545333910614534 0.6308953206870292 22.21833333333333
    endloop
  endfacet
  facet normal -0.4811886543019705 0.13598632510219819 0.8660053108129638
    outer loop
      vertex -2.6329384138571057 0.2719757797945106 22.119999999999997
      vertex -2.3545333910614534 0.6308953206870292 22.21833333333333
      vertex -2.519048264129889 0.6749769480686252 22.119999999999997
    endloop
  endfacet
  facet normal -0.4479136386125273 0.24588456713627038 0.8596011586713311
    outer loop
      vertex -2.519048264129889 0.6749769480686252 22.119999999999997
      vertex -2.3545333910614534 0.6308953206870292 22.21833333333333
      vertex -2.4314429371480863 0.8345624854094562 22.119999999999997
    endloop
  endfacet
  facet normal -0.9238795325112868 0.3826834323650898 0
    outer loop
      vertex -2.3545333910614534 0.6308953206870292 22.21833333333333
      vertex -2.3545333910614534 0.6308953206870292 22.53583333333333
      vertex -2.111016886826371 1.218796167873051 22.165416666666665
    endloop
  endfacet
  facet normal -0.4295966976976092 0.2558934914589543 0.8660053108129621
    outer loop
      vertex -2.3545333910614534 0.6308953206870292 22.21833333333333
      vertex -2.111016886826371 1.218796167873051 22.165416666666665
      vertex -2.4314429371480863 0.8345624854094562 22.119999999999997
    endloop
  endfacet
  facet normal -0.42959669769761005 0.25589349145895507 0.8660053108129615
    outer loop
      vertex -2.4314429371480863 0.8345624854094562 22.119999999999997
      vertex -2.111016886826371 1.218796167873051 22.165416666666665
      vertex -2.1791418868263723 1.2581281549615952 22.119999999999997
    endloop
  endfacet
  facet normal -0.9238795325112868 0.3826834323650898 0
    outer loop
      vertex -2.111016886826371 1.218796167873051 22.165416666666665
      vertex -2.3545333910614534 0.6308953206870292 22.53583333333333
      vertex -2.111016886826371 1.218796167873051 22.482916666666664
    endloop
  endfacet
  facet normal -0.36901174261129605 0.35343483391692354 0.8596011586713289
    outer loop
      vertex -2.1791418868263723 1.2581281549615952 22.119999999999997
      vertex -2.111016886826371 1.218796167873051 22.165416666666665
      vertex -2.1209820620719415 1.318851253601173 22.119999999999997
    endloop
  endfacet
  facet normal -0.3487284360872582 0.3583619392567802 0.866005310812962
    outer loop
      vertex -2.111016886826371 1.218796167873051 22.165416666666665
      vertex -1.7785421545959619 1.652085674744306 22.119999999999997
      vertex -2.1209820620719415 1.318851253601173 22.119999999999997
    endloop
  endfacet
  facet normal -0.7933533402912354 0.6087614290087203 0
    outer loop
      vertex -2.111016886826371 1.218796167873051 22.165416666666665
      vertex -2.111016886826371 1.218796167873051 22.482916666666664
      vertex -1.7785421545959619 1.652085674744306 22.119999999999997
    endloop
  endfacet
  facet normal -0.7933533402912354 0.6087614290087204 8.586136452631575e-17
    outer loop
      vertex -1.7785421545959619 1.652085674744306 22.119999999999997
      vertex -2.111016886826371 1.218796167873051 22.482916666666664
      vertex -1.7236380703744243 1.7236380703744243 22.429999999999996
    endloop
  endfacet
  facet normal -0.7933533402912352 0.6087614290087207 0
    outer loop
      vertex -1.7785421545959619 1.652085674744306 22.119999999999997
      vertex -1.7236380703744243 1.7236380703744243 22.429999999999996
      vertex -1.7236380703744243 1.7236380703744243 22.119999999999997
    endloop
  endfacet
  facet normal -0.6087614290087204 0.7933533402912353 0
    outer loop
      vertex -1.7236380703744243 1.7236380703744243 22.119999999999997
      vertex -1.7236380703744243 1.7236380703744243 22.429999999999996
      vertex -1.218796167873051 2.111016886826371 22.37708333333333
    endloop
  endfacet
  facet normal -0.6087614290087203 0.7933533402912354 0
    outer loop
      vertex -1.7236380703744243 1.7236380703744243 22.119999999999997
      vertex -1.218796167873051 2.111016886826371 22.37708333333333
      vertex -1.218796167873051 2.111016886826371 22.119999999999997
    endloop
  endfacet
  facet normal -0.3826834323650898 0.9238795325112868 0
    outer loop
      vertex -1.218796167873051 2.111016886826371 22.119999999999997
      vertex -1.218796167873051 2.111016886826371 22.37708333333333
      vertex -0.6308953206870292 2.3545333910614534 22.324166666666663
    endloop
  endfacet
  facet normal -0.3826834323650898 0.9238795325112867 0
    outer loop
      vertex -1.218796167873051 2.111016886826371 22.119999999999997
      vertex -0.6308953206870292 2.3545333910614534 22.324166666666663
      vertex -0.6308953206870292 2.3545333910614534 22.119999999999997
    endloop
  endfacet
  facet normal -0.13052619222005182 0.9914448613738104 0
    outer loop
      vertex -0.6308953206870292 2.3545333910614534 22.119999999999997
      vertex -0.6308953206870292 2.3545333910614534 22.324166666666663
      vertex 0 2.437592335746102 22.27125
    endloop
  endfacet
  facet normal -0.1305261922200518 0.9914448613738104 0
    outer loop
      vertex -0.6308953206870292 2.3545333910614534 22.119999999999997
      vertex 0 2.437592335746102 22.27125
      vertex 0 2.437592335746102 22.119999999999997
    endloop
  endfacet
  facet normal -0.9914448613738105 0.1305261922200517 0
    outer loop
      vertex -3.125 0 22.985625
      vertex -3.125 0 23.144374999999997
      vertex -3.0185182071533383 0.8088095159453773 22.93270833333333
    endloop
  endfacet
  facet normal -0.9914448613738104 0.13052619222005174 0
    outer loop
      vertex -3.125 0 23.144374999999997
      vertex -3.0185182071533383 0.8088095159453773 23.091458333333332
      vertex -3.0185182071533383 0.8088095159453773 22.93270833333333
    endloop
  endfacet
  facet normal -0.5108468733081096 0.011014537767713472 -0.8596011586713294
    outer loop
      vertex -3.125 0 22.985625
      vertex -3.0185182071533383 0.8088095159453773 22.93270833333333
      vertex -2.3545333910614534 0.6308953206870292 22.53583333333333
    endloop
  endfacet
  facet normal -0.4962909603546083 0.12157767344873897 0.8596011586713296
    outer loop
      vertex -3.125 0 23.144374999999997
      vertex -2.437592335746102 0 23.541249999999998
      vertex -3.0185182071533383 0.8088095159453773 23.091458333333332
    endloop
  endfacet
  facet normal -0.9238795325112868 0.3826834323650897 0
    outer loop
      vertex -3.0185182071533383 0.8088095159453773 22.93270833333333
      vertex -3.0185182071533383 0.8088095159453773 23.091458333333332
      vertex -2.7063293868263707 1.5625 22.879791666666666
    endloop
  endfacet
  facet normal -0.4479136386125272 0.24588456713627072 0.8596011586713312
    outer loop
      vertex -3.0185182071533383 0.8088095159453773 23.091458333333332
      vertex -2.3545333910614534 0.6308953206870292 23.48833333333333
      vertex -2.7063293868263707 1.5625 23.038541666666664
    endloop
  endfacet
  facet normal -0.9238795325112868 0.3826834323650898 0
    outer loop
      vertex -3.0185182071533383 0.8088095159453773 23.091458333333332
      vertex -2.7063293868263707 1.5625 23.038541666666664
      vertex -2.7063293868263707 1.5625 22.879791666666666
    endloop
  endfacet
  facet normal -0.49998839931751105 -0.00681191541775087 -0.8660053108129618
    outer loop
      vertex -3.125 0 22.985625
      vertex -2.3545333910614534 0.6308953206870292 22.53583333333333
      vertex -2.437592335746102 0 22.588749999999997
    endloop
  endfacet
  facet normal -0.9914448613738103 0.1305261922200518 0
    outer loop
      vertex -2.3545333910614534 0.6308953206870292 22.21833333333333
      vertex -2.437592335746102 0 22.588749999999997
      vertex -2.3545333910614534 0.6308953206870292 22.53583333333333
    endloop
  endfacet
  facet normal -0.49998839931751105 -0.0068119154177459515 -0.8660053108129618
    outer loop
      vertex -2.437592335746102 0 23.858749999999997
      vertex -3.125 0 24.255625
      vertex -2.3545333910614534 0.6308953206870292 23.805833333333332
    endloop
  endfacet
  facet normal -0.9914448613738103 0.1305261922200518 0
    outer loop
      vertex -2.437592335746102 0 23.541249999999998
      vertex -2.437592335746102 0 23.858749999999997
      vertex -2.3545333910614534 0.6308953206870292 23.48833333333333
    endloop
  endfacet
  facet normal -0.9914448613738104 0.1305261922200518 0
    outer loop
      vertex -2.437592335746102 0 23.858749999999997
      vertex -2.3545333910614534 0.6308953206870292 23.805833333333332
      vertex -2.3545333910614534 0.6308953206870292 23.48833333333333
    endloop
  endfacet
  facet normal -0.48118865430197055 0.13598632510219819 0.8660053108129637
    outer loop
      vertex -3.0185182071533383 0.8088095159453773 23.091458333333332
      vertex -2.437592335746102 0 23.541249999999998
      vertex -2.3545333910614534 0.6308953206870292 23.48833333333333
    endloop
  endfacet
  facet normal -0.9238795325112867 0.3826834323650898 0
    outer loop
      vertex -2.3545333910614534 0.6308953206870292 23.48833333333333
      vertex -2.3545333910614534 0.6308953206870292 23.805833333333332
      vertex -2.111016886826371 1.218796167873051 23.435416666666665
    endloop
  endfacet
  facet normal -0.4847147611894556 0.12282671504519839 -0.8660053108129618
    outer loop
      vertex -3.0185182071533383 0.8088095159453773 22.93270833333333
      vertex -2.111016886826371 1.218796167873051 22.482916666666664
      vertex -2.3545333910614534 0.6308953206870292 22.53583333333333
    endloop
  endfacet
  facet normal -0.49058941606003587 0.14285612643768736 -0.8596011586713297
    outer loop
      vertex -3.0185182071533383 0.8088095159453773 22.93270833333333
      vertex -2.7063293868263707 1.5625 22.879791666666666
      vertex -2.111016886826371 1.218796167873051 22.482916666666664
    endloop
  endfacet
  facet normal -0.3690117426112971 0.35343483391692077 0.8596011586713296
    outer loop
      vertex -2.7063293868263707 1.5625 23.038541666666664
      vertex -2.111016886826371 1.218796167873051 23.435416666666665
      vertex -2.209708691207961 2.209708691207961 22.985625
    endloop
  endfacet
  facet normal -0.4364086131153581 0.24409490785855215 -0.8660053108129618
    outer loop
      vertex -2.7063293868263707 1.5625 22.879791666666666
      vertex -1.7236380703744243 1.7236380703744243 22.429999999999996
      vertex -2.111016886826371 1.218796167873051 22.482916666666664
    endloop
  endfacet
  facet normal -0.42959669769760955 0.25589349145895446 0.8660053108129618
    outer loop
      vertex -2.7063293868263707 1.5625 23.038541666666664
      vertex -2.3545333910614534 0.6308953206870292 23.48833333333333
      vertex -2.111016886826371 1.218796167873051 23.435416666666665
    endloop
  endfacet
  facet normal -0.4847147611894537 0.12282671504519228 -0.8660053108129638
    outer loop
      vertex -2.3545333910614534 0.6308953206870292 23.805833333333332
      vertex -3.0185182071533383 0.8088095159453773 24.20270833333333
      vertex -2.111016886826371 1.218796167873051 23.752916666666664
    endloop
  endfacet
  facet normal -0.9238795325112868 0.3826834323650898 0
    outer loop
      vertex -2.3545333910614534 0.6308953206870292 23.805833333333332
      vertex -2.111016886826371 1.218796167873051 23.752916666666664
      vertex -2.111016886826371 1.218796167873051 23.435416666666665
    endloop
  endfacet
  facet normal -0.3487284360872558 0.35836193925677823 0.8660053108129637
    outer loop
      vertex -2.111016886826371 1.218796167873051 23.435416666666665
      vertex -1.7236380703744243 1.7236380703744243 23.382499999999997
      vertex -2.209708691207961 2.209708691207961 22.985625
    endloop
  endfacet
  facet normal -0.7933533402912354 0.6087614290087204 0
    outer loop
      vertex -2.111016886826371 1.218796167873051 23.435416666666665
      vertex -2.111016886826371 1.218796167873051 23.752916666666664
      vertex -1.7236380703744243 1.7236380703744243 23.382499999999997
    endloop
  endfacet
  facet normal -0.7933533402912354 0.6087614290087203 0
    outer loop
      vertex -2.111016886826371 1.218796167873051 23.752916666666664
      vertex -1.7236380703744243 1.7236380703744243 23.699999999999996
      vertex -1.7236380703744243 1.7236380703744243 23.382499999999997
    endloop
  endfacet
  facet normal -0.43640861311535806 0.24409490785855215 -0.8660053108129618
    outer loop
      vertex -2.111016886826371 1.218796167873051 23.752916666666664
      vertex -2.7063293868263707 1.5625 24.149791666666665
      vertex -1.7236380703744243 1.7236380703744243 23.699999999999996
    endloop
  endfacet
  facet normal -0.9914448613738105 0.1305261922200517 0
    outer loop
      vertex -3.125 0 24.255625
      vertex -3.125 0 24.414374999999996
      vertex -3.0185182071533383 0.8088095159453773 24.20270833333333
    endloop
  endfacet
  facet normal -0.4962909603546083 0.12157767344873897 0.8596011586713296
    outer loop
      vertex -3.125 0 24.414374999999996
      vertex -2.437592335746102 0 24.811249999999998
      vertex -3.0185182071533383 0.8088095159453773 24.36145833333333
    endloop
  endfacet
  facet normal -0.9914448613738104 0.13052619222005174 0
    outer loop
      vertex -3.125 0 24.414374999999996
      vertex -3.0185182071533383 0.8088095159453773 24.36145833333333
      vertex -3.0185182071533383 0.8088095159453773 24.20270833333333
    endloop
  endfacet
  facet normal -0.5108468733081063 0.011014537767712863 -0.8596011586713312
    outer loop
      vertex -2.3545333910614534 0.6308953206870292 23.805833333333332
      vertex -3.125 0 24.255625
      vertex -3.0185182071533383 0.8088095159453773 24.20270833333333
    endloop
  endfacet
  facet normal -0.9238795325112868 0.3826834323650897 0
    outer loop
      vertex -3.0185182071533383 0.8088095159453773 24.20270833333333
      vertex -3.0185182071533383 0.8088095159453773 24.36145833333333
      vertex -2.7063293868263707 1.5625 24.149791666666665
    endloop
  endfacet
  facet normal -0.9238795325112868 0.3826834323650898 0
    outer loop
      vertex -3.0185182071533383 0.8088095159453773 24.36145833333333
      vertex -2.7063293868263707 1.5625 24.308541666666663
      vertex -2.7063293868263707 1.5625 24.149791666666665
    endloop
  endfacet
  facet normal -0.4479136386125304 0.24588456713627188 0.8596011586713294
    outer loop
      vertex -3.0185182071533383 0.8088095159453773 24.36145833333333
      vertex -2.3545333910614534 0.6308953206870292 24.758333333333333
      vertex -2.7063293868263707 1.5625 24.308541666666663
    endloop
  endfacet
  facet normal -0.4811886543019751 0.13598632510219377 0.8660053108129617
    outer loop
      vertex -3.0185182071533383 0.8088095159453773 24.36145833333333
      vertex -2.437592335746102 0 24.811249999999998
      vertex -2.3545333910614534 0.6308953206870292 24.758333333333333
    endloop
  endfacet
  facet normal -0.9914448613738103 0.1305261922200518 0
    outer loop
      vertex -2.437592335746102 0 24.811249999999998
      vertex -2.437592335746102 0 25.468078124999998
      vertex -2.3545333910614534 0.6308953206870292 24.758333333333333
    endloop
  endfacet
  facet normal -0.9914448613738104 0.1305261922200518 0
    outer loop
      vertex -2.3545333910614534 0.6308953206870292 24.758333333333333
      vertex -2.437592335746102 0 25.468078124999998
      vertex -2.3545333910614534 0.6308953206870292 25.41516145833333
    endloop
  endfacet
  facet normal -0.9914448613738104 0.13052619222005182 0
    outer loop
      vertex -2.437592335746102 0 25.468078124999998
      vertex -2.437592335746102 0 25.5821796875
      vertex -2.3545333910614534 0.6308953206870292 25.41516145833333
    endloop
  endfacet
  facet normal -0.9914448613738105 0.1305261922200518 0
    outer loop
      vertex -2.437592335746102 0 25.5821796875
      vertex -2.437592335746102 0 25.619999999999997
      vertex -2.3545333910614534 0.6308953206870292 25.52926302083333
    endloop
  endfacet
  facet normal -0.9914448613738104 0.1305261922200518 0
    outer loop
      vertex -2.437592335746102 0 25.5821796875
      vertex -2.3545333910614534 0.6308953206870292 25.52926302083333
      vertex -2.3545333910614534 0.6308953206870292 25.41516145833333
    endloop
  endfacet
  facet normal -0.9914448613738105 0.13052619222005182 0
    outer loop
      vertex -2.437592335746102 0 25.619999999999997
      vertex -2.3545333910614534 0.6308953206870292 25.57490364583333
      vertex -2.3545333910614534 0.6308953206870292 25.52926302083333
    endloop
  endfacet
  facet normal -0.9914448613738104 0.1305261922200518 0
    outer loop
      vertex -2.437592335746102 0 25.619999999999997
      vertex -2.3545333910614534 0.6308953206870292 25.619999999999997
      vertex -2.3545333910614534 0.6308953206870292 25.57490364583333
    endloop
  endfacet
  facet normal -0.9238795325112867 0.3826834323650898 0
    outer loop
      vertex -2.3545333910614534 0.6308953206870292 24.758333333333333
      vertex -2.3545333910614534 0.6308953206870292 25.41516145833333
      vertex -2.111016886826371 1.218796167873051 24.705416666666665
    endloop
  endfacet
  facet normal -0.9238795325112867 0.3826834323650898 0
    outer loop
      vertex -2.3545333910614534 0.6308953206870292 25.41516145833333
      vertex -2.3545333910614534 0.6308953206870292 25.52926302083333
      vertex -2.111016886826371 1.218796167873051 25.362244791666665
    endloop
  endfacet
  facet normal -0.9238795325112867 0.3826834323650898 0
    outer loop
      vertex -2.3545333910614534 0.6308953206870292 25.52926302083333
      vertex -2.3545333910614534 0.6308953206870292 25.57490364583333
      vertex -2.111016886826371 1.218796167873051 25.476346354166665
    endloop
  endfacet
  facet normal -0.9238795325112867 0.3826834323650897 0
    outer loop
      vertex -2.3545333910614534 0.6308953206870292 25.57490364583333
      vertex -2.3545333910614534 0.6308953206870292 25.619999999999997
      vertex -2.111016886826371 1.218796167873051 25.521986979166662
    endloop
  endfacet
  facet normal -0.4905894160600358 0.14285612643768736 -0.8596011586713297
    outer loop
      vertex -2.111016886826371 1.218796167873051 23.752916666666664
      vertex -3.0185182071533383 0.8088095159453773 24.20270833333333
      vertex -2.7063293868263707 1.5625 24.149791666666665
    endloop
  endfacet
  facet normal -0.4295966976976071 0.2558934914589587 0.8660053108129618
    outer loop
      vertex -2.7063293868263707 1.5625 24.308541666666663
      vertex -2.3545333910614534 0.6308953206870292 24.758333333333333
      vertex -2.111016886826371 1.218796167873051 24.705416666666665
    endloop
  endfacet
  facet normal -0.3690117426112971 0.35343483391692077 0.8596011586713296
    outer loop
      vertex -2.7063293868263707 1.5625 24.308541666666663
      vertex -2.111016886826371 1.218796167873051 24.705416666666665
      vertex -2.209708691207961 2.209708691207961 24.255625
    endloop
  endfacet
  facet normal -0.3487284360872558 0.35836193925677823 0.8660053108129637
    outer loop
      vertex -2.111016886826371 1.218796167873051 24.705416666666665
      vertex -1.7236380703744243 1.7236380703744243 24.652499999999996
      vertex -2.209708691207961 2.209708691207961 24.255625
    endloop
  endfacet
  facet normal -0.9238795325112868 0.3826834323650898 0
    outer loop
      vertex -2.3545333910614534 0.6308953206870292 25.41516145833333
      vertex -2.111016886826371 1.218796167873051 25.362244791666665
      vertex -2.111016886826371 1.218796167873051 24.705416666666665
    endloop
  endfacet
  facet normal -0.9238795325112867 0.3826834323650898 0
    outer loop
      vertex -2.3545333910614534 0.6308953206870292 25.52926302083333
      vertex -2.111016886826371 1.218796167873051 25.476346354166665
      vertex -2.111016886826371 1.218796167873051 25.362244791666665
    endloop
  endfacet
  facet normal -0.9238795325112867 0.3826834323650898 0
    outer loop
      vertex -2.3545333910614534 0.6308953206870292 25.57490364583333
      vertex -2.111016886826371 1.218796167873051 25.521986979166662
      vertex -2.111016886826371 1.218796167873051 25.476346354166665
    endloop
  endfacet
  facet normal -0.9238795325112867 0.3826834323650898 0
    outer loop
      vertex -2.3545333910614534 0.6308953206870292 25.619999999999997
      vertex -2.111016886826371 1.218796167873051 25.619999999999997
      vertex -2.111016886826371 1.218796167873051 25.521986979166662
    endloop
  endfacet
  facet normal -0.7933533402912354 0.6087614290087204 0
    outer loop
      vertex -2.111016886826371 1.218796167873051 24.705416666666665
      vertex -2.111016886826371 1.218796167873051 25.362244791666665
      vertex -1.7236380703744243 1.7236380703744243 24.652499999999996
    endloop
  endfacet
  facet normal -0.7933533402912354 0.6087614290087204 0
    outer loop
      vertex -2.111016886826371 1.218796167873051 25.362244791666665
      vertex -1.7236380703744243 1.7236380703744243 25.309328124999997
      vertex -1.7236380703744243 1.7236380703744243 24.652499999999996
    endloop
  endfacet
  facet normal -0.7933533402912354 0.6087614290087204 0
    outer loop
      vertex -2.111016886826371 1.218796167873051 25.362244791666665
      vertex -2.111016886826371 1.218796167873051 25.476346354166665
      vertex -1.7236380703744243 1.7236380703744243 25.309328124999997
    endloop
  endfacet
  facet normal -0.7933533402912354 0.6087614290087204 0
    outer loop
      vertex -2.111016886826371 1.218796167873051 25.476346354166665
      vertex -2.111016886826371 1.218796167873051 25.521986979166662
      vertex -1.7236380703744243 1.7236380703744243 25.423429687499997
    endloop
  endfacet
  facet normal -0.7933533402912354 0.6087614290087204 0
    outer loop
      vertex -2.111016886826371 1.218796167873051 25.521986979166662
      vertex -2.111016886826371 1.218796167873051 25.619999999999997
      vertex -1.7236380703744243 1.7236380703744243 25.469070312499998
    endloop
  endfacet
  facet normal -0.7933533402912354 0.6087614290087204 0
    outer loop
      vertex -2.111016886826371 1.218796167873051 25.476346354166665
      vertex -1.7236380703744243 1.7236380703744243 25.423429687499997
      vertex -1.7236380703744243 1.7236380703744243 25.309328124999997
    endloop
  endfacet
  facet normal -0.7933533402912354 0.6087614290087203 0
    outer loop
      vertex -2.111016886826371 1.218796167873051 25.521986979166662
      vertex -1.7236380703744243 1.7236380703744243 25.469070312499998
      vertex -1.7236380703744243 1.7236380703744243 25.423429687499997
    endloop
  endfacet
  facet normal -0.7933533402912354 0.6087614290087204 0
    outer loop
      vertex -2.111016886826371 1.218796167873051 25.619999999999997
      vertex -1.7236380703744243 1.7236380703744243 25.583171874999998
      vertex -1.7236380703744243 1.7236380703744243 25.469070312499998
    endloop
  endfacet
  facet normal -0.7933533402912353 0.6087614290087203 0
    outer loop
      vertex -2.111016886826371 1.218796167873051 25.619999999999997
      vertex -1.7236380703744243 1.7236380703744243 25.619999999999997
      vertex -1.7236380703744243 1.7236380703744243 25.583171874999998
    endloop
  endfacet
  facet normal -0.7933533402912353 0.6087614290087204 0
    outer loop
      vertex -2.7063293868263707 1.5625 22.879791666666666
      vertex -2.7063293868263707 1.5625 23.038541666666664
      vertex -2.209708691207961 2.209708691207961 22.826874999999998
    endloop
  endfacet
  facet normal -0.7933533402912353 0.6087614290087204 0
    outer loop
      vertex -2.7063293868263707 1.5625 23.038541666666664
      vertex -2.209708691207961 2.209708691207961 22.985625
      vertex -2.209708691207961 2.209708691207961 22.826874999999998
    endloop
  endfacet
  facet normal -0.436899100844817 0.2649623061718377 -0.8596011586713294
    outer loop
      vertex -2.7063293868263707 1.5625 22.879791666666666
      vertex -2.209708691207961 2.209708691207961 22.826874999999998
      vertex -1.7236380703744243 1.7236380703744243 22.429999999999996
    endloop
  endfacet
  facet normal -0.2649623061718355 0.4368991008448144 0.8596011586713312
    outer loop
      vertex -2.209708691207961 2.209708691207961 22.985625
      vertex -1.7236380703744243 1.7236380703744243 23.382499999999997
      vertex -1.5625 2.7063293868263707 22.93270833333333
    endloop
  endfacet
  facet normal -0.6087614290087205 0.7933533402912353 0
    outer loop
      vertex -2.209708691207961 2.209708691207961 22.826874999999998
      vertex -2.209708691207961 2.209708691207961 22.985625
      vertex -1.5625 2.7063293868263707 22.77395833333333
    endloop
  endfacet
  facet normal -0.6087614290087205 0.7933533402912353 0
    outer loop
      vertex -2.209708691207961 2.209708691207961 22.985625
      vertex -1.5625 2.7063293868263707 22.93270833333333
      vertex -1.5625 2.7063293868263707 22.77395833333333
    endloop
  endfacet
  facet normal -0.436899100844817 0.2649623061718377 -0.8596011586713294
    outer loop
      vertex -2.7063293868263707 1.5625 24.149791666666665
      vertex -2.209708691207961 2.209708691207961 24.096874999999997
      vertex -1.7236380703744243 1.7236380703744243 23.699999999999996
    endloop
  endfacet
  facet normal -0.7933533402912353 0.6087614290087204 0
    outer loop
      vertex -2.7063293868263707 1.5625 24.149791666666665
      vertex -2.7063293868263707 1.5625 24.308541666666663
      vertex -2.209708691207961 2.209708691207961 24.096874999999997
    endloop
  endfacet
  facet normal -0.7933533402912353 0.6087614290087204 0
    outer loop
      vertex -2.7063293868263707 1.5625 24.308541666666663
      vertex -2.209708691207961 2.209708691207961 24.255625
      vertex -2.209708691207961 2.209708691207961 24.096874999999997
    endloop
  endfacet
  facet normal -0.2649623061718355 0.4368991008448144 0.8596011586713312
    outer loop
      vertex -2.209708691207961 2.209708691207961 24.255625
      vertex -1.7236380703744243 1.7236380703744243 24.652499999999996
      vertex -1.5625 2.7063293868263707 24.20270833333333
    endloop
  endfacet
  facet normal -0.6087614290087205 0.7933533402912353 0
    outer loop
      vertex -2.209708691207961 2.209708691207961 24.096874999999997
      vertex -2.209708691207961 2.209708691207961 24.255625
      vertex -1.5625 2.7063293868263707 24.04395833333333
    endloop
  endfacet
  facet normal -0.6087614290087205 0.7933533402912353 0
    outer loop
      vertex -2.209708691207961 2.209708691207961 24.255625
      vertex -1.5625 2.7063293868263707 24.20270833333333
      vertex -1.5625 2.7063293868263707 24.04395833333333
    endloop
  endfacet
  facet normal 0 0 1
    outer loop
      vertex -2.437592335746102 0 25.619999999999997
      vertex 0 0 25.619999999999997
      vertex -2.3545333910614534 0.6308953206870292 25.619999999999997
    endloop
  endfacet
  facet normal 0 0 1
    outer loop
      vertex -2.3545333910614534 0.6308953206870292 25.619999999999997
      vertex 0 0 25.619999999999997
      vertex -2.111016886826371 1.218796167873051 25.619999999999997
    endloop
  endfacet
  facet normal 0 0 1
    outer loop
      vertex -2.111016886826371 1.218796167873051 25.619999999999997
      vertex 0 0 25.619999999999997
      vertex -1.7236380703744243 1.7236380703744243 25.619999999999997
    endloop
  endfacet
  facet normal 0 0 1
    outer loop
      vertex -1.7236380703744243 1.7236380703744243 25.619999999999997
      vertex 0 0 25.619999999999997
      vertex -1.218796167873051 2.111016886826371 25.619999999999997
    endloop
  endfacet
  facet normal 0 0 1
    outer loop
      vertex -1.218796167873051 2.111016886826371 25.619999999999997
      vertex 0 0 25.619999999999997
      vertex -0.6308953206870292 2.3545333910614534 25.619999999999997
    endloop
  endfacet
  facet normal 0 0 1
    outer loop
      vertex -0.6308953206870292 2.3545333910614534 25.619999999999997
      vertex 0 0 25.619999999999997
      vertex 0 2.437592335746102 25.619999999999997
    endloop
  endfacet
  facet normal -0.35836193925677673 0.34872843608726206 -0.8660053108129618
    outer loop
      vertex -1.218796167873051 2.111016886826371 22.37708333333333
      vertex -1.7236380703744243 1.7236380703744243 22.429999999999996
      vertex -2.209708691207961 2.209708691207961 22.826874999999998
    endloop
  endfacet
  facet normal -0.24409490785855636 0.4364086131153556 0.8660053108129617
    outer loop
      vertex -1.7236380703744243 1.7236380703744243 23.382499999999997
      vertex -1.218796167873051 2.111016886826371 23.329583333333332
      vertex -1.5625 2.7063293868263707 22.93270833333333
    endloop
  endfacet
  facet normal -0.353434833916922 0.3690117426112923 -0.8596011586713312
    outer loop
      vertex -1.218796167873051 2.111016886826371 22.37708333333333
      vertex -2.209708691207961 2.209708691207961 22.826874999999998
      vertex -1.5625 2.7063293868263707 22.77395833333333
    endloop
  endfacet
  facet normal -0.25589349145895746 0.42959669769760384 -0.8660053108129637
    outer loop
      vertex -1.218796167873051 2.111016886826371 22.37708333333333
      vertex -1.5625 2.7063293868263707 22.77395833333333
      vertex -0.6308953206870292 2.3545333910614534 22.324166666666663
    endloop
  endfacet
  facet normal -0.14285612643768736 0.4905894160600358 0.8596011586713297
    outer loop
      vertex -1.218796167873051 2.111016886826371 23.329583333333332
      vertex -0.8088095159453773 3.0185182071533383 22.879791666666666
      vertex -1.5625 2.7063293868263707 22.93270833333333
    endloop
  endfacet
  facet normal -0.12282671504519228 0.4847147611894538 0.8660053108129638
    outer loop
      vertex -1.218796167873051 2.111016886826371 23.329583333333332
      vertex -0.6308953206870292 2.3545333910614534 23.276666666666664
      vertex -0.8088095159453773 3.0185182071533383 22.879791666666666
    endloop
  endfacet
  facet normal -0.6087614290087204 0.7933533402912354 0
    outer loop
      vertex -1.7236380703744243 1.7236380703744243 23.382499999999997
      vertex -1.7236380703744243 1.7236380703744243 23.699999999999996
      vertex -1.218796167873051 2.111016886826371 23.329583333333332
    endloop
  endfacet
  facet normal -0.6087614290087204 0.7933533402912353 0
    outer loop
      vertex -1.7236380703744243 1.7236380703744243 23.699999999999996
      vertex -1.218796167873051 2.111016886826371 23.64708333333333
      vertex -1.218796167873051 2.111016886826371 23.329583333333332
    endloop
  endfacet
  facet normal -0.3583619392567766 0.34872843608726206 -0.8660053108129617
    outer loop
      vertex -2.209708691207961 2.209708691207961 24.096874999999997
      vertex -1.218796167873051 2.111016886826371 23.64708333333333
      vertex -1.7236380703744243 1.7236380703744243 23.699999999999996
    endloop
  endfacet
  facet normal -0.35343483391692193 0.3690117426112923 -0.8596011586713312
    outer loop
      vertex -2.209708691207961 2.209708691207961 24.096874999999997
      vertex -1.5625 2.7063293868263707 24.04395833333333
      vertex -1.218796167873051 2.111016886826371 23.64708333333333
    endloop
  endfacet
  facet normal -0.3826834323650898 0.9238795325112868 0
    outer loop
      vertex -1.218796167873051 2.111016886826371 23.329583333333332
      vertex -1.218796167873051 2.111016886826371 23.64708333333333
      vertex -0.6308953206870292 2.3545333910614534 23.276666666666664
    endloop
  endfacet
  facet normal -0.25589349145895746 0.42959669769760384 -0.8660053108129637
    outer loop
      vertex -1.218796167873051 2.111016886826371 23.64708333333333
      vertex -1.5625 2.7063293868263707 24.04395833333333
      vertex -0.6308953206870292 2.3545333910614534 23.594166666666663
    endloop
  endfacet
  facet normal -0.3826834323650897 0.9238795325112868 0
    outer loop
      vertex -1.5625 2.7063293868263707 22.77395833333333
      vertex -1.5625 2.7063293868263707 22.93270833333333
      vertex -0.8088095159453773 3.0185182071533383 22.721041666666665
    endloop
  endfacet
  facet normal -0.24588456713626833 0.4479136386125315 -0.8596011586713297
    outer loop
      vertex -0.6308953206870292 2.3545333910614534 22.324166666666663
      vertex -1.5625 2.7063293868263707 22.77395833333333
      vertex -0.8088095159453773 3.0185182071533383 22.721041666666665
    endloop
  endfacet
  facet normal -0.3826834323650898 0.9238795325112868 0
    outer loop
      vertex -1.5625 2.7063293868263707 22.93270833333333
      vertex -0.8088095159453773 3.0185182071533383 22.879791666666666
      vertex -0.8088095159453773 3.0185182071533383 22.721041666666665
    endloop
  endfacet
  facet normal -0.24588456713626833 0.4479136386125315 -0.8596011586713297
    outer loop
      vertex -0.6308953206870292 2.3545333910614534 23.594166666666663
      vertex -1.5625 2.7063293868263707 24.04395833333333
      vertex -0.8088095159453773 3.0185182071533383 23.991041666666664
    endloop
  endfacet
  facet normal -0.13598632510219372 0.4811886543019752 -0.8660053108129617
    outer loop
      vertex -0.6308953206870292 2.3545333910614534 22.324166666666663
      vertex -0.8088095159453773 3.0185182071533383 22.721041666666665
      vertex 0 2.437592335746102 22.27125
    endloop
  endfacet
  facet normal 0.0068119154177459515 0.49998839931751093 0.8660053108129618
    outer loop
      vertex -0.6308953206870292 2.3545333910614534 23.276666666666664
      vertex 0 2.437592335746102 23.22375
      vertex 0 3.125 22.826874999999998
    endloop
  endfacet
  facet normal -0.3826834323650898 0.9238795325112868 0
    outer loop
      vertex -1.218796167873051 2.111016886826371 23.64708333333333
      vertex -0.6308953206870292 2.3545333910614534 23.594166666666663
      vertex -0.6308953206870292 2.3545333910614534 23.276666666666664
    endloop
  endfacet
  facet normal -0.13598632510219372 0.4811886543019752 -0.8660053108129617
    outer loop
      vertex -0.6308953206870292 2.3545333910614534 23.594166666666663
      vertex -0.8088095159453773 3.0185182071533383 23.991041666666664
      vertex 0 2.437592335746102 23.541249999999998
    endloop
  endfacet
  facet normal -0.1305261922200518 0.9914448613738103 0
    outer loop
      vertex -0.6308953206870292 2.3545333910614534 23.276666666666664
      vertex -0.6308953206870292 2.3545333910614534 23.594166666666663
      vertex 0 2.437592335746102 23.22375
    endloop
  endfacet
  facet normal -0.1305261922200518 0.9914448613738105 0
    outer loop
      vertex -0.6308953206870292 2.3545333910614534 23.594166666666663
      vertex 0 2.437592335746102 23.541249999999998
      vertex 0 2.437592335746102 23.22375
    endloop
  endfacet
  facet normal -0.13052619222005174 0.9914448613738104 0
    outer loop
      vertex -0.8088095159453773 3.0185182071533383 22.721041666666665
      vertex -0.8088095159453773 3.0185182071533383 22.879791666666666
      vertex 0 3.125 22.668124999999996
    endloop
  endfacet
  facet normal -0.011014537767712863 0.5108468733081063 0.8596011586713312
    outer loop
      vertex -0.6308953206870292 2.3545333910614534 23.276666666666664
      vertex 0 3.125 22.826874999999998
      vertex -0.8088095159453773 3.0185182071533383 22.879791666666666
    endloop
  endfacet
  facet normal -0.1215776734487424 0.49629096035460474 -0.8596011586713312
    outer loop
      vertex -0.8088095159453773 3.0185182071533383 22.721041666666665
      vertex 0 3.125 22.668124999999996
      vertex 0 2.437592335746102 22.27125
    endloop
  endfacet
  facet normal -0.13052619222005174 0.9914448613738104 0
    outer loop
      vertex -0.8088095159453773 3.0185182071533383 22.879791666666666
      vertex 0 3.125 22.826874999999998
      vertex 0 3.125 22.668124999999996
    endloop
  endfacet
  facet normal -0.1215776734487424 0.49629096035460474 -0.8596011586713312
    outer loop
      vertex -0.8088095159453773 3.0185182071533383 23.991041666666664
      vertex 0 3.125 23.938124999999996
      vertex 0 2.437592335746102 23.541249999999998
    endloop
  endfacet
  facet normal -0.24409490785855636 0.4364086131153556 0.8660053108129617
    outer loop
      vertex -1.7236380703744243 1.7236380703744243 24.652499999999996
      vertex -1.218796167873051 2.111016886826371 24.59958333333333
      vertex -1.5625 2.7063293868263707 24.20270833333333
    endloop
  endfacet
  facet normal -0.3826834323650898 0.9238795325112868 0
    outer loop
      vertex -1.218796167873051 2.111016886826371 24.59958333333333
      vertex -1.218796167873051 2.111016886826371 25.256411458333332
      vertex -0.6308953206870292 2.3545333910614534 24.546666666666663
    endloop
  endfacet
  facet normal -0.14285612643768736 0.4905894160600358 0.8596011586713297
    outer loop
      vertex -1.218796167873051 2.111016886826371 24.59958333333333
      vertex -0.8088095159453773 3.0185182071533383 24.149791666666665
      vertex -1.5625 2.7063293868263707 24.20270833333333
    endloop
  endfacet
  facet normal -0.12282671504519228 0.4847147611894538 0.8660053108129638
    outer loop
      vertex -1.218796167873051 2.111016886826371 24.59958333333333
      vertex -0.6308953206870292 2.3545333910614534 24.546666666666663
      vertex -0.8088095159453773 3.0185182071533383 24.149791666666665
    endloop
  endfacet
  facet normal -0.6087614290087204 0.7933533402912354 0
    outer loop
      vertex -1.7236380703744243 1.7236380703744243 24.652499999999996
      vertex -1.7236380703744243 1.7236380703744243 25.309328124999997
      vertex -1.218796167873051 2.111016886826371 24.59958333333333
    endloop
  endfacet
  facet normal -0.6087614290087203 0.7933533402912354 0
    outer loop
      vertex -1.7236380703744243 1.7236380703744243 25.309328124999997
      vertex -1.218796167873051 2.111016886826371 25.256411458333332
      vertex -1.218796167873051 2.111016886826371 24.59958333333333
    endloop
  endfacet
  facet normal -0.6087614290087204 0.7933533402912354 0
    outer loop
      vertex -1.7236380703744243 1.7236380703744243 25.309328124999997
      vertex -1.7236380703744243 1.7236380703744243 25.423429687499997
      vertex -1.218796167873051 2.111016886826371 25.256411458333332
    endloop
  endfacet
  facet normal -0.6087614290087204 0.7933533402912354 0
    outer loop
      vertex -1.7236380703744243 1.7236380703744243 25.423429687499997
      vertex -1.7236380703744243 1.7236380703744243 25.469070312499998
      vertex -1.218796167873051 2.111016886826371 25.370513020833332
    endloop
  endfacet
  facet normal -0.6087614290087204 0.7933533402912354 0
    outer loop
      vertex -1.7236380703744243 1.7236380703744243 25.469070312499998
      vertex -1.7236380703744243 1.7236380703744243 25.583171874999998
      vertex -1.218796167873051 2.111016886826371 25.416153645833333
    endloop
  endfacet
  facet normal -0.6087614290087203 0.7933533402912353 0
    outer loop
      vertex -1.7236380703744243 1.7236380703744243 25.583171874999998
      vertex -1.7236380703744243 1.7236380703744243 25.619999999999997
      vertex -1.218796167873051 2.111016886826371 25.53025520833333
    endloop
  endfacet
  facet normal -0.6087614290087204 0.7933533402912353 0
    outer loop
      vertex -1.7236380703744243 1.7236380703744243 25.423429687499997
      vertex -1.218796167873051 2.111016886826371 25.370513020833332
      vertex -1.218796167873051 2.111016886826371 25.256411458333332
    endloop
  endfacet
  facet normal -0.6087614290087203 0.7933533402912354 0
    outer loop
      vertex -1.7236380703744243 1.7236380703744243 25.469070312499998
      vertex -1.218796167873051 2.111016886826371 25.416153645833333
      vertex -1.218796167873051 2.111016886826371 25.370513020833332
    endloop
  endfacet
  facet normal -0.6087614290087205 0.7933533402912354 0
    outer loop
      vertex -1.7236380703744243 1.7236380703744243 25.583171874999998
      vertex -1.218796167873051 2.111016886826371 25.53025520833333
      vertex -1.218796167873051 2.111016886826371 25.416153645833333
    endloop
  endfacet
  facet normal -0.6087614290087204 0.7933533402912354 0
    outer loop
      vertex -1.7236380703744243 1.7236380703744243 25.619999999999997
      vertex -1.218796167873051 2.111016886826371 25.619999999999997
      vertex -1.218796167873051 2.111016886826371 25.53025520833333
    endloop
  endfacet
  facet normal -0.3826834323650898 0.9238795325112867 0
    outer loop
      vertex -1.218796167873051 2.111016886826371 25.256411458333332
      vertex -1.218796167873051 2.111016886826371 25.370513020833332
      vertex -0.6308953206870292 2.3545333910614534 25.203494791666664
    endloop
  endfacet
  facet normal -0.3826834323650898 0.9238795325112867 0
    outer loop
      vertex -1.218796167873051 2.111016886826371 25.370513020833332
      vertex -1.218796167873051 2.111016886826371 25.416153645833333
      vertex -0.6308953206870292 2.3545333910614534 25.317596354166664
    endloop
  endfacet
  facet normal -0.3826834323650897 0.9238795325112867 0
    outer loop
      vertex -1.218796167873051 2.111016886826371 25.416153645833333
      vertex -1.218796167873051 2.111016886826371 25.53025520833333
      vertex -0.6308953206870292 2.3545333910614534 25.363236979166665
    endloop
  endfacet
  facet normal -0.3826834323650897 0.9238795325112867 0
    outer loop
      vertex -1.218796167873051 2.111016886826371 25.53025520833333
      vertex -1.218796167873051 2.111016886826371 25.619999999999997
      vertex -0.6308953206870292 2.3545333910614534 25.477338541666665
    endloop
  endfacet
  facet normal -0.3826834323650898 0.9238795325112868 0
    outer loop
      vertex -0.8088095159453773 3.0185182071533383 23.991041666666664
      vertex -1.5625 2.7063293868263707 24.04395833333333
      vertex -1.5625 2.7063293868263707 24.20270833333333
    endloop
  endfacet
  facet normal -0.3826834323650897 0.9238795325112868 0
    outer loop
      vertex -0.8088095159453773 3.0185182071533383 23.991041666666664
      vertex -1.5625 2.7063293868263707 24.20270833333333
      vertex -0.8088095159453773 3.0185182071533383 24.149791666666665
    endloop
  endfacet
  facet normal 0.0068119154177459515 0.49998839931751093 0.8660053108129618
    outer loop
      vertex -0.6308953206870292 2.3545333910614534 24.546666666666663
      vertex 0 2.437592335746102 24.49375
      vertex 0 3.125 24.096874999999997
    endloop
  endfacet
  facet normal -0.1305261922200518 0.9914448613738103 0
    outer loop
      vertex -0.6308953206870292 2.3545333910614534 24.546666666666663
      vertex -0.6308953206870292 2.3545333910614534 25.203494791666664
      vertex 0 2.437592335746102 24.49375
    endloop
  endfacet
  facet normal -0.3826834323650898 0.9238795325112868 0
    outer loop
      vertex -1.218796167873051 2.111016886826371 25.256411458333332
      vertex -0.6308953206870292 2.3545333910614534 25.203494791666664
      vertex -0.6308953206870292 2.3545333910614534 24.546666666666663
    endloop
  endfacet
  facet normal -0.3826834323650898 0.9238795325112867 0
    outer loop
      vertex -1.218796167873051 2.111016886826371 25.370513020833332
      vertex -0.6308953206870292 2.3545333910614534 25.317596354166664
      vertex -0.6308953206870292 2.3545333910614534 25.203494791666664
    endloop
  endfacet
  facet normal -0.3826834323650897 0.9238795325112867 0
    outer loop
      vertex -1.218796167873051 2.111016886826371 25.416153645833333
      vertex -0.6308953206870292 2.3545333910614534 25.363236979166665
      vertex -0.6308953206870292 2.3545333910614534 25.317596354166664
    endloop
  endfacet
  facet normal -0.3826834323650898 0.9238795325112867 0
    outer loop
      vertex -1.218796167873051 2.111016886826371 25.53025520833333
      vertex -0.6308953206870292 2.3545333910614534 25.477338541666665
      vertex -0.6308953206870292 2.3545333910614534 25.363236979166665
    endloop
  endfacet
  facet normal -0.3826834323650897 0.9238795325112867 0
    outer loop
      vertex -1.218796167873051 2.111016886826371 25.619999999999997
      vertex -0.6308953206870292 2.3545333910614534 25.619999999999997
      vertex -0.6308953206870292 2.3545333910614534 25.477338541666665
    endloop
  endfacet
  facet normal -0.1305261922200518 0.9914448613738104 0
    outer loop
      vertex -0.6308953206870292 2.3545333910614534 25.203494791666664
      vertex 0 2.437592335746102 25.150578124999996
      vertex 0 2.437592335746102 24.49375
    endloop
  endfacet
  facet normal -0.13052619222005182 0.9914448613738104 0
    outer loop
      vertex -0.6308953206870292 2.3545333910614534 25.203494791666664
      vertex -0.6308953206870292 2.3545333910614534 25.317596354166664
      vertex 0 2.437592335746102 25.150578124999996
    endloop
  endfacet
  facet normal -0.13052619222005182 0.9914448613738105 0
    outer loop
      vertex -0.6308953206870292 2.3545333910614534 25.317596354166664
      vertex -0.6308953206870292 2.3545333910614534 25.363236979166665
      vertex 0 2.437592335746102 25.2646796875
    endloop
  endfacet
  facet normal -0.13052619222005182 0.9914448613738104 0
    outer loop
      vertex -0.6308953206870292 2.3545333910614534 25.363236979166665
      vertex -0.6308953206870292 2.3545333910614534 25.477338541666665
      vertex 0 2.437592335746102 25.310320312499996
    endloop
  endfacet
  facet normal -0.1305261922200518 0.9914448613738104 0
    outer loop
      vertex -0.6308953206870292 2.3545333910614534 25.477338541666665
      vertex -0.6308953206870292 2.3545333910614534 25.619999999999997
      vertex 0 2.437592335746102 25.424421874999997
    endloop
  endfacet
  facet normal -0.13052619222005177 0.9914448613738103 0
    outer loop
      vertex -0.6308953206870292 2.3545333910614534 25.317596354166664
      vertex 0 2.437592335746102 25.2646796875
      vertex 0 2.437592335746102 25.150578124999996
    endloop
  endfacet
  facet normal -0.13052619222005182 0.9914448613738104 0
    outer loop
      vertex -0.6308953206870292 2.3545333910614534 25.363236979166665
      vertex 0 2.437592335746102 25.310320312499996
      vertex 0 2.437592335746102 25.2646796875
    endloop
  endfacet
  facet normal -0.1305261922200518 0.9914448613738104 0
    outer loop
      vertex -0.6308953206870292 2.3545333910614534 25.477338541666665
      vertex 0 2.437592335746102 25.424421874999997
      vertex 0 2.437592335746102 25.310320312499996
    endloop
  endfacet
  facet normal -0.1305261922200518 0.9914448613738104 0
    outer loop
      vertex -0.6308953206870292 2.3545333910614534 25.619999999999997
      vertex 0 2.437592335746102 25.619999999999997
      vertex 0 2.437592335746102 25.424421874999997
    endloop
  endfacet
  facet normal -0.011014537767712863 0.5108468733081063 0.8596011586713312
    outer loop
      vertex -0.6308953206870292 2.3545333910614534 24.546666666666663
      vertex 0 3.125 24.096874999999997
      vertex -0.8088095159453773 3.0185182071533383 24.149791666666665
    endloop
  endfacet
  facet normal -0.13052619222005174 0.9914448613738104 0
    outer loop
      vertex -0.8088095159453773 3.0185182071533383 23.991041666666664
      vertex -0.8088095159453773 3.0185182071533383 24.149791666666665
      vertex 0 3.125 23.938124999999996
    endloop
  endfacet
  facet normal -0.13052619222005174 0.9914448613738104 0
    outer loop
      vertex -0.8088095159453773 3.0185182071533383 24.149791666666665
      vertex 0 3.125 24.096874999999997
      vertex 0 3.125 23.938124999999996
    endloop
  endfacet
  facet normal 0.13052619222005174 -0.9914448613738104 0
    outer loop
      vertex 0 -3.125 22.119999999999997
      vertex 0.8088095159453773 -3.0185182071533383 22.119999999999997
      vertex 0 -3.125 22.191874999999996
    endloop
  endfacet
  facet normal 0.13052619222005174 -0.9914448613738104 0
    outer loop
      vertex 0 -3.125 22.191874999999996
      vertex 0.8088095159453773 -3.0185182071533383 22.119999999999997
      vertex 0.8088095159453773 -3.0185182071533383 22.244791666666664
    endloop
  endfacet
  facet normal 0.011014537767713472 -0.5108468733081096 0.8596011586713294
    outer loop
      vertex 0 -3.125 22.191874999999996
      vertex 0.8088095159453773 -3.0185182071533383 22.244791666666664
      vertex 0.6308953206870292 -2.3545333910614534 22.641666666666666
    endloop
  endfacet
  facet normal 0.3826834323650896 -0.9238795325112867 0
    outer loop
      vertex 0.8088095159453773 -3.0185182071533383 22.119999999999997
      vertex 1.2924770313032659 -2.8181765626128037 22.119999999999997
      vertex 0.8088095159453773 -3.0185182071533383 22.244791666666664
    endloop
  endfacet
  facet normal 0.38268343236508967 -0.9238795325112868 0
    outer loop
      vertex 0.8088095159453773 -3.0185182071533383 22.244791666666664
      vertex 1.2924770313032659 -2.8181765626128037 22.119999999999997
      vertex 1.5625 -2.7063293868263707 22.297708333333333
    endloop
  endfacet
  facet normal 0.2458845671362712 -0.4479136386125285 -0.8596011586713305
    outer loop
      vertex 1.2924770313032659 -2.8181765626128037 22.119999999999997
      vertex 1.5232336610386832 -2.6915014870511933 22.119999999999997
      vertex 1.5625 -2.7063293868263707 22.13895833333333
    endloop
  endfacet
  facet normal 0.38268343236508984 -0.9238795325112867 0
    outer loop
      vertex 1.2924770313032659 -2.8181765626128037 22.119999999999997
      vertex 1.5625 -2.7063293868263707 22.13895833333333
      vertex 1.5625 -2.7063293868263707 22.297708333333333
    endloop
  endfacet
  facet normal 0.2558934914589565 -0.4295966976976076 -0.8660053108129622
    outer loop
      vertex 1.5232336610386832 -2.6915014870511933 22.119999999999997
      vertex 1.5460816017199197 -2.67789188682637 22.119999999999997
      vertex 1.5625 -2.7063293868263707 22.13895833333333
    endloop
  endfacet
  facet normal 0.14285612643768264 -0.4905894160600346 0.8596011586713312
    outer loop
      vertex 0.8088095159453773 -3.0185182071533383 22.244791666666664
      vertex 1.5625 -2.7063293868263707 22.297708333333333
      vertex 1.218796167873051 -2.111016886826371 22.69458333333333
    endloop
  endfacet
  facet normal 0.35343483391691927 -0.3690117426112977 -0.85960115867133
    outer loop
      vertex 1.5460816017199197 -2.67789188682637 22.119999999999997
      vertex 2.05136463351897 -2.1939381157046505 22.119999999999997
      vertex 1.5625 -2.7063293868263707 22.13895833333333
    endloop
  endfacet
  facet normal 0.6087614290087205 -0.7933533402912353 0
    outer loop
      vertex 1.5625 -2.7063293868263707 22.13895833333333
      vertex 2.209708691207961 -2.209708691207961 22.350624999999997
      vertex 1.5625 -2.7063293868263707 22.297708333333333
    endloop
  endfacet
  facet normal 0.353434833916925 -0.36901174261130304 -0.8596011586713255
    outer loop
      vertex 1.5625 -2.7063293868263707 22.13895833333333
      vertex 2.05136463351897 -2.1939381157046505 22.119999999999997
      vertex 2.209708691207961 -2.209708691207961 22.191874999999996
    endloop
  endfacet
  facet normal 0.6087614290087204 -0.7933533402912353 0
    outer loop
      vertex 1.5625 -2.7063293868263707 22.13895833333333
      vertex 2.209708691207961 -2.209708691207961 22.191874999999996
      vertex 2.209708691207961 -2.209708691207961 22.350624999999997
    endloop
  endfacet
  facet normal 0.3583619392567826 -0.3487284360872615 -0.8660053108129597
    outer loop
      vertex 2.05136463351897 -2.1939381157046505 22.119999999999997
      vertex 2.1216801535766936 -2.1216801535766936 22.119999999999997
      vertex 2.209708691207961 -2.209708691207961 22.191874999999996
    endloop
  endfacet
  facet normal 0.7933533402912353 -0.6087614290087205 0
    outer loop
      vertex 2.209708691207961 -2.209708691207961 22.191874999999996
      vertex 2.7063293868263707 -1.5625 22.403541666666666
      vertex 2.209708691207961 -2.209708691207961 22.350624999999997
    endloop
  endfacet
  facet normal 0.43689910084482203 -0.2649623061718377 -0.8596011586713267
    outer loop
      vertex 2.1216801535766936 -2.1216801535766936 22.119999999999997
      vertex 2.433688303660684 -1.6072066716786848 22.119999999999997
      vertex 2.209708691207961 -2.209708691207961 22.191874999999996
    endloop
  endfacet
  facet normal 0.4368991008448141 -0.26496230617183525 -0.8596011586713315
    outer loop
      vertex 2.209708691207961 -2.209708691207961 22.191874999999996
      vertex 2.433688303660684 -1.6072066716786848 22.119999999999997
      vertex 2.7063293868263707 -1.5625 22.244791666666664
    endloop
  endfacet
  facet normal 0.7933533402912353 -0.6087614290087205 0
    outer loop
      vertex 2.209708691207961 -2.209708691207961 22.191874999999996
      vertex 2.7063293868263707 -1.5625 22.244791666666664
      vertex 2.7063293868263707 -1.5625 22.403541666666666
    endloop
  endfacet
  facet normal 0.4364086131153554 -0.24409490785855759 -0.8660053108129617
    outer loop
      vertex 2.433688303660684 -1.6072066716786848 22.119999999999997
      vertex 2.5191418868263713 -1.4544272464860672 22.119999999999997
      vertex 2.7063293868263707 -1.5625 22.244791666666664
    endloop
  endfacet
  facet normal 0.49058941606003786 -0.1428561264376841 -0.859601158671329
    outer loop
      vertex 2.5191418868263713 -1.4544272464860672 22.119999999999997
      vertex 2.659973220474827 -0.9707912732841021 22.119999999999997
      vertex 2.7063293868263707 -1.5625 22.244791666666664
    endloop
  endfacet
  facet normal 0.9238795325112868 -0.3826834323650897 0
    outer loop
      vertex 2.7063293868263707 -1.5625 22.244791666666664
      vertex 3.0185182071533383 -0.8088095159453773 22.45645833333333
      vertex 2.7063293868263707 -1.5625 22.403541666666666
    endloop
  endfacet
  facet normal 0.49058941606003786 -0.14285612643768417 -0.8596011586713291
    outer loop
      vertex 2.7063293868263707 -1.5625 22.244791666666664
      vertex 2.659973220474827 -0.9707912732841021 22.119999999999997
      vertex 3.0185182071533383 -0.8088095159453773 22.297708333333333
    endloop
  endfacet
  facet normal 0.9238795325112868 -0.3826834323650898 0
    outer loop
      vertex 2.7063293868263707 -1.5625 22.244791666666664
      vertex 3.0185182071533383 -0.8088095159453773 22.297708333333333
      vertex 3.0185182071533383 -0.8088095159453773 22.45645833333333
    endloop
  endfacet
  facet normal 0.48471476118945683 -0.12282671504519305 -0.866005310812962
    outer loop
      vertex 2.659973220474827 -0.9707912732841021 22.119999999999997
      vertex 2.7212063708665237 -0.7291450495121112 22.119999999999997
      vertex 3.0185182071533383 -0.8088095159453773 22.297708333333333
    endloop
  endfacet
  facet normal 0.5108468733081087 -0.011014537767717133 -0.8596011586713298
    outer loop
      vertex 2.7212063708665237 -0.7291450495121112 22.119999999999997
      vertex 2.729952970775835 -0.3234836127839471 22.119999999999997
      vertex 3.0185182071533383 -0.8088095159453773 22.297708333333333
    endloop
  endfacet
  facet normal 0.49998839931751105 0.0068119154177455725 -0.8660053108129618
    outer loop
      vertex 2.729952970775835 -0.3234836127839471 22.119999999999997
      vertex 2.7255457825044296 0 22.119999999999997
      vertex 3.125 0 22.350624999999997
    endloop
  endfacet
  facet normal 0.5108468733081089 -0.011014537767717106 -0.8596011586713297
    outer loop
      vertex 3.0185182071533383 -0.8088095159453773 22.297708333333333
      vertex 2.729952970775835 -0.3234836127839471 22.119999999999997
      vertex 3.125 0 22.350624999999997
    endloop
  endfacet
  facet normal 0.9914448613738104 -0.13052619222005174 0
    outer loop
      vertex 3.0185182071533383 -0.8088095159453773 22.297708333333333
      vertex 3.125 0 22.350624999999997
      vertex 3.125 0 22.509375
    endloop
  endfacet
  facet normal 0.12157767344873897 -0.4962909603546083 -0.8596011586713296
    outer loop
      vertex 0 -3.125 23.303124999999998
      vertex 0 -2.437592335746102 22.906249999999996
      vertex 0.8088095159453773 -3.0185182071533383 23.356041666666663
    endloop
  endfacet
  facet normal 0.13052619222005174 -0.9914448613738104 0
    outer loop
      vertex 0 -3.125 23.303124999999998
      vertex 0.8088095159453773 -3.0185182071533383 23.514791666666664
      vertex 0 -3.125 23.461875
    endloop
  endfacet
  facet normal 0.13052619222005174 -0.9914448613738104 0
    outer loop
      vertex 0 -3.125 23.303124999999998
      vertex 0.8088095159453773 -3.0185182071533383 23.356041666666663
      vertex 0.8088095159453773 -3.0185182071533383 23.514791666666664
    endloop
  endfacet
  facet normal 0.011014537767717124 -0.5108468733081089 0.8596011586713296
    outer loop
      vertex 0 -3.125 23.461875
      vertex 0.8088095159453773 -3.0185182071533383 23.514791666666664
      vertex 0.6308953206870292 -2.3545333910614534 23.911666666666665
    endloop
  endfacet
  facet normal -0.00681191541775087 -0.49998839931751105 0.8660053108129618
    outer loop
      vertex 0 -3.125 22.191874999999996
      vertex 0.6308953206870292 -2.3545333910614534 22.641666666666666
      vertex 0 -2.437592335746102 22.588749999999997
    endloop
  endfacet
  facet normal 0.1305261922200518 -0.9914448613738103 0
    outer loop
      vertex 0 -2.437592335746102 22.588749999999997
      vertex 0.6308953206870292 -2.3545333910614534 22.641666666666666
      vertex 0.6308953206870292 -2.3545333910614534 22.959166666666665
    endloop
  endfacet
  facet normal 0.1305261922200518 -0.9914448613738103 0
    outer loop
      vertex 0 -2.437592335746102 22.588749999999997
      vertex 0.6308953206870292 -2.3545333910614534 22.959166666666665
      vertex 0 -2.437592335746102 22.906249999999996
    endloop
  endfacet
  facet normal 0.13598632510219819 -0.48118865430197055 -0.8660053108129637
    outer loop
      vertex 0.8088095159453773 -3.0185182071533383 23.356041666666663
      vertex 0 -2.437592335746102 22.906249999999996
      vertex 0.6308953206870292 -2.3545333910614534 22.959166666666665
    endloop
  endfacet
  facet normal 0.3826834323650898 -0.9238795325112868 0
    outer loop
      vertex 0.6308953206870292 -2.3545333910614534 22.641666666666666
      vertex 1.218796167873051 -2.111016886826371 23.01208333333333
      vertex 0.6308953206870292 -2.3545333910614534 22.959166666666665
    endloop
  endfacet
  facet normal -0.006811915417751439 -0.4999883993175076 0.8660053108129637
    outer loop
      vertex 0 -3.125 23.461875
      vertex 0.6308953206870292 -2.3545333910614534 23.911666666666665
      vertex 0 -2.437592335746102 23.858749999999997
    endloop
  endfacet
  facet normal 0.1305261922200518 -0.9914448613738103 0
    outer loop
      vertex 0 -2.437592335746102 23.858749999999997
      vertex 0.6308953206870292 -2.3545333910614534 23.911666666666665
      vertex 0.6308953206870292 -2.3545333910614534 24.229166666666664
    endloop
  endfacet
  facet normal 0.3826834323650897 -0.9238795325112868 0
    outer loop
      vertex 0.8088095159453773 -3.0185182071533383 23.356041666666663
      vertex 1.5625 -2.7063293868263707 23.567708333333332
      vertex 0.8088095159453773 -3.0185182071533383 23.514791666666664
    endloop
  endfacet
  facet normal 0.24588456713627072 -0.4479136386125272 -0.8596011586713312
    outer loop
      vertex 0.8088095159453773 -3.0185182071533383 23.356041666666663
      vertex 0.6308953206870292 -2.3545333910614534 22.959166666666665
      vertex 1.5625 -2.7063293868263707 23.40895833333333
    endloop
  endfacet
  facet normal 0.3826834323650898 -0.9238795325112868 0
    outer loop
      vertex 0.8088095159453773 -3.0185182071533383 23.356041666666663
      vertex 1.5625 -2.7063293868263707 23.40895833333333
      vertex 1.5625 -2.7063293868263707 23.567708333333332
    endloop
  endfacet
  facet normal 0.12282671504519839 -0.4847147611894556 0.8660053108129618
    outer loop
      vertex 0.8088095159453773 -3.0185182071533383 22.244791666666664
      vertex 1.218796167873051 -2.111016886826371 22.69458333333333
      vertex 0.6308953206870292 -2.3545333910614534 22.641666666666666
    endloop
  endfacet
  facet normal 0.2558934914589544 -0.4295966976976095 -0.8660053108129618
    outer loop
      vertex 0.6308953206870292 -2.3545333910614534 22.959166666666665
      vertex 1.218796167873051 -2.111016886826371 23.01208333333333
      vertex 1.5625 -2.7063293868263707 23.40895833333333
    endloop
  endfacet
  facet normal 0.3826834323650898 -0.9238795325112868 0
    outer loop
      vertex 0.6308953206870292 -2.3545333910614534 22.641666666666666
      vertex 1.218796167873051 -2.111016886826371 22.69458333333333
      vertex 1.218796167873051 -2.111016886826371 23.01208333333333
    endloop
  endfacet
  facet normal 0.24409490785854993 -0.43640861311535545 0.8660053108129638
    outer loop
      vertex 1.5625 -2.7063293868263707 22.297708333333333
      vertex 1.7236380703744243 -1.7236380703744243 22.7475
      vertex 1.218796167873051 -2.111016886826371 22.69458333333333
    endloop
  endfacet
  facet normal 0.6087614290087204 -0.7933533402912354 0
    outer loop
      vertex 1.218796167873051 -2.111016886826371 22.69458333333333
      vertex 1.7236380703744243 -1.7236380703744243 23.064999999999998
      vertex 1.218796167873051 -2.111016886826371 23.01208333333333
    endloop
  endfacet
  facet normal 0.3583619392567801 -0.3487284360872586 -0.8660053108129618
    outer loop
      vertex 1.218796167873051 -2.111016886826371 23.01208333333333
      vertex 1.7236380703744243 -1.7236380703744243 23.064999999999998
      vertex 2.209708691207961 -2.209708691207961 23.461875
    endloop
  endfacet
  facet normal 0.6087614290087203 -0.7933533402912354 0
    outer loop
      vertex 1.218796167873051 -2.111016886826371 22.69458333333333
      vertex 1.7236380703744243 -1.7236380703744243 22.7475
      vertex 1.7236380703744243 -1.7236380703744243 23.064999999999998
    endloop
  endfacet
  facet normal 0.12282671504519839 -0.4847147611894556 0.8660053108129618
    outer loop
      vertex 0.8088095159453773 -3.0185182071533383 23.514791666666664
      vertex 1.218796167873051 -2.111016886826371 23.96458333333333
      vertex 0.6308953206870292 -2.3545333910614534 23.911666666666665
    endloop
  endfacet
  facet normal 0.14285612643768264 -0.4905894160600346 0.8596011586713312
    outer loop
      vertex 0.8088095159453773 -3.0185182071533383 23.514791666666664
      vertex 1.5625 -2.7063293868263707 23.567708333333332
      vertex 1.218796167873051 -2.111016886826371 23.96458333333333
    endloop
  endfacet
  facet normal 0.35343483391692393 -0.3690117426112951 -0.8596011586713294
    outer loop
      vertex 1.5625 -2.7063293868263707 23.40895833333333
      vertex 1.218796167873051 -2.111016886826371 23.01208333333333
      vertex 2.209708691207961 -2.209708691207961 23.461875
    endloop
  endfacet
  facet normal 0.24409490785854993 -0.43640861311535545 0.8660053108129638
    outer loop
      vertex 1.5625 -2.7063293868263707 23.567708333333332
      vertex 1.7236380703744243 -1.7236380703744243 24.0175
      vertex 1.218796167873051 -2.111016886826371 23.96458333333333
    endloop
  endfacet
  facet normal 0.13052619222005174 -0.9914448613738104 0
    outer loop
      vertex 0 -3.125 24.573124999999997
      vertex 0.8088095159453773 -3.0185182071533383 24.784791666666663
      vertex 0 -3.125 24.731875
    endloop
  endfacet
  facet normal 0.12157767344874269 -0.496290960354608 -0.8596011586713291
    outer loop
      vertex 0 -3.125 24.573124999999997
      vertex 0 -2.437592335746102 24.176249999999996
      vertex 0.8088095159453773 -3.0185182071533383 24.626041666666666
    endloop
  endfacet
  facet normal 0.1305261922200517 -0.9914448613738105 0
    outer loop
      vertex 0 -3.125 24.573124999999997
      vertex 0.8088095159453773 -3.0185182071533383 24.626041666666666
      vertex 0.8088095159453773 -3.0185182071533383 24.784791666666663
    endloop
  endfacet
  facet normal 0.011014537767717124 -0.5108468733081089 0.8596011586713296
    outer loop
      vertex 0 -3.125 24.731875
      vertex 0.8088095159453773 -3.0185182071533383 24.784791666666663
      vertex 0.6308953206870292 -2.3545333910614534 25.181666666666665
    endloop
  endfacet
  facet normal 0.1305261922200518 -0.9914448613738103 0
    outer loop
      vertex 0 -2.437592335746102 23.858749999999997
      vertex 0.6308953206870292 -2.3545333910614534 24.229166666666664
      vertex 0 -2.437592335746102 24.176249999999996
    endloop
  endfacet
  facet normal 0.13598632510219844 -0.4811886543019739 -0.8660053108129617
    outer loop
      vertex 0.8088095159453773 -3.0185182071533383 24.626041666666666
      vertex 0 -2.437592335746102 24.176249999999996
      vertex 0.6308953206870292 -2.3545333910614534 24.229166666666664
    endloop
  endfacet
  facet normal 0.3826834323650898 -0.9238795325112868 0
    outer loop
      vertex 0.6308953206870292 -2.3545333910614534 23.911666666666665
      vertex 1.218796167873051 -2.111016886826371 24.282083333333333
      vertex 0.6308953206870292 -2.3545333910614534 24.229166666666664
    endloop
  endfacet
  facet normal -0.006811915417751439 -0.4999883993175076 0.8660053108129637
    outer loop
      vertex 0 -3.125 24.731875
      vertex 0.6308953206870292 -2.3545333910614534 25.181666666666665
      vertex 0 -2.437592335746102 25.128749999999997
    endloop
  endfacet
  facet normal 0.13052619222005182 -0.9914448613738104 0
    outer loop
      vertex 0 -2.437592335746102 25.128749999999997
      vertex 0.6308953206870292 -2.3545333910614534 25.619999999999997
      vertex 0 -2.437592335746102 25.619999999999997
    endloop
  endfacet
  facet normal 0.13052619222005182 -0.9914448613738105 0
    outer loop
      vertex 0 -2.437592335746102 25.128749999999997
      vertex 0.6308953206870292 -2.3545333910614534 25.181666666666665
      vertex 0.6308953206870292 -2.3545333910614534 25.619999999999997
    endloop
  endfacet
  facet normal 0.3826834323650897 -0.9238795325112866 0
    outer loop
      vertex 0.6308953206870292 -2.3545333910614534 25.181666666666665
      vertex 1.218796167873051 -2.111016886826371 25.619999999999997
      vertex 0.6308953206870292 -2.3545333910614534 25.619999999999997
    endloop
  endfacet
  facet normal 0.38268343236508967 -0.9238795325112867 0
    outer loop
      vertex 0.8088095159453773 -3.0185182071533383 24.626041666666666
      vertex 1.5625 -2.7063293868263707 24.83770833333333
      vertex 0.8088095159453773 -3.0185182071533383 24.784791666666663
    endloop
  endfacet
  facet normal 0.24588456713626833 -0.44791363861253164 -0.8596011586713296
    outer loop
      vertex 0.8088095159453773 -3.0185182071533383 24.626041666666666
      vertex 0.6308953206870292 -2.3545333910614534 24.229166666666664
      vertex 1.5625 -2.7063293868263707 24.67895833333333
    endloop
  endfacet
  facet normal 0.3826834323650898 -0.9238795325112868 0
    outer loop
      vertex 0.8088095159453773 -3.0185182071533383 24.626041666666666
      vertex 1.5625 -2.7063293868263707 24.67895833333333
      vertex 1.5625 -2.7063293868263707 24.83770833333333
    endloop
  endfacet
  facet normal 0.25589349145895746 -0.4295966976976039 -0.8660053108129637
    outer loop
      vertex 0.6308953206870292 -2.3545333910614534 24.229166666666664
      vertex 1.218796167873051 -2.111016886826371 24.282083333333333
      vertex 1.5625 -2.7063293868263707 24.67895833333333
    endloop
  endfacet
  facet normal 0.3826834323650898 -0.9238795325112868 0
    outer loop
      vertex 0.6308953206870292 -2.3545333910614534 23.911666666666665
      vertex 1.218796167873051 -2.111016886826371 23.96458333333333
      vertex 1.218796167873051 -2.111016886826371 24.282083333333333
    endloop
  endfacet
  facet normal 0.35343483391692193 -0.3690117426112923 -0.8596011586713312
    outer loop
      vertex 1.5625 -2.7063293868263707 24.67895833333333
      vertex 1.218796167873051 -2.111016886826371 24.282083333333333
      vertex 2.209708691207961 -2.209708691207961 24.731875
    endloop
  endfacet
  facet normal 0.6087614290087204 -0.7933533402912354 0
    outer loop
      vertex 1.218796167873051 -2.111016886826371 23.96458333333333
      vertex 1.7236380703744243 -1.7236380703744243 24.334999999999997
      vertex 1.218796167873051 -2.111016886826371 24.282083333333333
    endloop
  endfacet
  facet normal 0.6087614290087203 -0.7933533402912354 0
    outer loop
      vertex 1.218796167873051 -2.111016886826371 23.96458333333333
      vertex 1.7236380703744243 -1.7236380703744243 24.0175
      vertex 1.7236380703744243 -1.7236380703744243 24.334999999999997
    endloop
  endfacet
  facet normal 0.35836193925677673 -0.34872843608726206 -0.8660053108129618
    outer loop
      vertex 1.218796167873051 -2.111016886826371 24.282083333333333
      vertex 1.7236380703744243 -1.7236380703744243 24.334999999999997
      vertex 2.209708691207961 -2.209708691207961 24.731875
    endloop
  endfacet
  facet normal 0.12282671504519839 -0.4847147611894556 0.8660053108129618
    outer loop
      vertex 0.8088095159453773 -3.0185182071533383 24.784791666666663
      vertex 1.218796167873051 -2.111016886826371 25.23458333333333
      vertex 0.6308953206870292 -2.3545333910614534 25.181666666666665
    endloop
  endfacet
  facet normal 0.14285612643768264 -0.4905894160600346 0.8596011586713312
    outer loop
      vertex 0.8088095159453773 -3.0185182071533383 24.784791666666663
      vertex 1.5625 -2.7063293868263707 24.83770833333333
      vertex 1.218796167873051 -2.111016886826371 25.23458333333333
    endloop
  endfacet
  facet normal 0.3826834323650898 -0.9238795325112867 0
    outer loop
      vertex 0.6308953206870292 -2.3545333910614534 25.181666666666665
      vertex 1.218796167873051 -2.111016886826371 25.23458333333333
      vertex 1.218796167873051 -2.111016886826371 25.619999999999997
    endloop
  endfacet
  facet normal 0.24409490785854993 -0.43640861311535545 0.8660053108129638
    outer loop
      vertex 1.5625 -2.7063293868263707 24.83770833333333
      vertex 1.7236380703744243 -1.7236380703744243 25.287499999999998
      vertex 1.218796167873051 -2.111016886826371 25.23458333333333
    endloop
  endfacet
  facet normal 0.6087614290087203 -0.7933533402912353 0
    outer loop
      vertex 1.218796167873051 -2.111016886826371 25.23458333333333
      vertex 1.7236380703744243 -1.7236380703744243 25.619999999999997
      vertex 1.218796167873051 -2.111016886826371 25.619999999999997
    endloop
  endfacet
  facet normal 0.6087614290087203 -0.7933533402912355 0
    outer loop
      vertex 1.218796167873051 -2.111016886826371 25.23458333333333
      vertex 1.7236380703744243 -1.7236380703744243 25.287499999999998
      vertex 1.7236380703744243 -1.7236380703744243 25.619999999999997
    endloop
  endfacet
  facet normal 0 0 1
    outer loop
      vertex 0 -2.437592335746102 25.619999999999997
      vertex 0.6308953206870292 -2.3545333910614534 25.619999999999997
      vertex 0 0 25.619999999999997
    endloop
  endfacet
  facet normal 0 0 1
    outer loop
      vertex 0.6308953206870292 -2.3545333910614534 25.619999999999997
      vertex 1.218796167873051 -2.111016886826371 25.619999999999997
      vertex 0 0 25.619999999999997
    endloop
  endfacet
  facet normal 0 0 1
    outer loop
      vertex 1.218796167873051 -2.111016886826371 25.619999999999997
      vertex 1.7236380703744243 -1.7236380703744243 25.619999999999997
      vertex 0 0 25.619999999999997
    endloop
  endfacet
  facet normal 0 0 1
    outer loop
      vertex 1.7236380703744243 -1.7236380703744243 25.619999999999997
      vertex 2.111016886826371 -1.218796167873051 25.619999999999997
      vertex 0 0 25.619999999999997
    endloop
  endfacet
  facet normal 0 0 1
    outer loop
      vertex 2.111016886826371 -1.218796167873051 25.619999999999997
      vertex 2.3545333910614534 -0.6308953206870292 25.619999999999997
      vertex 0 0 25.619999999999997
    endloop
  endfacet
  facet normal 0 0 1
    outer loop
      vertex 2.3545333910614534 -0.6308953206870292 25.619999999999997
      vertex 2.437592335746102 0 25.619999999999997
      vertex 0 0 25.619999999999997
    endloop
  endfacet
  facet normal 0.26496230617184047 -0.4368991008448146 0.8596011586713296
    outer loop
      vertex 1.5625 -2.7063293868263707 22.297708333333333
      vertex 2.209708691207961 -2.209708691207961 22.350624999999997
      vertex 1.7236380703744243 -1.7236380703744243 22.7475
    endloop
  endfacet
  facet normal 0.6087614290087205 -0.7933533402912353 0
    outer loop
      vertex 1.5625 -2.7063293868263707 23.40895833333333
      vertex 2.209708691207961 -2.209708691207961 23.620624999999997
      vertex 1.5625 -2.7063293868263707 23.567708333333332
    endloop
  endfacet
  facet normal 0.6087614290087205 -0.7933533402912354 0
    outer loop
      vertex 1.5625 -2.7063293868263707 23.40895833333333
      vertex 2.209708691207961 -2.209708691207961 23.461875
      vertex 2.209708691207961 -2.209708691207961 23.620624999999997
    endloop
  endfacet
  facet normal 0.4368991008448145 -0.2649623061718405 -0.8596011586713296
    outer loop
      vertex 1.7236380703744243 -1.7236380703744243 23.064999999999998
      vertex 2.7063293868263707 -1.5625 23.514791666666664
      vertex 2.209708691207961 -2.209708691207961 23.461875
    endloop
  endfacet
  facet normal 0.26496230617184047 -0.4368991008448146 0.8596011586713296
    outer loop
      vertex 1.5625 -2.7063293868263707 23.567708333333332
      vertex 2.209708691207961 -2.209708691207961 23.620624999999997
      vertex 1.7236380703744243 -1.7236380703744243 24.0175
    endloop
  endfacet
  facet normal 0.7933533402912353 -0.6087614290087204 0
    outer loop
      vertex 2.209708691207961 -2.209708691207961 23.461875
      vertex 2.7063293868263707 -1.5625 23.673541666666665
      vertex 2.209708691207961 -2.209708691207961 23.620624999999997
    endloop
  endfacet
  facet normal 0.7933533402912353 -0.6087614290087204 0
    outer loop
      vertex 2.209708691207961 -2.209708691207961 23.461875
      vertex 2.7063293868263707 -1.5625 23.514791666666664
      vertex 2.7063293868263707 -1.5625 23.673541666666665
    endloop
  endfacet
  facet normal 0.6087614290087205 -0.7933533402912353 0
    outer loop
      vertex 1.5625 -2.7063293868263707 24.67895833333333
      vertex 2.209708691207961 -2.209708691207961 24.890624999999996
      vertex 1.5625 -2.7063293868263707 24.83770833333333
    endloop
  endfacet
  facet normal 0.6087614290087205 -0.7933533402912354 0
    outer loop
      vertex 1.5625 -2.7063293868263707 24.67895833333333
      vertex 2.209708691207961 -2.209708691207961 24.731875
      vertex 2.209708691207961 -2.209708691207961 24.890624999999996
    endloop
  endfacet
  facet normal 0.4368991008448145 -0.2649623061718405 -0.8596011586713296
    outer loop
      vertex 1.7236380703744243 -1.7236380703744243 24.334999999999997
      vertex 2.7063293868263707 -1.5625 24.784791666666663
      vertex 2.209708691207961 -2.209708691207961 24.731875
    endloop
  endfacet
  facet normal 0.26496230617184047 -0.4368991008448146 0.8596011586713296
    outer loop
      vertex 1.5625 -2.7063293868263707 24.83770833333333
      vertex 2.209708691207961 -2.209708691207961 24.890624999999996
      vertex 1.7236380703744243 -1.7236380703744243 25.287499999999998
    endloop
  endfacet
  facet normal 0.7933533402912353 -0.6087614290087204 0
    outer loop
      vertex 2.209708691207961 -2.209708691207961 24.731875
      vertex 2.7063293868263707 -1.5625 24.943541666666665
      vertex 2.209708691207961 -2.209708691207961 24.890624999999996
    endloop
  endfacet
  facet normal 0.7933533402912353 -0.6087614290087204 0
    outer loop
      vertex 2.209708691207961 -2.209708691207961 24.731875
      vertex 2.7063293868263707 -1.5625 24.784791666666663
      vertex 2.7063293868263707 -1.5625 24.943541666666665
    endloop
  endfacet
  facet normal 0.34872843608726206 -0.3583619392567766 0.8660053108129617
    outer loop
      vertex 2.209708691207961 -2.209708691207961 22.350624999999997
      vertex 2.111016886826371 -1.218796167873051 22.800416666666663
      vertex 1.7236380703744243 -1.7236380703744243 22.7475
    endloop
  endfacet
  facet normal 0.7933533402912354 -0.6087614290087204 0
    outer loop
      vertex 1.7236380703744243 -1.7236380703744243 22.7475
      vertex 2.111016886826371 -1.218796167873051 23.117916666666662
      vertex 1.7236380703744243 -1.7236380703744243 23.064999999999998
    endloop
  endfacet
  facet normal 0.7933533402912353 -0.6087614290087204 0
    outer loop
      vertex 1.7236380703744243 -1.7236380703744243 22.7475
      vertex 2.111016886826371 -1.218796167873051 22.800416666666663
      vertex 2.111016886826371 -1.218796167873051 23.117916666666662
    endloop
  endfacet
  facet normal 0.9238795325112868 -0.3826834323650898 0
    outer loop
      vertex 2.111016886826371 -1.218796167873051 22.800416666666663
      vertex 2.3545333910614534 -0.6308953206870292 23.17083333333333
      vertex 2.111016886826371 -1.218796167873051 23.117916666666662
    endloop
  endfacet
  facet normal 0.3690117426112923 -0.35343483391692193 0.8596011586713312
    outer loop
      vertex 2.209708691207961 -2.209708691207961 22.350624999999997
      vertex 2.7063293868263707 -1.5625 22.403541666666666
      vertex 2.111016886826371 -1.218796167873051 22.800416666666663
    endloop
  endfacet
  facet normal 0.42959669769760395 -0.2558934914589575 0.8660053108129638
    outer loop
      vertex 2.7063293868263707 -1.5625 22.403541666666666
      vertex 2.3545333910614534 -0.6308953206870292 22.85333333333333
      vertex 2.111016886826371 -1.218796167873051 22.800416666666663
    endloop
  endfacet
  facet normal 0.4364086131153556 -0.24409490785855636 -0.8660053108129617
    outer loop
      vertex 1.7236380703744243 -1.7236380703744243 23.064999999999998
      vertex 2.111016886826371 -1.218796167873051 23.117916666666662
      vertex 2.7063293868263707 -1.5625 23.514791666666664
    endloop
  endfacet
  facet normal 0.348728436087262 -0.3583619392567768 0.8660053108129618
    outer loop
      vertex 1.7236380703744243 -1.7236380703744243 24.0175
      vertex 2.209708691207961 -2.209708691207961 23.620624999999997
      vertex 2.111016886826371 -1.218796167873051 24.070416666666663
    endloop
  endfacet
  facet normal 0.3690117426112923 -0.35343483391692193 0.8596011586713312
    outer loop
      vertex 2.209708691207961 -2.209708691207961 23.620624999999997
      vertex 2.7063293868263707 -1.5625 23.673541666666665
      vertex 2.111016886826371 -1.218796167873051 24.070416666666663
    endloop
  endfacet
  facet normal 0.4905894160600374 -0.142856126437684 -0.8596011586713292
    outer loop
      vertex 2.111016886826371 -1.218796167873051 23.117916666666662
      vertex 3.0185182071533383 -0.8088095159453773 23.567708333333332
      vertex 2.7063293868263707 -1.5625 23.514791666666664
    endloop
  endfacet
  facet normal 0.48471476118945683 -0.12282671504519373 -0.8660053108129618
    outer loop
      vertex 2.111016886826371 -1.218796167873051 23.117916666666662
      vertex 2.3545333910614534 -0.6308953206870292 23.17083333333333
      vertex 3.0185182071533383 -0.8088095159453773 23.567708333333332
    endloop
  endfacet
  facet normal 0.42959669769760395 -0.2558934914589575 0.8660053108129638
    outer loop
      vertex 2.7063293868263707 -1.5625 23.673541666666665
      vertex 2.3545333910614534 -0.6308953206870292 24.12333333333333
      vertex 2.111016886826371 -1.218796167873051 24.070416666666663
    endloop
  endfacet
  facet normal 0.4811886543019752 -0.13598632510219372 0.8660053108129617
    outer loop
      vertex 2.3545333910614534 -0.6308953206870292 22.85333333333333
      vertex 3.0185182071533383 -0.8088095159453773 22.45645833333333
      vertex 2.437592335746102 0 22.906249999999996
    endloop
  endfacet
  facet normal 0.9238795325112868 -0.3826834323650898 0
    outer loop
      vertex 2.111016886826371 -1.218796167873051 22.800416666666663
      vertex 2.3545333910614534 -0.6308953206870292 22.85333333333333
      vertex 2.3545333910614534 -0.6308953206870292 23.17083333333333
    endloop
  endfacet
  facet normal 0.9914448613738103 -0.1305261922200518 0
    outer loop
      vertex 2.3545333910614534 -0.6308953206870292 22.85333333333333
      vertex 2.437592335746102 0 23.22375
      vertex 2.3545333910614534 -0.6308953206870292 23.17083333333333
    endloop
  endfacet
  facet normal 0.9914448613738104 -0.1305261922200518 0
    outer loop
      vertex 2.3545333910614534 -0.6308953206870292 22.85333333333333
      vertex 2.437592335746102 0 22.906249999999996
      vertex 2.437592335746102 0 23.22375
    endloop
  endfacet
  facet normal 0.4811886543019751 -0.13598632510219377 0.8660053108129617
    outer loop
      vertex 3.0185182071533383 -0.8088095159453773 23.72645833333333
      vertex 2.437592335746102 0 24.176249999999996
      vertex 2.3545333910614534 -0.6308953206870292 24.12333333333333
    endloop
  endfacet
  facet normal 0.4999883993175076 0.006811915417751426 -0.8660053108129637
    outer loop
      vertex 2.3545333910614534 -0.6308953206870292 23.17083333333333
      vertex 2.437592335746102 0 23.22375
      vertex 3.125 0 23.620624999999997
    endloop
  endfacet
  facet normal 0.44791363861253153 -0.24588456713626827 0.8596011586713297
    outer loop
      vertex 2.7063293868263707 -1.5625 22.403541666666666
      vertex 3.0185182071533383 -0.8088095159453773 22.45645833333333
      vertex 2.3545333910614534 -0.6308953206870292 22.85333333333333
    endloop
  endfacet
  facet normal 0.9238795325112868 -0.3826834323650898 0
    outer loop
      vertex 2.7063293868263707 -1.5625 23.514791666666664
      vertex 3.0185182071533383 -0.8088095159453773 23.567708333333332
      vertex 3.0185182071533383 -0.8088095159453773 23.72645833333333
    endloop
  endfacet
  facet normal 0.9238795325112868 -0.3826834323650897 0
    outer loop
      vertex 2.7063293868263707 -1.5625 23.514791666666664
      vertex 3.0185182071533383 -0.8088095159453773 23.72645833333333
      vertex 2.7063293868263707 -1.5625 23.673541666666665
    endloop
  endfacet
  facet normal 0.44791363861253153 -0.24588456713626827 0.8596011586713297
    outer loop
      vertex 2.7063293868263707 -1.5625 23.673541666666665
      vertex 3.0185182071533383 -0.8088095159453773 23.72645833333333
      vertex 2.3545333910614534 -0.6308953206870292 24.12333333333333
    endloop
  endfacet
  facet normal 0.9914448613738105 -0.1305261922200517 0
    outer loop
      vertex 3.0185182071533383 -0.8088095159453773 22.297708333333333
      vertex 3.125 0 22.509375
      vertex 3.0185182071533383 -0.8088095159453773 22.45645833333333
    endloop
  endfacet
  facet normal 0.49629096035460474 -0.1215776734487424 0.8596011586713312
    outer loop
      vertex 3.0185182071533383 -0.8088095159453773 22.45645833333333
      vertex 3.125 0 22.509375
      vertex 2.437592335746102 0 22.906249999999996
    endloop
  endfacet
  facet normal 0.5108468733081089 -0.011014537767717048 -0.8596011586713296
    outer loop
      vertex 2.3545333910614534 -0.6308953206870292 23.17083333333333
      vertex 3.125 0 23.620624999999997
      vertex 3.0185182071533383 -0.8088095159453773 23.567708333333332
    endloop
  endfacet
  facet normal 0.9914448613738105 -0.1305261922200517 0
    outer loop
      vertex 3.0185182071533383 -0.8088095159453773 23.567708333333332
      vertex 3.125 0 23.779374999999998
      vertex 3.0185182071533383 -0.8088095159453773 23.72645833333333
    endloop
  endfacet
  facet normal 0.49629096035460474 -0.1215776734487424 0.8596011586713312
    outer loop
      vertex 3.0185182071533383 -0.8088095159453773 23.72645833333333
      vertex 3.125 0 23.779374999999998
      vertex 2.437592335746102 0 24.176249999999996
    endloop
  endfacet
  facet normal 0.9914448613738104 -0.13052619222005174 0
    outer loop
      vertex 3.0185182071533383 -0.8088095159453773 23.567708333333332
      vertex 3.125 0 23.620624999999997
      vertex 3.125 0 23.779374999999998
    endloop
  endfacet
  facet normal 0.7933533402912354 -0.6087614290087204 0
    outer loop
      vertex 1.7236380703744243 -1.7236380703744243 24.0175
      vertex 2.111016886826371 -1.218796167873051 24.387916666666662
      vertex 1.7236380703744243 -1.7236380703744243 24.334999999999997
    endloop
  endfacet
  facet normal 0.7933533402912353 -0.6087614290087204 0
    outer loop
      vertex 1.7236380703744243 -1.7236380703744243 24.0175
      vertex 2.111016886826371 -1.218796167873051 24.070416666666663
      vertex 2.111016886826371 -1.218796167873051 24.387916666666662
    endloop
  endfacet
  facet normal 0.4364086131153556 -0.24409490785855636 -0.8660053108129617
    outer loop
      vertex 1.7236380703744243 -1.7236380703744243 24.334999999999997
      vertex 2.111016886826371 -1.218796167873051 24.387916666666662
      vertex 2.7063293868263707 -1.5625 24.784791666666663
    endloop
  endfacet
  facet normal 0.9238795325112868 -0.3826834323650898 0
    outer loop
      vertex 2.111016886826371 -1.218796167873051 24.070416666666663
      vertex 2.3545333910614534 -0.6308953206870292 24.44083333333333
      vertex 2.111016886826371 -1.218796167873051 24.387916666666662
    endloop
  endfacet
  facet normal 0.4905894160600374 -0.142856126437684 -0.8596011586713292
    outer loop
      vertex 2.111016886826371 -1.218796167873051 24.387916666666662
      vertex 3.0185182071533383 -0.8088095159453773 24.83770833333333
      vertex 2.7063293868263707 -1.5625 24.784791666666663
    endloop
  endfacet
  facet normal 0.48471476118945683 -0.12282671504519373 -0.8660053108129618
    outer loop
      vertex 2.111016886826371 -1.218796167873051 24.387916666666662
      vertex 2.3545333910614534 -0.6308953206870292 24.44083333333333
      vertex 3.0185182071533383 -0.8088095159453773 24.83770833333333
    endloop
  endfacet
  facet normal 0.348728436087262 -0.3583619392567768 0.8660053108129618
    outer loop
      vertex 1.7236380703744243 -1.7236380703744243 25.287499999999998
      vertex 2.209708691207961 -2.209708691207961 24.890624999999996
      vertex 2.111016886826371 -1.218796167873051 25.340416666666663
    endloop
  endfacet
  facet normal 0.7933533402912353 -0.6087614290087204 0
    outer loop
      vertex 1.7236380703744243 -1.7236380703744243 25.287499999999998
      vertex 2.111016886826371 -1.218796167873051 25.619999999999997
      vertex 1.7236380703744243 -1.7236380703744243 25.619999999999997
    endloop
  endfacet
  facet normal 0.7933533402912353 -0.6087614290087205 0
    outer loop
      vertex 1.7236380703744243 -1.7236380703744243 25.287499999999998
      vertex 2.111016886826371 -1.218796167873051 25.340416666666663
      vertex 2.111016886826371 -1.218796167873051 25.619999999999997
    endloop
  endfacet
  facet normal 0.9238795325112867 -0.3826834323650898 0
    outer loop
      vertex 2.111016886826371 -1.218796167873051 25.340416666666663
      vertex 2.3545333910614534 -0.6308953206870292 25.619999999999997
      vertex 2.111016886826371 -1.218796167873051 25.619999999999997
    endloop
  endfacet
  facet normal 0.3690117426112923 -0.35343483391692193 0.8596011586713312
    outer loop
      vertex 2.209708691207961 -2.209708691207961 24.890624999999996
      vertex 2.7063293868263707 -1.5625 24.943541666666665
      vertex 2.111016886826371 -1.218796167873051 25.340416666666663
    endloop
  endfacet
  facet normal 0.42959669769760384 -0.25589349145895746 0.8660053108129637
    outer loop
      vertex 2.111016886826371 -1.218796167873051 25.340416666666663
      vertex 2.7063293868263707 -1.5625 24.943541666666665
      vertex 2.3545333910614534 -0.6308953206870292 25.39333333333333
    endloop
  endfacet
  facet normal 0.9238795325112868 -0.3826834323650898 0
    outer loop
      vertex 2.111016886826371 -1.218796167873051 24.070416666666663
      vertex 2.3545333910614534 -0.6308953206870292 24.12333333333333
      vertex 2.3545333910614534 -0.6308953206870292 24.44083333333333
    endloop
  endfacet
  facet normal 0.9914448613738103 -0.1305261922200518 0
    outer loop
      vertex 2.3545333910614534 -0.6308953206870292 24.12333333333333
      vertex 2.437592335746102 0 24.49375
      vertex 2.3545333910614534 -0.6308953206870292 24.44083333333333
    endloop
  endfacet
  facet normal 0.9914448613738104 -0.1305261922200518 0
    outer loop
      vertex 2.3545333910614534 -0.6308953206870292 24.12333333333333
      vertex 2.437592335746102 0 24.176249999999996
      vertex 2.437592335746102 0 24.49375
    endloop
  endfacet
  facet normal 0.4999883993175076 0.006811915417751426 -0.8660053108129637
    outer loop
      vertex 2.3545333910614534 -0.6308953206870292 24.44083333333333
      vertex 2.437592335746102 0 24.49375
      vertex 3.125 0 24.890624999999996
    endloop
  endfacet
  facet normal 0.9238795325112867 -0.38268343236508984 0
    outer loop
      vertex 2.111016886826371 -1.218796167873051 25.340416666666663
      vertex 2.3545333910614534 -0.6308953206870292 25.39333333333333
      vertex 2.3545333910614534 -0.6308953206870292 25.619999999999997
    endloop
  endfacet
  facet normal 0.48118865430197394 -0.13598632510219844 0.8660053108129617
    outer loop
      vertex 2.3545333910614534 -0.6308953206870292 25.39333333333333
      vertex 3.0185182071533383 -0.8088095159453773 24.99645833333333
      vertex 2.437592335746102 0 25.44625
    endloop
  endfacet
  facet normal 0.9914448613738103 -0.13052619222005177 0
    outer loop
      vertex 2.3545333910614534 -0.6308953206870292 25.39333333333333
      vertex 2.437592335746102 0 25.619999999999997
      vertex 2.3545333910614534 -0.6308953206870292 25.619999999999997
    endloop
  endfacet
  facet normal 0.9914448613738105 -0.1305261922200518 0
    outer loop
      vertex 2.3545333910614534 -0.6308953206870292 25.39333333333333
      vertex 2.437592335746102 0 25.44625
      vertex 2.437592335746102 0 25.619999999999997
    endloop
  endfacet
  facet normal 0.9238795325112868 -0.3826834323650897 0
    outer loop
      vertex 2.7063293868263707 -1.5625 24.784791666666663
      vertex 3.0185182071533383 -0.8088095159453773 24.99645833333333
      vertex 2.7063293868263707 -1.5625 24.943541666666665
    endloop
  endfacet
  facet normal 0.4479136386125315 -0.24588456713626833 0.8596011586713297
    outer loop
      vertex 2.3545333910614534 -0.6308953206870292 25.39333333333333
      vertex 2.7063293868263707 -1.5625 24.943541666666665
      vertex 3.0185182071533383 -0.8088095159453773 24.99645833333333
    endloop
  endfacet
  facet normal 0.9238795325112868 -0.3826834323650898 0
    outer loop
      vertex 2.7063293868263707 -1.5625 24.784791666666663
      vertex 3.0185182071533383 -0.8088095159453773 24.83770833333333
      vertex 3.0185182071533383 -0.8088095159453773 24.99645833333333
    endloop
  endfacet
  facet normal 0.5108468733081089 -0.011014537767717048 -0.8596011586713296
    outer loop
      vertex 2.3545333910614534 -0.6308953206870292 24.44083333333333
      vertex 3.125 0 24.890624999999996
      vertex 3.0185182071533383 -0.8088095159453773 24.83770833333333
    endloop
  endfacet
  facet normal 0.9914448613738105 -0.1305261922200517 0
    outer loop
      vertex 3.0185182071533383 -0.8088095159453773 24.83770833333333
      vertex 3.125 0 25.049374999999998
      vertex 3.0185182071533383 -0.8088095159453773 24.99645833333333
    endloop
  endfacet
  facet normal 0.496290960354608 -0.12157767344874269 0.8596011586713291
    outer loop
      vertex 3.0185182071533383 -0.8088095159453773 24.99645833333333
      vertex 3.125 0 25.049374999999998
      vertex 2.437592335746102 0 25.44625
    endloop
  endfacet
  facet normal 0.9914448613738104 -0.13052619222005174 0
    outer loop
      vertex 3.0185182071533383 -0.8088095159453773 24.83770833333333
      vertex 3.125 0 24.890624999999996
      vertex 3.125 0 25.049374999999998
    endloop
  endfacet
  facet normal 0.1305261922200518 0.9914448613738104 0
    outer loop
      vertex 0 2.437592335746102 22.119999999999997
      vertex 0 2.437592335746102 22.27125
      vertex 0.6308953206870292 2.3545333910614534 22.21833333333333
    endloop
  endfacet
  facet normal -0.006811915417751439 0.4999883993175076 -0.8660053108129637
    outer loop
      vertex 0 2.437592335746102 22.27125
      vertex 0 3.125 22.668124999999996
      vertex 0.6308953206870292 2.3545333910614534 22.21833333333333
    endloop
  endfacet
  facet normal 0.1305261922200518 0.9914448613738104 0
    outer loop
      vertex 0 2.437592335746102 22.119999999999997
      vertex 0.6308953206870292 2.3545333910614534 22.21833333333333
      vertex 0.6308953206870292 2.3545333910614534 22.119999999999997
    endloop
  endfacet
  facet normal 0.3826834323650898 0.9238795325112866 0
    outer loop
      vertex 0.6308953206870292 2.3545333910614534 22.119999999999997
      vertex 0.6308953206870292 2.3545333910614534 22.21833333333333
      vertex 1.218796167873051 2.111016886826371 22.165416666666665
    endloop
  endfacet
  facet normal 0.3826834323650898 0.9238795325112867 0
    outer loop
      vertex 0.6308953206870292 2.3545333910614534 22.119999999999997
      vertex 1.218796167873051 2.111016886826371 22.165416666666665
      vertex 1.218796167873051 2.111016886826371 22.119999999999997
    endloop
  endfacet
  facet normal 0.12282671504519845 0.48471476118945567 -0.8660053108129618
    outer loop
      vertex 0.6308953206870292 2.3545333910614534 22.21833333333333
      vertex 0.8088095159453773 3.0185182071533383 22.61520833333333
      vertex 1.218796167873051 2.111016886826371 22.165416666666665
    endloop
  endfacet
  facet normal 0.24409490785851232 0.4364086131153088 -0.8660053108129979
    outer loop
      vertex 1.720951191942984 1.7400238449887233 22.119999999999997
      vertex 1.6520856747443164 1.7785421545959539 22.119999999999997
      vertex 1.218796167873051 2.111016886826371 22.165416666666665
    endloop
  endfacet
  facet normal 0.6087614290087204 0.7933533402912354 0
    outer loop
      vertex 1.218796167873051 2.111016886826371 22.119999999999997
      vertex 1.218796167873051 2.111016886826371 22.165416666666665
      vertex 1.6520856747443164 1.7785421545959539 22.119999999999997
    endloop
  endfacet
  facet normal 0.24409490785854987 0.4364086131153555 -0.8660053108129637
    outer loop
      vertex 1.720951191942984 1.7400238449887233 22.119999999999997
      vertex 1.218796167873051 2.111016886826371 22.165416666666665
      vertex 1.5625 2.7063293868263707 22.562291666666663
    endloop
  endfacet
  facet normal 0.34872843608726223 0.35836193925677656 -0.8660053108129617
    outer loop
      vertex 1.7328236569098616 1.7328236569098616 22.119999999999997
      vertex 2.209708691207961 2.209708691207961 22.509375
      vertex 2.1242733126117623 1.351896969988436 22.119999999999997
    endloop
  endfacet
  facet normal 0.429596697697604 0.25589349145895735 -0.8660053108129637
    outer loop
      vertex 2.4431749018053694 0.8656303579942346 22.119999999999997
      vertex 2.2016418868263687 1.2711185360183597 22.119999999999997
      vertex 2.7063293868263707 1.5625 22.45645833333333
    endloop
  endfacet
  facet normal 0.36901174261129216 0.3534348339169222 -0.8596011586713312
    outer loop
      vertex 2.2016418868263687 1.2711185360183597 22.119999999999997
      vertex 2.1242733126117623 1.351896969988436 22.119999999999997
      vertex 2.7063293868263707 1.5625 22.45645833333333
    endloop
  endfacet
  facet normal 0.36901174261129227 0.353434833916922 -0.8596011586713314
    outer loop
      vertex 2.1242733126117623 1.351896969988436 22.119999999999997
      vertex 2.209708691207961 2.209708691207961 22.509375
      vertex 2.7063293868263707 1.5625 22.45645833333333
    endloop
  endfacet
  facet normal 0.49629096035460823 0.12157767344874267 -0.8596011586713291
    outer loop
      vertex 2.652311578628444 0.29894858440222916 22.119999999999997
      vertex 3.125 0 22.350624999999997
      vertex 2.7255457825044296 0 22.119999999999997
    endloop
  endfacet
  facet normal 0.4962909603546081 0.12157767344874272 -0.8596011586713291
    outer loop
      vertex 2.652311578628444 0.29894858440222916 22.119999999999997
      vertex 3.0185182071533383 0.8088095159453773 22.403541666666666
      vertex 3.125 0 22.350624999999997
    endloop
  endfacet
  facet normal 0.48118865430197405 0.1359863251021985 -0.8660053108129617
    outer loop
      vertex 2.652311578628444 0.29894858440222916 22.119999999999997
      vertex 2.5441437532420226 0.6817012641098854 22.119999999999997
      vertex 3.0185182071533383 0.8088095159453773 22.403541666666666
    endloop
  endfacet
  facet normal 0.4479136386125313 0.2458845671362692 -0.8596011586713295
    outer loop
      vertex 2.5441437532420226 0.6817012641098854 22.119999999999997
      vertex 2.4431749018053694 0.8656303579942346 22.119999999999997
      vertex 3.0185182071533383 0.8088095159453773 22.403541666666666
    endloop
  endfacet
  facet normal 0.44791363861253136 0.24588456713626825 -0.8596011586713298
    outer loop
      vertex 2.4431749018053694 0.8656303579942346 22.119999999999997
      vertex 2.7063293868263707 1.5625 22.45645833333333
      vertex 3.0185182071533383 0.8088095159453773 22.403541666666666
    endloop
  endfacet
  facet normal 0.2649623061718387 0.4368991008448163 -0.8596011586713292
    outer loop
      vertex 1.7328236569098616 1.7328236569098616 22.119999999999997
      vertex 1.720951191942984 1.7400238449887233 22.119999999999997
      vertex 2.209708691207961 2.209708691207961 22.509375
    endloop
  endfacet
  facet normal 0.2649623061718405 0.43689910084481454 -0.8596011586713296
    outer loop
      vertex 1.720951191942984 1.7400238449887233 22.119999999999997
      vertex 1.5625 2.7063293868263707 22.562291666666663
      vertex 2.209708691207961 2.209708691207961 22.509375
    endloop
  endfacet
  facet normal 0 0 1
    outer loop
      vertex 0 0 25.619999999999997
      vertex 0.6308953206870292 2.3545333910614534 25.619999999999997
      vertex 0 2.437592335746102 25.619999999999997
    endloop
  endfacet
  facet normal 0 0 1
    outer loop
      vertex 0 0 25.619999999999997
      vertex 1.218796167873051 2.111016886826371 25.619999999999997
      vertex 0.6308953206870292 2.3545333910614534 25.619999999999997
    endloop
  endfacet
  facet normal 0 0 1
    outer loop
      vertex 0 0 25.619999999999997
      vertex 2.437592335746102 0 25.619999999999997
      vertex 2.3545333910614534 0.6308953206870292 25.619999999999997
    endloop
  endfacet
  facet normal 0 0 1
    outer loop
      vertex 0 0 25.619999999999997
      vertex 2.3545333910614534 0.6308953206870292 25.619999999999997
      vertex 2.111016886826371 1.218796167873051 25.619999999999997
    endloop
  endfacet
  facet normal 0 0 1
    outer loop
      vertex 0 0 25.619999999999997
      vertex 1.7236380703744243 1.7236380703744243 25.619999999999997
      vertex 1.218796167873051 2.111016886826371 25.619999999999997
    endloop
  endfacet
  facet normal 0 0 1
    outer loop
      vertex 0 0 25.619999999999997
      vertex 2.111016886826371 1.218796167873051 25.619999999999997
      vertex 1.7236380703744243 1.7236380703744243 25.619999999999997
    endloop
  endfacet
  facet normal 0.13598632510219844 0.48118865430197394 0.8660053108129617
    outer loop
      vertex 0.6308953206870292 2.3545333910614534 23.17083333333333
      vertex 0.8088095159453773 3.0185182071533383 22.77395833333333
      vertex 0 2.437592335746102 23.22375
    endloop
  endfacet
  facet normal 0.1305261922200518 0.9914448613738103 0
    outer loop
      vertex 0.6308953206870292 2.3545333910614534 23.17083333333333
      vertex 0 2.437592335746102 23.22375
      vertex 0 2.437592335746102 23.541249999999998
    endloop
  endfacet
  facet normal 0.1305261922200518 0.9914448613738103 0
    outer loop
      vertex 0.6308953206870292 2.3545333910614534 23.17083333333333
      vertex 0 2.437592335746102 23.541249999999998
      vertex 0.6308953206870292 2.3545333910614534 23.48833333333333
    endloop
  endfacet
  facet normal -0.006811915417751439 0.4999883993175076 -0.8660053108129637
    outer loop
      vertex 0 2.437592335746102 23.541249999999998
      vertex 0 3.125 23.938124999999996
      vertex 0.6308953206870292 2.3545333910614534 23.48833333333333
    endloop
  endfacet
  facet normal 0.3826834323650898 0.9238795325112868 0
    outer loop
      vertex 0.6308953206870292 2.3545333910614534 23.17083333333333
      vertex 0.6308953206870292 2.3545333910614534 23.48833333333333
      vertex 1.218796167873051 2.111016886826371 23.117916666666662
    endloop
  endfacet
  facet normal 0.13052619222005174 0.9914448613738104 0
    outer loop
      vertex 0 3.125 22.668124999999996
      vertex 0 3.125 22.826874999999998
      vertex 0.8088095159453773 3.0185182071533383 22.61520833333333
    endloop
  endfacet
  facet normal 0.12157767344874269 0.496290960354608 0.8596011586713291
    outer loop
      vertex 0 2.437592335746102 23.22375
      vertex 0.8088095159453773 3.0185182071533383 22.77395833333333
      vertex 0 3.125 22.826874999999998
    endloop
  endfacet
  facet normal 0.011014537767717048 0.5108468733081089 -0.8596011586713296
    outer loop
      vertex 0.6308953206870292 2.3545333910614534 22.21833333333333
      vertex 0 3.125 22.668124999999996
      vertex 0.8088095159453773 3.0185182071533383 22.61520833333333
    endloop
  endfacet
  facet normal 0.1305261922200517 0.9914448613738105 0
    outer loop
      vertex 0 3.125 22.826874999999998
      vertex 0.8088095159453773 3.0185182071533383 22.77395833333333
      vertex 0.8088095159453773 3.0185182071533383 22.61520833333333
    endloop
  endfacet
  facet normal 0.13052619222005174 0.9914448613738104 0
    outer loop
      vertex 0 3.125 23.938124999999996
      vertex 0 3.125 24.096874999999997
      vertex 0.8088095159453773 3.0185182071533383 23.88520833333333
    endloop
  endfacet
  facet normal 0.011014537767717048 0.5108468733081089 -0.8596011586713296
    outer loop
      vertex 0.6308953206870292 2.3545333910614534 23.48833333333333
      vertex 0 3.125 23.938124999999996
      vertex 0.8088095159453773 3.0185182071533383 23.88520833333333
    endloop
  endfacet
  facet normal 0.1305261922200517 0.9914448613738105 0
    outer loop
      vertex 0.8088095159453773 3.0185182071533383 23.88520833333333
      vertex 0 3.125 24.096874999999997
      vertex 0.8088095159453773 3.0185182071533383 24.04395833333333
    endloop
  endfacet
  facet normal 0.14285612643768264 0.4905894160600345 -0.8596011586713312
    outer loop
      vertex 1.218796167873051 2.111016886826371 22.165416666666665
      vertex 0.8088095159453773 3.0185182071533383 22.61520833333333
      vertex 1.5625 2.7063293868263707 22.562291666666663
    endloop
  endfacet
  facet normal 0.25589349145895746 0.4295966976976039 0.8660053108129637
    outer loop
      vertex 0.6308953206870292 2.3545333910614534 23.17083333333333
      vertex 1.218796167873051 2.111016886826371 23.117916666666662
      vertex 1.5625 2.7063293868263707 22.721041666666665
    endloop
  endfacet
  facet normal 0.6087614290087204 0.7933533402912354 0
    outer loop
      vertex 1.7236380703744243 1.7236380703744243 23.064999999999998
      vertex 1.218796167873051 2.111016886826371 23.117916666666662
      vertex 1.218796167873051 2.111016886826371 23.435416666666665
    endloop
  endfacet
  facet normal 0.3583619392567768 0.348728436087262 0.8660053108129618
    outer loop
      vertex 1.7236380703744243 1.7236380703744243 23.064999999999998
      vertex 2.209708691207961 2.209708691207961 22.668124999999996
      vertex 1.218796167873051 2.111016886826371 23.117916666666662
    endloop
  endfacet
  facet normal 0.353434833916922 0.3690117426112923 0.8596011586713312
    outer loop
      vertex 1.218796167873051 2.111016886826371 23.117916666666662
      vertex 2.209708691207961 2.209708691207961 22.668124999999996
      vertex 1.5625 2.7063293868263707 22.721041666666665
    endloop
  endfacet
  facet normal 0.3826834323650898 0.9238795325112868 0
    outer loop
      vertex 0.6308953206870292 2.3545333910614534 23.48833333333333
      vertex 1.218796167873051 2.111016886826371 23.435416666666665
      vertex 1.218796167873051 2.111016886826371 23.117916666666662
    endloop
  endfacet
  facet normal 0.12282671504519845 0.48471476118945567 -0.8660053108129618
    outer loop
      vertex 0.6308953206870292 2.3545333910614534 23.48833333333333
      vertex 0.8088095159453773 3.0185182071533383 23.88520833333333
      vertex 1.218796167873051 2.111016886826371 23.435416666666665
    endloop
  endfacet
  facet normal 0.14285612643768264 0.4905894160600346 -0.8596011586713312
    outer loop
      vertex 0.8088095159453773 3.0185182071533383 23.88520833333333
      vertex 1.5625 2.7063293868263707 23.832291666666663
      vertex 1.218796167873051 2.111016886826371 23.435416666666665
    endloop
  endfacet
  facet normal 0.24409490785854993 0.43640861311535545 -0.8660053108129637
    outer loop
      vertex 1.7236380703744243 1.7236380703744243 23.382499999999997
      vertex 1.218796167873051 2.111016886826371 23.435416666666665
      vertex 1.5625 2.7063293868263707 23.832291666666663
    endloop
  endfacet
  facet normal 0.6087614290087204 0.7933533402912354 0
    outer loop
      vertex 1.7236380703744243 1.7236380703744243 23.064999999999998
      vertex 1.218796167873051 2.111016886826371 23.435416666666665
      vertex 1.7236380703744243 1.7236380703744243 23.382499999999997
    endloop
  endfacet
  facet normal 0.38268343236508967 0.9238795325112867 0
    outer loop
      vertex 0.8088095159453773 3.0185182071533383 22.61520833333333
      vertex 0.8088095159453773 3.0185182071533383 22.77395833333333
      vertex 1.5625 2.7063293868263707 22.562291666666663
    endloop
  endfacet
  facet normal 0.3826834323650898 0.9238795325112868 0
    outer loop
      vertex 0.8088095159453773 3.0185182071533383 22.77395833333333
      vertex 1.5625 2.7063293868263707 22.721041666666665
      vertex 1.5625 2.7063293868263707 22.562291666666663
    endloop
  endfacet
  facet normal 0.24588456713626833 0.4479136386125315 0.8596011586713297
    outer loop
      vertex 0.6308953206870292 2.3545333910614534 23.17083333333333
      vertex 1.5625 2.7063293868263707 22.721041666666665
      vertex 0.8088095159453773 3.0185182071533383 22.77395833333333
    endloop
  endfacet
  facet normal 0.38268343236508967 0.9238795325112867 0
    outer loop
      vertex 0.8088095159453773 3.0185182071533383 23.88520833333333
      vertex 0.8088095159453773 3.0185182071533383 24.04395833333333
      vertex 1.5625 2.7063293868263707 23.832291666666663
    endloop
  endfacet
  facet normal 0.3826834323650897 0.9238795325112868 0
    outer loop
      vertex 1.5625 2.7063293868263707 23.832291666666663
      vertex 0.8088095159453773 3.0185182071533383 24.04395833333333
      vertex 1.5625 2.7063293868263707 23.991041666666664
    endloop
  endfacet
  facet normal 0.1305261922200518 0.9914448613738104 0
    outer loop
      vertex 0 2.437592335746102 24.49375
      vertex 0 2.437592335746102 25.150578124999996
      vertex 0.6308953206870292 2.3545333910614534 24.44083333333333
    endloop
  endfacet
  facet normal 0.13598632510219844 0.48118865430197394 0.8660053108129617
    outer loop
      vertex 0 2.437592335746102 24.49375
      vertex 0.6308953206870292 2.3545333910614534 24.44083333333333
      vertex 0.8088095159453773 3.0185182071533383 24.04395833333333
    endloop
  endfacet
  facet normal 0.3826834323650898 0.9238795325112868 0
    outer loop
      vertex 0.6308953206870292 2.3545333910614534 24.44083333333333
      vertex 0.6308953206870292 2.3545333910614534 25.09766145833333
      vertex 1.218796167873051 2.111016886826371 24.387916666666666
    endloop
  endfacet
  facet normal 0.1305261922200518 0.9914448613738103 0
    outer loop
      vertex 0 2.437592335746102 25.150578124999996
      vertex 0 2.437592335746102 25.2646796875
      vertex 0.6308953206870292 2.3545333910614534 25.09766145833333
    endloop
  endfacet
  facet normal 0.1305261922200518 0.9914448613738103 0
    outer loop
      vertex 0.6308953206870292 2.3545333910614534 24.44083333333333
      vertex 0 2.437592335746102 25.150578124999996
      vertex 0.6308953206870292 2.3545333910614534 25.09766145833333
    endloop
  endfacet
  facet normal 0.1305261922200518 0.9914448613738104 0
    outer loop
      vertex 0 2.437592335746102 25.2646796875
      vertex 0.6308953206870292 2.3545333910614534 25.21176302083333
      vertex 0.6308953206870292 2.3545333910614534 25.09766145833333
    endloop
  endfacet
  facet normal 0.1305261922200518 0.9914448613738104 0
    outer loop
      vertex 0 2.437592335746102 25.2646796875
      vertex 0 2.437592335746102 25.310320312499996
      vertex 0.6308953206870292 2.3545333910614534 25.21176302083333
    endloop
  endfacet
  facet normal 0.13052619222005182 0.9914448613738104 0
    outer loop
      vertex 0 2.437592335746102 25.310320312499996
      vertex 0 2.437592335746102 25.424421874999997
      vertex 0.6308953206870292 2.3545333910614534 25.25740364583333
    endloop
  endfacet
  facet normal 0.1305261922200518 0.9914448613738104 0
    outer loop
      vertex 0 2.437592335746102 25.424421874999997
      vertex 0 2.437592335746102 25.619999999999997
      vertex 0.6308953206870292 2.3545333910614534 25.371505208333332
    endloop
  endfacet
  facet normal 0.13052619222005182 0.9914448613738105 0
    outer loop
      vertex 0 2.437592335746102 25.310320312499996
      vertex 0.6308953206870292 2.3545333910614534 25.25740364583333
      vertex 0.6308953206870292 2.3545333910614534 25.21176302083333
    endloop
  endfacet
  facet normal 0.1305261922200518 0.9914448613738104 0
    outer loop
      vertex 0 2.437592335746102 25.424421874999997
      vertex 0.6308953206870292 2.3545333910614534 25.371505208333332
      vertex 0.6308953206870292 2.3545333910614534 25.25740364583333
    endloop
  endfacet
  facet normal 0.1305261922200518 0.9914448613738104 0
    outer loop
      vertex 0 2.437592335746102 25.619999999999997
      vertex 0.6308953206870292 2.3545333910614534 25.619999999999997
      vertex 0.6308953206870292 2.3545333910614534 25.371505208333332
    endloop
  endfacet
  facet normal 0.3826834323650898 0.9238795325112867 0
    outer loop
      vertex 0.6308953206870292 2.3545333910614534 25.09766145833333
      vertex 0.6308953206870292 2.3545333910614534 25.21176302083333
      vertex 1.218796167873051 2.111016886826371 25.044744791666663
    endloop
  endfacet
  facet normal 0.3826834323650898 0.9238795325112867 0
    outer loop
      vertex 0.6308953206870292 2.3545333910614534 25.21176302083333
      vertex 0.6308953206870292 2.3545333910614534 25.25740364583333
      vertex 1.218796167873051 2.111016886826371 25.158846354166663
    endloop
  endfacet
  facet normal 0.3826834323650898 0.9238795325112867 0
    outer loop
      vertex 0.6308953206870292 2.3545333910614534 25.25740364583333
      vertex 0.6308953206870292 2.3545333910614534 25.371505208333332
      vertex 1.218796167873051 2.111016886826371 25.204486979166663
    endloop
  endfacet
  facet normal 0.3826834323650898 0.9238795325112868 0
    outer loop
      vertex 0.6308953206870292 2.3545333910614534 25.371505208333332
      vertex 0.6308953206870292 2.3545333910614534 25.619999999999997
      vertex 1.218796167873051 2.111016886826371 25.318588541666664
    endloop
  endfacet
  facet normal 0.12157767344874269 0.496290960354608 0.8596011586713291
    outer loop
      vertex 0 2.437592335746102 24.49375
      vertex 0.8088095159453773 3.0185182071533383 24.04395833333333
      vertex 0 3.125 24.096874999999997
    endloop
  endfacet
  facet normal 0.25589349145895446 0.42959669769760955 0.8660053108129618
    outer loop
      vertex 1.5625 2.7063293868263707 23.991041666666664
      vertex 0.6308953206870292 2.3545333910614534 24.44083333333333
      vertex 1.218796167873051 2.111016886826371 24.387916666666666
    endloop
  endfacet
  facet normal 0.35836193925678017 0.34872843608725856 0.8660053108129618
    outer loop
      vertex 1.7236380703744243 1.7236380703744243 24.334999999999997
      vertex 2.209708691207961 2.209708691207961 23.938124999999996
      vertex 1.218796167873051 2.111016886826371 24.387916666666666
    endloop
  endfacet
  facet normal 0.6087614290087204 0.7933533402912353 0
    outer loop
      vertex 1.7236380703744243 1.7236380703744243 24.334999999999997
      vertex 1.218796167873051 2.111016886826371 24.387916666666666
      vertex 1.218796167873051 2.111016886826371 25.044744791666663
    endloop
  endfacet
  facet normal 0.6087614290087204 0.7933533402912354 0
    outer loop
      vertex 1.7236380703744243 1.7236380703744243 24.334999999999997
      vertex 1.218796167873051 2.111016886826371 25.044744791666663
      vertex 1.7236380703744243 1.7236380703744243 24.991828124999998
    endloop
  endfacet
  facet normal 0.35343483391692393 0.3690117426112951 0.8596011586713294
    outer loop
      vertex 1.5625 2.7063293868263707 23.991041666666664
      vertex 1.218796167873051 2.111016886826371 24.387916666666666
      vertex 2.209708691207961 2.209708691207961 23.938124999999996
    endloop
  endfacet
  facet normal 0.3826834323650898 0.9238795325112867 0
    outer loop
      vertex 0.6308953206870292 2.3545333910614534 25.09766145833333
      vertex 1.218796167873051 2.111016886826371 25.044744791666663
      vertex 1.218796167873051 2.111016886826371 24.387916666666666
    endloop
  endfacet
  facet normal 0.3826834323650898 0.9238795325112867 0
    outer loop
      vertex 0.6308953206870292 2.3545333910614534 25.21176302083333
      vertex 1.218796167873051 2.111016886826371 25.158846354166663
      vertex 1.218796167873051 2.111016886826371 25.044744791666663
    endloop
  endfacet
  facet normal 0.3826834323650897 0.9238795325112867 0
    outer loop
      vertex 0.6308953206870292 2.3545333910614534 25.25740364583333
      vertex 1.218796167873051 2.111016886826371 25.204486979166663
      vertex 1.218796167873051 2.111016886826371 25.158846354166663
    endloop
  endfacet
  facet normal 0.3826834323650898 0.9238795325112867 0
    outer loop
      vertex 0.6308953206870292 2.3545333910614534 25.371505208333332
      vertex 1.218796167873051 2.111016886826371 25.318588541666664
      vertex 1.218796167873051 2.111016886826371 25.204486979166663
    endloop
  endfacet
  facet normal 0.3826834323650898 0.9238795325112867 0
    outer loop
      vertex 0.6308953206870292 2.3545333910614534 25.619999999999997
      vertex 1.218796167873051 2.111016886826371 25.619999999999997
      vertex 1.218796167873051 2.111016886826371 25.318588541666664
    endloop
  endfacet
  facet normal 0.6087614290087204 0.7933533402912353 0
    outer loop
      vertex 1.7236380703744243 1.7236380703744243 24.991828124999998
      vertex 1.218796167873051 2.111016886826371 25.044744791666663
      vertex 1.218796167873051 2.111016886826371 25.158846354166663
    endloop
  endfacet
  facet normal 0.6087614290087203 0.7933533402912354 0
    outer loop
      vertex 1.7236380703744243 1.7236380703744243 25.105929687499998
      vertex 1.218796167873051 2.111016886826371 25.158846354166663
      vertex 1.218796167873051 2.111016886826371 25.204486979166663
    endloop
  endfacet
  facet normal 0.6087614290087204 0.7933533402912354 0
    outer loop
      vertex 1.7236380703744243 1.7236380703744243 24.991828124999998
      vertex 1.218796167873051 2.111016886826371 25.158846354166663
      vertex 1.7236380703744243 1.7236380703744243 25.105929687499998
    endloop
  endfacet
  facet normal 0.6087614290087204 0.7933533402912354 0
    outer loop
      vertex 1.7236380703744243 1.7236380703744243 25.105929687499998
      vertex 1.218796167873051 2.111016886826371 25.204486979166663
      vertex 1.7236380703744243 1.7236380703744243 25.1515703125
    endloop
  endfacet
  facet normal 0.6087614290087204 0.7933533402912353 0
    outer loop
      vertex 1.7236380703744243 1.7236380703744243 25.1515703125
      vertex 1.218796167873051 2.111016886826371 25.204486979166663
      vertex 1.218796167873051 2.111016886826371 25.318588541666664
    endloop
  endfacet
  facet normal 0.6087614290087204 0.7933533402912353 0
    outer loop
      vertex 1.7236380703744243 1.7236380703744243 25.265671875
      vertex 1.218796167873051 2.111016886826371 25.318588541666664
      vertex 1.218796167873051 2.111016886826371 25.619999999999997
    endloop
  endfacet
  facet normal 0.6087614290087204 0.7933533402912354 0
    outer loop
      vertex 1.7236380703744243 1.7236380703744243 25.1515703125
      vertex 1.218796167873051 2.111016886826371 25.318588541666664
      vertex 1.7236380703744243 1.7236380703744243 25.265671875
    endloop
  endfacet
  facet normal 0.6087614290087204 0.7933533402912353 0
    outer loop
      vertex 1.7236380703744243 1.7236380703744243 25.265671875
      vertex 1.218796167873051 2.111016886826371 25.619999999999997
      vertex 1.7236380703744243 1.7236380703744243 25.619999999999997
    endloop
  endfacet
  facet normal 0.24588456713626827 0.44791363861253153 0.8596011586713297
    outer loop
      vertex 1.5625 2.7063293868263707 23.991041666666664
      vertex 0.8088095159453773 3.0185182071533383 24.04395833333333
      vertex 0.6308953206870292 2.3545333910614534 24.44083333333333
    endloop
  endfacet
  facet normal 0.4999883993175076 -0.006811915417751439 0.8660053108129637
    outer loop
      vertex 2.437592335746102 0 22.906249999999996
      vertex 3.125 0 22.509375
      vertex 2.3545333910614534 0.6308953206870292 22.959166666666665
    endloop
  endfacet
  facet normal 0.9914448613738104 0.1305261922200518 0
    outer loop
      vertex 2.437592335746102 0 22.906249999999996
      vertex 2.3545333910614534 0.6308953206870292 23.276666666666664
      vertex 2.437592335746102 0 23.22375
    endloop
  endfacet
  facet normal 0.9914448613738103 0.1305261922200518 0
    outer loop
      vertex 2.437592335746102 0 22.906249999999996
      vertex 2.3545333910614534 0.6308953206870292 22.959166666666665
      vertex 2.3545333910614534 0.6308953206870292 23.276666666666664
    endloop
  endfacet
  facet normal 0.9238795325112868 0.3826834323650898 0
    outer loop
      vertex 2.3545333910614534 0.6308953206870292 22.959166666666665
      vertex 2.111016886826371 1.218796167873051 23.329583333333332
      vertex 2.3545333910614534 0.6308953206870292 23.276666666666664
    endloop
  endfacet
  facet normal 0.4811886543019751 0.13598632510219372 -0.8660053108129617
    outer loop
      vertex 2.437592335746102 0 23.22375
      vertex 2.3545333910614534 0.6308953206870292 23.276666666666664
      vertex 3.0185182071533383 0.8088095159453773 23.673541666666665
    endloop
  endfacet
  facet normal 0.9238795325112868 0.3826834323650898 0
    outer loop
      vertex 2.3545333910614534 0.6308953206870292 22.959166666666665
      vertex 2.111016886826371 1.218796167873051 23.01208333333333
      vertex 2.111016886826371 1.218796167873051 23.329583333333332
    endloop
  endfacet
  facet normal 0.7933533402912354 0.6087614290087204 0
    outer loop
      vertex 1.7236380703744243 1.7236380703744243 23.064999999999998
      vertex 1.7236380703744243 1.7236380703744243 23.382499999999997
      vertex 2.111016886826371 1.218796167873051 23.01208333333333
    endloop
  endfacet
  facet normal 0.43640861311535545 0.24409490785854993 0.8660053108129637
    outer loop
      vertex 1.7236380703744243 1.7236380703744243 23.064999999999998
      vertex 2.111016886826371 1.218796167873051 23.01208333333333
      vertex 2.7063293868263707 1.5625 22.61520833333333
    endloop
  endfacet
  facet normal 0.4905894160600345 0.14285612643768264 0.8596011586713312
    outer loop
      vertex 2.111016886826371 1.218796167873051 23.01208333333333
      vertex 3.0185182071533383 0.8088095159453773 22.562291666666663
      vertex 2.7063293868263707 1.5625 22.61520833333333
    endloop
  endfacet
  facet normal 0.48471476118945567 0.12282671504519845 0.8660053108129618
    outer loop
      vertex 2.3545333910614534 0.6308953206870292 22.959166666666665
      vertex 3.0185182071533383 0.8088095159453773 22.562291666666663
      vertex 2.111016886826371 1.218796167873051 23.01208333333333
    endloop
  endfacet
  facet normal 0.7933533402912354 0.6087614290087204 0
    outer loop
      vertex 1.7236380703744243 1.7236380703744243 23.382499999999997
      vertex 2.111016886826371 1.218796167873051 23.329583333333332
      vertex 2.111016886826371 1.218796167873051 23.01208333333333
    endloop
  endfacet
  facet normal 0.348728436087262 0.3583619392567768 -0.8660053108129618
    outer loop
      vertex 1.7236380703744243 1.7236380703744243 23.382499999999997
      vertex 2.209708691207961 2.209708691207961 23.779374999999998
      vertex 2.111016886826371 1.218796167873051 23.329583333333332
    endloop
  endfacet
  facet normal 0.4295966976976039 0.25589349145895746 -0.8660053108129637
    outer loop
      vertex 2.3545333910614534 0.6308953206870292 23.276666666666664
      vertex 2.111016886826371 1.218796167873051 23.329583333333332
      vertex 2.7063293868263707 1.5625 23.72645833333333
    endloop
  endfacet
  facet normal 0.49058941606003753 0.142856126437684 0.8596011586713292
    outer loop
      vertex 3.0185182071533383 0.8088095159453773 23.832291666666663
      vertex 2.7063293868263707 1.5625 23.88520833333333
      vertex 2.111016886826371 1.218796167873051 24.282083333333333
    endloop
  endfacet
  facet normal 0.3690117426112923 0.353434833916922 -0.8596011586713312
    outer loop
      vertex 2.111016886826371 1.218796167873051 23.329583333333332
      vertex 2.209708691207961 2.209708691207961 23.779374999999998
      vertex 2.7063293868263707 1.5625 23.72645833333333
    endloop
  endfacet
  facet normal 0.9914448613738104 0.13052619222005174 0
    outer loop
      vertex 3.125 0 22.350624999999997
      vertex 3.0185182071533383 0.8088095159453773 22.562291666666663
      vertex 3.125 0 22.509375
    endloop
  endfacet
  facet normal 0.5108468733081089 0.011014537767717048 0.8596011586713296
    outer loop
      vertex 2.3545333910614534 0.6308953206870292 22.959166666666665
      vertex 3.125 0 22.509375
      vertex 3.0185182071533383 0.8088095159453773 22.562291666666663
    endloop
  endfacet
  facet normal 0.9914448613738105 0.1305261922200517 0
    outer loop
      vertex 3.0185182071533383 0.8088095159453773 22.403541666666666
      vertex 3.0185182071533383 0.8088095159453773 22.562291666666663
      vertex 3.125 0 22.350624999999997
    endloop
  endfacet
  facet normal 0.49629096035460485 0.12157767344874237 -0.8596011586713312
    outer loop
      vertex 2.437592335746102 0 23.22375
      vertex 3.0185182071533383 0.8088095159453773 23.673541666666665
      vertex 3.125 0 23.620624999999997
    endloop
  endfacet
  facet normal 0.9914448613738104 0.13052619222005174 0
    outer loop
      vertex 3.0185182071533383 0.8088095159453773 23.832291666666663
      vertex 3.125 0 23.779374999999998
      vertex 3.125 0 23.620624999999997
    endloop
  endfacet
  facet normal 0.5108468733081089 0.011014537767717124 0.8596011586713296
    outer loop
      vertex 3.0185182071533383 0.8088095159453773 23.832291666666663
      vertex 2.3545333910614534 0.6308953206870292 24.229166666666664
      vertex 3.125 0 23.779374999999998
    endloop
  endfacet
  facet normal 0.9914448613738105 0.1305261922200517 0
    outer loop
      vertex 3.0185182071533383 0.8088095159453773 23.673541666666665
      vertex 3.0185182071533383 0.8088095159453773 23.832291666666663
      vertex 3.125 0 23.620624999999997
    endloop
  endfacet
  facet normal 0.9238795325112868 0.3826834323650898 0
    outer loop
      vertex 3.0185182071533383 0.8088095159453773 22.403541666666666
      vertex 2.7063293868263707 1.5625 22.45645833333333
      vertex 2.7063293868263707 1.5625 22.61520833333333
    endloop
  endfacet
  facet normal 0.9238795325112867 0.38268343236508967 0
    outer loop
      vertex 3.0185182071533383 0.8088095159453773 22.403541666666666
      vertex 2.7063293868263707 1.5625 22.61520833333333
      vertex 3.0185182071533383 0.8088095159453773 22.562291666666663
    endloop
  endfacet
  facet normal 0.4479136386125315 0.24588456713626833 -0.8596011586713297
    outer loop
      vertex 2.3545333910614534 0.6308953206870292 23.276666666666664
      vertex 2.7063293868263707 1.5625 23.72645833333333
      vertex 3.0185182071533383 0.8088095159453773 23.673541666666665
    endloop
  endfacet
  facet normal 0.9238795325112868 0.3826834323650898 0
    outer loop
      vertex 3.0185182071533383 0.8088095159453773 23.673541666666665
      vertex 2.7063293868263707 1.5625 23.72645833333333
      vertex 2.7063293868263707 1.5625 23.88520833333333
    endloop
  endfacet
  facet normal 0.9238795325112867 0.38268343236508967 0
    outer loop
      vertex 3.0185182071533383 0.8088095159453773 23.673541666666665
      vertex 2.7063293868263707 1.5625 23.88520833333333
      vertex 3.0185182071533383 0.8088095159453773 23.832291666666663
    endloop
  endfacet
  facet normal 0.9914448613738104 0.1305261922200518 0
    outer loop
      vertex 2.437592335746102 0 24.176249999999996
      vertex 2.3545333910614534 0.6308953206870292 24.546666666666663
      vertex 2.437592335746102 0 24.49375
    endloop
  endfacet
  facet normal 0.9914448613738103 0.1305261922200518 0
    outer loop
      vertex 2.437592335746102 0 24.176249999999996
      vertex 2.3545333910614534 0.6308953206870292 24.229166666666664
      vertex 2.3545333910614534 0.6308953206870292 24.546666666666663
    endloop
  endfacet
  facet normal 0.4999883993175076 -0.006811915417751439 0.8660053108129637
    outer loop
      vertex 3.125 0 23.779374999999998
      vertex 2.3545333910614534 0.6308953206870292 24.229166666666664
      vertex 2.437592335746102 0 24.176249999999996
    endloop
  endfacet
  facet normal 0.9238795325112868 0.3826834323650898 0
    outer loop
      vertex 2.3545333910614534 0.6308953206870292 24.229166666666664
      vertex 2.111016886826371 1.218796167873051 24.59958333333333
      vertex 2.3545333910614534 0.6308953206870292 24.546666666666663
    endloop
  endfacet
  facet normal 0.4811886543019751 0.13598632510219372 -0.8660053108129617
    outer loop
      vertex 2.437592335746102 0 24.49375
      vertex 2.3545333910614534 0.6308953206870292 24.546666666666663
      vertex 3.0185182071533383 0.8088095159453773 24.943541666666665
    endloop
  endfacet
  facet normal 0.9914448613738105 0.1305261922200518 0
    outer loop
      vertex 2.437592335746102 0 25.44625
      vertex 2.3545333910614534 0.6308953206870292 25.619999999999997
      vertex 2.437592335746102 0 25.619999999999997
    endloop
  endfacet
  facet normal 0.9914448613738104 0.1305261922200518 0
    outer loop
      vertex 2.437592335746102 0 25.44625
      vertex 2.3545333910614534 0.6308953206870292 25.499166666666664
      vertex 2.3545333910614534 0.6308953206870292 25.619999999999997
    endloop
  endfacet
  facet normal 0.49998839931751105 -0.0068119154177459515 0.8660053108129618
    outer loop
      vertex 2.437592335746102 0 25.44625
      vertex 3.125 0 25.049374999999998
      vertex 2.3545333910614534 0.6308953206870292 25.499166666666664
    endloop
  endfacet
  facet normal 0.9238795325112866 0.3826834323650898 0
    outer loop
      vertex 2.3545333910614534 0.6308953206870292 25.499166666666664
      vertex 2.111016886826371 1.218796167873051 25.619999999999997
      vertex 2.3545333910614534 0.6308953206870292 25.619999999999997
    endloop
  endfacet
  facet normal 0.9238795325112868 0.3826834323650898 0
    outer loop
      vertex 2.3545333910614534 0.6308953206870292 24.229166666666664
      vertex 2.111016886826371 1.218796167873051 24.282083333333333
      vertex 2.111016886826371 1.218796167873051 24.59958333333333
    endloop
  endfacet
  facet normal 0.4364086131153556 0.24409490785855636 0.8660053108129617
    outer loop
      vertex 1.7236380703744243 1.7236380703744243 24.334999999999997
      vertex 2.111016886826371 1.218796167873051 24.282083333333333
      vertex 2.7063293868263707 1.5625 23.88520833333333
    endloop
  endfacet
  facet normal 0.7933533402912354 0.6087614290087204 0
    outer loop
      vertex 1.7236380703744243 1.7236380703744243 24.991828124999998
      vertex 2.111016886826371 1.218796167873051 24.59958333333333
      vertex 2.111016886826371 1.218796167873051 24.282083333333333
    endloop
  endfacet
  facet normal 0.7933533402912354 0.6087614290087204 0
    outer loop
      vertex 1.7236380703744243 1.7236380703744243 24.334999999999997
      vertex 1.7236380703744243 1.7236380703744243 24.991828124999998
      vertex 2.111016886826371 1.218796167873051 24.282083333333333
    endloop
  endfacet
  facet normal 0.4847147611894569 0.12282671504519373 0.8660053108129618
    outer loop
      vertex 3.0185182071533383 0.8088095159453773 23.832291666666663
      vertex 2.111016886826371 1.218796167873051 24.282083333333333
      vertex 2.3545333910614534 0.6308953206870292 24.229166666666664
    endloop
  endfacet
  facet normal 0.4295966976976039 0.25589349145895746 -0.8660053108129637
    outer loop
      vertex 2.3545333910614534 0.6308953206870292 24.546666666666663
      vertex 2.111016886826371 1.218796167873051 24.59958333333333
      vertex 2.7063293868263707 1.5625 24.99645833333333
    endloop
  endfacet
  facet normal 0.9238795325112867 0.3826834323650899 0
    outer loop
      vertex 2.3545333910614534 0.6308953206870292 25.499166666666664
      vertex 2.111016886826371 1.218796167873051 25.552083333333332
      vertex 2.111016886826371 1.218796167873051 25.619999999999997
    endloop
  endfacet
  facet normal 0.1120209554759927 0.6618550258299969 -0.741214699205176
    outer loop
      vertex 1.7236380703744243 1.7236380703744243 24.991828124999998
      vertex 2.7063293868263707 1.5625 24.99645833333333
      vertex 2.111016886826371 1.218796167873051 24.59958333333333
    endloop
  endfacet
  facet normal 0.16181525201656863 0.9868210700095609 0
    outer loop
      vertex 1.7236380703744243 1.7236380703744243 24.991828124999998
      vertex 1.7236380703744243 1.7236380703744243 25.105929687499998
      vertex 2.7063293868263707 1.5625 24.99645833333333
    endloop
  endfacet
  facet normal 0.1618152520165686 0.9868210700095608 0
    outer loop
      vertex 1.7236380703744243 1.7236380703744243 25.105929687499998
      vertex 1.7236380703744243 1.7236380703744243 25.1515703125
      vertex 2.7063293868263707 1.5625 24.99645833333333
    endloop
  endfacet
  facet normal 0.16181525201656863 0.9868210700095609 0
    outer loop
      vertex 1.7236380703744243 1.7236380703744243 25.1515703125
      vertex 1.7236380703744243 1.7236380703744243 25.265671875
      vertex 2.7063293868263707 1.5625 25.15520833333333
    endloop
  endfacet
  facet normal 0.7933533402912353 0.6087614290087203 0
    outer loop
      vertex 1.7236380703744243 1.7236380703744243 25.619999999999997
      vertex 2.111016886826371 1.218796167873051 25.619999999999997
      vertex 2.111016886826371 1.218796167873051 25.552083333333332
    endloop
  endfacet
  facet normal 0.7933533402912353 0.6087614290087204 0
    outer loop
      vertex 1.7236380703744243 1.7236380703744243 25.265671875
      vertex 1.7236380703744243 1.7236380703744243 25.619999999999997
      vertex 2.111016886826371 1.218796167873051 25.552083333333332
    endloop
  endfacet
  facet normal 0.18496938415190675 0.5884653118675464 0.7870799855510846
    outer loop
      vertex 1.7236380703744243 1.7236380703744243 25.265671875
      vertex 2.111016886826371 1.218796167873051 25.552083333333332
      vertex 2.7063293868263707 1.5625 25.15520833333333
    endloop
  endfacet
  facet normal 0.4847147611894569 0.12282671504519373 0.8660053108129618
    outer loop
      vertex 2.3545333910614534 0.6308953206870292 25.499166666666664
      vertex 3.0185182071533383 0.8088095159453773 25.102291666666662
      vertex 2.111016886826371 1.218796167873051 25.552083333333332
    endloop
  endfacet
  facet normal 0.4905894160600374 0.142856126437684 0.8596011586713292
    outer loop
      vertex 2.111016886826371 1.218796167873051 25.552083333333332
      vertex 3.0185182071533383 0.8088095159453773 25.102291666666662
      vertex 2.7063293868263707 1.5625 25.15520833333333
    endloop
  endfacet
  facet normal 0.16181525201656857 0.9868210700095608 0
    outer loop
      vertex 1.7236380703744243 1.7236380703744243 25.1515703125
      vertex 2.7063293868263707 1.5625 25.15520833333333
      vertex 2.7063293868263707 1.5625 24.99645833333333
    endloop
  endfacet
  facet normal 0.49629096035460485 0.12157767344874237 -0.8596011586713312
    outer loop
      vertex 2.437592335746102 0 24.49375
      vertex 3.0185182071533383 0.8088095159453773 24.943541666666665
      vertex 3.125 0 24.890624999999996
    endloop
  endfacet
  facet normal 0.9914448613738104 0.13052619222005174 0
    outer loop
      vertex 3.0185182071533383 0.8088095159453773 25.102291666666662
      vertex 3.125 0 25.049374999999998
      vertex 3.125 0 24.890624999999996
    endloop
  endfacet
  facet normal 0.5108468733081089 0.011014537767717048 0.8596011586713296
    outer loop
      vertex 2.3545333910614534 0.6308953206870292 25.499166666666664
      vertex 3.125 0 25.049374999999998
      vertex 3.0185182071533383 0.8088095159453773 25.102291666666662
    endloop
  endfacet
  facet normal 0.9914448613738105 0.1305261922200517 0
    outer loop
      vertex 3.0185182071533383 0.8088095159453773 24.943541666666665
      vertex 3.0185182071533383 0.8088095159453773 25.102291666666662
      vertex 3.125 0 24.890624999999996
    endloop
  endfacet
  facet normal 0.4479136386125315 0.24588456713626833 -0.8596011586713297
    outer loop
      vertex 2.3545333910614534 0.6308953206870292 24.546666666666663
      vertex 2.7063293868263707 1.5625 24.99645833333333
      vertex 3.0185182071533383 0.8088095159453773 24.943541666666665
    endloop
  endfacet
  facet normal 0.9238795325112868 0.3826834323650898 0
    outer loop
      vertex 3.0185182071533383 0.8088095159453773 24.943541666666665
      vertex 2.7063293868263707 1.5625 24.99645833333333
      vertex 2.7063293868263707 1.5625 25.15520833333333
    endloop
  endfacet
  facet normal 0.9238795325112867 0.38268343236508967 0
    outer loop
      vertex 3.0185182071533383 0.8088095159453773 24.943541666666665
      vertex 2.7063293868263707 1.5625 25.15520833333333
      vertex 3.0185182071533383 0.8088095159453773 25.102291666666662
    endloop
  endfacet
  facet normal 0.4368991008448145 0.2649623061718405 0.8596011586713296
    outer loop
      vertex 1.7236380703744243 1.7236380703744243 23.064999999999998
      vertex 2.7063293868263707 1.5625 22.61520833333333
      vertex 2.209708691207961 2.209708691207961 22.668124999999996
    endloop
  endfacet
  facet normal 0.6087614290087205 0.7933533402912353 0
    outer loop
      vertex 1.5625 2.7063293868263707 22.562291666666663
      vertex 1.5625 2.7063293868263707 22.721041666666665
      vertex 2.209708691207961 2.209708691207961 22.509375
    endloop
  endfacet
  facet normal 0.6087614290087205 0.7933533402912354 0
    outer loop
      vertex 1.5625 2.7063293868263707 22.721041666666665
      vertex 2.209708691207961 2.209708691207961 22.668124999999996
      vertex 2.209708691207961 2.209708691207961 22.509375
    endloop
  endfacet
  facet normal 0.7933533402912354 0.6087614290087205 0
    outer loop
      vertex 2.7063293868263707 1.5625 22.45645833333333
      vertex 2.209708691207961 2.209708691207961 22.509375
      vertex 2.209708691207961 2.209708691207961 22.668124999999996
    endloop
  endfacet
  facet normal 0.7933533402912353 0.6087614290087205 0
    outer loop
      vertex 2.7063293868263707 1.5625 22.45645833333333
      vertex 2.209708691207961 2.209708691207961 22.668124999999996
      vertex 2.7063293868263707 1.5625 22.61520833333333
    endloop
  endfacet
  facet normal 0.2649623061718405 0.4368991008448145 -0.8596011586713296
    outer loop
      vertex 1.7236380703744243 1.7236380703744243 23.382499999999997
      vertex 1.5625 2.7063293868263707 23.832291666666663
      vertex 2.209708691207961 2.209708691207961 23.779374999999998
    endloop
  endfacet
  facet normal 0.6087614290087205 0.7933533402912353 0
    outer loop
      vertex 1.5625 2.7063293868263707 23.832291666666663
      vertex 1.5625 2.7063293868263707 23.991041666666664
      vertex 2.209708691207961 2.209708691207961 23.779374999999998
    endloop
  endfacet
  facet normal 0.6087614290087205 0.7933533402912354 0
    outer loop
      vertex 1.5625 2.7063293868263707 23.991041666666664
      vertex 2.209708691207961 2.209708691207961 23.938124999999996
      vertex 2.209708691207961 2.209708691207961 23.779374999999998
    endloop
  endfacet
  facet normal 0.7933533402912354 0.6087614290087205 0
    outer loop
      vertex 2.7063293868263707 1.5625 23.72645833333333
      vertex 2.209708691207961 2.209708691207961 23.779374999999998
      vertex 2.209708691207961 2.209708691207961 23.938124999999996
    endloop
  endfacet
  facet normal 0.7933533402912353 0.6087614290087205 0
    outer loop
      vertex 2.7063293868263707 1.5625 23.72645833333333
      vertex 2.209708691207961 2.209708691207961 23.938124999999996
      vertex 2.7063293868263707 1.5625 23.88520833333333
    endloop
  endfacet
  facet normal 0.4368991008448145 0.2649623061718405 0.8596011586713296
    outer loop
      vertex 1.7236380703744243 1.7236380703744243 24.334999999999997
      vertex 2.7063293868263707 1.5625 23.88520833333333
      vertex 2.209708691207961 2.209708691207961 23.938124999999996
    endloop
  endfacet
  facet normal 0.6087614290087208 0.793353340291235 0
    outer loop
      vertex 9.580761184457488 -0.9192388155425119 0
      vertex 9.580761184457488 -0.9192388155425119 2.5
      vertex 9.85 -1.12583302491977 0
    endloop
  endfacet
  facet normal 0.9238795325112865 0.38268343236509045 0
    outer loop
      vertex 9.37416697508023 -0.65 0
      vertex 9.244296425824212 -0.33646475863327696 0
      vertex 9.244296425824212 -0.33646475863327696 2.5
    endloop
  endfacet
  facet normal 0.9914448613738099 0.13052619222005515 0
    outer loop
      vertex 9.244296425824212 -0.33646475863327696 0
      vertex 9.2 0 0
      vertex 9.2 0 2.5
    endloop
  endfacet
  facet normal 0.7933533402912363 0.6087614290087191 0
    outer loop
      vertex 9.580761184457488 -0.9192388155425119 0
      vertex 9.37416697508023 -0.65 0
      vertex 9.37416697508023 -0.65 2.5
    endloop
  endfacet
  facet normal 0.38268343236508967 0.923879532511287 0
    outer loop
      vertex 9.85 -1.12583302491977 0
      vertex 9.85 -1.12583302491977 2.5
      vertex 10.163535241366723 -1.255703574175789 0
    endloop
  endfacet
  facet normal 0.13052619222005146 0.9914448613738105 0
    outer loop
      vertex 10.163535241366723 -1.255703574175789 2.5
      vertex 10.5 -1.3 0
      vertex 10.163535241366723 -1.255703574175789 0
    endloop
  endfacet
  facet normal -0.13052619222005146 0.9914448613738105 0
    outer loop
      vertex 10.5 -1.3 2.5
      vertex 10.836464758633277 -1.255703574175789 0
      vertex 10.5 -1.3 0
    endloop
  endfacet
  facet normal 0.9914448613738099 0.13052619222005515 0
    outer loop
      vertex 9.244296425824212 -0.33646475863327696 0
      vertex 9.2 0 2.5
      vertex 9.244296425824212 -0.33646475863327696 2.5
    endloop
  endfacet
  facet normal 0.7933533402912363 0.6087614290087191 0
    outer loop
      vertex 9.580761184457488 -0.9192388155425119 0
      vertex 9.37416697508023 -0.65 2.5
      vertex 9.580761184457488 -0.9192388155425119 2.5
    endloop
  endfacet
  facet normal 0.9238795325112865 0.38268343236509045 0
    outer loop
      vertex 9.37416697508023 -0.65 0
      vertex 9.244296425824212 -0.33646475863327696 2.5
      vertex 9.37416697508023 -0.65 2.5
    endloop
  endfacet
  facet normal 0.6087614290087208 0.793353340291235 0
    outer loop
      vertex 9.85 -1.12583302491977 0
      vertex 9.580761184457488 -0.9192388155425119 2.5
      vertex 9.85 -1.12583302491977 2.5
    endloop
  endfacet
  facet normal 0.38268343236508967 0.923879532511287 0
    outer loop
      vertex 10.163535241366723 -1.255703574175789 2.5
      vertex 10.163535241366723 -1.255703574175789 0
      vertex 9.85 -1.12583302491977 2.5
    endloop
  endfacet
  facet normal 0.13052619222005146 0.9914448613738105 0
    outer loop
      vertex 10.5 -1.3 2.5
      vertex 10.5 -1.3 0
      vertex 10.163535241366723 -1.255703574175789 2.5
    endloop
  endfacet
  facet normal -0.38268343236508967 0.923879532511287 0
    outer loop
      vertex 10.836464758633277 -1.255703574175789 2.5
      vertex 11.15 -1.12583302491977 0
      vertex 10.836464758633277 -1.255703574175789 0
    endloop
  endfacet
  facet normal -0.6087614290087208 0.793353340291235 0
    outer loop
      vertex 11.419238815542512 -0.9192388155425119 0
      vertex 11.15 -1.12583302491977 0
      vertex 11.15 -1.12583302491977 2.5
    endloop
  endfacet
  facet normal -0.7933533402912363 0.6087614290087191 0
    outer loop
      vertex 11.419238815542512 -0.9192388155425119 0
      vertex 11.419238815542512 -0.9192388155425119 2.5
      vertex 11.62583302491977 -0.65 0
    endloop
  endfacet
  facet normal -0.9238795325112865 0.38268343236509045 0
    outer loop
      vertex 11.755703574175788 -0.33646475863327696 0
      vertex 11.62583302491977 -0.65 0
      vertex 11.62583302491977 -0.65 2.5
    endloop
  endfacet
  facet normal -0.9914448613738099 0.13052619222005515 0
    outer loop
      vertex 11.755703574175788 -0.33646475863327696 0
      vertex 11.755703574175788 -0.33646475863327696 2.5
      vertex 11.8 0 0
    endloop
  endfacet
  facet normal -0.13052619222005146 0.9914448613738105 0
    outer loop
      vertex 10.836464758633277 -1.255703574175789 2.5
      vertex 10.836464758633277 -1.255703574175789 0
      vertex 10.5 -1.3 2.5
    endloop
  endfacet
  facet normal -0.38268343236508967 0.923879532511287 0
    outer loop
      vertex 11.15 -1.12583302491977 2.5
      vertex 11.15 -1.12583302491977 0
      vertex 10.836464758633277 -1.255703574175789 2.5
    endloop
  endfacet
  facet normal -0.6087614290087208 0.793353340291235 0
    outer loop
      vertex 11.419238815542512 -0.9192388155425119 0
      vertex 11.15 -1.12583302491977 2.5
      vertex 11.419238815542512 -0.9192388155425119 2.5
    endloop
  endfacet
  facet normal -0.7933533402912363 0.6087614290087191 0
    outer loop
      vertex 11.62583302491977 -0.65 0
      vertex 11.419238815542512 -0.9192388155425119 2.5
      vertex 11.62583302491977 -0.65 2.5
    endloop
  endfacet
  facet normal -0.9238795325112865 0.38268343236509045 0
    outer loop
      vertex 11.755703574175788 -0.33646475863327696 0
      vertex 11.62583302491977 -0.65 2.5
      vertex 11.755703574175788 -0.33646475863327696 2.5
    endloop
  endfacet
  facet normal -0.9914448613738099 0.13052619222005515 0
    outer loop
      vertex 11.8 0 0
      vertex 11.755703574175788 -0.33646475863327696 2.5
      vertex 11.8 0 2.5
    endloop
  endfacet
  facet normal 0.9914448613738099 -0.13052619222005515 0
    outer loop
      vertex 9.2 0 0
      vertex 9.244296425824212 0.33646475863327696 0
      vertex 9.244296425824212 0.33646475863327696 2.5
    endloop
  endfacet
  facet normal 0.9238795325112865 -0.38268343236509045 0
    outer loop
      vertex 9.244296425824212 0.33646475863327696 0
      vertex 9.37416697508023 0.65 0
      vertex 9.37416697508023 0.65 2.5
    endloop
  endfacet
  facet normal 0.7933533402912363 -0.6087614290087191 0
    outer loop
      vertex 9.37416697508023 0.65 0
      vertex 9.580761184457488 0.9192388155425119 0
      vertex 9.580761184457488 0.9192388155425119 2.5
    endloop
  endfacet
  facet normal 0.6087614290087208 -0.793353340291235 0
    outer loop
      vertex 9.85 1.12583302491977 0
      vertex 9.85 1.12583302491977 2.5
      vertex 9.580761184457488 0.9192388155425119 0
    endloop
  endfacet
  facet normal 0.38268343236508967 -0.923879532511287 0
    outer loop
      vertex 10.163535241366723 1.255703574175789 2.5
      vertex 9.85 1.12583302491977 0
      vertex 10.163535241366723 1.255703574175789 0
    endloop
  endfacet
  facet normal 0.13052619222005146 -0.9914448613738105 0
    outer loop
      vertex 10.5 1.3 2.5
      vertex 10.163535241366723 1.255703574175789 0
      vertex 10.5 1.3 0
    endloop
  endfacet
  facet normal 0.9914448613738099 -0.13052619222005515 0
    outer loop
      vertex 9.2 0 0
      vertex 9.244296425824212 0.33646475863327696 2.5
      vertex 9.2 0 2.5
    endloop
  endfacet
  facet normal 0.9238795325112865 -0.38268343236509045 0
    outer loop
      vertex 9.244296425824212 0.33646475863327696 0
      vertex 9.37416697508023 0.65 2.5
      vertex 9.244296425824212 0.33646475863327696 2.5
    endloop
  endfacet
  facet normal 0.7933533402912363 -0.6087614290087191 0
    outer loop
      vertex 9.37416697508023 0.65 0
      vertex 9.580761184457488 0.9192388155425119 2.5
      vertex 9.37416697508023 0.65 2.5
    endloop
  endfacet
  facet normal 0.6087614290087208 -0.793353340291235 0
    outer loop
      vertex 9.580761184457488 0.9192388155425119 0
      vertex 9.85 1.12583302491977 2.5
      vertex 9.580761184457488 0.9192388155425119 2.5
    endloop
  endfacet
  facet normal 0.38268343236508967 -0.923879532511287 0
    outer loop
      vertex 9.85 1.12583302491977 0
      vertex 10.163535241366723 1.255703574175789 2.5
      vertex 9.85 1.12583302491977 2.5
    endloop
  endfacet
  facet normal 0.13052619222005146 -0.9914448613738105 0
    outer loop
      vertex 10.163535241366723 1.255703574175789 2.5
      vertex 10.163535241366723 1.255703574175789 0
      vertex 10.5 1.3 2.5
    endloop
  endfacet
  facet normal -0.13052619222005146 -0.9914448613738105 0
    outer loop
      vertex 10.5 1.3 2.5
      vertex 10.5 1.3 0
      vertex 10.836464758633277 1.255703574175789 2.5
    endloop
  endfacet
  facet normal -0.13052619222005146 -0.9914448613738105 0
    outer loop
      vertex 10.836464758633277 1.255703574175789 2.5
      vertex 10.5 1.3 0
      vertex 10.836464758633277 1.255703574175789 0
    endloop
  endfacet
  facet normal -0.38268343236508967 -0.923879532511287 0
    outer loop
      vertex 11.15 1.12583302491977 2.5
      vertex 10.836464758633277 1.255703574175789 0
      vertex 11.15 1.12583302491977 0
    endloop
  endfacet
  facet normal -0.6087614290087208 -0.793353340291235 0
    outer loop
      vertex 11.15 1.12583302491977 0
      vertex 11.419238815542512 0.9192388155425119 0
      vertex 11.419238815542512 0.9192388155425119 2.5
    endloop
  endfacet
  facet normal -0.9238795325112865 -0.38268343236509045 0
    outer loop
      vertex 11.62583302491977 0.65 0
      vertex 11.755703574175788 0.33646475863327696 0
      vertex 11.755703574175788 0.33646475863327696 2.5
    endloop
  endfacet
  facet normal -0.9914448613738099 -0.13052619222005515 0
    outer loop
      vertex 11.8 0 0
      vertex 11.8 0 2.5
      vertex 11.755703574175788 0.33646475863327696 0
    endloop
  endfacet
  facet normal -0.7933533402912363 -0.6087614290087191 0
    outer loop
      vertex 11.419238815542512 0.9192388155425119 0
      vertex 11.62583302491977 0.65 0
      vertex 11.62583302491977 0.65 2.5
    endloop
  endfacet
  facet normal -0.7933533402912363 -0.6087614290087191 0
    outer loop
      vertex 11.419238815542512 0.9192388155425119 0
      vertex 11.62583302491977 0.65 2.5
      vertex 11.419238815542512 0.9192388155425119 2.5
    endloop
  endfacet
  facet normal -0.38268343236508967 -0.923879532511287 0
    outer loop
      vertex 10.836464758633277 1.255703574175789 2.5
      vertex 10.836464758633277 1.255703574175789 0
      vertex 11.15 1.12583302491977 2.5
    endloop
  endfacet
  facet normal -0.6087614290087208 -0.793353340291235 0
    outer loop
      vertex 11.419238815542512 0.9192388155425119 2.5
      vertex 11.15 1.12583302491977 2.5
      vertex 11.15 1.12583302491977 0
    endloop
  endfacet
  facet normal -0.9914448613738099 -0.13052619222005515 0
    outer loop
      vertex 11.755703574175788 0.33646475863327696 0
      vertex 11.8 0 2.5
      vertex 11.755703574175788 0.33646475863327696 2.5
    endloop
  endfacet
  facet normal -0.9238795325112865 -0.38268343236509045 0
    outer loop
      vertex 11.62583302491977 0.65 0
      vertex 11.755703574175788 0.33646475863327696 2.5
      vertex 11.62583302491977 0.65 2.5
    endloop
  endfacet
  facet normal 0.7933533402912358 0.6087614290087198 0
    outer loop
      vertex 4.124166975080231 8.443266739736606 2.5
      vertex 4.330761184457488 8.174027924194094 0
      vertex 4.124166975080231 8.443266739736606 0
    endloop
  endfacet
  facet normal 0.6087614290087231 0.7933533402912333 0
    outer loop
      vertex 4.6 7.967433714816835 0
      vertex 4.330761184457488 8.174027924194094 0
      vertex 4.330761184457488 8.174027924194094 2.5
    endloop
  endfacet
  facet normal 0.9238795325112863 0.3826834323650907 0
    outer loop
      vertex 3.9942964258242113 8.75680198110333 2.5
      vertex 4.124166975080231 8.443266739736606 0
      vertex 3.9942964258242113 8.75680198110333 0
    endloop
  endfacet
  facet normal 0.3826834323650852 0.9238795325112887 0
    outer loop
      vertex 4.6 7.967433714816835 0
      vertex 4.6 7.967433714816835 2.5
      vertex 4.9135352413667235 7.837563165560818 0
    endloop
  endfacet
  facet normal 0.13052619222005274 0.9914448613738102 0
    outer loop
      vertex 4.9135352413667235 7.837563165560818 0
      vertex 4.9135352413667235 7.837563165560818 2.5
      vertex 5.25 7.793266739736606 0
    endloop
  endfacet
  facet normal 0.7933533402912358 0.6087614290087198 0
    outer loop
      vertex 4.124166975080231 8.443266739736606 2.5
      vertex 4.330761184457488 8.174027924194094 2.5
      vertex 4.330761184457488 8.174027924194094 0
    endloop
  endfacet
  facet normal 0.9238795325112863 0.3826834323650907 0
    outer loop
      vertex 3.9942964258242113 8.75680198110333 2.5
      vertex 4.124166975080231 8.443266739736606 2.5
      vertex 4.124166975080231 8.443266739736606 0
    endloop
  endfacet
  facet normal 0.3826834323650852 0.9238795325112887 0
    outer loop
      vertex 4.9135352413667235 7.837563165560818 0
      vertex 4.6 7.967433714816835 2.5
      vertex 4.9135352413667235 7.837563165560818 2.5
    endloop
  endfacet
  facet normal 0.13052619222005274 0.9914448613738102 0
    outer loop
      vertex 5.25 7.793266739736606 0
      vertex 4.9135352413667235 7.837563165560818 2.5
      vertex 5.25 7.793266739736606 2.5
    endloop
  endfacet
  facet normal 0.6087614290087231 0.7933533402912333 0
    outer loop
      vertex 4.6 7.967433714816835 0
      vertex 4.330761184457488 8.174027924194094 2.5
      vertex 4.6 7.967433714816835 2.5
    endloop
  endfacet
  facet normal 0.9914448613738105 0.13052619222005146 0
    outer loop
      vertex 3.95 9.093266739736606 2.5
      vertex 3.9942964258242113 8.75680198110333 0
      vertex 3.95 9.093266739736606 0
    endloop
  endfacet
  facet normal 0.9914448613738105 -0.13052619222005146 0
    outer loop
      vertex 3.9942964258242113 9.429731498369883 2.5
      vertex 3.95 9.093266739736606 0
      vertex 3.9942964258242113 9.429731498369883 0
    endloop
  endfacet
  facet normal 0.9238795325112873 -0.3826834323650885 0
    outer loop
      vertex 4.12416697508023 9.743266739736606 2.5
      vertex 3.9942964258242113 9.429731498369883 0
      vertex 4.12416697508023 9.743266739736606 0
    endloop
  endfacet
  facet normal 0.7933533402912345 -0.6087614290087214 0
    outer loop
      vertex 4.12416697508023 9.743266739736606 0
      vertex 4.330761184457488 10.012505555279118 0
      vertex 4.330761184457488 10.012505555279118 2.5
    endloop
  endfacet
  facet normal 0.6087614290087185 -0.7933533402912368 0
    outer loop
      vertex 4.6000000000000005 10.219099764656375 0
      vertex 4.6000000000000005 10.219099764656375 2.5
      vertex 4.330761184457488 10.012505555279118 0
    endloop
  endfacet
  facet normal 0.38268343236509145 -0.9238795325112861 0
    outer loop
      vertex 4.913535241366723 10.348970313912394 0
      vertex 4.913535241366723 10.348970313912394 2.5
      vertex 4.6000000000000005 10.219099764656375 0
    endloop
  endfacet
  facet normal 0.1305261922200447 -0.9914448613738114 0
    outer loop
      vertex 5.25 10.393266739736603 0
      vertex 5.25 10.393266739736603 2.5
      vertex 4.913535241366723 10.348970313912394 0
    endloop
  endfacet
  facet normal 0.9914448613738105 0.13052619222005146 0
    outer loop
      vertex 3.95 9.093266739736606 2.5
      vertex 3.9942964258242113 8.75680198110333 2.5
      vertex 3.9942964258242113 8.75680198110333 0
    endloop
  endfacet
  facet normal 0.9914448613738105 -0.13052619222005146 0
    outer loop
      vertex 3.9942964258242113 9.429731498369883 2.5
      vertex 3.95 9.093266739736606 2.5
      vertex 3.95 9.093266739736606 0
    endloop
  endfacet
  facet normal 0.9238795325112873 -0.3826834323650885 0
    outer loop
      vertex 4.12416697508023 9.743266739736606 2.5
      vertex 3.9942964258242113 9.429731498369883 2.5
      vertex 3.9942964258242113 9.429731498369883 0
    endloop
  endfacet
  facet normal 0.7933533402912345 -0.6087614290087214 0
    outer loop
      vertex 4.330761184457488 10.012505555279118 2.5
      vertex 4.12416697508023 9.743266739736606 2.5
      vertex 4.12416697508023 9.743266739736606 0
    endloop
  endfacet
  facet normal 0.6087614290087185 -0.7933533402912368 0
    outer loop
      vertex 4.330761184457488 10.012505555279118 0
      vertex 4.6000000000000005 10.219099764656375 2.5
      vertex 4.330761184457488 10.012505555279118 2.5
    endloop
  endfacet
  facet normal 0.38268343236509145 -0.9238795325112861 0
    outer loop
      vertex 4.6000000000000005 10.219099764656375 0
      vertex 4.913535241366723 10.348970313912394 2.5
      vertex 4.6000000000000005 10.219099764656375 2.5
    endloop
  endfacet
  facet normal 0.1305261922200447 -0.9914448613738114 0
    outer loop
      vertex 4.913535241366723 10.348970313912394 0
      vertex 5.25 10.393266739736603 2.5
      vertex 4.913535241366723 10.348970313912394 2.5
    endloop
  endfacet
  facet normal -0.13052619222004982 0.9914448613738106 0
    outer loop
      vertex 5.25 7.793266739736606 0
      vertex 5.25 7.793266739736606 2.5
      vertex 5.586464758633277 7.837563165560817 0
    endloop
  endfacet
  facet normal -0.38268343236509145 0.9238795325112861 0
    outer loop
      vertex 5.586464758633277 7.837563165560817 0
      vertex 5.586464758633277 7.837563165560817 2.5
      vertex 5.8999999999999995 7.967433714816836 0
    endloop
  endfacet
  facet normal -0.6087614290087169 0.793353340291238 0
    outer loop
      vertex 5.8999999999999995 7.967433714816836 0
      vertex 5.8999999999999995 7.967433714816836 2.5
      vertex 6.169238815542512 8.174027924194093 0
    endloop
  endfacet
  facet normal -0.7933533402912365 0.608761429008719 0
    outer loop
      vertex 6.169238815542512 8.174027924194093 0
      vertex 6.169238815542512 8.174027924194093 2.5
      vertex 6.37583302491977 8.443266739736606 0
    endloop
  endfacet
  facet normal -0.923879532511287 0.3826834323650893 0
    outer loop
      vertex 6.505703574175788 8.756801981103328 0
      vertex 6.37583302491977 8.443266739736606 0
      vertex 6.37583302491977 8.443266739736606 2.5
    endloop
  endfacet
  facet normal -0.13052619222004982 0.9914448613738106 0
    outer loop
      vertex 5.586464758633277 7.837563165560817 0
      vertex 5.25 7.793266739736606 2.5
      vertex 5.586464758633277 7.837563165560817 2.5
    endloop
  endfacet
  facet normal -0.38268343236509145 0.9238795325112861 0
    outer loop
      vertex 5.8999999999999995 7.967433714816836 0
      vertex 5.586464758633277 7.837563165560817 2.5
      vertex 5.8999999999999995 7.967433714816836 2.5
    endloop
  endfacet
  facet normal -0.6087614290087169 0.793353340291238 0
    outer loop
      vertex 6.169238815542512 8.174027924194093 0
      vertex 5.8999999999999995 7.967433714816836 2.5
      vertex 6.169238815542512 8.174027924194093 2.5
    endloop
  endfacet
  facet normal -0.7933533402912365 0.608761429008719 0
    outer loop
      vertex 6.37583302491977 8.443266739736606 0
      vertex 6.169238815542512 8.174027924194093 2.5
      vertex 6.37583302491977 8.443266739736606 2.5
    endloop
  endfacet
  facet normal -0.923879532511287 0.3826834323650893 0
    outer loop
      vertex 6.505703574175788 8.756801981103328 0
      vertex 6.37583302491977 8.443266739736606 2.5
      vertex 6.505703574175788 8.756801981103328 2.5
    endloop
  endfacet
  facet normal -0.13052619222005016 -0.9914448613738106 0
    outer loop
      vertex 5.5864647586332765 10.348970313912393 0
      vertex 5.5864647586332765 10.348970313912393 2.5
      vertex 5.25 10.393266739736603 0
    endloop
  endfacet
  facet normal -0.6087614290087231 -0.7933533402912333 0
    outer loop
      vertex 6.169238815542512 10.012505555279116 0
      vertex 6.169238815542512 10.012505555279116 2.5
      vertex 5.9 10.219099764656375 0
    endloop
  endfacet
  facet normal -0.3826834323650852 -0.9238795325112887 0
    outer loop
      vertex 5.9 10.219099764656375 0
      vertex 5.9 10.219099764656375 2.5
      vertex 5.5864647586332765 10.348970313912393 0
    endloop
  endfacet
  facet normal -0.9914448613738102 0.13052619222005274 0
    outer loop
      vertex 6.55 9.093266739736604 0
      vertex 6.505703574175788 8.756801981103328 0
      vertex 6.505703574175788 8.756801981103328 2.5
    endloop
  endfacet
  facet normal -0.9914448613738106 -0.13052619222005016 0
    outer loop
      vertex 6.505703574175789 9.42973149836988 0
      vertex 6.55 9.093266739736604 0
      vertex 6.55 9.093266739736604 2.5
    endloop
  endfacet
  facet normal -0.923879532511286 -0.3826834323650919 0
    outer loop
      vertex 6.375833024919769 9.743266739736605 0
      vertex 6.505703574175789 9.42973149836988 0
      vertex 6.505703574175789 9.42973149836988 2.5
    endloop
  endfacet
  facet normal -0.7933533402912358 -0.6087614290087198 0
    outer loop
      vertex 6.169238815542512 10.012505555279116 0
      vertex 6.375833024919769 9.743266739736605 0
      vertex 6.375833024919769 9.743266739736605 2.5
    endloop
  endfacet
  facet normal -0.13052619222005016 -0.9914448613738106 0
    outer loop
      vertex 5.25 10.393266739736603 0
      vertex 5.5864647586332765 10.348970313912393 2.5
      vertex 5.25 10.393266739736603 2.5
    endloop
  endfacet
  facet normal -0.3826834323650852 -0.9238795325112887 0
    outer loop
      vertex 5.5864647586332765 10.348970313912393 0
      vertex 5.9 10.219099764656375 2.5
      vertex 5.5864647586332765 10.348970313912393 2.5
    endloop
  endfacet
  facet normal -0.6087614290087231 -0.7933533402912333 0
    outer loop
      vertex 5.9 10.219099764656375 0
      vertex 6.169238815542512 10.012505555279116 2.5
      vertex 5.9 10.219099764656375 2.5
    endloop
  endfacet
  facet normal -0.9914448613738102 0.13052619222005274 0
    outer loop
      vertex 6.55 9.093266739736604 0
      vertex 6.505703574175788 8.756801981103328 2.5
      vertex 6.55 9.093266739736604 2.5
    endloop
  endfacet
  facet normal -0.923879532511286 -0.3826834323650919 0
    outer loop
      vertex 6.375833024919769 9.743266739736605 0
      vertex 6.505703574175789 9.42973149836988 2.5
      vertex 6.375833024919769 9.743266739736605 2.5
    endloop
  endfacet
  facet normal -0.9914448613738106 -0.13052619222005016 0
    outer loop
      vertex 6.505703574175789 9.42973149836988 0
      vertex 6.55 9.093266739736604 2.5
      vertex 6.505703574175789 9.42973149836988 2.5
    endloop
  endfacet
  facet normal -0.7933533402912358 -0.6087614290087198 0
    outer loop
      vertex 6.169238815542512 10.012505555279116 0
      vertex 6.375833024919769 9.743266739736605 2.5
      vertex 6.169238815542512 10.012505555279116 2.5
    endloop
  endfacet
  facet normal 0.7933533402912365 0.608761429008719 0
    outer loop
      vertex -6.169238815542512 8.174027924194093 0
      vertex -6.37583302491977 8.443266739736606 0
      vertex -6.37583302491977 8.443266739736606 2.5
    endloop
  endfacet
  facet normal 0.923879532511287 0.3826834323650893 0
    outer loop
      vertex -6.37583302491977 8.443266739736606 0
      vertex -6.505703574175788 8.756801981103328 0
      vertex -6.505703574175788 8.756801981103328 2.5
    endloop
  endfacet
  facet normal 0.38268343236509145 0.9238795325112861 0
    outer loop
      vertex -5.8999999999999995 7.967433714816836 0
      vertex -5.8999999999999995 7.967433714816836 2.5
      vertex -5.586464758633277 7.837563165560817 0
    endloop
  endfacet
  facet normal 0.13052619222004982 0.9914448613738106 0
    outer loop
      vertex -5.586464758633277 7.837563165560817 0
      vertex -5.586464758633277 7.837563165560817 2.5
      vertex -5.25 7.793266739736606 0
    endloop
  endfacet
  facet normal 0.6087614290087169 0.793353340291238 0
    outer loop
      vertex -5.8999999999999995 7.967433714816836 0
      vertex -6.169238815542512 8.174027924194093 0
      vertex -6.169238815542512 8.174027924194093 2.5
    endloop
  endfacet
  facet normal 0.7933533402912365 0.608761429008719 0
    outer loop
      vertex -6.169238815542512 8.174027924194093 0
      vertex -6.37583302491977 8.443266739736606 2.5
      vertex -6.169238815542512 8.174027924194093 2.5
    endloop
  endfacet
  facet normal 0.923879532511287 0.3826834323650893 0
    outer loop
      vertex -6.37583302491977 8.443266739736606 0
      vertex -6.505703574175788 8.756801981103328 2.5
      vertex -6.37583302491977 8.443266739736606 2.5
    endloop
  endfacet
  facet normal 0.38268343236509145 0.9238795325112861 0
    outer loop
      vertex -5.586464758633277 7.837563165560817 0
      vertex -5.8999999999999995 7.967433714816836 2.5
      vertex -5.586464758633277 7.837563165560817 2.5
    endloop
  endfacet
  facet normal 0.13052619222004982 0.9914448613738106 0
    outer loop
      vertex -5.25 7.793266739736606 0
      vertex -5.586464758633277 7.837563165560817 2.5
      vertex -5.25 7.793266739736606 2.5
    endloop
  endfacet
  facet normal 0.6087614290087169 0.793353340291238 0
    outer loop
      vertex -5.8999999999999995 7.967433714816836 0
      vertex -6.169238815542512 8.174027924194093 2.5
      vertex -5.8999999999999995 7.967433714816836 2.5
    endloop
  endfacet
  facet normal 0.9914448613738102 0.13052619222005274 0
    outer loop
      vertex -6.505703574175788 8.756801981103328 0
      vertex -6.55 9.093266739736604 0
      vertex -6.55 9.093266739736604 2.5
    endloop
  endfacet
  facet normal 0.9914448613738106 -0.13052619222005016 0
    outer loop
      vertex -6.55 9.093266739736604 0
      vertex -6.505703574175789 9.42973149836988 0
      vertex -6.505703574175789 9.42973149836988 2.5
    endloop
  endfacet
  facet normal 0.923879532511286 -0.3826834323650919 0
    outer loop
      vertex -6.505703574175789 9.42973149836988 0
      vertex -6.375833024919769 9.743266739736605 0
      vertex -6.375833024919769 9.743266739736605 2.5
    endloop
  endfacet
  facet normal 0.7933533402912358 -0.6087614290087198 0
    outer loop
      vertex -6.375833024919769 9.743266739736605 0
      vertex -6.169238815542512 10.012505555279116 0
      vertex -6.169238815542512 10.012505555279116 2.5
    endloop
  endfacet
  facet normal 0.6087614290087231 -0.7933533402912333 0
    outer loop
      vertex -5.9 10.219099764656375 0
      vertex -5.9 10.219099764656375 2.5
      vertex -6.169238815542512 10.012505555279116 0
    endloop
  endfacet
  facet normal 0.3826834323650852 -0.9238795325112887 0
    outer loop
      vertex -5.5864647586332765 10.348970313912393 0
      vertex -5.5864647586332765 10.348970313912393 2.5
      vertex -5.9 10.219099764656375 0
    endloop
  endfacet
  facet normal 0.13052619222005016 -0.9914448613738106 0
    outer loop
      vertex -5.25 10.393266739736603 0
      vertex -5.25 10.393266739736603 2.5
      vertex -5.5864647586332765 10.348970313912393 0
    endloop
  endfacet
  facet normal 0.9914448613738102 0.13052619222005274 0
    outer loop
      vertex -6.505703574175788 8.756801981103328 0
      vertex -6.55 9.093266739736604 2.5
      vertex -6.505703574175788 8.756801981103328 2.5
    endloop
  endfacet
  facet normal 0.9914448613738106 -0.13052619222005016 0
    outer loop
      vertex -6.55 9.093266739736604 0
      vertex -6.505703574175789 9.42973149836988 2.5
      vertex -6.55 9.093266739736604 2.5
    endloop
  endfacet
  facet normal 0.923879532511286 -0.3826834323650919 0
    outer loop
      vertex -6.505703574175789 9.42973149836988 0
      vertex -6.375833024919769 9.743266739736605 2.5
      vertex -6.505703574175789 9.42973149836988 2.5
    endloop
  endfacet
  facet normal 0.7933533402912358 -0.6087614290087198 0
    outer loop
      vertex -6.375833024919769 9.743266739736605 0
      vertex -6.169238815542512 10.012505555279116 2.5
      vertex -6.375833024919769 9.743266739736605 2.5
    endloop
  endfacet
  facet normal 0.6087614290087231 -0.7933533402912333 0
    outer loop
      vertex -6.169238815542512 10.012505555279116 0
      vertex -5.9 10.219099764656375 2.5
      vertex -6.169238815542512 10.012505555279116 2.5
    endloop
  endfacet
  facet normal 0.3826834323650852 -0.9238795325112887 0
    outer loop
      vertex -5.9 10.219099764656375 0
      vertex -5.5864647586332765 10.348970313912393 2.5
      vertex -5.9 10.219099764656375 2.5
    endloop
  endfacet
  facet normal 0.13052619222005016 -0.9914448613738106 0
    outer loop
      vertex -5.5864647586332765 10.348970313912393 0
      vertex -5.25 10.393266739736603 2.5
      vertex -5.5864647586332765 10.348970313912393 2.5
    endloop
  endfacet
  facet normal -0.13052619222005274 0.9914448613738102 0
    outer loop
      vertex -5.25 7.793266739736606 0
      vertex -5.25 7.793266739736606 2.5
      vertex -4.9135352413667235 7.837563165560818 0
    endloop
  endfacet
  facet normal -0.3826834323650852 0.9238795325112887 0
    outer loop
      vertex -4.9135352413667235 7.837563165560818 0
      vertex -4.9135352413667235 7.837563165560818 2.5
      vertex -4.6 7.967433714816835 0
    endloop
  endfacet
  facet normal -0.6087614290087231 0.7933533402912333 0
    outer loop
      vertex -4.6 7.967433714816835 0
      vertex -4.6 7.967433714816835 2.5
      vertex -4.330761184457488 8.174027924194094 0
    endloop
  endfacet
  facet normal -0.7933533402912358 0.6087614290087198 0
    outer loop
      vertex -4.330761184457488 8.174027924194094 0
      vertex -4.330761184457488 8.174027924194094 2.5
      vertex -4.124166975080231 8.443266739736606 0
    endloop
  endfacet
  facet normal -0.9238795325112863 0.3826834323650907 0
    outer loop
      vertex -3.9942964258242113 8.75680198110333 0
      vertex -4.124166975080231 8.443266739736606 0
      vertex -4.124166975080231 8.443266739736606 2.5
    endloop
  endfacet
  facet normal -0.13052619222005274 0.9914448613738102 0
    outer loop
      vertex -4.9135352413667235 7.837563165560818 0
      vertex -5.25 7.793266739736606 2.5
      vertex -4.9135352413667235 7.837563165560818 2.5
    endloop
  endfacet
  facet normal -0.3826834323650852 0.9238795325112887 0
    outer loop
      vertex -4.6 7.967433714816835 0
      vertex -4.9135352413667235 7.837563165560818 2.5
      vertex -4.6 7.967433714816835 2.5
    endloop
  endfacet
  facet normal -0.6087614290087231 0.7933533402912333 0
    outer loop
      vertex -4.330761184457488 8.174027924194094 0
      vertex -4.6 7.967433714816835 2.5
      vertex -4.330761184457488 8.174027924194094 2.5
    endloop
  endfacet
  facet normal -0.7933533402912358 0.6087614290087198 0
    outer loop
      vertex -4.124166975080231 8.443266739736606 0
      vertex -4.330761184457488 8.174027924194094 2.5
      vertex -4.124166975080231 8.443266739736606 2.5
    endloop
  endfacet
  facet normal -0.9238795325112863 0.3826834323650907 0
    outer loop
      vertex -3.9942964258242113 8.75680198110333 0
      vertex -4.124166975080231 8.443266739736606 2.5
      vertex -3.9942964258242113 8.75680198110333 2.5
    endloop
  endfacet
  facet normal -0.1305261922200447 -0.9914448613738114 0
    outer loop
      vertex -4.913535241366723 10.348970313912394 0
      vertex -4.913535241366723 10.348970313912394 2.5
      vertex -5.25 10.393266739736603 0
    endloop
  endfacet
  facet normal -0.38268343236509145 -0.9238795325112861 0
    outer loop
      vertex -4.6000000000000005 10.219099764656375 0
      vertex -4.6000000000000005 10.219099764656375 2.5
      vertex -4.913535241366723 10.348970313912394 0
    endloop
  endfacet
  facet normal -0.9238795325112873 -0.3826834323650885 0
    outer loop
      vertex -4.12416697508023 9.743266739736606 0
      vertex -3.9942964258242113 9.429731498369883 0
      vertex -3.9942964258242113 9.429731498369883 2.5
    endloop
  endfacet
  facet normal -0.9914448613738105 0.13052619222005146 0
    outer loop
      vertex -3.95 9.093266739736606 0
      vertex -3.9942964258242113 8.75680198110333 0
      vertex -3.9942964258242113 8.75680198110333 2.5
    endloop
  endfacet
  facet normal -0.9914448613738105 -0.13052619222005146 0
    outer loop
      vertex -3.9942964258242113 9.429731498369883 0
      vertex -3.95 9.093266739736606 0
      vertex -3.95 9.093266739736606 2.5
    endloop
  endfacet
  facet normal -0.6087614290087185 -0.7933533402912368 0
    outer loop
      vertex -4.330761184457488 10.012505555279118 0
      vertex -4.330761184457488 10.012505555279118 2.5
      vertex -4.6000000000000005 10.219099764656375 0
    endloop
  endfacet
  facet normal -0.7933533402912345 -0.6087614290087214 0
    outer loop
      vertex -4.330761184457488 10.012505555279118 0
      vertex -4.12416697508023 9.743266739736606 0
      vertex -4.12416697508023 9.743266739736606 2.5
    endloop
  endfacet
  facet normal -0.1305261922200447 -0.9914448613738114 0
    outer loop
      vertex -5.25 10.393266739736603 0
      vertex -4.913535241366723 10.348970313912394 2.5
      vertex -5.25 10.393266739736603 2.5
    endloop
  endfacet
  facet normal -0.6087614290087185 -0.7933533402912368 0
    outer loop
      vertex -4.6000000000000005 10.219099764656375 0
      vertex -4.330761184457488 10.012505555279118 2.5
      vertex -4.6000000000000005 10.219099764656375 2.5
    endloop
  endfacet
  facet normal -0.38268343236509145 -0.9238795325112861 0
    outer loop
      vertex -4.913535241366723 10.348970313912394 0
      vertex -4.6000000000000005 10.219099764656375 2.5
      vertex -4.913535241366723 10.348970313912394 2.5
    endloop
  endfacet
  facet normal -0.9238795325112873 -0.3826834323650885 0
    outer loop
      vertex -4.12416697508023 9.743266739736606 0
      vertex -3.9942964258242113 9.429731498369883 2.5
      vertex -4.12416697508023 9.743266739736606 2.5
    endloop
  endfacet
  facet normal -0.9914448613738105 0.13052619222005146 0
    outer loop
      vertex -3.95 9.093266739736606 0
      vertex -3.9942964258242113 8.75680198110333 2.5
      vertex -3.95 9.093266739736606 2.5
    endloop
  endfacet
  facet normal -0.9914448613738105 -0.13052619222005146 0
    outer loop
      vertex -3.9942964258242113 9.429731498369883 0
      vertex -3.95 9.093266739736606 2.5
      vertex -3.9942964258242113 9.429731498369883 2.5
    endloop
  endfacet
  facet normal -0.7933533402912345 -0.6087614290087214 0
    outer loop
      vertex -4.330761184457488 10.012505555279118 0
      vertex -4.12416697508023 9.743266739736606 2.5
      vertex -4.330761184457488 10.012505555279118 2.5
    endloop
  endfacet
  facet normal 0.7933533402912363 0.6087614290087191 0
    outer loop
      vertex -11.62583302491977 -0.65 2.5
      vertex -11.419238815542512 -0.9192388155425119 0
      vertex -11.62583302491977 -0.65 0
    endloop
  endfacet
  facet normal 0.9914448613738099 0.13052619222005515 0
    outer loop
      vertex -11.8 0 2.5
      vertex -11.755703574175788 -0.33646475863327696 0
      vertex -11.8 0 0
    endloop
  endfacet
  facet normal 0.9238795325112865 0.38268343236509045 0
    outer loop
      vertex -11.755703574175788 -0.33646475863327696 2.5
      vertex -11.62583302491977 -0.65 0
      vertex -11.755703574175788 -0.33646475863327696 0
    endloop
  endfacet
  facet normal 0.6087614290087208 0.793353340291235 0
    outer loop
      vertex -11.419238815542512 -0.9192388155425119 0
      vertex -11.419238815542512 -0.9192388155425119 2.5
      vertex -11.15 -1.12583302491977 0
    endloop
  endfacet
  facet normal 0.38268343236508967 0.923879532511287 0
    outer loop
      vertex -11.15 -1.12583302491977 0
      vertex -11.15 -1.12583302491977 2.5
      vertex -10.836464758633277 -1.255703574175789 0
    endloop
  endfacet
  facet normal 0.13052619222005146 0.9914448613738105 0
    outer loop
      vertex -10.836464758633277 -1.255703574175789 0
      vertex -10.836464758633277 -1.255703574175789 2.5
      vertex -10.5 -1.3 0
    endloop
  endfacet
  facet normal 0.9238795325112865 0.38268343236509045 0
    outer loop
      vertex -11.755703574175788 -0.33646475863327696 2.5
      vertex -11.62583302491977 -0.65 2.5
      vertex -11.62583302491977 -0.65 0
    endloop
  endfacet
  facet normal 0.9914448613738099 0.13052619222005515 0
    outer loop
      vertex -11.8 0 2.5
      vertex -11.755703574175788 -0.33646475863327696 2.5
      vertex -11.755703574175788 -0.33646475863327696 0
    endloop
  endfacet
  facet normal 0.6087614290087208 0.793353340291235 0
    outer loop
      vertex -11.419238815542512 -0.9192388155425119 2.5
      vertex -11.15 -1.12583302491977 2.5
      vertex -11.15 -1.12583302491977 0
    endloop
  endfacet
  facet normal 0.38268343236508967 0.923879532511287 0
    outer loop
      vertex -10.836464758633277 -1.255703574175789 0
      vertex -11.15 -1.12583302491977 2.5
      vertex -10.836464758633277 -1.255703574175789 2.5
    endloop
  endfacet
  facet normal 0.7933533402912363 0.6087614290087191 0
    outer loop
      vertex -11.62583302491977 -0.65 2.5
      vertex -11.419238815542512 -0.9192388155425119 2.5
      vertex -11.419238815542512 -0.9192388155425119 0
    endloop
  endfacet
  facet normal -0.13052619222005146 0.9914448613738105 0
    outer loop
      vertex -10.5 -1.3 0
      vertex -10.5 -1.3 2.5
      vertex -10.163535241366723 -1.255703574175789 0
    endloop
  endfacet
  facet normal -0.38268343236508967 0.923879532511287 0
    outer loop
      vertex -10.163535241366723 -1.255703574175789 0
      vertex -10.163535241366723 -1.255703574175789 2.5
      vertex -9.85 -1.12583302491977 0
    endloop
  endfacet
  facet normal -0.6087614290087208 0.793353340291235 0
    outer loop
      vertex -9.85 -1.12583302491977 2.5
      vertex -9.580761184457488 -0.9192388155425119 0
      vertex -9.85 -1.12583302491977 0
    endloop
  endfacet
  facet normal -0.7933533402912363 0.6087614290087191 0
    outer loop
      vertex -9.580761184457488 -0.9192388155425119 0
      vertex -9.580761184457488 -0.9192388155425119 2.5
      vertex -9.37416697508023 -0.65 0
    endloop
  endfacet
  facet normal -0.9238795325112865 0.38268343236509045 0
    outer loop
      vertex -9.37416697508023 -0.65 2.5
      vertex -9.244296425824212 -0.33646475863327696 0
      vertex -9.37416697508023 -0.65 0
    endloop
  endfacet
  facet normal -0.9914448613738099 0.13052619222005515 0
    outer loop
      vertex -9.244296425824212 -0.33646475863327696 0
      vertex -9.244296425824212 -0.33646475863327696 2.5
      vertex -9.2 0 0
    endloop
  endfacet
  facet normal 0.13052619222005146 0.9914448613738105 0
    outer loop
      vertex -10.5 -1.3 0
      vertex -10.836464758633277 -1.255703574175789 2.5
      vertex -10.5 -1.3 2.5
    endloop
  endfacet
  facet normal -0.13052619222005146 0.9914448613738105 0
    outer loop
      vertex -10.163535241366723 -1.255703574175789 0
      vertex -10.5 -1.3 2.5
      vertex -10.163535241366723 -1.255703574175789 2.5
    endloop
  endfacet
  facet normal -0.38268343236508967 0.923879532511287 0
    outer loop
      vertex -9.85 -1.12583302491977 2.5
      vertex -9.85 -1.12583302491977 0
      vertex -10.163535241366723 -1.255703574175789 2.5
    endloop
  endfacet
  facet normal -0.6087614290087208 0.793353340291235 0
    outer loop
      vertex -9.580761184457488 -0.9192388155425119 2.5
      vertex -9.580761184457488 -0.9192388155425119 0
      vertex -9.85 -1.12583302491977 2.5
    endloop
  endfacet
  facet normal -0.7933533402912363 0.6087614290087191 0
    outer loop
      vertex -9.580761184457488 -0.9192388155425119 2.5
      vertex -9.37416697508023 -0.65 2.5
      vertex -9.37416697508023 -0.65 0
    endloop
  endfacet
  facet normal -0.9238795325112865 0.38268343236509045 0
    outer loop
      vertex -9.37416697508023 -0.65 2.5
      vertex -9.244296425824212 -0.33646475863327696 2.5
      vertex -9.244296425824212 -0.33646475863327696 0
    endloop
  endfacet
  facet normal -0.9914448613738099 0.13052619222005515 0
    outer loop
      vertex -9.244296425824212 -0.33646475863327696 2.5
      vertex -9.2 0 2.5
      vertex -9.2 0 0
    endloop
  endfacet
  facet normal 0.9914448613738099 -0.13052619222005515 0
    outer loop
      vertex -11.755703574175788 0.33646475863327696 2.5
      vertex -11.8 0 0
      vertex -11.755703574175788 0.33646475863327696 0
    endloop
  endfacet
  facet normal 0.9238795325112865 -0.38268343236509045 0
    outer loop
      vertex -11.62583302491977 0.65 2.5
      vertex -11.755703574175788 0.33646475863327696 0
      vertex -11.62583302491977 0.65 0
    endloop
  endfacet
  facet normal 0.7933533402912363 -0.6087614290087191 0
    outer loop
      vertex -11.419238815542512 0.9192388155425119 2.5
      vertex -11.62583302491977 0.65 0
      vertex -11.419238815542512 0.9192388155425119 0
    endloop
  endfacet
  facet normal 0.6087614290087208 -0.793353340291235 0
    outer loop
      vertex -11.419238815542512 0.9192388155425119 0
      vertex -11.15 1.12583302491977 0
      vertex -11.15 1.12583302491977 2.5
    endloop
  endfacet
  facet normal 0.38268343236508967 -0.923879532511287 0
    outer loop
      vertex -10.836464758633277 1.255703574175789 0
      vertex -10.836464758633277 1.255703574175789 2.5
      vertex -11.15 1.12583302491977 0
    endloop
  endfacet
  facet normal 0.9914448613738099 -0.13052619222005515 0
    outer loop
      vertex -11.755703574175788 0.33646475863327696 2.5
      vertex -11.8 0 2.5
      vertex -11.8 0 0
    endloop
  endfacet
  facet normal 0.9238795325112865 -0.38268343236509045 0
    outer loop
      vertex -11.62583302491977 0.65 2.5
      vertex -11.755703574175788 0.33646475863327696 2.5
      vertex -11.755703574175788 0.33646475863327696 0
    endloop
  endfacet
  facet normal 0.7933533402912363 -0.6087614290087191 0
    outer loop
      vertex -11.419238815542512 0.9192388155425119 2.5
      vertex -11.62583302491977 0.65 2.5
      vertex -11.62583302491977 0.65 0
    endloop
  endfacet
  facet normal 0.6087614290087208 -0.793353340291235 0
    outer loop
      vertex -11.419238815542512 0.9192388155425119 0
      vertex -11.15 1.12583302491977 2.5
      vertex -11.419238815542512 0.9192388155425119 2.5
    endloop
  endfacet
  facet normal 0.38268343236508967 -0.923879532511287 0
    outer loop
      vertex -11.15 1.12583302491977 0
      vertex -10.836464758633277 1.255703574175789 2.5
      vertex -11.15 1.12583302491977 2.5
    endloop
  endfacet
  facet normal 0.13052619222005146 -0.9914448613738105 0
    outer loop
      vertex -10.836464758633277 1.255703574175789 0
      vertex -10.5 1.3 2.5
      vertex -10.836464758633277 1.255703574175789 2.5
    endloop
  endfacet
  facet normal 0.13052619222005146 -0.9914448613738105 0
    outer loop
      vertex -10.5 1.3 0
      vertex -10.5 1.3 2.5
      vertex -10.836464758633277 1.255703574175789 0
    endloop
  endfacet
  facet normal -0.13052619222005146 -0.9914448613738105 0
    outer loop
      vertex -10.163535241366723 1.255703574175789 0
      vertex -10.163535241366723 1.255703574175789 2.5
      vertex -10.5 1.3 0
    endloop
  endfacet
  facet normal -0.38268343236508967 -0.923879532511287 0
    outer loop
      vertex -9.85 1.12583302491977 2.5
      vertex -10.163535241366723 1.255703574175789 0
      vertex -9.85 1.12583302491977 0
    endloop
  endfacet
  facet normal -0.7933533402912363 -0.6087614290087191 0
    outer loop
      vertex -9.37416697508023 0.65 2.5
      vertex -9.580761184457488 0.9192388155425119 0
      vertex -9.37416697508023 0.65 0
    endloop
  endfacet
  facet normal -0.9914448613738099 -0.13052619222005515 0
    outer loop
      vertex -9.2 0 0
      vertex -9.2 0 2.5
      vertex -9.244296425824212 0.33646475863327696 0
    endloop
  endfacet
  facet normal -0.9238795325112865 -0.38268343236509045 0
    outer loop
      vertex -9.244296425824212 0.33646475863327696 2.5
      vertex -9.37416697508023 0.65 0
      vertex -9.244296425824212 0.33646475863327696 0
    endloop
  endfacet
  facet normal -0.6087614290087208 -0.793353340291235 0
    outer loop
      vertex -9.85 1.12583302491977 0
      vertex -9.580761184457488 0.9192388155425119 0
      vertex -9.580761184457488 0.9192388155425119 2.5
    endloop
  endfacet
  facet normal -0.13052619222005146 -0.9914448613738105 0
    outer loop
      vertex -10.5 1.3 0
      vertex -10.163535241366723 1.255703574175789 2.5
      vertex -10.5 1.3 2.5
    endloop
  endfacet
  facet normal -0.38268343236508967 -0.923879532511287 0
    outer loop
      vertex -10.163535241366723 1.255703574175789 0
      vertex -9.85 1.12583302491977 2.5
      vertex -10.163535241366723 1.255703574175789 2.5
    endloop
  endfacet
  facet normal -0.6087614290087208 -0.793353340291235 0
    outer loop
      vertex -9.85 1.12583302491977 2.5
      vertex -9.85 1.12583302491977 0
      vertex -9.580761184457488 0.9192388155425119 2.5
    endloop
  endfacet
  facet normal -0.9238795325112865 -0.38268343236509045 0
    outer loop
      vertex -9.244296425824212 0.33646475863327696 2.5
      vertex -9.37416697508023 0.65 2.5
      vertex -9.37416697508023 0.65 0
    endloop
  endfacet
  facet normal -0.7933533402912363 -0.6087614290087191 0
    outer loop
      vertex -9.37416697508023 0.65 2.5
      vertex -9.580761184457488 0.9192388155425119 2.5
      vertex -9.580761184457488 0.9192388155425119 0
    endloop
  endfacet
  facet normal -0.9914448613738099 -0.13052619222005515 0
    outer loop
      vertex -9.2 0 2.5
      vertex -9.244296425824212 0.33646475863327696 2.5
      vertex -9.244296425824212 0.33646475863327696 0
    endloop
  endfacet
  facet normal 0.7933533402912358 0.6087614290087198 0
    outer loop
      vertex -6.375833024919769 -9.743266739736605 2.5
      vertex -6.169238815542512 -10.012505555279116 0
      vertex -6.375833024919769 -9.743266739736605 0
    endloop
  endfacet
  facet normal 0.923879532511286 0.3826834323650919 0
    outer loop
      vertex -6.505703574175789 -9.42973149836988 2.5
      vertex -6.375833024919769 -9.743266739736605 0
      vertex -6.505703574175789 -9.42973149836988 0
    endloop
  endfacet
  facet normal 0.9914448613738106 0.13052619222005016 0
    outer loop
      vertex -6.55 -9.093266739736604 2.5
      vertex -6.505703574175789 -9.42973149836988 0
      vertex -6.55 -9.093266739736604 0
    endloop
  endfacet
  facet normal 0.9914448613738102 -0.13052619222005274 0
    outer loop
      vertex -6.505703574175788 -8.756801981103328 2.5
      vertex -6.55 -9.093266739736604 0
      vertex -6.505703574175788 -8.756801981103328 0
    endloop
  endfacet
  facet normal 0.3826834323650852 0.9238795325112887 0
    outer loop
      vertex -5.9 -10.219099764656375 2.5
      vertex -5.5864647586332765 -10.348970313912393 0
      vertex -5.9 -10.219099764656375 0
    endloop
  endfacet
  facet normal 0.6087614290087231 0.7933533402912333 0
    outer loop
      vertex -5.9 -10.219099764656375 0
      vertex -6.169238815542512 -10.012505555279116 0
      vertex -6.169238815542512 -10.012505555279116 2.5
    endloop
  endfacet
  facet normal 0.13052619222005016 0.9914448613738106 0
    outer loop
      vertex -5.5864647586332765 -10.348970313912393 2.5
      vertex -5.25 -10.393266739736603 0
      vertex -5.5864647586332765 -10.348970313912393 0
    endloop
  endfacet
  facet normal 0.7933533402912358 0.6087614290087198 0
    outer loop
      vertex -6.375833024919769 -9.743266739736605 2.5
      vertex -6.169238815542512 -10.012505555279116 2.5
      vertex -6.169238815542512 -10.012505555279116 0
    endloop
  endfacet
  facet normal 0.9914448613738106 0.13052619222005016 0
    outer loop
      vertex -6.55 -9.093266739736604 2.5
      vertex -6.505703574175789 -9.42973149836988 2.5
      vertex -6.505703574175789 -9.42973149836988 0
    endloop
  endfacet
  facet normal 0.923879532511286 0.3826834323650919 0
    outer loop
      vertex -6.505703574175789 -9.42973149836988 2.5
      vertex -6.375833024919769 -9.743266739736605 2.5
      vertex -6.375833024919769 -9.743266739736605 0
    endloop
  endfacet
  facet normal 0.9914448613738102 -0.13052619222005274 0
    outer loop
      vertex -6.505703574175788 -8.756801981103328 2.5
      vertex -6.55 -9.093266739736604 2.5
      vertex -6.55 -9.093266739736604 0
    endloop
  endfacet
  facet normal 0.6087614290087231 0.7933533402912333 0
    outer loop
      vertex -5.9 -10.219099764656375 2.5
      vertex -5.9 -10.219099764656375 0
      vertex -6.169238815542512 -10.012505555279116 2.5
    endloop
  endfacet
  facet normal 0.3826834323650852 0.9238795325112887 0
    outer loop
      vertex -5.5864647586332765 -10.348970313912393 2.5
      vertex -5.5864647586332765 -10.348970313912393 0
      vertex -5.9 -10.219099764656375 2.5
    endloop
  endfacet
  facet normal 0.13052619222005016 0.9914448613738106 0
    outer loop
      vertex -5.25 -10.393266739736603 2.5
      vertex -5.25 -10.393266739736603 0
      vertex -5.5864647586332765 -10.348970313912393 2.5
    endloop
  endfacet
  facet normal 0.923879532511287 -0.3826834323650893 0
    outer loop
      vertex -6.37583302491977 -8.443266739736606 2.5
      vertex -6.505703574175788 -8.756801981103328 0
      vertex -6.37583302491977 -8.443266739736606 0
    endloop
  endfacet
  facet normal 0.7933533402912365 -0.608761429008719 0
    outer loop
      vertex -6.169238815542512 -8.174027924194093 2.5
      vertex -6.37583302491977 -8.443266739736606 0
      vertex -6.169238815542512 -8.174027924194093 0
    endloop
  endfacet
  facet normal 0.6087614290087169 -0.793353340291238 0
    outer loop
      vertex -5.8999999999999995 -7.967433714816836 2.5
      vertex -6.169238815542512 -8.174027924194093 0
      vertex -5.8999999999999995 -7.967433714816836 0
    endloop
  endfacet
  facet normal 0.38268343236509145 -0.9238795325112861 0
    outer loop
      vertex -5.586464758633277 -7.837563165560817 2.5
      vertex -5.8999999999999995 -7.967433714816836 0
      vertex -5.586464758633277 -7.837563165560817 0
    endloop
  endfacet
  facet normal 0.13052619222004982 -0.9914448613738106 0
    outer loop
      vertex -5.25 -7.793266739736606 2.5
      vertex -5.586464758633277 -7.837563165560817 0
      vertex -5.25 -7.793266739736606 0
    endloop
  endfacet
  facet normal 0.923879532511287 -0.3826834323650893 0
    outer loop
      vertex -6.37583302491977 -8.443266739736606 2.5
      vertex -6.505703574175788 -8.756801981103328 2.5
      vertex -6.505703574175788 -8.756801981103328 0
    endloop
  endfacet
  facet normal 0.7933533402912365 -0.608761429008719 0
    outer loop
      vertex -6.169238815542512 -8.174027924194093 2.5
      vertex -6.37583302491977 -8.443266739736606 2.5
      vertex -6.37583302491977 -8.443266739736606 0
    endloop
  endfacet
  facet normal 0.6087614290087169 -0.793353340291238 0
    outer loop
      vertex -6.169238815542512 -8.174027924194093 2.5
      vertex -6.169238815542512 -8.174027924194093 0
      vertex -5.8999999999999995 -7.967433714816836 2.5
    endloop
  endfacet
  facet normal 0.38268343236509145 -0.9238795325112861 0
    outer loop
      vertex -5.8999999999999995 -7.967433714816836 2.5
      vertex -5.8999999999999995 -7.967433714816836 0
      vertex -5.586464758633277 -7.837563165560817 2.5
    endloop
  endfacet
  facet normal 0.13052619222004982 -0.9914448613738106 0
    outer loop
      vertex -5.586464758633277 -7.837563165560817 2.5
      vertex -5.586464758633277 -7.837563165560817 0
      vertex -5.25 -7.793266739736606 2.5
    endloop
  endfacet
  facet normal -0.1305261922200447 0.9914448613738114 0
    outer loop
      vertex -5.25 -10.393266739736603 2.5
      vertex -4.913535241366723 -10.348970313912394 0
      vertex -5.25 -10.393266739736603 0
    endloop
  endfacet
  facet normal -0.38268343236509145 0.9238795325112861 0
    outer loop
      vertex -4.913535241366723 -10.348970313912394 2.5
      vertex -4.6000000000000005 -10.219099764656375 0
      vertex -4.913535241366723 -10.348970313912394 0
    endloop
  endfacet
  facet normal -0.6087614290087185 0.7933533402912368 0
    outer loop
      vertex -4.6000000000000005 -10.219099764656375 2.5
      vertex -4.330761184457488 -10.012505555279118 0
      vertex -4.6000000000000005 -10.219099764656375 0
    endloop
  endfacet
  facet normal -0.7933533402912345 0.6087614290087214 0
    outer loop
      vertex -4.330761184457488 -10.012505555279118 0
      vertex -4.330761184457488 -10.012505555279118 2.5
      vertex -4.12416697508023 -9.743266739736606 0
    endloop
  endfacet
  facet normal -0.9238795325112873 0.3826834323650885 0
    outer loop
      vertex -3.9942964258242113 -9.429731498369883 0
      vertex -4.12416697508023 -9.743266739736606 0
      vertex -4.12416697508023 -9.743266739736606 2.5
    endloop
  endfacet
  facet normal -0.9914448613738105 0.13052619222005146 0
    outer loop
      vertex -3.95 -9.093266739736606 0
      vertex -3.9942964258242113 -9.429731498369883 0
      vertex -3.9942964258242113 -9.429731498369883 2.5
    endloop
  endfacet
  facet normal -0.9914448613738105 -0.13052619222005146 0
    outer loop
      vertex -3.9942964258242113 -8.75680198110333 0
      vertex -3.95 -9.093266739736606 0
      vertex -3.95 -9.093266739736606 2.5
    endloop
  endfacet
  facet normal -0.1305261922200447 0.9914448613738114 0
    outer loop
      vertex -4.913535241366723 -10.348970313912394 2.5
      vertex -4.913535241366723 -10.348970313912394 0
      vertex -5.25 -10.393266739736603 2.5
    endloop
  endfacet
  facet normal -0.38268343236509145 0.9238795325112861 0
    outer loop
      vertex -4.6000000000000005 -10.219099764656375 2.5
      vertex -4.6000000000000005 -10.219099764656375 0
      vertex -4.913535241366723 -10.348970313912394 2.5
    endloop
  endfacet
  facet normal -0.6087614290087185 0.7933533402912368 0
    outer loop
      vertex -4.330761184457488 -10.012505555279118 2.5
      vertex -4.330761184457488 -10.012505555279118 0
      vertex -4.6000000000000005 -10.219099764656375 2.5
    endloop
  endfacet
  facet normal -0.7933533402912345 0.6087614290087214 0
    outer loop
      vertex -4.330761184457488 -10.012505555279118 2.5
      vertex -4.12416697508023 -9.743266739736606 2.5
      vertex -4.12416697508023 -9.743266739736606 0
    endloop
  endfacet
  facet normal -0.9238795325112873 0.3826834323650885 0
    outer loop
      vertex -3.9942964258242113 -9.429731498369883 0
      vertex -4.12416697508023 -9.743266739736606 2.5
      vertex -3.9942964258242113 -9.429731498369883 2.5
    endloop
  endfacet
  facet normal -0.9914448613738105 0.13052619222005146 0
    outer loop
      vertex -3.95 -9.093266739736606 0
      vertex -3.9942964258242113 -9.429731498369883 2.5
      vertex -3.95 -9.093266739736606 2.5
    endloop
  endfacet
  facet normal -0.9914448613738105 -0.13052619222005146 0
    outer loop
      vertex -3.9942964258242113 -8.75680198110333 0
      vertex -3.95 -9.093266739736606 2.5
      vertex -3.9942964258242113 -8.75680198110333 2.5
    endloop
  endfacet
  facet normal -0.13052619222005274 -0.9914448613738102 0
    outer loop
      vertex -4.9135352413667235 -7.837563165560818 2.5
      vertex -5.25 -7.793266739736606 0
      vertex -4.9135352413667235 -7.837563165560818 0
    endloop
  endfacet
  facet normal -0.3826834323650852 -0.9238795325112887 0
    outer loop
      vertex -4.6 -7.967433714816835 2.5
      vertex -4.9135352413667235 -7.837563165560818 0
      vertex -4.6 -7.967433714816835 0
    endloop
  endfacet
  facet normal -0.9238795325112863 -0.3826834323650907 0
    outer loop
      vertex -4.124166975080231 -8.443266739736606 0
      vertex -3.9942964258242113 -8.75680198110333 0
      vertex -3.9942964258242113 -8.75680198110333 2.5
    endloop
  endfacet
  facet normal -0.6087614290087231 -0.7933533402912333 0
    outer loop
      vertex -4.330761184457488 -8.174027924194094 0
      vertex -4.330761184457488 -8.174027924194094 2.5
      vertex -4.6 -7.967433714816835 0
    endloop
  endfacet
  facet normal -0.7933533402912358 -0.6087614290087198 0
    outer loop
      vertex -4.330761184457488 -8.174027924194094 0
      vertex -4.124166975080231 -8.443266739736606 0
      vertex -4.124166975080231 -8.443266739736606 2.5
    endloop
  endfacet
  facet normal -0.6087614290087231 -0.7933533402912333 0
    outer loop
      vertex -4.6 -7.967433714816835 2.5
      vertex -4.6 -7.967433714816835 0
      vertex -4.330761184457488 -8.174027924194094 2.5
    endloop
  endfacet
  facet normal -0.13052619222005274 -0.9914448613738102 0
    outer loop
      vertex -5.25 -7.793266739736606 2.5
      vertex -5.25 -7.793266739736606 0
      vertex -4.9135352413667235 -7.837563165560818 2.5
    endloop
  endfacet
  facet normal -0.3826834323650852 -0.9238795325112887 0
    outer loop
      vertex -4.9135352413667235 -7.837563165560818 2.5
      vertex -4.9135352413667235 -7.837563165560818 0
      vertex -4.6 -7.967433714816835 2.5
    endloop
  endfacet
  facet normal -0.9238795325112863 -0.3826834323650907 0
    outer loop
      vertex -4.124166975080231 -8.443266739736606 0
      vertex -3.9942964258242113 -8.75680198110333 2.5
      vertex -4.124166975080231 -8.443266739736606 2.5
    endloop
  endfacet
  facet normal -0.7933533402912358 -0.6087614290087198 0
    outer loop
      vertex -4.330761184457488 -8.174027924194094 0
      vertex -4.124166975080231 -8.443266739736606 2.5
      vertex -4.330761184457488 -8.174027924194094 2.5
    endloop
  endfacet
  facet normal 0.7933533402912345 0.6087614290087214 0
    outer loop
      vertex 4.330761184457488 -10.012505555279118 0
      vertex 4.12416697508023 -9.743266739736606 0
      vertex 4.12416697508023 -9.743266739736606 2.5
    endloop
  endfacet
  facet normal 0.6087614290087185 0.7933533402912368 0
    outer loop
      vertex 4.6000000000000005 -10.219099764656375 0
      vertex 4.330761184457488 -10.012505555279118 0
      vertex 4.330761184457488 -10.012505555279118 2.5
    endloop
  endfacet
  facet normal 0.9914448613738105 0.13052619222005146 0
    outer loop
      vertex 3.95 -9.093266739736606 2.5
      vertex 3.9942964258242113 -9.429731498369883 0
      vertex 3.95 -9.093266739736606 0
    endloop
  endfacet
  facet normal 0.9914448613738105 -0.13052619222005146 0
    outer loop
      vertex 3.9942964258242113 -8.75680198110333 2.5
      vertex 3.95 -9.093266739736606 0
      vertex 3.9942964258242113 -8.75680198110333 0
    endloop
  endfacet
  facet normal 0.9238795325112873 0.3826834323650885 0
    outer loop
      vertex 3.9942964258242113 -9.429731498369883 2.5
      vertex 4.12416697508023 -9.743266739736606 0
      vertex 3.9942964258242113 -9.429731498369883 0
    endloop
  endfacet
  facet normal 0.38268343236509145 0.9238795325112861 0
    outer loop
      vertex 4.6000000000000005 -10.219099764656375 2.5
      vertex 4.913535241366723 -10.348970313912394 0
      vertex 4.6000000000000005 -10.219099764656375 0
    endloop
  endfacet
  facet normal 0.1305261922200447 0.9914448613738114 0
    outer loop
      vertex 4.913535241366723 -10.348970313912394 2.5
      vertex 5.25 -10.393266739736603 0
      vertex 4.913535241366723 -10.348970313912394 0
    endloop
  endfacet
  facet normal 0.7933533402912345 0.6087614290087214 0
    outer loop
      vertex 4.12416697508023 -9.743266739736606 2.5
      vertex 4.330761184457488 -10.012505555279118 2.5
      vertex 4.330761184457488 -10.012505555279118 0
    endloop
  endfacet
  facet normal 0.9914448613738105 0.13052619222005146 0
    outer loop
      vertex 3.95 -9.093266739736606 2.5
      vertex 3.9942964258242113 -9.429731498369883 2.5
      vertex 3.9942964258242113 -9.429731498369883 0
    endloop
  endfacet
  facet normal 0.9914448613738105 -0.13052619222005146 0
    outer loop
      vertex 3.9942964258242113 -8.75680198110333 2.5
      vertex 3.95 -9.093266739736606 2.5
      vertex 3.95 -9.093266739736606 0
    endloop
  endfacet
  facet normal 0.9238795325112873 0.3826834323650885 0
    outer loop
      vertex 3.9942964258242113 -9.429731498369883 2.5
      vertex 4.12416697508023 -9.743266739736606 2.5
      vertex 4.12416697508023 -9.743266739736606 0
    endloop
  endfacet
  facet normal 0.38268343236509145 0.9238795325112861 0
    outer loop
      vertex 4.913535241366723 -10.348970313912394 2.5
      vertex 4.913535241366723 -10.348970313912394 0
      vertex 4.6000000000000005 -10.219099764656375 2.5
    endloop
  endfacet
  facet normal 0.6087614290087185 0.7933533402912368 0
    outer loop
      vertex 4.6000000000000005 -10.219099764656375 2.5
      vertex 4.6000000000000005 -10.219099764656375 0
      vertex 4.330761184457488 -10.012505555279118 2.5
    endloop
  endfacet
  facet normal 0.1305261922200447 0.9914448613738114 0
    outer loop
      vertex 5.25 -10.393266739736603 2.5
      vertex 5.25 -10.393266739736603 0
      vertex 4.913535241366723 -10.348970313912394 2.5
    endloop
  endfacet
  facet normal 0.9238795325112863 -0.3826834323650907 0
    outer loop
      vertex 4.124166975080231 -8.443266739736606 2.5
      vertex 3.9942964258242113 -8.75680198110333 0
      vertex 4.124166975080231 -8.443266739736606 0
    endloop
  endfacet
  facet normal 0.7933533402912358 -0.6087614290087198 0
    outer loop
      vertex 4.330761184457488 -8.174027924194094 2.5
      vertex 4.124166975080231 -8.443266739736606 0
      vertex 4.330761184457488 -8.174027924194094 0
    endloop
  endfacet
  facet normal 0.6087614290087231 -0.7933533402912333 0
    outer loop
      vertex 4.6 -7.967433714816835 2.5
      vertex 4.330761184457488 -8.174027924194094 0
      vertex 4.6 -7.967433714816835 0
    endloop
  endfacet
  facet normal 0.3826834323650852 -0.9238795325112887 0
    outer loop
      vertex 4.9135352413667235 -7.837563165560818 2.5
      vertex 4.6 -7.967433714816835 0
      vertex 4.9135352413667235 -7.837563165560818 0
    endloop
  endfacet
  facet normal 0.13052619222005274 -0.9914448613738102 0
    outer loop
      vertex 5.25 -7.793266739736606 2.5
      vertex 4.9135352413667235 -7.837563165560818 0
      vertex 5.25 -7.793266739736606 0
    endloop
  endfacet
  facet normal 0.9238795325112863 -0.3826834323650907 0
    outer loop
      vertex 4.124166975080231 -8.443266739736606 2.5
      vertex 3.9942964258242113 -8.75680198110333 2.5
      vertex 3.9942964258242113 -8.75680198110333 0
    endloop
  endfacet
  facet normal 0.7933533402912358 -0.6087614290087198 0
    outer loop
      vertex 4.330761184457488 -8.174027924194094 2.5
      vertex 4.124166975080231 -8.443266739736606 2.5
      vertex 4.124166975080231 -8.443266739736606 0
    endloop
  endfacet
  facet normal 0.6087614290087231 -0.7933533402912333 0
    outer loop
      vertex 4.330761184457488 -8.174027924194094 2.5
      vertex 4.330761184457488 -8.174027924194094 0
      vertex 4.6 -7.967433714816835 2.5
    endloop
  endfacet
  facet normal 0.3826834323650852 -0.9238795325112887 0
    outer loop
      vertex 4.6 -7.967433714816835 2.5
      vertex 4.6 -7.967433714816835 0
      vertex 4.9135352413667235 -7.837563165560818 2.5
    endloop
  endfacet
  facet normal 0.13052619222005274 -0.9914448613738102 0
    outer loop
      vertex 4.9135352413667235 -7.837563165560818 2.5
      vertex 4.9135352413667235 -7.837563165560818 0
      vertex 5.25 -7.793266739736606 2.5
    endloop
  endfacet
  facet normal -0.13052619222005016 0.9914448613738106 0
    outer loop
      vertex 5.25 -10.393266739736603 2.5
      vertex 5.5864647586332765 -10.348970313912393 0
      vertex 5.25 -10.393266739736603 0
    endloop
  endfacet
  facet normal -0.3826834323650852 0.9238795325112887 0
    outer loop
      vertex 5.5864647586332765 -10.348970313912393 2.5
      vertex 5.9 -10.219099764656375 0
      vertex 5.5864647586332765 -10.348970313912393 0
    endloop
  endfacet
  facet normal -0.6087614290087231 0.7933533402912333 0
    outer loop
      vertex 5.9 -10.219099764656375 2.5
      vertex 6.169238815542512 -10.012505555279116 0
      vertex 5.9 -10.219099764656375 0
    endloop
  endfacet
  facet normal -0.7933533402912358 0.6087614290087198 0
    outer loop
      vertex 6.169238815542512 -10.012505555279116 0
      vertex 6.169238815542512 -10.012505555279116 2.5
      vertex 6.375833024919769 -9.743266739736605 0
    endloop
  endfacet
  facet normal -0.923879532511286 0.3826834323650919 0
    outer loop
      vertex 6.375833024919769 -9.743266739736605 2.5
      vertex 6.505703574175789 -9.42973149836988 0
      vertex 6.375833024919769 -9.743266739736605 0
    endloop
  endfacet
  facet normal -0.9914448613738106 0.13052619222005016 0
    outer loop
      vertex 6.505703574175789 -9.42973149836988 2.5
      vertex 6.55 -9.093266739736604 0
      vertex 6.505703574175789 -9.42973149836988 0
    endloop
  endfacet
  facet normal -0.9914448613738102 -0.13052619222005274 0
    outer loop
      vertex 6.55 -9.093266739736604 2.5
      vertex 6.505703574175788 -8.756801981103328 0
      vertex 6.55 -9.093266739736604 0
    endloop
  endfacet
  facet normal -0.13052619222005016 0.9914448613738106 0
    outer loop
      vertex 5.5864647586332765 -10.348970313912393 2.5
      vertex 5.5864647586332765 -10.348970313912393 0
      vertex 5.25 -10.393266739736603 2.5
    endloop
  endfacet
  facet normal -0.3826834323650852 0.9238795325112887 0
    outer loop
      vertex 5.9 -10.219099764656375 2.5
      vertex 5.9 -10.219099764656375 0
      vertex 5.5864647586332765 -10.348970313912393 2.5
    endloop
  endfacet
  facet normal -0.6087614290087231 0.7933533402912333 0
    outer loop
      vertex 6.169238815542512 -10.012505555279116 2.5
      vertex 6.169238815542512 -10.012505555279116 0
      vertex 5.9 -10.219099764656375 2.5
    endloop
  endfacet
  facet normal -0.7933533402912358 0.6087614290087198 0
    outer loop
      vertex 6.169238815542512 -10.012505555279116 2.5
      vertex 6.375833024919769 -9.743266739736605 2.5
      vertex 6.375833024919769 -9.743266739736605 0
    endloop
  endfacet
  facet normal -0.923879532511286 0.3826834323650919 0
    outer loop
      vertex 6.375833024919769 -9.743266739736605 2.5
      vertex 6.505703574175789 -9.42973149836988 2.5
      vertex 6.505703574175789 -9.42973149836988 0
    endloop
  endfacet
  facet normal -0.9914448613738106 0.13052619222005016 0
    outer loop
      vertex 6.505703574175789 -9.42973149836988 2.5
      vertex 6.55 -9.093266739736604 2.5
      vertex 6.55 -9.093266739736604 0
    endloop
  endfacet
  facet normal -0.9914448613738102 -0.13052619222005274 0
    outer loop
      vertex 6.55 -9.093266739736604 2.5
      vertex 6.505703574175788 -8.756801981103328 2.5
      vertex 6.505703574175788 -8.756801981103328 0
    endloop
  endfacet
  facet normal -0.6087614290087169 -0.793353340291238 0
    outer loop
      vertex 6.169238815542512 -8.174027924194093 2.5
      vertex 5.8999999999999995 -7.967433714816836 0
      vertex 6.169238815542512 -8.174027924194093 0
    endloop
  endfacet
  facet normal -0.13052619222004982 -0.9914448613738106 0
    outer loop
      vertex 5.586464758633277 -7.837563165560817 2.5
      vertex 5.25 -7.793266739736606 0
      vertex 5.586464758633277 -7.837563165560817 0
    endloop
  endfacet
  facet normal -0.38268343236509145 -0.9238795325112861 0
    outer loop
      vertex 5.8999999999999995 -7.967433714816836 2.5
      vertex 5.586464758633277 -7.837563165560817 0
      vertex 5.8999999999999995 -7.967433714816836 0
    endloop
  endfacet
  facet normal -0.923879532511287 -0.3826834323650893 0
    outer loop
      vertex 6.505703574175788 -8.756801981103328 2.5
      vertex 6.37583302491977 -8.443266739736606 0
      vertex 6.505703574175788 -8.756801981103328 0
    endloop
  endfacet
  facet normal -0.7933533402912365 -0.608761429008719 0
    outer loop
      vertex 6.37583302491977 -8.443266739736606 2.5
      vertex 6.169238815542512 -8.174027924194093 0
      vertex 6.37583302491977 -8.443266739736606 0
    endloop
  endfacet
  facet normal -0.6087614290087169 -0.793353340291238 0
    outer loop
      vertex 5.8999999999999995 -7.967433714816836 2.5
      vertex 5.8999999999999995 -7.967433714816836 0
      vertex 6.169238815542512 -8.174027924194093 2.5
    endloop
  endfacet
  facet normal -0.13052619222004982 -0.9914448613738106 0
    outer loop
      vertex 5.25 -7.793266739736606 2.5
      vertex 5.25 -7.793266739736606 0
      vertex 5.586464758633277 -7.837563165560817 2.5
    endloop
  endfacet
  facet normal -0.38268343236509145 -0.9238795325112861 0
    outer loop
      vertex 5.586464758633277 -7.837563165560817 2.5
      vertex 5.586464758633277 -7.837563165560817 0
      vertex 5.8999999999999995 -7.967433714816836 2.5
    endloop
  endfacet
  facet normal -0.923879532511287 -0.3826834323650893 0
    outer loop
      vertex 6.505703574175788 -8.756801981103328 2.5
      vertex 6.37583302491977 -8.443266739736606 2.5
      vertex 6.37583302491977 -8.443266739736606 0
    endloop
  endfacet
  facet normal -0.7933533402912365 -0.608761429008719 0
    outer loop
      vertex 6.37583302491977 -8.443266739736606 2.5
      vertex 6.169238815542512 -8.174027924194093 2.5
      vertex 6.169238815542512 -8.174027924194093 0
    endloop
  endfacet
endsolid OpenSCAD_Model
