solid OpenSCAD_Model
  facet normal -1 0 0
    outer loop
      vertex 6.199999999999999 -11.5 55.50999999791384
      vertex 6.199999999999999 -11.5 57.7621738538146
      vertex 6.199999999999999 -9.192061177218696 57.0466135740202
    endloop
  endfacet
  facet normal -1 0 0
    outer loop
      vertex 6.199999999999999 -11.5 57.7621738538146
      vertex 6.199999999999999 -11.431558892130852 58.28203568607569
      vertex 6.199999999999999 -9.236764163070998 57.72864933978858
    endloop
  endfacet
  facet normal -1 0 0
    outer loop
      vertex 6.199999999999999 -11.465779446065426 54.98789522796869
      vertex 6.199999999999999 -11.5 55.50999999791384
      vertex 6.199999999999999 -8.56639821835095 56.11024278429239
    endloop
  endfacet
  facet normal -1 0 0
    outer loop
      vertex 6.199999999999999 -11.363703310489655 54.47472381591797
      vertex 6.199999999999999 -11.465779446065426 54.98789522796869
      vertex 6.199999999999999 -8.170365944720048 55.88159344450381
    endloop
  endfacet
  facet normal -1 0 0
    outer loop
      vertex 6.199999999999999 -11.363703310489655 54.47472381591797
      vertex 6.199999999999999 -7.72864933978858 55.763235836929
      vertex 6.199999999999999 -11.195518128573895 53.97926627099514
    endloop
  endfacet
  facet normal -1 0 0
    outer loop
      vertex 6.199999999999999 -10.964101620018482 53.50999999791384
      vertex 6.199999999999999 -11.195518128573895 53.97926627099514
      vertex 6.199999999999999 -7.27135066021142 55.763235836929
    endloop
  endfacet
  facet normal -1 0 0
    outer loop
      vertex 6.199999999999999 -11.5 55.50999999791384
      vertex 6.199999999999999 -9.017060548902084 56.62412468371442
      vertex 6.199999999999999 -8.889757215707615 56.43360178164905
    endloop
  endfacet
  facet normal -1 0 0
    outer loop
      vertex 6.199999999999999 -11.5 55.50999999791384
      vertex 6.199999999999999 -9.118406555496193 56.82963405527995
      vertex 6.199999999999999 -9.017060548902084 56.62412468371442
    endloop
  endfacet
  facet normal -1 0 0
    outer loop
      vertex 6.199999999999999 -11.5 55.50999999791384
      vertex 6.199999999999999 -9.192061177218696 57.0466135740202
      vertex 6.199999999999999 -9.118406555496193 56.82963405527995
    endloop
  endfacet
  facet normal -1 0 0
    outer loop
      vertex 6.199999999999999 -11.5 57.7621738538146
      vertex 6.199999999999999 -9.236764163070998 57.27135066021142
      vertex 6.199999999999999 -9.192061177218696 57.0466135740202
    endloop
  endfacet
  facet normal -1 0 0
    outer loop
      vertex 6.199999999999999 -11.5 57.7621738538146
      vertex 6.199999999999999 -9.25175063257116 57.5
      vertex 6.199999999999999 -9.236764163070998 57.27135066021142
    endloop
  endfacet
  facet normal -1 0 0
    outer loop
      vertex 6.199999999999999 -11.465779446065426 54.98789522796869
      vertex 6.199999999999999 -8.56639821835095 56.11024278429239
      vertex 6.199999999999999 -8.37587531628558 55.98293945109791
    endloop
  endfacet
  facet normal -1 0 0
    outer loop
      vertex 6.199999999999999 -11.465779446065426 54.98789522796869
      vertex 6.199999999999999 -8.37587531628558 55.98293945109791
      vertex 6.199999999999999 -8.170365944720048 55.88159344450381
    endloop
  endfacet
  facet normal -1 0 0
    outer loop
      vertex 6.199999999999999 -11.363703310489655 54.47472381591797
      vertex 6.199999999999999 -8.170365944720048 55.88159344450381
      vertex 6.199999999999999 -7.953386425979804 55.8079388227813
    endloop
  endfacet
  facet normal -1 0 0
    outer loop
      vertex 6.199999999999999 -11.363703310489655 54.47472381591797
      vertex 6.199999999999999 -7.953386425979804 55.8079388227813
      vertex 6.199999999999999 -7.72864933978858 55.763235836929
    endloop
  endfacet
  facet normal -1 0 0
    outer loop
      vertex 6.199999999999999 -11.5 55.50999999791384
      vertex 6.199999999999999 -8.889757215707615 56.43360178164905
      vertex 6.199999999999999 -8.738674751238891 56.26132524876111
    endloop
  endfacet
  facet normal -1 0 0
    outer loop
      vertex 6.199999999999999 -11.5 55.50999999791384
      vertex 6.199999999999999 -8.738674751238891 56.26132524876111
      vertex 6.199999999999999 -8.56639821835095 56.11024278429239
    endloop
  endfacet
  facet normal -1 0 0
    outer loop
      vertex 6.199999999999999 -11.5 57.7621738538146
      vertex 6.199999999999999 -9.236764163070998 57.72864933978858
      vertex 6.199999999999999 -9.25175063257116 57.5
    endloop
  endfacet
  facet normal -1 0 0
    outer loop
      vertex 6.199999999999999 -11.431558892130852 58.28203568607569
      vertex 6.199999999999999 -9.192061177218696 57.9533864259798
      vertex 6.199999999999999 -9.236764163070998 57.72864933978858
    endloop
  endfacet
  facet normal -1 0 0
    outer loop
      vertex 6.199999999999999 -11.431558892130852 58.28203568607569
      vertex 6.199999999999999 -9.118406555496193 58.17036594472005
      vertex 6.199999999999999 -9.192061177218696 57.9533864259798
    endloop
  endfacet
  facet normal -1 0 0
    outer loop
      vertex 6.199999999999999 -11.431558892130852 58.28203568607569
      vertex 6.199999999999999 -9.017060548902084 58.37587531628558
      vertex 6.199999999999999 -9.118406555496193 58.17036594472005
    endloop
  endfacet
  facet normal -1 0 0
    outer loop
      vertex 6.199999999999999 -11.431558892130852 58.28203568607569
      vertex 6.199999999999999 -8.889757215707615 58.56639821835095
      vertex 6.199999999999999 -9.017060548902084 58.37587531628558
    endloop
  endfacet
  facet normal -1 0 0
    outer loop
      vertex 6.199999999999999 -11.431558892130852 58.28203568607569
      vertex 6.199999999999999 -8.738674751238891 58.73867475123889
      vertex 6.199999999999999 -8.889757215707615 58.56639821835095
    endloop
  endfacet
  facet normal -1 0 0
    outer loop
      vertex 6.199999999999999 -11.431558892130852 58.28203568607569
      vertex 6.199999999999999 -8.56639821835095 58.88975721570761
      vertex 6.199999999999999 -8.738674751238891 58.73867475123889
    endloop
  endfacet
  facet normal -1 0 0
    outer loop
      vertex 6.199999999999999 -11.431558892130852 58.28203568607569
      vertex 6.199999999999999 -8.37587531628558 59.01706054890209
      vertex 6.199999999999999 -8.56639821835095 58.88975721570761
    endloop
  endfacet
  facet normal -1 0 0
    outer loop
      vertex 6.199999999999999 -11.431558892130852 58.28203568607569
      vertex 6.199999999999999 -8.170365944720048 59.11840655549619
      vertex 6.199999999999999 -8.37587531628558 59.01706054890209
    endloop
  endfacet
  facet normal -1 0 0
    outer loop
      vertex 6.199999999999999 -11.431558892130852 58.28203568607569
      vertex 6.199999999999999 -11.295847721397877 58.78851667791605
      vertex 6.199999999999999 -5.272950783371925 60.83301468938589
    endloop
  endfacet
  facet normal -1 0 0
    outer loop
      vertex 6.199999999999999 -11.431558892130852 58.28203568607569
      vertex 6.199999999999999 -7.953386425979804 59.1920611772187
      vertex 6.199999999999999 -8.170365944720048 59.11840655549619
    endloop
  endfacet
  facet normal -1 0 0
    outer loop
      vertex 6.199999999999999 -11.095188543200493 59.272950783371925
      vertex 6.199999999999999 -10.833014689385891 59.727049216628075
      vertex 6.199999999999999 -6.21148332208395 61.29584772139788
    endloop
  endfacet
  facet normal -1 0 0
    outer loop
      vertex 6.199999999999999 -11.295847721397877 58.78851667791605
      vertex 6.199999999999999 -11.095188543200493 59.272950783371925
      vertex 6.199999999999999 -5.272950783371925 60.83301468938589
    endloop
  endfacet
  facet normal -1 0 0
    outer loop
      vertex 6.199999999999999 -10.833014689385891 59.727049216628075
      vertex 6.199999999999999 -10.51381203532219 60.1430422142148
      vertex 6.199999999999999 -6.21148332208395 61.29584772139788
    endloop
  endfacet
  facet normal -1 0 0
    outer loop
      vertex 6.199999999999999 -10.51381203532219 60.1430422142148
      vertex 6.199999999999999 -10.143042214214802 60.51381203532219
      vertex 6.199999999999999 -7.237826146185398 61.5
    endloop
  endfacet
  facet normal -1 0 0
    outer loop
      vertex 6.199999999999999 -10.143042214214802 60.51381203532219
      vertex 6.199999999999999 -9.727049216628075 60.83301468938589
      vertex 6.199999999999999 -7.237826146185398 61.5
    endloop
  endfacet
  facet normal -1 0 0
    outer loop
      vertex 6.199999999999999 -9.727049216628075 60.83301468938589
      vertex 6.199999999999999 -9.272950783371925 61.09518854320049
      vertex 6.199999999999999 -7.762173853814602 61.5
    endloop
  endfacet
  facet normal -1 0 0
    outer loop
      vertex 6.199999999999999 -11.195518128573895 53.97926627099514
      vertex 6.199999999999999 -7.72864933978858 55.763235836929
      vertex 6.199999999999999 -7.5 55.74824936742884
    endloop
  endfacet
  facet normal -1 0 0
    outer loop
      vertex 6.199999999999999 -11.195518128573895 53.97926627099514
      vertex 6.199999999999999 -7.5 55.74824936742884
      vertex 6.199999999999999 -7.27135066021142 55.763235836929
    endloop
  endfacet
  facet normal -1 0 0
    outer loop
      vertex 6.199999999999999 -10.964101620018482 53.50999999791384
      vertex 6.199999999999999 -7.27135066021142 55.763235836929
      vertex 6.199999999999999 -7.046613574020196 55.8079388227813
    endloop
  endfacet
  facet normal -1 0 0
    outer loop
      vertex 6.199999999999999 -10.964101620018482 53.50999999791384
      vertex 6.199999999999999 -3.5 57.5033388659358
      vertex 6.199999999999999 -10.67341336607933 53.07495428621769
    endloop
  endfacet
  facet normal -1 0 0
    outer loop
      vertex 6.199999999999999 -10.67341336607933 53.07495428621769
      vertex 6.199999999999999 -3.5 57.5033388659358
      vertex 6.199999999999999 -10.328427128493786 52.68157287687063
    endloop
  endfacet
  facet normal -1 0 0
    outer loop
      vertex 6.199999999999999 -10.964101620018482 53.50999999791384
      vertex 6.199999999999999 -7.046613574020196 55.8079388227813
      vertex 6.199999999999999 -6.829634055279952 55.88159344450381
    endloop
  endfacet
  facet normal -1 0 0
    outer loop
      vertex 6.199999999999999 -10.964101620018482 53.50999999791384
      vertex 6.199999999999999 -6.829634055279952 55.88159344450381
      vertex 6.199999999999999 -3.5 57.5033388659358
    endloop
  endfacet
  facet normal -1 0 0
    outer loop
      vertex 6.199999999999999 -9.272950783371925 61.09518854320049
      vertex 6.199999999999999 -8.78851667791605 61.29584772139788
      vertex 6.199999999999999 -8.282035686075687 61.43155889213085
    endloop
  endfacet
  facet normal -1 0 0
    outer loop
      vertex 6.199999999999999 -9.272950783371925 61.09518854320049
      vertex 6.199999999999999 -8.282035686075687 61.43155889213085
      vertex 6.199999999999999 -7.762173853814602 61.5
    endloop
  endfacet
  facet normal -1 0 0
    outer loop
      vertex 6.199999999999999 -9.727049216628075 60.83301468938589
      vertex 6.199999999999999 -7.762173853814602 61.5
      vertex 6.199999999999999 -7.237826146185398 61.5
    endloop
  endfacet
  facet normal -1 0 0
    outer loop
      vertex 6.199999999999999 -10.51381203532219 60.1430422142148
      vertex 6.199999999999999 -7.237826146185398 61.5
      vertex 6.199999999999999 -6.717964313924313 61.43155889213085
    endloop
  endfacet
  facet normal -1 0 0
    outer loop
      vertex 6.199999999999999 -11.431558892130852 58.28203568607569
      vertex 6.199999999999999 -4.486187964677811 60.1430422142148
      vertex 6.199999999999999 -7.953386425979804 59.1920611772187
    endloop
  endfacet
  facet normal -1 0 0
    outer loop
      vertex 6.199999999999999 -10.51381203532219 60.1430422142148
      vertex 6.199999999999999 -6.717964313924313 61.43155889213085
      vertex 6.199999999999999 -6.21148332208395 61.29584772139788
    endloop
  endfacet
  facet normal -1 0 0
    outer loop
      vertex 6.199999999999999 -11.095188543200493 59.272950783371925
      vertex 6.199999999999999 -6.21148332208395 61.29584772139788
      vertex 6.199999999999999 -5.727049216628075 61.09518854320049
    endloop
  endfacet
  facet normal -1 0 0
    outer loop
      vertex 6.199999999999999 -11.095188543200493 59.272950783371925
      vertex 6.199999999999999 -5.727049216628075 61.09518854320049
      vertex 6.199999999999999 -5.272950783371925 60.83301468938589
    endloop
  endfacet
  facet normal -1 0 0
    outer loop
      vertex 6.199999999999999 -11.431558892130852 58.28203568607569
      vertex 6.199999999999999 -5.272950783371925 60.83301468938589
      vertex 6.199999999999999 -4.856957785785198 60.51381203532219
    endloop
  endfacet
  facet normal -1 0 0
    outer loop
      vertex 6.199999999999999 -10.328427128493786 52.68157287687063
      vertex 6.199999999999999 -1.5 47.5
      vertex 6.199999999999999 -1.4900000020861626 43.84314575046301
    endloop
  endfacet
  facet normal -1 0 0
    outer loop
      vertex 6.199999999999999 -10.328427128493786 52.68157287687063
      vertex 6.199999999999999 -1.5 57.5
      vertex 6.199999999999999 -1.5 47.5
    endloop
  endfacet
  facet normal -1 0 0
    outer loop
      vertex 6.199999999999999 -6.829634055279952 55.88159344450381
      vertex 6.199999999999999 -6.62412468371442 55.98293945109791
      vertex 6.199999999999999 -3.5 57.5033388659358
    endloop
  endfacet
  facet normal -1 0 0
    outer loop
      vertex 6.199999999999999 -6.62412468371442 55.98293945109791
      vertex 6.199999999999999 -6.433601781649051 56.11024278429239
      vertex 6.199999999999999 -3.5 57.5033388659358
    endloop
  endfacet
  facet normal -1 0 0
    outer loop
      vertex 6.199999999999999 -6.433601781649051 56.11024278429239
      vertex 6.199999999999999 -6.261325248761109 56.26132524876111
      vertex 6.199999999999999 -3.5 57.5033388659358
    endloop
  endfacet
  facet normal -1 0 0
    outer loop
      vertex 6.199999999999999 -7.953386425979804 59.1920611772187
      vertex 6.199999999999999 -4.486187964677811 60.1430422142148
      vertex 6.199999999999999 -7.72864933978858 59.236764163071
    endloop
  endfacet
  facet normal -1 0 0
    outer loop
      vertex 6.199999999999999 -7.72864933978858 59.236764163071
      vertex 6.199999999999999 -4.486187964677811 60.1430422142148
      vertex 6.199999999999999 -7.5 59.25175063257116
    endloop
  endfacet
  facet normal -1 0 0
    outer loop
      vertex 6.199999999999999 -7.5 59.25175063257116
      vertex 6.199999999999999 -4.486187964677811 60.1430422142148
      vertex 6.199999999999999 -7.27135066021142 59.236764163071
    endloop
  endfacet
  facet normal -1 0 0
    outer loop
      vertex 6.199999999999999 -7.27135066021142 59.236764163071
      vertex 6.199999999999999 -4.486187964677811 60.1430422142148
      vertex 6.199999999999999 -7.046613574020196 59.1920611772187
    endloop
  endfacet
  facet normal -1 0 0
    outer loop
      vertex 6.199999999999999 -11.431558892130852 58.28203568607569
      vertex 6.199999999999999 -4.856957785785198 60.51381203532219
      vertex 6.199999999999999 -4.486187964677811 60.1430422142148
    endloop
  endfacet
  facet normal -1 0 0
    outer loop
      vertex 6.199999999999999 -7.046613574020196 59.1920611772187
      vertex 6.199999999999999 -4.166985310614109 59.727049216628075
      vertex 6.199999999999999 -6.829634055279952 59.11840655549619
    endloop
  endfacet
  facet normal -1 0 0
    outer loop
      vertex 6.199999999999999 -6.829634055279952 59.11840655549619
      vertex 6.199999999999999 -4.166985310614109 59.727049216628075
      vertex 6.199999999999999 -6.62412468371442 59.01706054890209
    endloop
  endfacet
  facet normal -1 0 0
    outer loop
      vertex 6.199999999999999 -6.62412468371442 59.01706054890209
      vertex 6.199999999999999 -3.904811456799507 59.272950783371925
      vertex 6.199999999999999 -6.433601781649051 58.88975721570761
    endloop
  endfacet
  facet normal -1 0 0
    outer loop
      vertex 6.199999999999999 -6.433601781649051 58.88975721570761
      vertex 6.199999999999999 -3.904811456799507 59.272950783371925
      vertex 6.199999999999999 -6.261325248761109 58.73867475123889
    endloop
  endfacet
  facet normal -1 0 0
    outer loop
      vertex 6.199999999999999 -6.261325248761109 58.73867475123889
      vertex 6.199999999999999 -3.7041522786021233 58.78851667791605
      vertex 6.199999999999999 -6.110242784292386 58.56639821835095
    endloop
  endfacet
  facet normal -1 0 0
    outer loop
      vertex 6.199999999999999 -10.328427128493786 52.68157287687063
      vertex 6.199999999999999 -3.5 57.5033388659358
      vertex 6.199999999999999 -1.5 57.5
    endloop
  endfacet
  facet normal -1 0 0
    outer loop
      vertex 6.199999999999999 -6.261325248761109 56.26132524876111
      vertex 6.199999999999999 -6.110242784292386 56.43360178164905
      vertex 6.199999999999999 -3.5 57.5033388659358
    endloop
  endfacet
  facet normal -1 0 0
    outer loop
      vertex 6.199999999999999 -6.110242784292386 56.43360178164905
      vertex 6.199999999999999 -5.9829394510979155 56.62412468371442
      vertex 6.199999999999999 -3.5 57.5033388659358
    endloop
  endfacet
  facet normal -1 0 0
    outer loop
      vertex 6.199999999999999 -5.9829394510979155 56.62412468371442
      vertex 6.199999999999999 -5.881593444503807 56.82963405527995
      vertex 6.199999999999999 -3.5 57.5033388659358
    endloop
  endfacet
  facet normal -1 0 0
    outer loop
      vertex 6.199999999999999 -5.881593444503807 56.82963405527995
      vertex 6.199999999999999 -5.8079388227813045 57.0466135740202
      vertex 6.199999999999999 -3.5 57.5033388659358
    endloop
  endfacet
  facet normal -1 0 0
    outer loop
      vertex 6.199999999999999 -5.8079388227813045 57.0466135740202
      vertex 6.199999999999999 -5.763235836929002 57.27135066021142
      vertex 6.199999999999999 -3.5 57.5033388659358
    endloop
  endfacet
  facet normal -1 0 0
    outer loop
      vertex 6.199999999999999 -5.763235836929002 57.27135066021142
      vertex 6.199999999999999 -5.748249367428841 57.5
      vertex 6.199999999999999 -3.5 57.5033388659358
    endloop
  endfacet
  facet normal -1 0 0
    outer loop
      vertex 6.199999999999999 -5.748249367428841 57.5
      vertex 6.199999999999999 -5.763235836929002 57.72864933978858
      vertex 6.199999999999999 -3.5 57.5033388659358
    endloop
  endfacet
  facet normal -1 0 0
    outer loop
      vertex 6.199999999999999 -6.110242784292386 58.56639821835095
      vertex 6.199999999999999 -3.7041522786021233 58.78851667791605
      vertex 6.199999999999999 -5.9829394510979155 58.37587531628558
    endloop
  endfacet
  facet normal -1 0 0
    outer loop
      vertex 6.199999999999999 -5.9829394510979155 58.37587531628558
      vertex 6.199999999999999 -3.5684411078691483 58.28203568607569
      vertex 6.199999999999999 -5.881593444503807 58.17036594472005
    endloop
  endfacet
  facet normal -1 0 0
    outer loop
      vertex 6.199999999999999 -5.763235836929002 57.72864933978858
      vertex 6.199999999999999 -5.8079388227813045 57.9533864259798
      vertex 6.199999999999999 -3.5 57.7621738538146
    endloop
  endfacet
  facet normal -1 0 0
    outer loop
      vertex 6.199999999999999 -5.8079388227813045 57.9533864259798
      vertex 6.199999999999999 -5.881593444503807 58.17036594472005
      vertex 6.199999999999999 -3.5684411078691483 58.28203568607569
    endloop
  endfacet
  facet normal -1 0 0
    outer loop
      vertex 6.199999999999999 -6.62412468371442 59.01706054890209
      vertex 6.199999999999999 -4.166985310614109 59.727049216628075
      vertex 6.199999999999999 -3.904811456799507 59.272950783371925
    endloop
  endfacet
  facet normal -1 0 0
    outer loop
      vertex 6.199999999999999 -6.261325248761109 58.73867475123889
      vertex 6.199999999999999 -3.904811456799507 59.272950783371925
      vertex 6.199999999999999 -3.7041522786021233 58.78851667791605
    endloop
  endfacet
  facet normal -1 0 0
    outer loop
      vertex 6.199999999999999 -7.046613574020196 59.1920611772187
      vertex 6.199999999999999 -4.486187964677811 60.1430422142148
      vertex 6.199999999999999 -4.166985310614109 59.727049216628075
    endloop
  endfacet
  facet normal -1 0 0
    outer loop
      vertex 6.199999999999999 -5.763235836929002 57.72864933978858
      vertex 6.199999999999999 -3.5 57.7621738538146
      vertex 6.199999999999999 -3.5 57.5033388659358
    endloop
  endfacet
  facet normal -1 0 0
    outer loop
      vertex 6.199999999999999 -5.8079388227813045 57.9533864259798
      vertex 6.199999999999999 -3.5684411078691483 58.28203568607569
      vertex 6.199999999999999 -3.5 57.7621738538146
    endloop
  endfacet
  facet normal -1 0 0
    outer loop
      vertex 6.199999999999999 -5.9829394510979155 58.37587531628558
      vertex 6.199999999999999 -3.7041522786021233 58.78851667791605
      vertex 6.199999999999999 -3.5684411078691483 58.28203568607569
    endloop
  endfacet
  facet normal -1 0 0
    outer loop
      vertex 6.199999999999999 -1.4900000020861626 43.84314575046301
      vertex 6.199999999999999 -1.5 47.5
      vertex 6.199999999999999 -1.4900000020861626 47.5
    endloop
  endfacet
  facet normal -1 0 0
    outer loop
      vertex 6.199999999999999 -3.5 57.5033388659358
      vertex 6.199999999999999 -1.4900000020861626 57.5
      vertex 6.199999999999999 -1.5 57.5
    endloop
  endfacet
  facet normal 0 -0.83146960977278 -0.5555702368056634
    outer loop
      vertex 6.199999999999999 -10.964101620018482 53.50999999791384
      vertex 6.199999999999999 -10.67341336607933 53.07495428621769
      vertex 10 -10.964101620018482 53.50999999791384
    endloop
  endfacet
  facet normal 0 -0.896872747298621 -0.44228867852684617
    outer loop
      vertex 6.199999999999999 -10.964101620018482 53.50999999791384
      vertex 10 -10.964101620018482 53.50999999791384
      vertex 10 -11.195518128573895 53.97926627099514
    endloop
  endfacet
  facet normal 0 -0.83146960977278 -0.5555702368056634
    outer loop
      vertex 6.199999999999999 -10.67341336607933 53.07495428621769
      vertex 10 -10.67341336607933 53.07495428621769
      vertex 10 -10.964101620018482 53.50999999791384
    endloop
  endfacet
  facet normal 0 -0.9469301247215172 -0.3214394793656995
    outer loop
      vertex 6.199999999999999 -11.363703310489655 54.47472381591797
      vertex 6.199999999999999 -11.195518128573895 53.97926627099514
      vertex 10 -11.363703310489655 54.47472381591797
    endloop
  endfacet
  facet normal 0 -0.896872747298621 -0.44228867852684617
    outer loop
      vertex 6.199999999999999 -10.964101620018482 53.50999999791384
      vertex 10 -11.195518128573895 53.97926627099514
      vertex 6.199999999999999 -11.195518128573895 53.97926627099514
    endloop
  endfacet
  facet normal 0 -0.9807852821830035 -0.19509031306860417
    outer loop
      vertex 6.199999999999999 -11.363703310489655 54.47472381591797
      vertex 10 -11.465779446065426 54.98789522796869
      vertex 6.199999999999999 -11.465779446065426 54.98789522796869
    endloop
  endfacet
  facet normal 0 -0.9978589233184303 -0.06540312801222277
    outer loop
      vertex 6.199999999999999 -11.465779446065426 54.98789522796869
      vertex 10 -11.5 55.50999999791384
      vertex 6.199999999999999 -11.5 55.50999999791384
    endloop
  endfacet
  facet normal 0 -1 0
    outer loop
      vertex 6.199999999999999 -11.5 55.50999999791384
      vertex 10 -11.5 57.7621738538146
      vertex 6.199999999999999 -11.5 57.7621738538146
    endloop
  endfacet
  facet normal 0 -0.9807852821830035 -0.19509031306860417
    outer loop
      vertex 6.199999999999999 -11.363703310489655 54.47472381591797
      vertex 10 -11.363703310489655 54.47472381591797
      vertex 10 -11.465779446065426 54.98789522796869
    endloop
  endfacet
  facet normal 0 -0.9469301247215172 -0.3214394793656995
    outer loop
      vertex 6.199999999999999 -11.195518128573895 53.97926627099514
      vertex 10 -11.195518128573895 53.97926627099514
      vertex 10 -11.363703310489655 54.47472381591797
    endloop
  endfacet
  facet normal 0 -0.9978589233184303 -0.06540312801222277
    outer loop
      vertex 6.199999999999999 -11.465779446065426 54.98789522796869
      vertex 10 -11.465779446065426 54.98789522796869
      vertex 10 -11.5 55.50999999791384
    endloop
  endfacet
  facet normal 0 -1 0
    outer loop
      vertex 6.199999999999999 -11.5 55.50999999791384
      vertex 10 -11.5 55.50999999791384
      vertex 10 -11.5 57.7621738538146
    endloop
  endfacet
  facet normal 0 -0.9914448615585122 0.13052619081710232
    outer loop
      vertex 6.199999999999999 -11.5 57.7621738538146
      vertex 10 -11.431558892130852 58.28203568607569
      vertex 6.199999999999999 -11.431558892130852 58.28203568607569
    endloop
  endfacet
  facet normal 0 -0.965925827248529 0.2588190415217645
    outer loop
      vertex 6.199999999999999 -11.431558892130852 58.28203568607569
      vertex 10 -11.295847721397877 58.78851667791605
      vertex 6.199999999999999 -11.295847721397877 58.78851667791605
    endloop
  endfacet
  facet normal 0 -0.9238795314044801 0.3826834350371576
    outer loop
      vertex 6.199999999999999 -11.295847721397877 58.78851667791605
      vertex 10 -11.095188543200493 59.272950783371925
      vertex 6.199999999999999 -11.095188543200493 59.272950783371925
    endloop
  endfacet
  facet normal 0 -0.8660254028466656 0.5000000016242707
    outer loop
      vertex 6.199999999999999 -11.095188543200493 59.272950783371925
      vertex 10 -10.833014689385891 59.727049216628075
      vertex 6.199999999999999 -10.833014689385891 59.727049216628075
    endloop
  endfacet
  facet normal 0 -0.9914448615585122 0.13052619081710232
    outer loop
      vertex 6.199999999999999 -11.5 57.7621738538146
      vertex 10 -11.5 57.7621738538146
      vertex 10 -11.431558892130852 58.28203568607569
    endloop
  endfacet
  facet normal 0 -0.965925827248529 0.2588190415217645
    outer loop
      vertex 6.199999999999999 -11.431558892130852 58.28203568607569
      vertex 10 -11.431558892130852 58.28203568607569
      vertex 10 -11.295847721397877 58.78851667791605
    endloop
  endfacet
  facet normal 0 -0.9238795314044801 0.3826834350371576
    outer loop
      vertex 6.199999999999999 -11.295847721397877 58.78851667791605
      vertex 10 -11.295847721397877 58.78851667791605
      vertex 10 -11.095188543200493 59.272950783371925
    endloop
  endfacet
  facet normal 0 -0.8660254028466656 0.5000000016242707
    outer loop
      vertex 6.199999999999999 -11.095188543200493 59.272950783371925
      vertex 10 -11.095188543200493 59.272950783371925
      vertex 10 -10.833014689385891 59.727049216628075
    endloop
  endfacet
  facet normal 0 -0.7933533401022866 0.6087614292549631
    outer loop
      vertex 6.199999999999999 -10.833014689385891 59.727049216628075
      vertex 10 -10.833014689385891 59.727049216628075
      vertex 10 -10.51381203532219 60.1430422142148
    endloop
  endfacet
  facet normal 1 0 0
    outer loop
      vertex 10 -11.5 55.50999999791384
      vertex 10 -9.192061177218696 57.0466135740202
      vertex 10 -11.5 57.7621738538146
    endloop
  endfacet
  facet normal 1 0 0
    outer loop
      vertex 10 -11.5 57.7621738538146
      vertex 10 -9.192061177218696 57.9533864259798
      vertex 10 -11.431558892130852 58.28203568607569
    endloop
  endfacet
  facet normal 0 -0.7518398069017457 -0.6593458157582754
    outer loop
      vertex 6.199999999999999 -10.67341336607933 53.07495428621769
      vertex 6.199999999999999 -10.328427128493786 52.68157287687063
      vertex 10 -10.67341336607933 53.07495428621769
    endloop
  endfacet
  facet normal 0 -0.7518398069017457 -0.6593458157582754
    outer loop
      vertex 6.199999999999999 -10.328427128493786 52.68157287687063
      vertex 10 -10.328427128493786 52.68157287687063
      vertex 10 -10.67341336607933 53.07495428621769
    endloop
  endfacet
  facet normal 0 -0.7071067811865476 -0.7071067811865476
    outer loop
      vertex 6.199999999999999 -10.328427128493786 52.68157287687063
      vertex 6.199999999999999 -1.4900000020861626 43.84314575046301
      vertex 10 -10.328427128493786 52.68157287687063
    endloop
  endfacet
  facet normal 0 -0.7933533401022866 0.6087614292549631
    outer loop
      vertex 6.199999999999999 -10.833014689385891 59.727049216628075
      vertex 10 -10.51381203532219 60.1430422142148
      vertex 6.199999999999999 -10.51381203532219 60.1430422142148
    endloop
  endfacet
  facet normal 0 -0.7071067811865475 0.7071067811865475
    outer loop
      vertex 6.199999999999999 -10.51381203532219 60.1430422142148
      vertex 10 -10.143042214214802 60.51381203532219
      vertex 6.199999999999999 -10.143042214214802 60.51381203532219
    endloop
  endfacet
  facet normal 0 -0.6087614292549631 0.7933533401022866
    outer loop
      vertex 6.199999999999999 -10.143042214214802 60.51381203532219
      vertex 10 -9.727049216628075 60.83301468938589
      vertex 6.199999999999999 -9.727049216628075 60.83301468938589
    endloop
  endfacet
  facet normal 0 -0.5000000016242707 0.8660254028466656
    outer loop
      vertex 6.199999999999999 -9.727049216628075 60.83301468938589
      vertex 10 -9.272950783371925 61.09518854320049
      vertex 6.199999999999999 -9.272950783371925 61.09518854320049
    endloop
  endfacet
  facet normal 0 -0.3826834350371576 0.9238795314044801
    outer loop
      vertex 6.199999999999999 -9.272950783371925 61.09518854320049
      vertex 10 -8.78851667791605 61.29584772139788
      vertex 6.199999999999999 -8.78851667791605 61.29584772139788
    endloop
  endfacet
  facet normal 0 -0.7071067811865475 0.7071067811865475
    outer loop
      vertex 6.199999999999999 -10.51381203532219 60.1430422142148
      vertex 10 -10.51381203532219 60.1430422142148
      vertex 10 -10.143042214214802 60.51381203532219
    endloop
  endfacet
  facet normal 0 -0.6087614292549631 0.7933533401022866
    outer loop
      vertex 6.199999999999999 -10.143042214214802 60.51381203532219
      vertex 10 -10.143042214214802 60.51381203532219
      vertex 10 -9.727049216628075 60.83301468938589
    endloop
  endfacet
  facet normal 0 -0.5000000016242707 0.8660254028466656
    outer loop
      vertex 6.199999999999999 -9.727049216628075 60.83301468938589
      vertex 10 -9.727049216628075 60.83301468938589
      vertex 10 -9.272950783371925 61.09518854320049
    endloop
  endfacet
  facet normal 0 -0.3826834350371576 0.9238795314044801
    outer loop
      vertex 6.199999999999999 -9.272950783371925 61.09518854320049
      vertex 10 -9.272950783371925 61.09518854320049
      vertex 10 -8.78851667791605 61.29584772139788
    endloop
  endfacet
  facet normal 0 -0.2588190415217645 0.965925827248529
    outer loop
      vertex 6.199999999999999 -8.78851667791605 61.29584772139788
      vertex 10 -8.282035686075687 61.43155889213085
      vertex 6.199999999999999 -8.282035686075687 61.43155889213085
    endloop
  endfacet
  facet normal 0 -0.13052619081710232 0.9914448615585122
    outer loop
      vertex 6.199999999999999 -8.282035686075687 61.43155889213085
      vertex 10 -7.762173853814602 61.5
      vertex 6.199999999999999 -7.762173853814602 61.5
    endloop
  endfacet
  facet normal 0 0 1
    outer loop
      vertex 6.199999999999999 -7.762173853814602 61.5
      vertex 10 -7.237826146185398 61.5
      vertex 6.199999999999999 -7.237826146185398 61.5
    endloop
  endfacet
  facet normal 0 -0.2588190415217645 0.965925827248529
    outer loop
      vertex 6.199999999999999 -8.78851667791605 61.29584772139788
      vertex 10 -8.78851667791605 61.29584772139788
      vertex 10 -8.282035686075687 61.43155889213085
    endloop
  endfacet
  facet normal 0 -0.13052619081710232 0.9914448615585122
    outer loop
      vertex 6.199999999999999 -8.282035686075687 61.43155889213085
      vertex 10 -8.282035686075687 61.43155889213085
      vertex 10 -7.762173853814602 61.5
    endloop
  endfacet
  facet normal 0 0 1
    outer loop
      vertex 6.199999999999999 -7.762173853814602 61.5
      vertex 10 -7.762173853814602 61.5
      vertex 10 -7.237826146185398 61.5
    endloop
  endfacet
  facet normal 1 0 0
    outer loop
      vertex 10 -11.465779446065426 54.98789522796869
      vertex 10 -8.738674751238891 56.26132524876111
      vertex 10 -11.5 55.50999999791384
    endloop
  endfacet
  facet normal 1 0 0
    outer loop
      vertex 10 -11.363703310489655 54.47472381591797
      vertex 10 -8.37587531628558 55.98293945109791
      vertex 10 -11.465779446065426 54.98789522796869
    endloop
  endfacet
  facet normal 1 0 0
    outer loop
      vertex 10 -11.363703310489655 54.47472381591797
      vertex 10 -11.195518128573895 53.97926627099514
      vertex 10 -7.953386425979804 55.8079388227813
    endloop
  endfacet
  facet normal 1 0 0
    outer loop
      vertex 10 -10.964101620018482 53.50999999791384
      vertex 10 -7.5 55.74824936742884
      vertex 10 -11.195518128573895 53.97926627099514
    endloop
  endfacet
  facet normal 1 0 0
    outer loop
      vertex 10 -11.5 55.50999999791384
      vertex 10 -8.889757215707615 56.43360178164905
      vertex 10 -9.017060548902084 56.62412468371442
    endloop
  endfacet
  facet normal 1 0 0
    outer loop
      vertex 10 -11.5 55.50999999791384
      vertex 10 -9.017060548902084 56.62412468371442
      vertex 10 -9.118406555496193 56.82963405527995
    endloop
  endfacet
  facet normal 1 0 0
    outer loop
      vertex 10 -11.5 55.50999999791384
      vertex 10 -9.118406555496193 56.82963405527995
      vertex 10 -9.192061177218696 57.0466135740202
    endloop
  endfacet
  facet normal 1 0 0
    outer loop
      vertex 10 -11.5 57.7621738538146
      vertex 10 -9.192061177218696 57.0466135740202
      vertex 10 -9.236764163070998 57.27135066021142
    endloop
  endfacet
  facet normal 1 0 0
    outer loop
      vertex 10 -11.5 57.7621738538146
      vertex 10 -9.236764163070998 57.27135066021142
      vertex 10 -9.25175063257116 57.5
    endloop
  endfacet
  facet normal 1 0 0
    outer loop
      vertex 10 -11.465779446065426 54.98789522796869
      vertex 10 -8.37587531628558 55.98293945109791
      vertex 10 -8.56639821835095 56.11024278429239
    endloop
  endfacet
  facet normal 1 0 0
    outer loop
      vertex 10 -11.363703310489655 54.47472381591797
      vertex 10 -8.170365944720048 55.88159344450381
      vertex 10 -8.37587531628558 55.98293945109791
    endloop
  endfacet
  facet normal 1 0 0
    outer loop
      vertex 10 -11.363703310489655 54.47472381591797
      vertex 10 -7.953386425979804 55.8079388227813
      vertex 10 -8.170365944720048 55.88159344450381
    endloop
  endfacet
  facet normal 1 0 0
    outer loop
      vertex 10 -11.195518128573895 53.97926627099514
      vertex 10 -7.72864933978858 55.763235836929
      vertex 10 -7.953386425979804 55.8079388227813
    endloop
  endfacet
  facet normal 1 0 0
    outer loop
      vertex 10 -11.5 55.50999999791384
      vertex 10 -8.738674751238891 56.26132524876111
      vertex 10 -8.889757215707615 56.43360178164905
    endloop
  endfacet
  facet normal 1 0 0
    outer loop
      vertex 10 -11.465779446065426 54.98789522796869
      vertex 10 -8.56639821835095 56.11024278429239
      vertex 10 -8.738674751238891 56.26132524876111
    endloop
  endfacet
  facet normal 1 0 0
    outer loop
      vertex 10 -11.5 57.7621738538146
      vertex 10 -9.25175063257116 57.5
      vertex 10 -9.236764163070998 57.72864933978858
    endloop
  endfacet
  facet normal 1 0 0
    outer loop
      vertex 10 -11.5 57.7621738538146
      vertex 10 -9.236764163070998 57.72864933978858
      vertex 10 -9.192061177218696 57.9533864259798
    endloop
  endfacet
  facet normal 1 0 0
    outer loop
      vertex 10 -11.431558892130852 58.28203568607569
      vertex 10 -9.192061177218696 57.9533864259798
      vertex 10 -9.118406555496193 58.17036594472005
    endloop
  endfacet
  facet normal 1 0 0
    outer loop
      vertex 10 -11.431558892130852 58.28203568607569
      vertex 10 -9.118406555496193 58.17036594472005
      vertex 10 -9.017060548902084 58.37587531628558
    endloop
  endfacet
  facet normal 1 0 0
    outer loop
      vertex 10 -11.431558892130852 58.28203568607569
      vertex 10 -9.017060548902084 58.37587531628558
      vertex 10 -8.889757215707615 58.56639821835095
    endloop
  endfacet
  facet normal 1 0 0
    outer loop
      vertex 10 -11.431558892130852 58.28203568607569
      vertex 10 -8.889757215707615 58.56639821835095
      vertex 10 -8.738674751238891 58.73867475123889
    endloop
  endfacet
  facet normal 1 0 0
    outer loop
      vertex 10 -11.431558892130852 58.28203568607569
      vertex 10 -8.738674751238891 58.73867475123889
      vertex 10 -8.56639821835095 58.88975721570761
    endloop
  endfacet
  facet normal 1 0 0
    outer loop
      vertex 10 -11.431558892130852 58.28203568607569
      vertex 10 -8.56639821835095 58.88975721570761
      vertex 10 -8.37587531628558 59.01706054890209
    endloop
  endfacet
  facet normal 1 0 0
    outer loop
      vertex 10 -11.431558892130852 58.28203568607569
      vertex 10 -8.37587531628558 59.01706054890209
      vertex 10 -8.170365944720048 59.11840655549619
    endloop
  endfacet
  facet normal 1 0 0
    outer loop
      vertex 10 -11.431558892130852 58.28203568607569
      vertex 10 -5.272950783371925 60.83301468938589
      vertex 10 -11.295847721397877 58.78851667791605
    endloop
  endfacet
  facet normal 1 0 0
    outer loop
      vertex 10 -11.431558892130852 58.28203568607569
      vertex 10 -8.170365944720048 59.11840655549619
      vertex 10 -7.953386425979804 59.1920611772187
    endloop
  endfacet
  facet normal 1 0 0
    outer loop
      vertex 10 -11.095188543200493 59.272950783371925
      vertex 10 -6.21148332208395 61.29584772139788
      vertex 10 -10.833014689385891 59.727049216628075
    endloop
  endfacet
  facet normal 1 0 0
    outer loop
      vertex 10 -11.295847721397877 58.78851667791605
      vertex 10 -5.272950783371925 60.83301468938589
      vertex 10 -11.095188543200493 59.272950783371925
    endloop
  endfacet
  facet normal 1 0 0
    outer loop
      vertex 10 -10.833014689385891 59.727049216628075
      vertex 10 -6.21148332208395 61.29584772139788
      vertex 10 -10.51381203532219 60.1430422142148
    endloop
  endfacet
  facet normal 1 0 0
    outer loop
      vertex 10 -10.51381203532219 60.1430422142148
      vertex 10 -7.237826146185398 61.5
      vertex 10 -10.143042214214802 60.51381203532219
    endloop
  endfacet
  facet normal 1 0 0
    outer loop
      vertex 10 -10.143042214214802 60.51381203532219
      vertex 10 -7.237826146185398 61.5
      vertex 10 -9.727049216628075 60.83301468938589
    endloop
  endfacet
  facet normal 1 0 0
    outer loop
      vertex 10 -9.727049216628075 60.83301468938589
      vertex 10 -7.762173853814602 61.5
      vertex 10 -9.272950783371925 61.09518854320049
    endloop
  endfacet
  facet normal 1 0 0
    outer loop
      vertex 10 -11.195518128573895 53.97926627099514
      vertex 10 -7.5 55.74824936742884
      vertex 10 -7.72864933978858 55.763235836929
    endloop
  endfacet
  facet normal 1 0 0
    outer loop
      vertex 10 -10.964101620018482 53.50999999791384
      vertex 10 -7.27135066021142 55.763235836929
      vertex 10 -7.5 55.74824936742884
    endloop
  endfacet
  facet normal 1 0 0
    outer loop
      vertex 10 -10.964101620018482 53.50999999791384
      vertex 10 -7.046613574020196 55.8079388227813
      vertex 10 -7.27135066021142 55.763235836929
    endloop
  endfacet
  facet normal 1 0 0
    outer loop
      vertex 10 -10.964101620018482 53.50999999791384
      vertex 10 -10.67341336607933 53.07495428621769
      vertex 10 -3.5 57.5033388659358
    endloop
  endfacet
  facet normal 1 0 0
    outer loop
      vertex 10 -10.67341336607933 53.07495428621769
      vertex 10 -10.328427128493786 52.68157287687063
      vertex 10 -3.5 57.5033388659358
    endloop
  endfacet
  facet normal 1 0 0
    outer loop
      vertex 10 -10.964101620018482 53.50999999791384
      vertex 10 -6.829634055279952 55.88159344450381
      vertex 10 -7.046613574020196 55.8079388227813
    endloop
  endfacet
  facet normal 1 0 0
    outer loop
      vertex 10 -10.964101620018482 53.50999999791384
      vertex 10 -3.5 57.5033388659358
      vertex 10 -6.829634055279952 55.88159344450381
    endloop
  endfacet
  facet normal 1 0 0
    outer loop
      vertex 10 -9.272950783371925 61.09518854320049
      vertex 10 -8.282035686075687 61.43155889213085
      vertex 10 -8.78851667791605 61.29584772139788
    endloop
  endfacet
  facet normal 1 0 0
    outer loop
      vertex 10 -9.272950783371925 61.09518854320049
      vertex 10 -7.762173853814602 61.5
      vertex 10 -8.282035686075687 61.43155889213085
    endloop
  endfacet
  facet normal 1 0 0
    outer loop
      vertex 10 -9.727049216628075 60.83301468938589
      vertex 10 -7.237826146185398 61.5
      vertex 10 -7.762173853814602 61.5
    endloop
  endfacet
  facet normal 1 0 0
    outer loop
      vertex 10 -10.51381203532219 60.1430422142148
      vertex 10 -6.717964313924313 61.43155889213085
      vertex 10 -7.237826146185398 61.5
    endloop
  endfacet
  facet normal 1 0 0
    outer loop
      vertex 10 -11.431558892130852 58.28203568607569
      vertex 10 -7.953386425979804 59.1920611772187
      vertex 10 -4.486187964677811 60.1430422142148
    endloop
  endfacet
  facet normal 1 0 0
    outer loop
      vertex 10 -10.51381203532219 60.1430422142148
      vertex 10 -6.21148332208395 61.29584772139788
      vertex 10 -6.717964313924313 61.43155889213085
    endloop
  endfacet
  facet normal 1 0 0
    outer loop
      vertex 10 -11.095188543200493 59.272950783371925
      vertex 10 -5.727049216628075 61.09518854320049
      vertex 10 -6.21148332208395 61.29584772139788
    endloop
  endfacet
  facet normal 1 0 0
    outer loop
      vertex 10 -11.095188543200493 59.272950783371925
      vertex 10 -5.272950783371925 60.83301468938589
      vertex 10 -5.727049216628075 61.09518854320049
    endloop
  endfacet
  facet normal 1 0 0
    outer loop
      vertex 10 -11.431558892130852 58.28203568607569
      vertex 10 -4.856957785785198 60.51381203532219
      vertex 10 -5.272950783371925 60.83301468938589
    endloop
  endfacet
  facet normal 0 1 0
    outer loop
      vertex 6.199999999999999 -1.4900000020861626 43.84314575046301
      vertex 6.199999999999999 -1.4900000020861626 47.5
      vertex 10 -1.4900000020861626 43.84314575046301
    endloop
  endfacet
  facet normal 0 -0.7071067811865476 -0.7071067811865476
    outer loop
      vertex 6.199999999999999 -1.4900000020861626 43.84314575046301
      vertex 10 -1.4900000020861626 43.84314575046301
      vertex 10 -10.328427128493786 52.68157287687063
    endloop
  endfacet
  facet normal 1 0 0
    outer loop
      vertex 10 -10.328427128493786 52.68157287687063
      vertex 10 -1.4900000020861626 43.84314575046301
      vertex 10 -1.4900000020861626 47.5
    endloop
  endfacet
  facet normal 1 0 0
    outer loop
      vertex 10 -10.328427128493786 52.68157287687063
      vertex 10 -1.4900000020861626 47.5
      vertex 10 -1.4900000020861626 55.15685424953699
    endloop
  endfacet
  facet normal 0 0.13052619081710232 0.9914448615585122
    outer loop
      vertex 6.199999999999999 -7.237826146185398 61.5
      vertex 10 -6.717964313924313 61.43155889213085
      vertex 6.199999999999999 -6.717964313924313 61.43155889213085
    endloop
  endfacet
  facet normal 0 0.2588190415217645 0.965925827248529
    outer loop
      vertex 6.199999999999999 -6.717964313924313 61.43155889213085
      vertex 10 -6.21148332208395 61.29584772139788
      vertex 6.199999999999999 -6.21148332208395 61.29584772139788
    endloop
  endfacet
  facet normal 0 0.3826834350371576 0.9238795314044801
    outer loop
      vertex 6.199999999999999 -6.21148332208395 61.29584772139788
      vertex 10 -5.727049216628075 61.09518854320049
      vertex 6.199999999999999 -5.727049216628075 61.09518854320049
    endloop
  endfacet
  facet normal 0 0.5000000016242707 0.8660254028466656
    outer loop
      vertex 6.199999999999999 -5.727049216628075 61.09518854320049
      vertex 10 -5.272950783371925 60.83301468938589
      vertex 6.199999999999999 -5.272950783371925 60.83301468938589
    endloop
  endfacet
  facet normal 0 0.13052619081710232 0.9914448615585122
    outer loop
      vertex 6.199999999999999 -7.237826146185398 61.5
      vertex 10 -7.237826146185398 61.5
      vertex 10 -6.717964313924313 61.43155889213085
    endloop
  endfacet
  facet normal 0 0.2588190415217645 0.965925827248529
    outer loop
      vertex 6.199999999999999 -6.717964313924313 61.43155889213085
      vertex 10 -6.717964313924313 61.43155889213085
      vertex 10 -6.21148332208395 61.29584772139788
    endloop
  endfacet
  facet normal 0 0.3826834350371576 0.9238795314044801
    outer loop
      vertex 6.199999999999999 -6.21148332208395 61.29584772139788
      vertex 10 -6.21148332208395 61.29584772139788
      vertex 10 -5.727049216628075 61.09518854320049
    endloop
  endfacet
  facet normal 0 0.5000000016242707 0.8660254028466656
    outer loop
      vertex 6.199999999999999 -5.727049216628075 61.09518854320049
      vertex 10 -5.727049216628075 61.09518854320049
      vertex 10 -5.272950783371925 60.83301468938589
    endloop
  endfacet
  facet normal 0 0.6087614292549631 0.7933533401022866
    outer loop
      vertex 6.199999999999999 -5.272950783371925 60.83301468938589
      vertex 10 -4.856957785785198 60.51381203532219
      vertex 6.199999999999999 -4.856957785785198 60.51381203532219
    endloop
  endfacet
  facet normal 0 0.7071067811865475 0.7071067811865475
    outer loop
      vertex 6.199999999999999 -4.856957785785198 60.51381203532219
      vertex 10 -4.486187964677811 60.1430422142148
      vertex 6.199999999999999 -4.486187964677811 60.1430422142148
    endloop
  endfacet
  facet normal 0 0.8660254028466656 0.5000000016242707
    outer loop
      vertex 6.199999999999999 -3.904811456799507 59.272950783371925
      vertex 6.199999999999999 -4.166985310614109 59.727049216628075
      vertex 10 -3.904811456799507 59.272950783371925
    endloop
  endfacet
  facet normal 0 0.965925827248529 0.2588190415217645
    outer loop
      vertex 6.199999999999999 -3.5684411078691483 58.28203568607569
      vertex 6.199999999999999 -3.7041522786021233 58.78851667791605
      vertex 10 -3.5684411078691483 58.28203568607569
    endloop
  endfacet
  facet normal 0 0.9238795314044801 0.3826834350371576
    outer loop
      vertex 6.199999999999999 -3.904811456799507 59.272950783371925
      vertex 10 -3.7041522786021233 58.78851667791605
      vertex 6.199999999999999 -3.7041522786021233 58.78851667791605
    endloop
  endfacet
  facet normal 0 0.7933533401022866 0.6087614292549631
    outer loop
      vertex 6.199999999999999 -4.486187964677811 60.1430422142148
      vertex 10 -4.166985310614109 59.727049216628075
      vertex 6.199999999999999 -4.166985310614109 59.727049216628075
    endloop
  endfacet
  facet normal 0 0.6087614292549631 0.7933533401022866
    outer loop
      vertex 6.199999999999999 -5.272950783371925 60.83301468938589
      vertex 10 -5.272950783371925 60.83301468938589
      vertex 10 -4.856957785785198 60.51381203532219
    endloop
  endfacet
  facet normal 0 0.7071067811865475 0.7071067811865475
    outer loop
      vertex 6.199999999999999 -4.856957785785198 60.51381203532219
      vertex 10 -4.856957785785198 60.51381203532219
      vertex 10 -4.486187964677811 60.1430422142148
    endloop
  endfacet
  facet normal 0 0.8660254028466656 0.5000000016242707
    outer loop
      vertex 6.199999999999999 -4.166985310614109 59.727049216628075
      vertex 10 -4.166985310614109 59.727049216628075
      vertex 10 -3.904811456799507 59.272950783371925
    endloop
  endfacet
  facet normal 0 0.9914448615585122 0.13052619081710232
    outer loop
      vertex 6.199999999999999 -3.5684411078691483 58.28203568607569
      vertex 10 -3.5684411078691483 58.28203568607569
      vertex 10 -3.5 57.7621738538146
    endloop
  endfacet
  facet normal 0 0.9238795314044801 0.3826834350371576
    outer loop
      vertex 6.199999999999999 -3.904811456799507 59.272950783371925
      vertex 10 -3.904811456799507 59.272950783371925
      vertex 10 -3.7041522786021233 58.78851667791605
    endloop
  endfacet
  facet normal 0 0.965925827248529 0.2588190415217645
    outer loop
      vertex 6.199999999999999 -3.7041522786021233 58.78851667791605
      vertex 10 -3.7041522786021233 58.78851667791605
      vertex 10 -3.5684411078691483 58.28203568607569
    endloop
  endfacet
  facet normal 0 0.7933533401022866 0.6087614292549631
    outer loop
      vertex 6.199999999999999 -4.486187964677811 60.1430422142148
      vertex 10 -4.486187964677811 60.1430422142148
      vertex 10 -4.166985310614109 59.727049216628075
    endloop
  endfacet
  facet normal 1 0 0
    outer loop
      vertex 10 -6.829634055279952 55.88159344450381
      vertex 10 -3.5 57.5033388659358
      vertex 10 -6.62412468371442 55.98293945109791
    endloop
  endfacet
  facet normal 1 0 0
    outer loop
      vertex 10 -6.62412468371442 55.98293945109791
      vertex 10 -3.5 57.5033388659358
      vertex 10 -6.433601781649051 56.11024278429239
    endloop
  endfacet
  facet normal 1 0 0
    outer loop
      vertex 10 -6.433601781649051 56.11024278429239
      vertex 10 -3.5 57.5033388659358
      vertex 10 -6.261325248761109 56.26132524876111
    endloop
  endfacet
  facet normal 1 0 0
    outer loop
      vertex 10 -7.953386425979804 59.1920611772187
      vertex 10 -7.72864933978858 59.236764163071
      vertex 10 -4.486187964677811 60.1430422142148
    endloop
  endfacet
  facet normal 1 0 0
    outer loop
      vertex 10 -7.72864933978858 59.236764163071
      vertex 10 -7.5 59.25175063257116
      vertex 10 -4.486187964677811 60.1430422142148
    endloop
  endfacet
  facet normal 1 0 0
    outer loop
      vertex 10 -7.5 59.25175063257116
      vertex 10 -7.27135066021142 59.236764163071
      vertex 10 -4.486187964677811 60.1430422142148
    endloop
  endfacet
  facet normal 1 0 0
    outer loop
      vertex 10 -7.27135066021142 59.236764163071
      vertex 10 -7.046613574020196 59.1920611772187
      vertex 10 -4.486187964677811 60.1430422142148
    endloop
  endfacet
  facet normal 1 0 0
    outer loop
      vertex 10 -11.431558892130852 58.28203568607569
      vertex 10 -4.486187964677811 60.1430422142148
      vertex 10 -4.856957785785198 60.51381203532219
    endloop
  endfacet
  facet normal 1 0 0
    outer loop
      vertex 10 -7.046613574020196 59.1920611772187
      vertex 10 -6.829634055279952 59.11840655549619
      vertex 10 -4.486187964677811 60.1430422142148
    endloop
  endfacet
  facet normal 1 0 0
    outer loop
      vertex 10 -6.829634055279952 59.11840655549619
      vertex 10 -6.62412468371442 59.01706054890209
      vertex 10 -4.166985310614109 59.727049216628075
    endloop
  endfacet
  facet normal 1 0 0
    outer loop
      vertex 10 -6.62412468371442 59.01706054890209
      vertex 10 -6.433601781649051 58.88975721570761
      vertex 10 -4.166985310614109 59.727049216628075
    endloop
  endfacet
  facet normal 1 0 0
    outer loop
      vertex 10 -6.433601781649051 58.88975721570761
      vertex 10 -6.261325248761109 58.73867475123889
      vertex 10 -3.904811456799507 59.272950783371925
    endloop
  endfacet
  facet normal 1 0 0
    outer loop
      vertex 10 -6.261325248761109 58.73867475123889
      vertex 10 -6.110242784292386 58.56639821835095
      vertex 10 -3.904811456799507 59.272950783371925
    endloop
  endfacet
  facet normal 1 0 0
    outer loop
      vertex 10 -10.328427128493786 52.68157287687063
      vertex 10 -1.4929252788424492 55.1597795188427
      vertex 10 -3.5 57.5033388659358
    endloop
  endfacet
  facet normal 1 0 0
    outer loop
      vertex 10 -10.328427128493786 52.68157287687063
      vertex 10 -1.4900000020861626 55.15685424953699
      vertex 10 -1.4929252788424492 55.1597795188427
    endloop
  endfacet
  facet normal 1 0 0
    outer loop
      vertex 10 -6.261325248761109 56.26132524876111
      vertex 10 -3.5 57.5033388659358
      vertex 10 -6.110242784292386 56.43360178164905
    endloop
  endfacet
  facet normal 1 0 0
    outer loop
      vertex 10 -6.110242784292386 56.43360178164905
      vertex 10 -3.5 57.5033388659358
      vertex 10 -5.9829394510979155 56.62412468371442
    endloop
  endfacet
  facet normal 1 0 0
    outer loop
      vertex 10 -5.9829394510979155 56.62412468371442
      vertex 10 -3.5 57.5033388659358
      vertex 10 -5.881593444503807 56.82963405527995
    endloop
  endfacet
  facet normal 1 0 0
    outer loop
      vertex 10 -5.881593444503807 56.82963405527995
      vertex 10 -3.5 57.5033388659358
      vertex 10 -5.8079388227813045 57.0466135740202
    endloop
  endfacet
  facet normal 1 0 0
    outer loop
      vertex 10 -5.8079388227813045 57.0466135740202
      vertex 10 -3.5 57.5033388659358
      vertex 10 -5.763235836929002 57.27135066021142
    endloop
  endfacet
  facet normal 1 0 0
    outer loop
      vertex 10 -5.763235836929002 57.27135066021142
      vertex 10 -3.5 57.5033388659358
      vertex 10 -5.748249367428841 57.5
    endloop
  endfacet
  facet normal 1 0 0
    outer loop
      vertex 10 -5.748249367428841 57.5
      vertex 10 -3.5 57.5033388659358
      vertex 10 -3.5 57.7621738538146
    endloop
  endfacet
  facet normal 1 0 0
    outer loop
      vertex 10 -6.110242784292386 58.56639821835095
      vertex 10 -5.9829394510979155 58.37587531628558
      vertex 10 -3.7041522786021233 58.78851667791605
    endloop
  endfacet
  facet normal 1 0 0
    outer loop
      vertex 10 -5.9829394510979155 58.37587531628558
      vertex 10 -5.881593444503807 58.17036594472005
      vertex 10 -3.7041522786021233 58.78851667791605
    endloop
  endfacet
  facet normal 1 0 0
    outer loop
      vertex 10 -5.748249367428841 57.5
      vertex 10 -3.5 57.7621738538146
      vertex 10 -5.763235836929002 57.72864933978858
    endloop
  endfacet
  facet normal 1 0 0
    outer loop
      vertex 10 -5.763235836929002 57.72864933978858
      vertex 10 -3.5684411078691483 58.28203568607569
      vertex 10 -5.8079388227813045 57.9533864259798
    endloop
  endfacet
  facet normal 1 0 0
    outer loop
      vertex 10 -5.8079388227813045 57.9533864259798
      vertex 10 -3.5684411078691483 58.28203568607569
      vertex 10 -5.881593444503807 58.17036594472005
    endloop
  endfacet
  facet normal 1 0 0
    outer loop
      vertex 10 -6.433601781649051 58.88975721570761
      vertex 10 -3.904811456799507 59.272950783371925
      vertex 10 -4.166985310614109 59.727049216628075
    endloop
  endfacet
  facet normal 1 0 0
    outer loop
      vertex 10 -6.110242784292386 58.56639821835095
      vertex 10 -3.7041522786021233 58.78851667791605
      vertex 10 -3.904811456799507 59.272950783371925
    endloop
  endfacet
  facet normal 1 0 0
    outer loop
      vertex 10 -6.829634055279952 59.11840655549619
      vertex 10 -4.166985310614109 59.727049216628075
      vertex 10 -4.486187964677811 60.1430422142148
    endloop
  endfacet
  facet normal 1 0 0
    outer loop
      vertex 10 -5.763235836929002 57.72864933978858
      vertex 10 -3.5 57.7621738538146
      vertex 10 -3.5684411078691483 58.28203568607569
    endloop
  endfacet
  facet normal 1 0 0
    outer loop
      vertex 10 -5.881593444503807 58.17036594472005
      vertex 10 -3.5684411078691483 58.28203568607569
      vertex 10 -3.7041522786021233 58.78851667791605
    endloop
  endfacet
  facet normal 0 1 0
    outer loop
      vertex 6.199999999999999 -1.4900000020861626 47.5
      vertex 10 -1.4900000020861626 47.5
      vertex 10 -1.4900000020861626 43.84314575046301
    endloop
  endfacet
  facet normal 0 1 0
    outer loop
      vertex 6.199999999999999 -3.5 57.5033388659358
      vertex 6.199999999999999 -3.5 57.7621738538146
      vertex 10 -3.5 57.5033388659358
    endloop
  endfacet
  facet normal 0 0.0016611250411629347 0.9999986203308471
    outer loop
      vertex 6.199999999999999 -3.5 57.5033388659358
      vertex 10 -1.4900000020861626 57.5
      vertex 6.199999999999999 -1.4900000020861626 57.5
    endloop
  endfacet
  facet normal 0 0.0016611250411629347 0.9999986203308471
    outer loop
      vertex 6.199999999999999 -3.5 57.5033388659358
      vertex 10 -3.5 57.5033388659358
      vertex 10 -1.4900000020861626 57.5
    endloop
  endfacet
  facet normal 0 0.9914448615585122 0.13052619081710232
    outer loop
      vertex 6.199999999999999 -3.5684411078691483 58.28203568607569
      vertex 10 -3.5 57.7621738538146
      vertex 6.199999999999999 -3.5 57.7621738538146
    endloop
  endfacet
  facet normal 0 1 0
    outer loop
      vertex 6.199999999999999 -3.5 57.7621738538146
      vertex 10 -3.5 57.7621738538146
      vertex 10 -3.5 57.5033388659358
    endloop
  endfacet
  facet normal 1 0 0
    outer loop
      vertex 10 -3.5 57.5033388659358
      vertex 10 -1.4929252788424492 55.1597795188427
      vertex 10 -1.4900000020861626 57.5
    endloop
  endfacet
  facet normal 0 -0.83146960977278 -0.5555702368056634
    outer loop
      vertex -1.9 -10.964101620018482 53.50999999791384
      vertex -1.9 -10.67341336607933 53.07495428621769
      vertex 1.9 -10.964101620018482 53.50999999791384
    endloop
  endfacet
  facet normal -1 0 0
    outer loop
      vertex -1.9 -11.465779446065426 54.98789522796869
      vertex -1.9 -11.5 55.50999999791384
      vertex -1.9 -9.023541599063854 55.976458400936146
    endloop
  endfacet
  facet normal -1 0 0
    outer loop
      vertex -1.9 -11.5 55.50999999791384
      vertex -1.9 -11.5 57.7621738538146
      vertex -1.9 -9.58119652804359 56.94234507102026
    endloop
  endfacet
  facet normal -1 0 0
    outer loop
      vertex -1.9 -11.5 57.7621738538146
      vertex -1.9 -11.431558892130852 58.28203568607569
      vertex -1.9 -9.636180177690301 57.781233455689616
    endloop
  endfacet
  facet normal 0 -0.9469301247215172 -0.32143947936569944
    outer loop
      vertex -1.9 -11.363703310489655 54.47472381591797
      vertex -1.9 -11.195518128573895 53.97926627099514
      vertex 1.9 -11.363703310489655 54.47472381591797
    endloop
  endfacet
  facet normal 0 -0.896872747298621 -0.4422886785268461
    outer loop
      vertex -1.9 -10.964101620018482 53.50999999791384
      vertex 1.9 -11.195518128573895 53.97926627099514
      vertex -1.9 -11.195518128573895 53.97926627099514
    endloop
  endfacet
  facet normal 0 -0.9807852821830035 -0.19509031306860414
    outer loop
      vertex -1.9 -11.363703310489655 54.47472381591797
      vertex 1.9 -11.465779446065426 54.98789522796869
      vertex -1.9 -11.465779446065426 54.98789522796869
    endloop
  endfacet
  facet normal 0 -0.9978589233184303 -0.06540312801222277
    outer loop
      vertex -1.9 -11.465779446065426 54.98789522796869
      vertex 1.9 -11.5 55.50999999791384
      vertex -1.9 -11.5 55.50999999791384
    endloop
  endfacet
  facet normal 0 -1 0
    outer loop
      vertex -1.9 -11.5 55.50999999791384
      vertex 1.9 -11.5 57.7621738538146
      vertex -1.9 -11.5 57.7621738538146
    endloop
  endfacet
  facet normal 0 -0.9914448615585122 0.13052619081710232
    outer loop
      vertex -1.9 -11.5 57.7621738538146
      vertex 1.9 -11.431558892130852 58.28203568607569
      vertex -1.9 -11.431558892130852 58.28203568607569
    endloop
  endfacet
  facet normal 0 -0.965925827248529 0.2588190415217645
    outer loop
      vertex -1.9 -11.431558892130852 58.28203568607569
      vertex 1.9 -11.295847721397877 58.78851667791605
      vertex -1.9 -11.295847721397877 58.78851667791605
    endloop
  endfacet
  facet normal 0 -0.92387953140448 0.3826834350371576
    outer loop
      vertex -1.9 -11.295847721397877 58.78851667791605
      vertex 1.9 -11.095188543200493 59.272950783371925
      vertex -1.9 -11.095188543200493 59.272950783371925
    endloop
  endfacet
  facet normal 0 -0.8660254028466656 0.5000000016242706
    outer loop
      vertex -1.9 -11.095188543200493 59.272950783371925
      vertex 1.9 -10.833014689385891 59.727049216628075
      vertex -1.9 -10.833014689385891 59.727049216628075
    endloop
  endfacet
  facet normal -1 0 0
    outer loop
      vertex -1.9 -10.67341336607933 53.07495428621769
      vertex -1.9 -6.675465228176142 55.509396971214635
      vertex -1.9 -10.328427128493786 52.68157287687063
    endloop
  endfacet
  facet normal 0 -0.7518398069017457 -0.6593458157582754
    outer loop
      vertex -1.9 -10.67341336607933 53.07495428621769
      vertex -1.9 -10.328427128493786 52.68157287687063
      vertex 1.9 -10.67341336607933 53.07495428621769
    endloop
  endfacet
  facet normal -1 0 0
    outer loop
      vertex -1.9 -11.363703310489655 54.47472381591797
      vertex -1.9 -8.324534771823858 55.509396971214635
      vertex -1.9 -11.195518128573895 53.97926627099514
    endloop
  endfacet
  facet normal -1 0 0
    outer loop
      vertex -1.9 -11.363703310489655 54.47472381591797
      vertex -1.9 -11.465779446065426 54.98789522796869
      vertex -1.9 -8.811645405866443 55.79063042690425
    endloop
  endfacet
  facet normal -1 0 0
    outer loop
      vertex -1.9 -10.964101620018482 53.50999999791384
      vertex -1.9 -11.195518128573895 53.97926627099514
      vertex -1.9 -7.781233455689615 55.3638198223097
    endloop
  endfacet
  facet normal -1 0 0
    outer loop
      vertex -1.9 -11.465779446065426 54.98789522796869
      vertex -1.9 -9.023541599063854 55.976458400936146
      vertex -1.9 -8.811645405866443 55.79063042690425
    endloop
  endfacet
  facet normal -1 0 0
    outer loop
      vertex -1.9 -11.5 55.50999999791384
      vertex -1.9 -9.58119652804359 56.94234507102026
      vertex -1.9 -9.490603028785364 56.675465228176144
    endloop
  endfacet
  facet normal -1 0 0
    outer loop
      vertex -1.9 -11.5 57.7621738538146
      vertex -1.9 -9.636180177690301 57.218766544310384
      vertex -1.9 -9.58119652804359 56.94234507102026
    endloop
  endfacet
  facet normal -1 0 0
    outer loop
      vertex -1.9 -11.5 57.7621738538146
      vertex -1.9 -9.654613192235693 57.5
      vertex -1.9 -9.636180177690301 57.218766544310384
    endloop
  endfacet
  facet normal -1 0 0
    outer loop
      vertex -1.9 -11.5 55.50999999791384
      vertex -1.9 -9.490603028785364 56.675465228176144
      vertex -1.9 -9.365949759805195 56.42269340388215
    endloop
  endfacet
  facet normal -1 0 0
    outer loop
      vertex -1.9 -11.5 55.50999999791384
      vertex -1.9 -9.365949759805195 56.42269340388215
      vertex -1.9 -9.20936957309575 56.18835459413356
    endloop
  endfacet
  facet normal -1 0 0
    outer loop
      vertex -1.9 -11.5 55.50999999791384
      vertex -1.9 -9.20936957309575 56.18835459413356
      vertex -1.9 -9.023541599063854 55.976458400936146
    endloop
  endfacet
  facet normal -1 0 0
    outer loop
      vertex -1.9 -10.964101620018482 53.50999999791384
      vertex -1.9 -7.5 55.34538680776431
      vertex -1.9 -10.67341336607933 53.07495428621769
    endloop
  endfacet
  facet normal -1 0 0
    outer loop
      vertex -1.9 -11.363703310489655 54.47472381591797
      vertex -1.9 -8.811645405866443 55.79063042690425
      vertex -1.9 -8.577306596117847 55.6340502401948
    endloop
  endfacet
  facet normal -1 0 0
    outer loop
      vertex -1.9 -11.363703310489655 54.47472381591797
      vertex -1.9 -8.577306596117847 55.6340502401948
      vertex -1.9 -8.324534771823858 55.509396971214635
    endloop
  endfacet
  facet normal -1 0 0
    outer loop
      vertex -1.9 -11.195518128573895 53.97926627099514
      vertex -1.9 -8.324534771823858 55.509396971214635
      vertex -1.9 -8.057654928979737 55.41880347195641
    endloop
  endfacet
  facet normal -1 0 0
    outer loop
      vertex -1.9 -11.195518128573895 53.97926627099514
      vertex -1.9 -8.057654928979737 55.41880347195641
      vertex -1.9 -7.781233455689615 55.3638198223097
    endloop
  endfacet
  facet normal -1 0 0
    outer loop
      vertex -1.9 -11.5 57.7621738538146
      vertex -1.9 -9.636180177690301 57.781233455689616
      vertex -1.9 -9.654613192235693 57.5
    endloop
  endfacet
  facet normal -1 0 0
    outer loop
      vertex -1.9 -11.431558892130852 58.28203568607569
      vertex -1.9 -9.58119652804359 58.05765492897974
      vertex -1.9 -9.636180177690301 57.781233455689616
    endloop
  endfacet
  facet normal -1 0 0
    outer loop
      vertex -1.9 -11.431558892130852 58.28203568607569
      vertex -1.9 -9.490603028785364 58.324534771823856
      vertex -1.9 -9.58119652804359 58.05765492897974
    endloop
  endfacet
  facet normal -1 0 0
    outer loop
      vertex -1.9 -11.431558892130852 58.28203568607569
      vertex -1.9 -9.365949759805195 58.57730659611785
      vertex -1.9 -9.490603028785364 58.324534771823856
    endloop
  endfacet
  facet normal -1 0 0
    outer loop
      vertex -1.9 -11.431558892130852 58.28203568607569
      vertex -1.9 -9.20936957309575 58.81164540586644
      vertex -1.9 -9.365949759805195 58.57730659611785
    endloop
  endfacet
  facet normal -1 0 0
    outer loop
      vertex -1.9 -11.431558892130852 58.28203568607569
      vertex -1.9 -9.023541599063854 59.023541599063854
      vertex -1.9 -9.20936957309575 58.81164540586644
    endloop
  endfacet
  facet normal -1 0 0
    outer loop
      vertex -1.9 -11.431558892130852 58.28203568607569
      vertex -1.9 -8.811645405866443 59.20936957309575
      vertex -1.9 -9.023541599063854 59.023541599063854
    endloop
  endfacet
  facet normal -1 0 0
    outer loop
      vertex -1.9 -11.431558892130852 58.28203568607569
      vertex -1.9 -8.577306596117847 59.3659497598052
      vertex -1.9 -8.811645405866443 59.20936957309575
    endloop
  endfacet
  facet normal -1 0 0
    outer loop
      vertex -1.9 -11.431558892130852 58.28203568607569
      vertex -1.9 -8.324534771823858 59.490603028785365
      vertex -1.9 -8.577306596117847 59.3659497598052
    endloop
  endfacet
  facet normal -1 0 0
    outer loop
      vertex -1.9 -11.431558892130852 58.28203568607569
      vertex -1.9 -11.295847721397877 58.78851667791605
      vertex -1.9 -5.272950783371925 60.83301468938589
    endloop
  endfacet
  facet normal -1 0 0
    outer loop
      vertex -1.9 -11.095188543200493 59.272950783371925
      vertex -1.9 -10.833014689385891 59.727049216628075
      vertex -1.9 -6.21148332208395 61.29584772139788
    endloop
  endfacet
  facet normal -1 0 0
    outer loop
      vertex -1.9 -11.295847721397877 58.78851667791605
      vertex -1.9 -11.095188543200493 59.272950783371925
      vertex -1.9 -5.272950783371925 60.83301468938589
    endloop
  endfacet
  facet normal -1 0 0
    outer loop
      vertex -1.9 -10.833014689385891 59.727049216628075
      vertex -1.9 -10.51381203532219 60.1430422142148
      vertex -1.9 -6.21148332208395 61.29584772139788
    endloop
  endfacet
  facet normal -1 0 0
    outer loop
      vertex -1.9 -10.51381203532219 60.1430422142148
      vertex -1.9 -10.143042214214802 60.51381203532219
      vertex -1.9 -7.237826146185398 61.5
    endloop
  endfacet
  facet normal -1 0 0
    outer loop
      vertex -1.9 -10.143042214214802 60.51381203532219
      vertex -1.9 -9.727049216628075 60.83301468938589
      vertex -1.9 -7.237826146185398 61.5
    endloop
  endfacet
  facet normal -1 0 0
    outer loop
      vertex -1.9 -9.727049216628075 60.83301468938589
      vertex -1.9 -9.272950783371925 61.09518854320049
      vertex -1.9 -7.762173853814602 61.5
    endloop
  endfacet
  facet normal -1 0 0
    outer loop
      vertex -1.9 -10.964101620018482 53.50999999791384
      vertex -1.9 -7.781233455689615 55.3638198223097
      vertex -1.9 -7.5 55.34538680776431
    endloop
  endfacet
  facet normal -1 0 0
    outer loop
      vertex -1.9 -10.67341336607933 53.07495428621769
      vertex -1.9 -7.5 55.34538680776431
      vertex -1.9 -7.218766544310385 55.3638198223097
    endloop
  endfacet
  facet normal -1 0 0
    outer loop
      vertex -1.9 -10.67341336607933 53.07495428621769
      vertex -1.9 -7.218766544310385 55.3638198223097
      vertex -1.9 -6.942345071020264 55.41880347195641
    endloop
  endfacet
  facet normal -1 0 0
    outer loop
      vertex -1.9 -10.67341336607933 53.07495428621769
      vertex -1.9 -6.942345071020264 55.41880347195641
      vertex -1.9 -6.675465228176142 55.509396971214635
    endloop
  endfacet
  facet normal -1 0 0
    outer loop
      vertex -1.9 -10.328427128493786 52.68157287687063
      vertex -1.9 -6.675465228176142 55.509396971214635
      vertex -1.9 -6.422693403882153 55.6340502401948
    endloop
  endfacet
  facet normal -1 0 0
    outer loop
      vertex -1.9 -11.431558892130852 58.28203568607569
      vertex -1.9 -5.272950783371925 60.83301468938589
      vertex -1.9 -8.324534771823858 59.490603028785365
    endloop
  endfacet
  facet normal -1 0 0
    outer loop
      vertex -1.9 -9.272950783371925 61.09518854320049
      vertex -1.9 -8.78851667791605 61.29584772139788
      vertex -1.9 -8.282035686075687 61.43155889213085
    endloop
  endfacet
  facet normal -1 0 0
    outer loop
      vertex -1.9 -9.272950783371925 61.09518854320049
      vertex -1.9 -8.282035686075687 61.43155889213085
      vertex -1.9 -7.762173853814602 61.5
    endloop
  endfacet
  facet normal -1 0 0
    outer loop
      vertex -1.9 -9.727049216628075 60.83301468938589
      vertex -1.9 -7.762173853814602 61.5
      vertex -1.9 -7.237826146185398 61.5
    endloop
  endfacet
  facet normal -1 0 0
    outer loop
      vertex -1.9 -10.51381203532219 60.1430422142148
      vertex -1.9 -7.237826146185398 61.5
      vertex -1.9 -6.717964313924313 61.43155889213085
    endloop
  endfacet
  facet normal -1 0 0
    outer loop
      vertex -1.9 -10.51381203532219 60.1430422142148
      vertex -1.9 -6.717964313924313 61.43155889213085
      vertex -1.9 -6.21148332208395 61.29584772139788
    endloop
  endfacet
  facet normal -1 0 0
    outer loop
      vertex -1.9 -11.095188543200493 59.272950783371925
      vertex -1.9 -6.21148332208395 61.29584772139788
      vertex -1.9 -5.727049216628075 61.09518854320049
    endloop
  endfacet
  facet normal -1 0 0
    outer loop
      vertex -1.9 -11.095188543200493 59.272950783371925
      vertex -1.9 -5.727049216628075 61.09518854320049
      vertex -1.9 -5.272950783371925 60.83301468938589
    endloop
  endfacet
  facet normal -1 0 0
    outer loop
      vertex -1.9 -8.324534771823858 59.490603028785365
      vertex -1.9 -5.272950783371925 60.83301468938589
      vertex -1.9 -8.057654928979737 59.58119652804359
    endloop
  endfacet
  facet normal 0 -0.7933533401022866 0.6087614292549631
    outer loop
      vertex -1.9 -10.833014689385891 59.727049216628075
      vertex 1.9 -10.51381203532219 60.1430422142148
      vertex -1.9 -10.51381203532219 60.1430422142148
    endloop
  endfacet
  facet normal 0 -0.7071067811865476 0.7071067811865476
    outer loop
      vertex -1.9 -10.51381203532219 60.1430422142148
      vertex 1.9 -10.143042214214802 60.51381203532219
      vertex -1.9 -10.143042214214802 60.51381203532219
    endloop
  endfacet
  facet normal 0 -0.6087614292549631 0.7933533401022866
    outer loop
      vertex -1.9 -10.143042214214802 60.51381203532219
      vertex 1.9 -9.727049216628075 60.83301468938589
      vertex -1.9 -9.727049216628075 60.83301468938589
    endloop
  endfacet
  facet normal 0 -0.5000000016242706 0.8660254028466656
    outer loop
      vertex -1.9 -9.727049216628075 60.83301468938589
      vertex 1.9 -9.272950783371925 61.09518854320049
      vertex -1.9 -9.272950783371925 61.09518854320049
    endloop
  endfacet
  facet normal 0 -0.3826834350371576 0.92387953140448
    outer loop
      vertex -1.9 -9.272950783371925 61.09518854320049
      vertex 1.9 -8.78851667791605 61.29584772139788
      vertex -1.9 -8.78851667791605 61.29584772139788
    endloop
  endfacet
  facet normal 0 -0.2588190415217645 0.965925827248529
    outer loop
      vertex -1.9 -8.78851667791605 61.29584772139788
      vertex 1.9 -8.282035686075687 61.43155889213085
      vertex -1.9 -8.282035686075687 61.43155889213085
    endloop
  endfacet
  facet normal 0 -0.13052619081710232 0.9914448615585122
    outer loop
      vertex -1.9 -8.282035686075687 61.43155889213085
      vertex 1.9 -7.762173853814602 61.5
      vertex -1.9 -7.762173853814602 61.5
    endloop
  endfacet
  facet normal 0 0 1
    outer loop
      vertex -1.9 -7.762173853814602 61.5
      vertex 1.9 -7.237826146185398 61.5
      vertex -1.9 -7.237826146185398 61.5
    endloop
  endfacet
  facet normal -1 0 0
    outer loop
      vertex -1.9 -10.328427128493786 52.68157287687063
      vertex -1.9 -1.5 47.5
      vertex -1.9 -5.146854251623157 47.5
    endloop
  endfacet
  facet normal -1 0 0
    outer loop
      vertex -1.9 -10.328427128493786 52.68157287687063
      vertex -1.9 -1.5 57.5
      vertex -1.9 -1.5 47.5
    endloop
  endfacet
  facet normal 0 -0.7071067811865478 -0.7071067811865472
    outer loop
      vertex -1.9 -10.328427128493786 52.68157287687063
      vertex -1.9 -5.146854251623157 47.5
      vertex 1.9 -5.146854251623157 47.5
    endloop
  endfacet
  facet normal -1 0 0
    outer loop
      vertex -1.9 -10.328427128493786 52.68157287687063
      vertex -1.9 -6.422693403882153 55.6340502401948
      vertex -1.9 -3.5 57.5033388659358
    endloop
  endfacet
  facet normal -1 0 0
    outer loop
      vertex -1.9 -6.422693403882153 55.6340502401948
      vertex -1.9 -6.188354594133558 55.79063042690425
      vertex -1.9 -3.5 57.5033388659358
    endloop
  endfacet
  facet normal -1 0 0
    outer loop
      vertex -1.9 -8.057654928979737 59.58119652804359
      vertex -1.9 -5.272950783371925 60.83301468938589
      vertex -1.9 -7.781233455689615 59.6361801776903
    endloop
  endfacet
  facet normal -1 0 0
    outer loop
      vertex -1.9 -7.781233455689615 59.6361801776903
      vertex -1.9 -5.272950783371925 60.83301468938589
      vertex -1.9 -7.5 59.65461319223569
    endloop
  endfacet
  facet normal -1 0 0
    outer loop
      vertex -1.9 -7.5 59.65461319223569
      vertex -1.9 -4.856957785785198 60.51381203532219
      vertex -1.9 -7.218766544310385 59.6361801776903
    endloop
  endfacet
  facet normal -1 0 0
    outer loop
      vertex -1.9 -7.218766544310385 59.6361801776903
      vertex -1.9 -4.856957785785198 60.51381203532219
      vertex -1.9 -6.942345071020264 59.58119652804359
    endloop
  endfacet
  facet normal -1 0 0
    outer loop
      vertex -1.9 -6.422693403882153 59.3659497598052
      vertex -1.9 -4.166985310614109 59.727049216628075
      vertex -1.9 -6.188354594133558 59.20936957309575
    endloop
  endfacet
  facet normal -1 0 0
    outer loop
      vertex -1.9 -6.188354594133558 59.20936957309575
      vertex -1.9 -4.166985310614109 59.727049216628075
      vertex -1.9 -5.9764584009361466 59.023541599063854
    endloop
  endfacet
  facet normal -1 0 0
    outer loop
      vertex -1.9 -6.675465228176142 59.490603028785365
      vertex -1.9 -6.942345071020264 59.58119652804359
      vertex -1.9 -4.486187964677811 60.1430422142148
    endloop
  endfacet
  facet normal -1 0 0
    outer loop
      vertex -1.9 -6.675465228176142 59.490603028785365
      vertex -1.9 -4.486187964677811 60.1430422142148
      vertex -1.9 -6.422693403882153 59.3659497598052
    endloop
  endfacet
  facet normal -1 0 0
    outer loop
      vertex -1.9 -7.5 59.65461319223569
      vertex -1.9 -5.272950783371925 60.83301468938589
      vertex -1.9 -4.856957785785198 60.51381203532219
    endloop
  endfacet
  facet normal -1 0 0
    outer loop
      vertex -1.9 -6.942345071020264 59.58119652804359
      vertex -1.9 -4.856957785785198 60.51381203532219
      vertex -1.9 -4.486187964677811 60.1430422142148
    endloop
  endfacet
  facet normal -1 0 0
    outer loop
      vertex -1.9 -10.328427128493786 52.68157287687063
      vertex -1.9 -3.5 57.5033388659358
      vertex -1.9 -1.5 57.5
    endloop
  endfacet
  facet normal -1 0 0
    outer loop
      vertex -1.9 -6.188354594133558 55.79063042690425
      vertex -1.9 -5.9764584009361466 55.976458400936146
      vertex -1.9 -3.5 57.5033388659358
    endloop
  endfacet
  facet normal -1 0 0
    outer loop
      vertex -1.9 -5.9764584009361466 55.976458400936146
      vertex -1.9 -5.790630426904251 56.18835459413356
      vertex -1.9 -3.5 57.5033388659358
    endloop
  endfacet
  facet normal -1 0 0
    outer loop
      vertex -1.9 -5.790630426904251 56.18835459413356
      vertex -1.9 -5.634050240194805 56.42269340388215
      vertex -1.9 -3.5 57.5033388659358
    endloop
  endfacet
  facet normal -1 0 0
    outer loop
      vertex -1.9 -5.634050240194805 56.42269340388215
      vertex -1.9 -5.5093969712146365 56.675465228176144
      vertex -1.9 -3.5 57.5033388659358
    endloop
  endfacet
  facet normal -1 0 0
    outer loop
      vertex -1.9 -5.5093969712146365 56.675465228176144
      vertex -1.9 -5.41880347195641 56.94234507102026
      vertex -1.9 -3.5 57.5033388659358
    endloop
  endfacet
  facet normal -1 0 0
    outer loop
      vertex -1.9 -5.41880347195641 56.94234507102026
      vertex -1.9 -5.363819822309699 57.218766544310384
      vertex -1.9 -3.5 57.5033388659358
    endloop
  endfacet
  facet normal -1 0 0
    outer loop
      vertex -1.9 -5.363819822309699 57.218766544310384
      vertex -1.9 -5.3453868077643065 57.5
      vertex -1.9 -3.5 57.5033388659358
    endloop
  endfacet
  facet normal -1 0 0
    outer loop
      vertex -1.9 -5.3453868077643065 57.5
      vertex -1.9 -5.363819822309699 57.781233455689616
      vertex -1.9 -3.5 57.5033388659358
    endloop
  endfacet
  facet normal -1 0 0
    outer loop
      vertex -1.9 -5.634050240194805 58.57730659611785
      vertex -1.9 -3.7041522786021233 58.78851667791605
      vertex -1.9 -5.5093969712146365 58.324534771823856
    endloop
  endfacet
  facet normal -1 0 0
    outer loop
      vertex -1.9 -5.9764584009361466 59.023541599063854
      vertex -1.9 -3.904811456799507 59.272950783371925
      vertex -1.9 -5.790630426904251 58.81164540586644
    endloop
  endfacet
  facet normal -1 0 0
    outer loop
      vertex -1.9 -5.790630426904251 58.81164540586644
      vertex -1.9 -3.7041522786021233 58.78851667791605
      vertex -1.9 -5.634050240194805 58.57730659611785
    endloop
  endfacet
  facet normal -1 0 0
    outer loop
      vertex -1.9 -5.363819822309699 57.781233455689616
      vertex -1.9 -5.41880347195641 58.05765492897974
      vertex -1.9 -3.5684411078691483 58.28203568607569
    endloop
  endfacet
  facet normal -1 0 0
    outer loop
      vertex -1.9 -5.41880347195641 58.05765492897974
      vertex -1.9 -5.5093969712146365 58.324534771823856
      vertex -1.9 -3.5684411078691483 58.28203568607569
    endloop
  endfacet
  facet normal -1 0 0
    outer loop
      vertex -1.9 -5.9764584009361466 59.023541599063854
      vertex -1.9 -4.166985310614109 59.727049216628075
      vertex -1.9 -3.904811456799507 59.272950783371925
    endloop
  endfacet
  facet normal -1 0 0
    outer loop
      vertex -1.9 -5.790630426904251 58.81164540586644
      vertex -1.9 -3.904811456799507 59.272950783371925
      vertex -1.9 -3.7041522786021233 58.78851667791605
    endloop
  endfacet
  facet normal -1 0 0
    outer loop
      vertex -1.9 -6.422693403882153 59.3659497598052
      vertex -1.9 -4.486187964677811 60.1430422142148
      vertex -1.9 -4.166985310614109 59.727049216628075
    endloop
  endfacet
  facet normal -1 0 0
    outer loop
      vertex -1.9 -5.5093969712146365 58.324534771823856
      vertex -1.9 -3.7041522786021233 58.78851667791605
      vertex -1.9 -3.5684411078691483 58.28203568607569
    endloop
  endfacet
  facet normal -1 0 0
    outer loop
      vertex -1.9 -5.363819822309699 57.781233455689616
      vertex -1.9 -3.5 57.7621738538146
      vertex -1.9 -3.5 57.5033388659358
    endloop
  endfacet
  facet normal -1 0 0
    outer loop
      vertex -1.9 -5.363819822309699 57.781233455689616
      vertex -1.9 -3.5684411078691483 58.28203568607569
      vertex -1.9 -3.5 57.7621738538146
    endloop
  endfacet
  facet normal 0 0.13052619081710232 0.9914448615585122
    outer loop
      vertex -1.9 -7.237826146185398 61.5
      vertex 1.9 -6.717964313924313 61.43155889213085
      vertex -1.9 -6.717964313924313 61.43155889213085
    endloop
  endfacet
  facet normal 0 0.2588190415217645 0.965925827248529
    outer loop
      vertex -1.9 -6.717964313924313 61.43155889213085
      vertex 1.9 -6.21148332208395 61.29584772139788
      vertex -1.9 -6.21148332208395 61.29584772139788
    endloop
  endfacet
  facet normal 0 0.3826834350371576 0.92387953140448
    outer loop
      vertex -1.9 -6.21148332208395 61.29584772139788
      vertex 1.9 -5.727049216628075 61.09518854320049
      vertex -1.9 -5.727049216628075 61.09518854320049
    endloop
  endfacet
  facet normal 0 0.5000000016242706 0.8660254028466656
    outer loop
      vertex -1.9 -5.727049216628075 61.09518854320049
      vertex 1.9 -5.272950783371925 60.83301468938589
      vertex -1.9 -5.272950783371925 60.83301468938589
    endloop
  endfacet
  facet normal 0 0.6087614292549631 0.7933533401022866
    outer loop
      vertex -1.9 -5.272950783371925 60.83301468938589
      vertex 1.9 -4.856957785785198 60.51381203532219
      vertex -1.9 -4.856957785785198 60.51381203532219
    endloop
  endfacet
  facet normal 0 0.7071067811865476 0.7071067811865476
    outer loop
      vertex -1.9 -4.856957785785198 60.51381203532219
      vertex 1.9 -4.486187964677811 60.1430422142148
      vertex -1.9 -4.486187964677811 60.1430422142148
    endloop
  endfacet
  facet normal 0 0.8660254028466656 0.5000000016242706
    outer loop
      vertex -1.9 -3.904811456799507 59.272950783371925
      vertex -1.9 -4.166985310614109 59.727049216628075
      vertex 1.9 -3.904811456799507 59.272950783371925
    endloop
  endfacet
  facet normal 0 0.965925827248529 0.2588190415217645
    outer loop
      vertex -1.9 -3.5684411078691483 58.28203568607569
      vertex -1.9 -3.7041522786021233 58.78851667791605
      vertex 1.9 -3.5684411078691483 58.28203568607569
    endloop
  endfacet
  facet normal 0 0.92387953140448 0.3826834350371576
    outer loop
      vertex -1.9 -3.904811456799507 59.272950783371925
      vertex 1.9 -3.7041522786021233 58.78851667791605
      vertex -1.9 -3.7041522786021233 58.78851667791605
    endloop
  endfacet
  facet normal 0 0.7933533401022866 0.6087614292549631
    outer loop
      vertex -1.9 -4.486187964677811 60.1430422142148
      vertex 1.9 -4.166985310614109 59.727049216628075
      vertex -1.9 -4.166985310614109 59.727049216628075
    endloop
  endfacet
  facet normal -1 0 0
    outer loop
      vertex -1.9 -3.5 57.5033388659358
      vertex -1.9 -1.4900000020861626 57.5
      vertex -1.9 -1.5 57.5
    endloop
  endfacet
  facet normal 0 1 0
    outer loop
      vertex -1.9 -3.5 57.5033388659358
      vertex -1.9 -3.5 57.7621738538146
      vertex 1.9 -3.5 57.5033388659358
    endloop
  endfacet
  facet normal 0 0.0016611250411629349 0.9999986203308471
    outer loop
      vertex -1.9 -3.5 57.5033388659358
      vertex 1.9 -1.4900000020861626 57.5
      vertex -1.9 -1.4900000020861626 57.5
    endloop
  endfacet
  facet normal 0 0.9914448615585122 0.13052619081710232
    outer loop
      vertex -1.9 -3.5684411078691483 58.28203568607569
      vertex 1.9 -3.5 57.7621738538146
      vertex -1.9 -3.5 57.7621738538146
    endloop
  endfacet
  facet normal 0 -0.896872747298621 -0.4422886785268461
    outer loop
      vertex -1.9 -10.964101620018482 53.50999999791384
      vertex 1.9 -10.964101620018482 53.50999999791384
      vertex 1.9 -11.195518128573895 53.97926627099514
    endloop
  endfacet
  facet normal 0 -0.83146960977278 -0.5555702368056634
    outer loop
      vertex -1.9 -10.67341336607933 53.07495428621769
      vertex 1.9 -10.67341336607933 53.07495428621769
      vertex 1.9 -10.964101620018482 53.50999999791384
    endloop
  endfacet
  facet normal 0 -0.9807852821830035 -0.19509031306860414
    outer loop
      vertex -1.9 -11.363703310489655 54.47472381591797
      vertex 1.9 -11.363703310489655 54.47472381591797
      vertex 1.9 -11.465779446065426 54.98789522796869
    endloop
  endfacet
  facet normal 0 -0.9469301247215172 -0.32143947936569944
    outer loop
      vertex -1.9 -11.195518128573895 53.97926627099514
      vertex 1.9 -11.195518128573895 53.97926627099514
      vertex 1.9 -11.363703310489655 54.47472381591797
    endloop
  endfacet
  facet normal 0 -0.9978589233184303 -0.06540312801222277
    outer loop
      vertex -1.9 -11.465779446065426 54.98789522796869
      vertex 1.9 -11.465779446065426 54.98789522796869
      vertex 1.9 -11.5 55.50999999791384
    endloop
  endfacet
  facet normal 0 -1 0
    outer loop
      vertex -1.9 -11.5 55.50999999791384
      vertex 1.9 -11.5 55.50999999791384
      vertex 1.9 -11.5 57.7621738538146
    endloop
  endfacet
  facet normal 0 -0.9914448615585122 0.13052619081710232
    outer loop
      vertex -1.9 -11.5 57.7621738538146
      vertex 1.9 -11.5 57.7621738538146
      vertex 1.9 -11.431558892130852 58.28203568607569
    endloop
  endfacet
  facet normal 0 -0.965925827248529 0.2588190415217645
    outer loop
      vertex -1.9 -11.431558892130852 58.28203568607569
      vertex 1.9 -11.431558892130852 58.28203568607569
      vertex 1.9 -11.295847721397877 58.78851667791605
    endloop
  endfacet
  facet normal 0 -0.92387953140448 0.3826834350371576
    outer loop
      vertex -1.9 -11.295847721397877 58.78851667791605
      vertex 1.9 -11.295847721397877 58.78851667791605
      vertex 1.9 -11.095188543200493 59.272950783371925
    endloop
  endfacet
  facet normal 0 -0.8660254028466656 0.5000000016242706
    outer loop
      vertex -1.9 -11.095188543200493 59.272950783371925
      vertex 1.9 -11.095188543200493 59.272950783371925
      vertex 1.9 -10.833014689385891 59.727049216628075
    endloop
  endfacet
  facet normal 0 -0.7933533401022866 0.6087614292549631
    outer loop
      vertex -1.9 -10.833014689385891 59.727049216628075
      vertex 1.9 -10.833014689385891 59.727049216628075
      vertex 1.9 -10.51381203532219 60.1430422142148
    endloop
  endfacet
  facet normal 1 0 0
    outer loop
      vertex 1.9 -11.465779446065426 54.98789522796869
      vertex 1.9 -9.023541599063854 55.976458400936146
      vertex 1.9 -11.5 55.50999999791384
    endloop
  endfacet
  facet normal 1 0 0
    outer loop
      vertex 1.9 -11.5 55.50999999791384
      vertex 1.9 -9.636180177690301 57.218766544310384
      vertex 1.9 -11.5 57.7621738538146
    endloop
  endfacet
  facet normal 1 0 0
    outer loop
      vertex 1.9 -11.5 57.7621738538146
      vertex 1.9 -9.58119652804359 58.05765492897974
      vertex 1.9 -11.431558892130852 58.28203568607569
    endloop
  endfacet
  facet normal 0 -0.7518398069017457 -0.6593458157582754
    outer loop
      vertex -1.9 -10.328427128493786 52.68157287687063
      vertex 1.9 -10.328427128493786 52.68157287687063
      vertex 1.9 -10.67341336607933 53.07495428621769
    endloop
  endfacet
  facet normal 0 -0.7071067811865478 -0.7071067811865472
    outer loop
      vertex -1.9 -10.328427128493786 52.68157287687063
      vertex 1.9 -5.146854251623157 47.5
      vertex 1.9 -10.328427128493786 52.68157287687063
    endloop
  endfacet
  facet normal 1 0 0
    outer loop
      vertex 1.9 -10.67341336607933 53.07495428621769
      vertex 1.9 -10.328427128493786 52.68157287687063
      vertex 1.9 -6.942345071020264 55.41880347195641
    endloop
  endfacet
  facet normal 0 -0.7071067811865476 0.7071067811865476
    outer loop
      vertex -1.9 -10.51381203532219 60.1430422142148
      vertex 1.9 -10.51381203532219 60.1430422142148
      vertex 1.9 -10.143042214214802 60.51381203532219
    endloop
  endfacet
  facet normal 0 -0.6087614292549631 0.7933533401022866
    outer loop
      vertex -1.9 -10.143042214214802 60.51381203532219
      vertex 1.9 -10.143042214214802 60.51381203532219
      vertex 1.9 -9.727049216628075 60.83301468938589
    endloop
  endfacet
  facet normal 0 -0.5000000016242706 0.8660254028466656
    outer loop
      vertex -1.9 -9.727049216628075 60.83301468938589
      vertex 1.9 -9.727049216628075 60.83301468938589
      vertex 1.9 -9.272950783371925 61.09518854320049
    endloop
  endfacet
  facet normal 0 -0.3826834350371576 0.92387953140448
    outer loop
      vertex -1.9 -9.272950783371925 61.09518854320049
      vertex 1.9 -9.272950783371925 61.09518854320049
      vertex 1.9 -8.78851667791605 61.29584772139788
    endloop
  endfacet
  facet normal 0 -0.2588190415217645 0.965925827248529
    outer loop
      vertex -1.9 -8.78851667791605 61.29584772139788
      vertex 1.9 -8.78851667791605 61.29584772139788
      vertex 1.9 -8.282035686075687 61.43155889213085
    endloop
  endfacet
  facet normal 0 -0.13052619081710232 0.9914448615585122
    outer loop
      vertex -1.9 -8.282035686075687 61.43155889213085
      vertex 1.9 -8.282035686075687 61.43155889213085
      vertex 1.9 -7.762173853814602 61.5
    endloop
  endfacet
  facet normal 0 0 1
    outer loop
      vertex -1.9 -7.762173853814602 61.5
      vertex 1.9 -7.762173853814602 61.5
      vertex 1.9 -7.237826146185398 61.5
    endloop
  endfacet
  facet normal 1 0 0
    outer loop
      vertex 1.9 -11.363703310489655 54.47472381591797
      vertex 1.9 -11.195518128573895 53.97926627099514
      vertex 1.9 -8.577306596117847 55.6340502401948
    endloop
  endfacet
  facet normal 1 0 0
    outer loop
      vertex 1.9 -11.363703310489655 54.47472381591797
      vertex 1.9 -9.023541599063854 55.976458400936146
      vertex 1.9 -11.465779446065426 54.98789522796869
    endloop
  endfacet
  facet normal 1 0 0
    outer loop
      vertex 1.9 -10.964101620018482 53.50999999791384
      vertex 1.9 -8.057654928979737 55.41880347195641
      vertex 1.9 -11.195518128573895 53.97926627099514
    endloop
  endfacet
  facet normal 1 0 0
    outer loop
      vertex 1.9 -10.964101620018482 53.50999999791384
      vertex 1.9 -10.67341336607933 53.07495428621769
      vertex 1.9 -7.781233455689615 55.3638198223097
    endloop
  endfacet
  facet normal 1 0 0
    outer loop
      vertex 1.9 -11.5 55.50999999791384
      vertex 1.9 -9.490603028785364 56.675465228176144
      vertex 1.9 -9.58119652804359 56.94234507102026
    endloop
  endfacet
  facet normal 1 0 0
    outer loop
      vertex 1.9 -11.5 55.50999999791384
      vertex 1.9 -9.58119652804359 56.94234507102026
      vertex 1.9 -9.636180177690301 57.218766544310384
    endloop
  endfacet
  facet normal 1 0 0
    outer loop
      vertex 1.9 -11.5 57.7621738538146
      vertex 1.9 -9.636180177690301 57.218766544310384
      vertex 1.9 -9.654613192235693 57.5
    endloop
  endfacet
  facet normal 1 0 0
    outer loop
      vertex 1.9 -11.5 55.50999999791384
      vertex 1.9 -9.365949759805195 56.42269340388215
      vertex 1.9 -9.490603028785364 56.675465228176144
    endloop
  endfacet
  facet normal 1 0 0
    outer loop
      vertex 1.9 -11.5 55.50999999791384
      vertex 1.9 -9.20936957309575 56.18835459413356
      vertex 1.9 -9.365949759805195 56.42269340388215
    endloop
  endfacet
  facet normal 1 0 0
    outer loop
      vertex 1.9 -11.5 55.50999999791384
      vertex 1.9 -9.023541599063854 55.976458400936146
      vertex 1.9 -9.20936957309575 56.18835459413356
    endloop
  endfacet
  facet normal 1 0 0
    outer loop
      vertex 1.9 -11.363703310489655 54.47472381591797
      vertex 1.9 -8.811645405866443 55.79063042690425
      vertex 1.9 -9.023541599063854 55.976458400936146
    endloop
  endfacet
  facet normal 1 0 0
    outer loop
      vertex 1.9 -11.363703310489655 54.47472381591797
      vertex 1.9 -8.577306596117847 55.6340502401948
      vertex 1.9 -8.811645405866443 55.79063042690425
    endloop
  endfacet
  facet normal 1 0 0
    outer loop
      vertex 1.9 -11.195518128573895 53.97926627099514
      vertex 1.9 -8.324534771823858 55.509396971214635
      vertex 1.9 -8.577306596117847 55.6340502401948
    endloop
  endfacet
  facet normal 1 0 0
    outer loop
      vertex 1.9 -10.964101620018482 53.50999999791384
      vertex 1.9 -7.781233455689615 55.3638198223097
      vertex 1.9 -8.057654928979737 55.41880347195641
    endloop
  endfacet
  facet normal 1 0 0
    outer loop
      vertex 1.9 -11.195518128573895 53.97926627099514
      vertex 1.9 -8.057654928979737 55.41880347195641
      vertex 1.9 -8.324534771823858 55.509396971214635
    endloop
  endfacet
  facet normal 1 0 0
    outer loop
      vertex 1.9 -11.5 57.7621738538146
      vertex 1.9 -9.654613192235693 57.5
      vertex 1.9 -9.636180177690301 57.781233455689616
    endloop
  endfacet
  facet normal 1 0 0
    outer loop
      vertex 1.9 -11.5 57.7621738538146
      vertex 1.9 -9.636180177690301 57.781233455689616
      vertex 1.9 -9.58119652804359 58.05765492897974
    endloop
  endfacet
  facet normal 1 0 0
    outer loop
      vertex 1.9 -11.431558892130852 58.28203568607569
      vertex 1.9 -9.58119652804359 58.05765492897974
      vertex 1.9 -9.490603028785364 58.324534771823856
    endloop
  endfacet
  facet normal 1 0 0
    outer loop
      vertex 1.9 -11.431558892130852 58.28203568607569
      vertex 1.9 -9.490603028785364 58.324534771823856
      vertex 1.9 -9.365949759805195 58.57730659611785
    endloop
  endfacet
  facet normal 1 0 0
    outer loop
      vertex 1.9 -11.431558892130852 58.28203568607569
      vertex 1.9 -9.365949759805195 58.57730659611785
      vertex 1.9 -9.20936957309575 58.81164540586644
    endloop
  endfacet
  facet normal 1 0 0
    outer loop
      vertex 1.9 -11.431558892130852 58.28203568607569
      vertex 1.9 -9.20936957309575 58.81164540586644
      vertex 1.9 -9.023541599063854 59.023541599063854
    endloop
  endfacet
  facet normal 1 0 0
    outer loop
      vertex 1.9 -11.431558892130852 58.28203568607569
      vertex 1.9 -9.023541599063854 59.023541599063854
      vertex 1.9 -8.811645405866443 59.20936957309575
    endloop
  endfacet
  facet normal 1 0 0
    outer loop
      vertex 1.9 -11.431558892130852 58.28203568607569
      vertex 1.9 -8.811645405866443 59.20936957309575
      vertex 1.9 -8.577306596117847 59.3659497598052
    endloop
  endfacet
  facet normal 1 0 0
    outer loop
      vertex 1.9 -11.431558892130852 58.28203568607569
      vertex 1.9 -8.577306596117847 59.3659497598052
      vertex 1.9 -8.324534771823858 59.490603028785365
    endloop
  endfacet
  facet normal 1 0 0
    outer loop
      vertex 1.9 -11.431558892130852 58.28203568607569
      vertex 1.9 -5.272950783371925 60.83301468938589
      vertex 1.9 -11.295847721397877 58.78851667791605
    endloop
  endfacet
  facet normal 1 0 0
    outer loop
      vertex 1.9 -11.095188543200493 59.272950783371925
      vertex 1.9 -6.21148332208395 61.29584772139788
      vertex 1.9 -10.833014689385891 59.727049216628075
    endloop
  endfacet
  facet normal 1 0 0
    outer loop
      vertex 1.9 -11.295847721397877 58.78851667791605
      vertex 1.9 -5.272950783371925 60.83301468938589
      vertex 1.9 -11.095188543200493 59.272950783371925
    endloop
  endfacet
  facet normal 1 0 0
    outer loop
      vertex 1.9 -10.833014689385891 59.727049216628075
      vertex 1.9 -6.21148332208395 61.29584772139788
      vertex 1.9 -10.51381203532219 60.1430422142148
    endloop
  endfacet
  facet normal 1 0 0
    outer loop
      vertex 1.9 -10.51381203532219 60.1430422142148
      vertex 1.9 -7.237826146185398 61.5
      vertex 1.9 -10.143042214214802 60.51381203532219
    endloop
  endfacet
  facet normal 1 0 0
    outer loop
      vertex 1.9 -10.143042214214802 60.51381203532219
      vertex 1.9 -7.237826146185398 61.5
      vertex 1.9 -9.727049216628075 60.83301468938589
    endloop
  endfacet
  facet normal 1 0 0
    outer loop
      vertex 1.9 -9.727049216628075 60.83301468938589
      vertex 1.9 -7.762173853814602 61.5
      vertex 1.9 -9.272950783371925 61.09518854320049
    endloop
  endfacet
  facet normal 1 0 0
    outer loop
      vertex 1.9 -10.67341336607933 53.07495428621769
      vertex 1.9 -7.5 55.34538680776431
      vertex 1.9 -7.781233455689615 55.3638198223097
    endloop
  endfacet
  facet normal 1 0 0
    outer loop
      vertex 1.9 -10.67341336607933 53.07495428621769
      vertex 1.9 -7.218766544310385 55.3638198223097
      vertex 1.9 -7.5 55.34538680776431
    endloop
  endfacet
  facet normal 1 0 0
    outer loop
      vertex 1.9 -10.67341336607933 53.07495428621769
      vertex 1.9 -6.942345071020264 55.41880347195641
      vertex 1.9 -7.218766544310385 55.3638198223097
    endloop
  endfacet
  facet normal 1 0 0
    outer loop
      vertex 1.9 -10.328427128493786 52.68157287687063
      vertex 1.9 -6.675465228176142 55.509396971214635
      vertex 1.9 -6.942345071020264 55.41880347195641
    endloop
  endfacet
  facet normal 1 0 0
    outer loop
      vertex 1.9 -10.328427128493786 52.68157287687063
      vertex 1.9 -6.422693403882153 55.6340502401948
      vertex 1.9 -6.675465228176142 55.509396971214635
    endloop
  endfacet
  facet normal 1 0 0
    outer loop
      vertex 1.9 -11.431558892130852 58.28203568607569
      vertex 1.9 -8.324534771823858 59.490603028785365
      vertex 1.9 -5.272950783371925 60.83301468938589
    endloop
  endfacet
  facet normal 1 0 0
    outer loop
      vertex 1.9 -9.272950783371925 61.09518854320049
      vertex 1.9 -8.282035686075687 61.43155889213085
      vertex 1.9 -8.78851667791605 61.29584772139788
    endloop
  endfacet
  facet normal 1 0 0
    outer loop
      vertex 1.9 -9.272950783371925 61.09518854320049
      vertex 1.9 -7.762173853814602 61.5
      vertex 1.9 -8.282035686075687 61.43155889213085
    endloop
  endfacet
  facet normal 1 0 0
    outer loop
      vertex 1.9 -9.727049216628075 60.83301468938589
      vertex 1.9 -7.237826146185398 61.5
      vertex 1.9 -7.762173853814602 61.5
    endloop
  endfacet
  facet normal 1 0 0
    outer loop
      vertex 1.9 -10.51381203532219 60.1430422142148
      vertex 1.9 -6.717964313924313 61.43155889213085
      vertex 1.9 -7.237826146185398 61.5
    endloop
  endfacet
  facet normal 1 0 0
    outer loop
      vertex 1.9 -10.51381203532219 60.1430422142148
      vertex 1.9 -6.21148332208395 61.29584772139788
      vertex 1.9 -6.717964313924313 61.43155889213085
    endloop
  endfacet
  facet normal 1 0 0
    outer loop
      vertex 1.9 -11.095188543200493 59.272950783371925
      vertex 1.9 -5.727049216628075 61.09518854320049
      vertex 1.9 -6.21148332208395 61.29584772139788
    endloop
  endfacet
  facet normal 1 0 0
    outer loop
      vertex 1.9 -11.095188543200493 59.272950783371925
      vertex 1.9 -5.272950783371925 60.83301468938589
      vertex 1.9 -5.727049216628075 61.09518854320049
    endloop
  endfacet
  facet normal 1 0 0
    outer loop
      vertex 1.9 -8.324534771823858 59.490603028785365
      vertex 1.9 -8.057654928979737 59.58119652804359
      vertex 1.9 -5.272950783371925 60.83301468938589
    endloop
  endfacet
  facet normal 1 0 0
    outer loop
      vertex 1.9 -10.328427128493786 52.68157287687063
      vertex 1.9 -5.146854251623157 47.5
      vertex 1.9 -1.5 47.5
    endloop
  endfacet
  facet normal 1 0 0
    outer loop
      vertex 1.9 -10.328427128493786 52.68157287687063
      vertex 1.9 -1.5 47.5
      vertex 1.9 -3.5 57.5033388659358
    endloop
  endfacet
  facet normal 0 0.13052619081710232 0.9914448615585122
    outer loop
      vertex -1.9 -7.237826146185398 61.5
      vertex 1.9 -7.237826146185398 61.5
      vertex 1.9 -6.717964313924313 61.43155889213085
    endloop
  endfacet
  facet normal 0 0.2588190415217645 0.965925827248529
    outer loop
      vertex -1.9 -6.717964313924313 61.43155889213085
      vertex 1.9 -6.717964313924313 61.43155889213085
      vertex 1.9 -6.21148332208395 61.29584772139788
    endloop
  endfacet
  facet normal 0 0.3826834350371576 0.92387953140448
    outer loop
      vertex -1.9 -6.21148332208395 61.29584772139788
      vertex 1.9 -6.21148332208395 61.29584772139788
      vertex 1.9 -5.727049216628075 61.09518854320049
    endloop
  endfacet
  facet normal 0 0.5000000016242706 0.8660254028466656
    outer loop
      vertex -1.9 -5.727049216628075 61.09518854320049
      vertex 1.9 -5.727049216628075 61.09518854320049
      vertex 1.9 -5.272950783371925 60.83301468938589
    endloop
  endfacet
  facet normal 0 0.6087614292549631 0.7933533401022866
    outer loop
      vertex -1.9 -5.272950783371925 60.83301468938589
      vertex 1.9 -5.272950783371925 60.83301468938589
      vertex 1.9 -4.856957785785198 60.51381203532219
    endloop
  endfacet
  facet normal 0 0.7071067811865476 0.7071067811865476
    outer loop
      vertex -1.9 -4.856957785785198 60.51381203532219
      vertex 1.9 -4.856957785785198 60.51381203532219
      vertex 1.9 -4.486187964677811 60.1430422142148
    endloop
  endfacet
  facet normal 0 0.8660254028466656 0.5000000016242706
    outer loop
      vertex -1.9 -4.166985310614109 59.727049216628075
      vertex 1.9 -4.166985310614109 59.727049216628075
      vertex 1.9 -3.904811456799507 59.272950783371925
    endloop
  endfacet
  facet normal 0 0.9914448615585122 0.13052619081710232
    outer loop
      vertex -1.9 -3.5684411078691483 58.28203568607569
      vertex 1.9 -3.5684411078691483 58.28203568607569
      vertex 1.9 -3.5 57.7621738538146
    endloop
  endfacet
  facet normal 0 0.92387953140448 0.3826834350371576
    outer loop
      vertex -1.9 -3.904811456799507 59.272950783371925
      vertex 1.9 -3.904811456799507 59.272950783371925
      vertex 1.9 -3.7041522786021233 58.78851667791605
    endloop
  endfacet
  facet normal 0 0.965925827248529 0.2588190415217645
    outer loop
      vertex -1.9 -3.7041522786021233 58.78851667791605
      vertex 1.9 -3.7041522786021233 58.78851667791605
      vertex 1.9 -3.5684411078691483 58.28203568607569
    endloop
  endfacet
  facet normal 0 0.7933533401022866 0.6087614292549631
    outer loop
      vertex -1.9 -4.486187964677811 60.1430422142148
      vertex 1.9 -4.486187964677811 60.1430422142148
      vertex 1.9 -4.166985310614109 59.727049216628075
    endloop
  endfacet
  facet normal 1 0 0
    outer loop
      vertex 1.9 -10.328427128493786 52.68157287687063
      vertex 1.9 -3.5 57.5033388659358
      vertex 1.9 -6.422693403882153 55.6340502401948
    endloop
  endfacet
  facet normal 1 0 0
    outer loop
      vertex 1.9 -6.422693403882153 55.6340502401948
      vertex 1.9 -3.5 57.5033388659358
      vertex 1.9 -6.188354594133558 55.79063042690425
    endloop
  endfacet
  facet normal 1 0 0
    outer loop
      vertex 1.9 -8.057654928979737 59.58119652804359
      vertex 1.9 -7.781233455689615 59.6361801776903
      vertex 1.9 -5.272950783371925 60.83301468938589
    endloop
  endfacet
  facet normal 1 0 0
    outer loop
      vertex 1.9 -7.781233455689615 59.6361801776903
      vertex 1.9 -7.5 59.65461319223569
      vertex 1.9 -5.272950783371925 60.83301468938589
    endloop
  endfacet
  facet normal 1 0 0
    outer loop
      vertex 1.9 -7.5 59.65461319223569
      vertex 1.9 -7.218766544310385 59.6361801776903
      vertex 1.9 -5.272950783371925 60.83301468938589
    endloop
  endfacet
  facet normal 1 0 0
    outer loop
      vertex 1.9 -7.218766544310385 59.6361801776903
      vertex 1.9 -6.942345071020264 59.58119652804359
      vertex 1.9 -4.856957785785198 60.51381203532219
    endloop
  endfacet
  facet normal 1 0 0
    outer loop
      vertex 1.9 -6.422693403882153 59.3659497598052
      vertex 1.9 -6.188354594133558 59.20936957309575
      vertex 1.9 -4.486187964677811 60.1430422142148
    endloop
  endfacet
  facet normal 1 0 0
    outer loop
      vertex 1.9 -6.188354594133558 59.20936957309575
      vertex 1.9 -5.9764584009361466 59.023541599063854
      vertex 1.9 -4.166985310614109 59.727049216628075
    endloop
  endfacet
  facet normal 1 0 0
    outer loop
      vertex 1.9 -6.675465228176142 59.490603028785365
      vertex 1.9 -4.856957785785198 60.51381203532219
      vertex 1.9 -6.942345071020264 59.58119652804359
    endloop
  endfacet
  facet normal 1 0 0
    outer loop
      vertex 1.9 -6.675465228176142 59.490603028785365
      vertex 1.9 -6.422693403882153 59.3659497598052
      vertex 1.9 -4.486187964677811 60.1430422142148
    endloop
  endfacet
  facet normal 1 0 0
    outer loop
      vertex 1.9 -7.218766544310385 59.6361801776903
      vertex 1.9 -4.856957785785198 60.51381203532219
      vertex 1.9 -5.272950783371925 60.83301468938589
    endloop
  endfacet
  facet normal 1 0 0
    outer loop
      vertex 1.9 -6.675465228176142 59.490603028785365
      vertex 1.9 -4.486187964677811 60.1430422142148
      vertex 1.9 -4.856957785785198 60.51381203532219
    endloop
  endfacet
  facet normal 1 0 0
    outer loop
      vertex 1.9 -6.188354594133558 55.79063042690425
      vertex 1.9 -3.5 57.5033388659358
      vertex 1.9 -5.9764584009361466 55.976458400936146
    endloop
  endfacet
  facet normal 1 0 0
    outer loop
      vertex 1.9 -5.9764584009361466 55.976458400936146
      vertex 1.9 -3.5 57.5033388659358
      vertex 1.9 -5.790630426904251 56.18835459413356
    endloop
  endfacet
  facet normal 1 0 0
    outer loop
      vertex 1.9 -5.790630426904251 56.18835459413356
      vertex 1.9 -3.5 57.5033388659358
      vertex 1.9 -5.634050240194805 56.42269340388215
    endloop
  endfacet
  facet normal 1 0 0
    outer loop
      vertex 1.9 -5.634050240194805 56.42269340388215
      vertex 1.9 -3.5 57.5033388659358
      vertex 1.9 -5.5093969712146365 56.675465228176144
    endloop
  endfacet
  facet normal 1 0 0
    outer loop
      vertex 1.9 -5.5093969712146365 56.675465228176144
      vertex 1.9 -3.5 57.5033388659358
      vertex 1.9 -5.41880347195641 56.94234507102026
    endloop
  endfacet
  facet normal 1 0 0
    outer loop
      vertex 1.9 -5.41880347195641 56.94234507102026
      vertex 1.9 -3.5 57.5033388659358
      vertex 1.9 -5.363819822309699 57.218766544310384
    endloop
  endfacet
  facet normal 1 0 0
    outer loop
      vertex 1.9 -5.363819822309699 57.218766544310384
      vertex 1.9 -3.5 57.5033388659358
      vertex 1.9 -5.3453868077643065 57.5
    endloop
  endfacet
  facet normal 1 0 0
    outer loop
      vertex 1.9 -5.3453868077643065 57.5
      vertex 1.9 -3.5 57.5033388659358
      vertex 1.9 -3.5 57.7621738538146
    endloop
  endfacet
  facet normal 1 0 0
    outer loop
      vertex 1.9 -5.634050240194805 58.57730659611785
      vertex 1.9 -5.5093969712146365 58.324534771823856
      vertex 1.9 -3.7041522786021233 58.78851667791605
    endloop
  endfacet
  facet normal 1 0 0
    outer loop
      vertex 1.9 -5.41880347195641 58.05765492897974
      vertex 1.9 -3.7041522786021233 58.78851667791605
      vertex 1.9 -5.5093969712146365 58.324534771823856
    endloop
  endfacet
  facet normal 1 0 0
    outer loop
      vertex 1.9 -5.790630426904251 58.81164540586644
      vertex 1.9 -5.634050240194805 58.57730659611785
      vertex 1.9 -3.904811456799507 59.272950783371925
    endloop
  endfacet
  facet normal 1 0 0
    outer loop
      vertex 1.9 -5.9764584009361466 59.023541599063854
      vertex 1.9 -5.790630426904251 58.81164540586644
      vertex 1.9 -4.166985310614109 59.727049216628075
    endloop
  endfacet
  facet normal 1 0 0
    outer loop
      vertex 1.9 -5.363819822309699 57.781233455689616
      vertex 1.9 -3.5684411078691483 58.28203568607569
      vertex 1.9 -5.41880347195641 58.05765492897974
    endloop
  endfacet
  facet normal 1 0 0
    outer loop
      vertex 1.9 -5.3453868077643065 57.5
      vertex 1.9 -3.5684411078691483 58.28203568607569
      vertex 1.9 -5.363819822309699 57.781233455689616
    endloop
  endfacet
  facet normal 1 0 0
    outer loop
      vertex 1.9 -5.790630426904251 58.81164540586644
      vertex 1.9 -3.904811456799507 59.272950783371925
      vertex 1.9 -4.166985310614109 59.727049216628075
    endloop
  endfacet
  facet normal 1 0 0
    outer loop
      vertex 1.9 -6.188354594133558 59.20936957309575
      vertex 1.9 -4.166985310614109 59.727049216628075
      vertex 1.9 -4.486187964677811 60.1430422142148
    endloop
  endfacet
  facet normal 1 0 0
    outer loop
      vertex 1.9 -5.41880347195641 58.05765492897974
      vertex 1.9 -3.5684411078691483 58.28203568607569
      vertex 1.9 -3.7041522786021233 58.78851667791605
    endloop
  endfacet
  facet normal 1 0 0
    outer loop
      vertex 1.9 -5.3453868077643065 57.5
      vertex 1.9 -3.5 57.7621738538146
      vertex 1.9 -3.5684411078691483 58.28203568607569
    endloop
  endfacet
  facet normal 1 0 0
    outer loop
      vertex 1.9 -5.634050240194805 58.57730659611785
      vertex 1.9 -3.7041522786021233 58.78851667791605
      vertex 1.9 -3.904811456799507 59.272950783371925
    endloop
  endfacet
  facet normal 0 0.0016611250411629349 0.9999986203308471
    outer loop
      vertex -1.9 -3.5 57.5033388659358
      vertex 1.9 -3.5 57.5033388659358
      vertex 1.9 -1.4900000020861626 57.5
    endloop
  endfacet
  facet normal 0 1 0
    outer loop
      vertex -1.9 -3.5 57.7621738538146
      vertex 1.9 -3.5 57.7621738538146
      vertex 1.9 -3.5 57.5033388659358
    endloop
  endfacet
  facet normal 1 0 0
    outer loop
      vertex 1.9 -1.5 47.5
      vertex 1.9 -1.5 57.5
      vertex 1.9 -3.5 57.5033388659358
    endloop
  endfacet
  facet normal 1 0 0
    outer loop
      vertex 1.9 -3.5 57.5033388659358
      vertex 1.9 -1.5 57.5
      vertex 1.9 -1.4900000020861626 57.5
    endloop
  endfacet
  facet normal 0 -0.83146960977278 -0.5555702368056634
    outer loop
      vertex -10 -10.964101620018482 53.50999999791384
      vertex -10 -10.67341336607933 53.07495428621769
      vertex -6.199999999999999 -10.964101620018482 53.50999999791384
    endloop
  endfacet
  facet normal 0 -0.896872747298621 -0.44228867852684617
    outer loop
      vertex -10 -10.964101620018482 53.50999999791384
      vertex -6.199999999999999 -10.964101620018482 53.50999999791384
      vertex -6.199999999999999 -11.195518128573895 53.97926627099514
    endloop
  endfacet
  facet normal 0 -0.83146960977278 -0.5555702368056634
    outer loop
      vertex -10 -10.67341336607933 53.07495428621769
      vertex -6.199999999999999 -10.67341336607933 53.07495428621769
      vertex -6.199999999999999 -10.964101620018482 53.50999999791384
    endloop
  endfacet
  facet normal -1 0 0
    outer loop
      vertex -10 -11.465779446065426 54.98789522796869
      vertex -10 -11.5 55.50999999791384
      vertex -10 -9.023541599063854 55.976458400936146
    endloop
  endfacet
  facet normal -1 0 0
    outer loop
      vertex -10 -11.5 55.50999999791384
      vertex -10 -11.5 57.7621738538146
      vertex -10 -9.636180177690301 57.218766544310384
    endloop
  endfacet
  facet normal -1 0 0
    outer loop
      vertex -10 -11.5 57.7621738538146
      vertex -10 -11.431558892130852 58.28203568607569
      vertex -10 -9.636180177690301 57.781233455689616
    endloop
  endfacet
  facet normal 0 -0.9469301247215172 -0.3214394793656995
    outer loop
      vertex -10 -11.363703310489655 54.47472381591797
      vertex -10 -11.195518128573895 53.97926627099514
      vertex -6.199999999999999 -11.363703310489655 54.47472381591797
    endloop
  endfacet
  facet normal 0 -0.896872747298621 -0.44228867852684617
    outer loop
      vertex -10 -10.964101620018482 53.50999999791384
      vertex -6.199999999999999 -11.195518128573895 53.97926627099514
      vertex -10 -11.195518128573895 53.97926627099514
    endloop
  endfacet
  facet normal 0 -0.9807852821830035 -0.19509031306860417
    outer loop
      vertex -10 -11.363703310489655 54.47472381591797
      vertex -6.199999999999999 -11.465779446065426 54.98789522796869
      vertex -10 -11.465779446065426 54.98789522796869
    endloop
  endfacet
  facet normal 0 -0.9978589233184303 -0.06540312801222277
    outer loop
      vertex -10 -11.465779446065426 54.98789522796869
      vertex -6.199999999999999 -11.5 55.50999999791384
      vertex -10 -11.5 55.50999999791384
    endloop
  endfacet
  facet normal 0 -1 0
    outer loop
      vertex -10 -11.5 55.50999999791384
      vertex -6.199999999999999 -11.5 57.7621738538146
      vertex -10 -11.5 57.7621738538146
    endloop
  endfacet
  facet normal 0 -0.9807852821830035 -0.19509031306860417
    outer loop
      vertex -10 -11.363703310489655 54.47472381591797
      vertex -6.199999999999999 -11.363703310489655 54.47472381591797
      vertex -6.199999999999999 -11.465779446065426 54.98789522796869
    endloop
  endfacet
  facet normal 0 -0.9469301247215172 -0.3214394793656995
    outer loop
      vertex -10 -11.195518128573895 53.97926627099514
      vertex -6.199999999999999 -11.195518128573895 53.97926627099514
      vertex -6.199999999999999 -11.363703310489655 54.47472381591797
    endloop
  endfacet
  facet normal 0 -0.9978589233184303 -0.06540312801222277
    outer loop
      vertex -10 -11.465779446065426 54.98789522796869
      vertex -6.199999999999999 -11.465779446065426 54.98789522796869
      vertex -6.199999999999999 -11.5 55.50999999791384
    endloop
  endfacet
  facet normal 0 -1 0
    outer loop
      vertex -10 -11.5 55.50999999791384
      vertex -6.199999999999999 -11.5 55.50999999791384
      vertex -6.199999999999999 -11.5 57.7621738538146
    endloop
  endfacet
  facet normal 0 -0.9914448615585122 0.13052619081710232
    outer loop
      vertex -10 -11.5 57.7621738538146
      vertex -6.199999999999999 -11.431558892130852 58.28203568607569
      vertex -10 -11.431558892130852 58.28203568607569
    endloop
  endfacet
  facet normal 0 -0.965925827248529 0.2588190415217645
    outer loop
      vertex -10 -11.431558892130852 58.28203568607569
      vertex -6.199999999999999 -11.295847721397877 58.78851667791605
      vertex -10 -11.295847721397877 58.78851667791605
    endloop
  endfacet
  facet normal 0 -0.9238795314044801 0.3826834350371576
    outer loop
      vertex -10 -11.295847721397877 58.78851667791605
      vertex -6.199999999999999 -11.095188543200493 59.272950783371925
      vertex -10 -11.095188543200493 59.272950783371925
    endloop
  endfacet
  facet normal 0 -0.8660254028466656 0.5000000016242707
    outer loop
      vertex -10 -11.095188543200493 59.272950783371925
      vertex -6.199999999999999 -10.833014689385891 59.727049216628075
      vertex -10 -10.833014689385891 59.727049216628075
    endloop
  endfacet
  facet normal 0 -0.9914448615585122 0.13052619081710232
    outer loop
      vertex -10 -11.5 57.7621738538146
      vertex -6.199999999999999 -11.5 57.7621738538146
      vertex -6.199999999999999 -11.431558892130852 58.28203568607569
    endloop
  endfacet
  facet normal 0 -0.965925827248529 0.2588190415217645
    outer loop
      vertex -10 -11.431558892130852 58.28203568607569
      vertex -6.199999999999999 -11.431558892130852 58.28203568607569
      vertex -6.199999999999999 -11.295847721397877 58.78851667791605
    endloop
  endfacet
  facet normal 0 -0.9238795314044801 0.3826834350371576
    outer loop
      vertex -10 -11.295847721397877 58.78851667791605
      vertex -6.199999999999999 -11.295847721397877 58.78851667791605
      vertex -6.199999999999999 -11.095188543200493 59.272950783371925
    endloop
  endfacet
  facet normal 0 -0.8660254028466656 0.5000000016242707
    outer loop
      vertex -10 -11.095188543200493 59.272950783371925
      vertex -6.199999999999999 -11.095188543200493 59.272950783371925
      vertex -6.199999999999999 -10.833014689385891 59.727049216628075
    endloop
  endfacet
  facet normal 0 -0.7933533401022866 0.6087614292549631
    outer loop
      vertex -10 -10.833014689385891 59.727049216628075
      vertex -6.199999999999999 -10.833014689385891 59.727049216628075
      vertex -6.199999999999999 -10.51381203532219 60.1430422142148
    endloop
  endfacet
  facet normal -1 0 0
    outer loop
      vertex -10 -10.67341336607933 53.07495428621769
      vertex -10 -6.675465228176142 55.509396971214635
      vertex -10 -10.328427128493786 52.68157287687063
    endloop
  endfacet
  facet normal 0 -0.7518398069017457 -0.6593458157582754
    outer loop
      vertex -10 -10.67341336607933 53.07495428621769
      vertex -10 -10.328427128493786 52.68157287687063
      vertex -6.199999999999999 -10.67341336607933 53.07495428621769
    endloop
  endfacet
  facet normal 0 -0.7518398069017457 -0.6593458157582754
    outer loop
      vertex -10 -10.328427128493786 52.68157287687063
      vertex -6.199999999999999 -10.328427128493786 52.68157287687063
      vertex -6.199999999999999 -10.67341336607933 53.07495428621769
    endloop
  endfacet
  facet normal 0 -0.7071067811865476 -0.7071067811865476
    outer loop
      vertex -10 -10.328427128493786 52.68157287687063
      vertex -10 -1.4900000020861626 43.84314575046301
      vertex -6.199999999999999 -10.328427128493786 52.68157287687063
    endloop
  endfacet
  facet normal -1 0 0
    outer loop
      vertex -10 -11.363703310489655 54.47472381591797
      vertex -10 -8.324534771823858 55.509396971214635
      vertex -10 -11.195518128573895 53.97926627099514
    endloop
  endfacet
  facet normal -1 0 0
    outer loop
      vertex -10 -11.363703310489655 54.47472381591797
      vertex -10 -11.465779446065426 54.98789522796869
      vertex -10 -8.811645405866443 55.79063042690425
    endloop
  endfacet
  facet normal -1 0 0
    outer loop
      vertex -10 -10.964101620018482 53.50999999791384
      vertex -10 -11.195518128573895 53.97926627099514
      vertex -10 -7.781233455689615 55.3638198223097
    endloop
  endfacet
  facet normal -1 0 0
    outer loop
      vertex -10 -11.465779446065426 54.98789522796869
      vertex -10 -9.023541599063854 55.976458400936146
      vertex -10 -8.811645405866443 55.79063042690425
    endloop
  endfacet
  facet normal -1 0 0
    outer loop
      vertex -10 -11.5 55.50999999791384
      vertex -10 -9.58119652804359 56.94234507102026
      vertex -10 -9.490603028785364 56.675465228176144
    endloop
  endfacet
  facet normal -1 0 0
    outer loop
      vertex -10 -11.5 55.50999999791384
      vertex -10 -9.636180177690301 57.218766544310384
      vertex -10 -9.58119652804359 56.94234507102026
    endloop
  endfacet
  facet normal -1 0 0
    outer loop
      vertex -10 -11.5 57.7621738538146
      vertex -10 -9.654613192235693 57.5
      vertex -10 -9.636180177690301 57.218766544310384
    endloop
  endfacet
  facet normal -1 0 0
    outer loop
      vertex -10 -11.5 55.50999999791384
      vertex -10 -9.490603028785364 56.675465228176144
      vertex -10 -9.365949759805195 56.42269340388215
    endloop
  endfacet
  facet normal -1 0 0
    outer loop
      vertex -10 -11.5 55.50999999791384
      vertex -10 -9.365949759805195 56.42269340388215
      vertex -10 -9.20936957309575 56.18835459413356
    endloop
  endfacet
  facet normal -1 0 0
    outer loop
      vertex -10 -11.5 55.50999999791384
      vertex -10 -9.20936957309575 56.18835459413356
      vertex -10 -9.023541599063854 55.976458400936146
    endloop
  endfacet
  facet normal -1 0 0
    outer loop
      vertex -10 -10.964101620018482 53.50999999791384
      vertex -10 -7.5 55.34538680776431
      vertex -10 -10.67341336607933 53.07495428621769
    endloop
  endfacet
  facet normal -1 0 0
    outer loop
      vertex -10 -11.363703310489655 54.47472381591797
      vertex -10 -8.811645405866443 55.79063042690425
      vertex -10 -8.577306596117847 55.6340502401948
    endloop
  endfacet
  facet normal -1 0 0
    outer loop
      vertex -10 -11.363703310489655 54.47472381591797
      vertex -10 -8.577306596117847 55.6340502401948
      vertex -10 -8.324534771823858 55.509396971214635
    endloop
  endfacet
  facet normal -1 0 0
    outer loop
      vertex -10 -11.195518128573895 53.97926627099514
      vertex -10 -8.324534771823858 55.509396971214635
      vertex -10 -8.057654928979737 55.41880347195641
    endloop
  endfacet
  facet normal -1 0 0
    outer loop
      vertex -10 -11.195518128573895 53.97926627099514
      vertex -10 -8.057654928979737 55.41880347195641
      vertex -10 -7.781233455689615 55.3638198223097
    endloop
  endfacet
  facet normal -1 0 0
    outer loop
      vertex -10 -11.5 57.7621738538146
      vertex -10 -9.636180177690301 57.781233455689616
      vertex -10 -9.654613192235693 57.5
    endloop
  endfacet
  facet normal -1 0 0
    outer loop
      vertex -10 -11.431558892130852 58.28203568607569
      vertex -10 -9.58119652804359 58.05765492897974
      vertex -10 -9.636180177690301 57.781233455689616
    endloop
  endfacet
  facet normal -1 0 0
    outer loop
      vertex -10 -11.431558892130852 58.28203568607569
      vertex -10 -9.490603028785364 58.324534771823856
      vertex -10 -9.58119652804359 58.05765492897974
    endloop
  endfacet
  facet normal -1 0 0
    outer loop
      vertex -10 -11.431558892130852 58.28203568607569
      vertex -10 -9.365949759805195 58.57730659611785
      vertex -10 -9.490603028785364 58.324534771823856
    endloop
  endfacet
  facet normal -1 0 0
    outer loop
      vertex -10 -11.431558892130852 58.28203568607569
      vertex -10 -9.20936957309575 58.81164540586644
      vertex -10 -9.365949759805195 58.57730659611785
    endloop
  endfacet
  facet normal -1 0 0
    outer loop
      vertex -10 -11.431558892130852 58.28203568607569
      vertex -10 -9.023541599063854 59.023541599063854
      vertex -10 -9.20936957309575 58.81164540586644
    endloop
  endfacet
  facet normal -1 0 0
    outer loop
      vertex -10 -11.431558892130852 58.28203568607569
      vertex -10 -8.811645405866443 59.20936957309575
      vertex -10 -9.023541599063854 59.023541599063854
    endloop
  endfacet
  facet normal -1 0 0
    outer loop
      vertex -10 -11.431558892130852 58.28203568607569
      vertex -10 -8.577306596117847 59.3659497598052
      vertex -10 -8.811645405866443 59.20936957309575
    endloop
  endfacet
  facet normal -1 0 0
    outer loop
      vertex -10 -11.431558892130852 58.28203568607569
      vertex -10 -8.324534771823858 59.490603028785365
      vertex -10 -8.577306596117847 59.3659497598052
    endloop
  endfacet
  facet normal -1 0 0
    outer loop
      vertex -10 -11.431558892130852 58.28203568607569
      vertex -10 -11.295847721397877 58.78851667791605
      vertex -10 -5.272950783371925 60.83301468938589
    endloop
  endfacet
  facet normal -1 0 0
    outer loop
      vertex -10 -11.095188543200493 59.272950783371925
      vertex -10 -10.833014689385891 59.727049216628075
      vertex -10 -6.21148332208395 61.29584772139788
    endloop
  endfacet
  facet normal -1 0 0
    outer loop
      vertex -10 -11.295847721397877 58.78851667791605
      vertex -10 -11.095188543200493 59.272950783371925
      vertex -10 -5.272950783371925 60.83301468938589
    endloop
  endfacet
  facet normal -1 0 0
    outer loop
      vertex -10 -10.833014689385891 59.727049216628075
      vertex -10 -10.51381203532219 60.1430422142148
      vertex -10 -6.21148332208395 61.29584772139788
    endloop
  endfacet
  facet normal -1 0 0
    outer loop
      vertex -10 -10.51381203532219 60.1430422142148
      vertex -10 -10.143042214214802 60.51381203532219
      vertex -10 -7.237826146185398 61.5
    endloop
  endfacet
  facet normal -1 0 0
    outer loop
      vertex -10 -10.143042214214802 60.51381203532219
      vertex -10 -9.727049216628075 60.83301468938589
      vertex -10 -7.237826146185398 61.5
    endloop
  endfacet
  facet normal -1 0 0
    outer loop
      vertex -10 -9.727049216628075 60.83301468938589
      vertex -10 -9.272950783371925 61.09518854320049
      vertex -10 -7.762173853814602 61.5
    endloop
  endfacet
  facet normal -1 0 0
    outer loop
      vertex -10 -10.964101620018482 53.50999999791384
      vertex -10 -7.781233455689615 55.3638198223097
      vertex -10 -7.5 55.34538680776431
    endloop
  endfacet
  facet normal -1 0 0
    outer loop
      vertex -10 -10.67341336607933 53.07495428621769
      vertex -10 -7.5 55.34538680776431
      vertex -10 -7.218766544310385 55.3638198223097
    endloop
  endfacet
  facet normal -1 0 0
    outer loop
      vertex -10 -10.67341336607933 53.07495428621769
      vertex -10 -7.218766544310385 55.3638198223097
      vertex -10 -6.942345071020264 55.41880347195641
    endloop
  endfacet
  facet normal -1 0 0
    outer loop
      vertex -10 -10.67341336607933 53.07495428621769
      vertex -10 -6.942345071020264 55.41880347195641
      vertex -10 -6.675465228176142 55.509396971214635
    endloop
  endfacet
  facet normal -1 0 0
    outer loop
      vertex -10 -10.328427128493786 52.68157287687063
      vertex -10 -6.675465228176142 55.509396971214635
      vertex -10 -6.422693403882153 55.6340502401948
    endloop
  endfacet
  facet normal -1 0 0
    outer loop
      vertex -10 -11.431558892130852 58.28203568607569
      vertex -10 -5.272950783371925 60.83301468938589
      vertex -10 -8.324534771823858 59.490603028785365
    endloop
  endfacet
  facet normal -1 0 0
    outer loop
      vertex -10 -9.272950783371925 61.09518854320049
      vertex -10 -8.78851667791605 61.29584772139788
      vertex -10 -8.282035686075687 61.43155889213085
    endloop
  endfacet
  facet normal -1 0 0
    outer loop
      vertex -10 -9.272950783371925 61.09518854320049
      vertex -10 -8.282035686075687 61.43155889213085
      vertex -10 -7.762173853814602 61.5
    endloop
  endfacet
  facet normal -1 0 0
    outer loop
      vertex -10 -9.727049216628075 60.83301468938589
      vertex -10 -7.762173853814602 61.5
      vertex -10 -7.237826146185398 61.5
    endloop
  endfacet
  facet normal -1 0 0
    outer loop
      vertex -10 -10.51381203532219 60.1430422142148
      vertex -10 -7.237826146185398 61.5
      vertex -10 -6.717964313924313 61.43155889213085
    endloop
  endfacet
  facet normal -1 0 0
    outer loop
      vertex -10 -10.51381203532219 60.1430422142148
      vertex -10 -6.717964313924313 61.43155889213085
      vertex -10 -6.21148332208395 61.29584772139788
    endloop
  endfacet
  facet normal -1 0 0
    outer loop
      vertex -10 -11.095188543200493 59.272950783371925
      vertex -10 -6.21148332208395 61.29584772139788
      vertex -10 -5.727049216628075 61.09518854320049
    endloop
  endfacet
  facet normal -1 0 0
    outer loop
      vertex -10 -11.095188543200493 59.272950783371925
      vertex -10 -5.727049216628075 61.09518854320049
      vertex -10 -5.272950783371925 60.83301468938589
    endloop
  endfacet
  facet normal -1 0 0
    outer loop
      vertex -10 -8.324534771823858 59.490603028785365
      vertex -10 -5.272950783371925 60.83301468938589
      vertex -10 -8.057654928979737 59.58119652804359
    endloop
  endfacet
  facet normal 0 -0.7933533401022866 0.6087614292549631
    outer loop
      vertex -10 -10.833014689385891 59.727049216628075
      vertex -6.199999999999999 -10.51381203532219 60.1430422142148
      vertex -10 -10.51381203532219 60.1430422142148
    endloop
  endfacet
  facet normal 0 -0.7071067811865475 0.7071067811865475
    outer loop
      vertex -10 -10.51381203532219 60.1430422142148
      vertex -6.199999999999999 -10.143042214214802 60.51381203532219
      vertex -10 -10.143042214214802 60.51381203532219
    endloop
  endfacet
  facet normal 0 -0.6087614292549631 0.7933533401022866
    outer loop
      vertex -10 -10.143042214214802 60.51381203532219
      vertex -6.199999999999999 -9.727049216628075 60.83301468938589
      vertex -10 -9.727049216628075 60.83301468938589
    endloop
  endfacet
  facet normal 0 -0.5000000016242707 0.8660254028466656
    outer loop
      vertex -10 -9.727049216628075 60.83301468938589
      vertex -6.199999999999999 -9.272950783371925 61.09518854320049
      vertex -10 -9.272950783371925 61.09518854320049
    endloop
  endfacet
  facet normal 0 -0.3826834350371576 0.9238795314044801
    outer loop
      vertex -10 -9.272950783371925 61.09518854320049
      vertex -6.199999999999999 -8.78851667791605 61.29584772139788
      vertex -10 -8.78851667791605 61.29584772139788
    endloop
  endfacet
  facet normal 0 -0.7071067811865475 0.7071067811865475
    outer loop
      vertex -10 -10.51381203532219 60.1430422142148
      vertex -6.199999999999999 -10.51381203532219 60.1430422142148
      vertex -6.199999999999999 -10.143042214214802 60.51381203532219
    endloop
  endfacet
  facet normal 0 -0.6087614292549631 0.7933533401022866
    outer loop
      vertex -10 -10.143042214214802 60.51381203532219
      vertex -6.199999999999999 -10.143042214214802 60.51381203532219
      vertex -6.199999999999999 -9.727049216628075 60.83301468938589
    endloop
  endfacet
  facet normal 0 -0.5000000016242707 0.8660254028466656
    outer loop
      vertex -10 -9.727049216628075 60.83301468938589
      vertex -6.199999999999999 -9.727049216628075 60.83301468938589
      vertex -6.199999999999999 -9.272950783371925 61.09518854320049
    endloop
  endfacet
  facet normal 0 -0.3826834350371576 0.9238795314044801
    outer loop
      vertex -10 -9.272950783371925 61.09518854320049
      vertex -6.199999999999999 -9.272950783371925 61.09518854320049
      vertex -6.199999999999999 -8.78851667791605 61.29584772139788
    endloop
  endfacet
  facet normal 0 -0.2588190415217645 0.965925827248529
    outer loop
      vertex -10 -8.78851667791605 61.29584772139788
      vertex -6.199999999999999 -8.282035686075687 61.43155889213085
      vertex -10 -8.282035686075687 61.43155889213085
    endloop
  endfacet
  facet normal 0 -0.13052619081710232 0.9914448615585122
    outer loop
      vertex -10 -8.282035686075687 61.43155889213085
      vertex -6.199999999999999 -7.762173853814602 61.5
      vertex -10 -7.762173853814602 61.5
    endloop
  endfacet
  facet normal 0 0 1
    outer loop
      vertex -10 -7.762173853814602 61.5
      vertex -6.199999999999999 -7.237826146185398 61.5
      vertex -10 -7.237826146185398 61.5
    endloop
  endfacet
  facet normal 0 -0.2588190415217645 0.965925827248529
    outer loop
      vertex -10 -8.78851667791605 61.29584772139788
      vertex -6.199999999999999 -8.78851667791605 61.29584772139788
      vertex -6.199999999999999 -8.282035686075687 61.43155889213085
    endloop
  endfacet
  facet normal 0 -0.13052619081710232 0.9914448615585122
    outer loop
      vertex -10 -8.282035686075687 61.43155889213085
      vertex -6.199999999999999 -8.282035686075687 61.43155889213085
      vertex -6.199999999999999 -7.762173853814602 61.5
    endloop
  endfacet
  facet normal 0 0 1
    outer loop
      vertex -10 -7.762173853814602 61.5
      vertex -6.199999999999999 -7.762173853814602 61.5
      vertex -6.199999999999999 -7.237826146185398 61.5
    endloop
  endfacet
  facet normal 0 1 0
    outer loop
      vertex -10 -1.4900000020861626 43.84314575046301
      vertex -10 -1.4900000020861626 47.5
      vertex -6.199999999999999 -1.4900000020861626 43.84314575046301
    endloop
  endfacet
  facet normal -1 0 0
    outer loop
      vertex -10 -10.328427128493786 52.68157287687063
      vertex -10 -1.4900000020861626 47.5
      vertex -10 -1.4900000020861626 43.84314575046301
    endloop
  endfacet
  facet normal -1 0 0
    outer loop
      vertex -10 -10.328427128493786 52.68157287687063
      vertex -10 -1.4900000020861626 55.15685424953699
      vertex -10 -1.4900000020861626 47.5
    endloop
  endfacet
  facet normal 0 -0.7071067811865476 -0.7071067811865476
    outer loop
      vertex -10 -1.4900000020861626 43.84314575046301
      vertex -6.199999999999999 -1.4900000020861626 43.84314575046301
      vertex -6.199999999999999 -10.328427128493786 52.68157287687063
    endloop
  endfacet
  facet normal -1 0 0
    outer loop
      vertex -10 -10.328427128493786 52.68157287687063
      vertex -10 -6.422693403882153 55.6340502401948
      vertex -10 -3.5 57.5033388659358
    endloop
  endfacet
  facet normal -1 0 0
    outer loop
      vertex -10 -6.422693403882153 55.6340502401948
      vertex -10 -6.188354594133558 55.79063042690425
      vertex -10 -3.5 57.5033388659358
    endloop
  endfacet
  facet normal -1 0 0
    outer loop
      vertex -10 -8.057654928979737 59.58119652804359
      vertex -10 -5.272950783371925 60.83301468938589
      vertex -10 -7.781233455689615 59.6361801776903
    endloop
  endfacet
  facet normal -1 0 0
    outer loop
      vertex -10 -7.781233455689615 59.6361801776903
      vertex -10 -5.272950783371925 60.83301468938589
      vertex -10 -7.5 59.65461319223569
    endloop
  endfacet
  facet normal -1 0 0
    outer loop
      vertex -10 -7.5 59.65461319223569
      vertex -10 -4.856957785785198 60.51381203532219
      vertex -10 -7.218766544310385 59.6361801776903
    endloop
  endfacet
  facet normal -1 0 0
    outer loop
      vertex -10 -7.218766544310385 59.6361801776903
      vertex -10 -4.856957785785198 60.51381203532219
      vertex -10 -6.942345071020264 59.58119652804359
    endloop
  endfacet
  facet normal -1 0 0
    outer loop
      vertex -10 -6.422693403882153 59.3659497598052
      vertex -10 -4.166985310614109 59.727049216628075
      vertex -10 -6.188354594133558 59.20936957309575
    endloop
  endfacet
  facet normal -1 0 0
    outer loop
      vertex -10 -6.188354594133558 59.20936957309575
      vertex -10 -4.166985310614109 59.727049216628075
      vertex -10 -5.9764584009361466 59.023541599063854
    endloop
  endfacet
  facet normal -1 0 0
    outer loop
      vertex -10 -6.675465228176142 59.490603028785365
      vertex -10 -6.942345071020264 59.58119652804359
      vertex -10 -4.486187964677811 60.1430422142148
    endloop
  endfacet
  facet normal -1 0 0
    outer loop
      vertex -10 -6.675465228176142 59.490603028785365
      vertex -10 -4.486187964677811 60.1430422142148
      vertex -10 -6.422693403882153 59.3659497598052
    endloop
  endfacet
  facet normal -1 0 0
    outer loop
      vertex -10 -7.5 59.65461319223569
      vertex -10 -5.272950783371925 60.83301468938589
      vertex -10 -4.856957785785198 60.51381203532219
    endloop
  endfacet
  facet normal -1 0 0
    outer loop
      vertex -10 -6.942345071020264 59.58119652804359
      vertex -10 -4.856957785785198 60.51381203532219
      vertex -10 -4.486187964677811 60.1430422142148
    endloop
  endfacet
  facet normal -1 0 0
    outer loop
      vertex -10 -10.328427128493786 52.68157287687063
      vertex -10 -3.5 57.5033388659358
      vertex -10 -1.4929252788424492 55.1597795188427
    endloop
  endfacet
  facet normal -1 0 0
    outer loop
      vertex -10 -10.328427128493786 52.68157287687063
      vertex -10 -1.4929252788424492 55.1597795188427
      vertex -10 -1.4900000020861626 55.15685424953699
    endloop
  endfacet
  facet normal -1 0 0
    outer loop
      vertex -10 -6.188354594133558 55.79063042690425
      vertex -10 -5.9764584009361466 55.976458400936146
      vertex -10 -3.5 57.5033388659358
    endloop
  endfacet
  facet normal -1 0 0
    outer loop
      vertex -10 -5.9764584009361466 55.976458400936146
      vertex -10 -5.790630426904251 56.18835459413356
      vertex -10 -3.5 57.5033388659358
    endloop
  endfacet
  facet normal -1 0 0
    outer loop
      vertex -10 -5.790630426904251 56.18835459413356
      vertex -10 -5.634050240194805 56.42269340388215
      vertex -10 -3.5 57.5033388659358
    endloop
  endfacet
  facet normal -1 0 0
    outer loop
      vertex -10 -5.634050240194805 56.42269340388215
      vertex -10 -5.5093969712146365 56.675465228176144
      vertex -10 -3.5 57.5033388659358
    endloop
  endfacet
  facet normal -1 0 0
    outer loop
      vertex -10 -5.5093969712146365 56.675465228176144
      vertex -10 -5.41880347195641 56.94234507102026
      vertex -10 -3.5 57.5033388659358
    endloop
  endfacet
  facet normal -1 0 0
    outer loop
      vertex -10 -5.41880347195641 56.94234507102026
      vertex -10 -5.363819822309699 57.218766544310384
      vertex -10 -3.5 57.5033388659358
    endloop
  endfacet
  facet normal -1 0 0
    outer loop
      vertex -10 -5.363819822309699 57.218766544310384
      vertex -10 -5.3453868077643065 57.5
      vertex -10 -3.5 57.5033388659358
    endloop
  endfacet
  facet normal -1 0 0
    outer loop
      vertex -10 -5.3453868077643065 57.5
      vertex -10 -5.363819822309699 57.781233455689616
      vertex -10 -3.5 57.5033388659358
    endloop
  endfacet
  facet normal -1 0 0
    outer loop
      vertex -10 -5.634050240194805 58.57730659611785
      vertex -10 -3.7041522786021233 58.78851667791605
      vertex -10 -5.5093969712146365 58.324534771823856
    endloop
  endfacet
  facet normal -1 0 0
    outer loop
      vertex -10 -5.9764584009361466 59.023541599063854
      vertex -10 -3.904811456799507 59.272950783371925
      vertex -10 -5.790630426904251 58.81164540586644
    endloop
  endfacet
  facet normal -1 0 0
    outer loop
      vertex -10 -5.790630426904251 58.81164540586644
      vertex -10 -3.7041522786021233 58.78851667791605
      vertex -10 -5.634050240194805 58.57730659611785
    endloop
  endfacet
  facet normal -1 0 0
    outer loop
      vertex -10 -5.363819822309699 57.781233455689616
      vertex -10 -5.41880347195641 58.05765492897974
      vertex -10 -3.5684411078691483 58.28203568607569
    endloop
  endfacet
  facet normal -1 0 0
    outer loop
      vertex -10 -5.41880347195641 58.05765492897974
      vertex -10 -5.5093969712146365 58.324534771823856
      vertex -10 -3.5684411078691483 58.28203568607569
    endloop
  endfacet
  facet normal -1 0 0
    outer loop
      vertex -10 -5.9764584009361466 59.023541599063854
      vertex -10 -4.166985310614109 59.727049216628075
      vertex -10 -3.904811456799507 59.272950783371925
    endloop
  endfacet
  facet normal -1 0 0
    outer loop
      vertex -10 -5.790630426904251 58.81164540586644
      vertex -10 -3.904811456799507 59.272950783371925
      vertex -10 -3.7041522786021233 58.78851667791605
    endloop
  endfacet
  facet normal -1 0 0
    outer loop
      vertex -10 -6.422693403882153 59.3659497598052
      vertex -10 -4.486187964677811 60.1430422142148
      vertex -10 -4.166985310614109 59.727049216628075
    endloop
  endfacet
  facet normal -1 0 0
    outer loop
      vertex -10 -5.5093969712146365 58.324534771823856
      vertex -10 -3.7041522786021233 58.78851667791605
      vertex -10 -3.5684411078691483 58.28203568607569
    endloop
  endfacet
  facet normal -1 0 0
    outer loop
      vertex -10 -5.363819822309699 57.781233455689616
      vertex -10 -3.5 57.7621738538146
      vertex -10 -3.5 57.5033388659358
    endloop
  endfacet
  facet normal -1 0 0
    outer loop
      vertex -10 -5.363819822309699 57.781233455689616
      vertex -10 -3.5684411078691483 58.28203568607569
      vertex -10 -3.5 57.7621738538146
    endloop
  endfacet
  facet normal 0 0.13052619081710232 0.9914448615585122
    outer loop
      vertex -10 -7.237826146185398 61.5
      vertex -6.199999999999999 -6.717964313924313 61.43155889213085
      vertex -10 -6.717964313924313 61.43155889213085
    endloop
  endfacet
  facet normal 0 0.2588190415217645 0.965925827248529
    outer loop
      vertex -10 -6.717964313924313 61.43155889213085
      vertex -6.199999999999999 -6.21148332208395 61.29584772139788
      vertex -10 -6.21148332208395 61.29584772139788
    endloop
  endfacet
  facet normal 0 0.3826834350371576 0.9238795314044801
    outer loop
      vertex -10 -6.21148332208395 61.29584772139788
      vertex -6.199999999999999 -5.727049216628075 61.09518854320049
      vertex -10 -5.727049216628075 61.09518854320049
    endloop
  endfacet
  facet normal 0 0.5000000016242707 0.8660254028466656
    outer loop
      vertex -10 -5.727049216628075 61.09518854320049
      vertex -6.199999999999999 -5.272950783371925 60.83301468938589
      vertex -10 -5.272950783371925 60.83301468938589
    endloop
  endfacet
  facet normal 0 0.13052619081710232 0.9914448615585122
    outer loop
      vertex -10 -7.237826146185398 61.5
      vertex -6.199999999999999 -7.237826146185398 61.5
      vertex -6.199999999999999 -6.717964313924313 61.43155889213085
    endloop
  endfacet
  facet normal 0 0.2588190415217645 0.965925827248529
    outer loop
      vertex -10 -6.717964313924313 61.43155889213085
      vertex -6.199999999999999 -6.717964313924313 61.43155889213085
      vertex -6.199999999999999 -6.21148332208395 61.29584772139788
    endloop
  endfacet
  facet normal 0 0.3826834350371576 0.9238795314044801
    outer loop
      vertex -10 -6.21148332208395 61.29584772139788
      vertex -6.199999999999999 -6.21148332208395 61.29584772139788
      vertex -6.199999999999999 -5.727049216628075 61.09518854320049
    endloop
  endfacet
  facet normal 0 0.5000000016242707 0.8660254028466656
    outer loop
      vertex -10 -5.727049216628075 61.09518854320049
      vertex -6.199999999999999 -5.727049216628075 61.09518854320049
      vertex -6.199999999999999 -5.272950783371925 60.83301468938589
    endloop
  endfacet
  facet normal 0 0.6087614292549631 0.7933533401022866
    outer loop
      vertex -10 -5.272950783371925 60.83301468938589
      vertex -6.199999999999999 -4.856957785785198 60.51381203532219
      vertex -10 -4.856957785785198 60.51381203532219
    endloop
  endfacet
  facet normal 0 0.7071067811865475 0.7071067811865475
    outer loop
      vertex -10 -4.856957785785198 60.51381203532219
      vertex -6.199999999999999 -4.486187964677811 60.1430422142148
      vertex -10 -4.486187964677811 60.1430422142148
    endloop
  endfacet
  facet normal 0 0.8660254028466656 0.5000000016242707
    outer loop
      vertex -10 -3.904811456799507 59.272950783371925
      vertex -10 -4.166985310614109 59.727049216628075
      vertex -6.199999999999999 -3.904811456799507 59.272950783371925
    endloop
  endfacet
  facet normal 0 0.965925827248529 0.2588190415217645
    outer loop
      vertex -10 -3.5684411078691483 58.28203568607569
      vertex -10 -3.7041522786021233 58.78851667791605
      vertex -6.199999999999999 -3.5684411078691483 58.28203568607569
    endloop
  endfacet
  facet normal 0 0.9238795314044801 0.3826834350371576
    outer loop
      vertex -10 -3.904811456799507 59.272950783371925
      vertex -6.199999999999999 -3.7041522786021233 58.78851667791605
      vertex -10 -3.7041522786021233 58.78851667791605
    endloop
  endfacet
  facet normal 0 0.7933533401022866 0.6087614292549631
    outer loop
      vertex -10 -4.486187964677811 60.1430422142148
      vertex -6.199999999999999 -4.166985310614109 59.727049216628075
      vertex -10 -4.166985310614109 59.727049216628075
    endloop
  endfacet
  facet normal 0 0.6087614292549631 0.7933533401022866
    outer loop
      vertex -10 -5.272950783371925 60.83301468938589
      vertex -6.199999999999999 -5.272950783371925 60.83301468938589
      vertex -6.199999999999999 -4.856957785785198 60.51381203532219
    endloop
  endfacet
  facet normal 0 0.7071067811865475 0.7071067811865475
    outer loop
      vertex -10 -4.856957785785198 60.51381203532219
      vertex -6.199999999999999 -4.856957785785198 60.51381203532219
      vertex -6.199999999999999 -4.486187964677811 60.1430422142148
    endloop
  endfacet
  facet normal 0 0.8660254028466656 0.5000000016242707
    outer loop
      vertex -10 -4.166985310614109 59.727049216628075
      vertex -6.199999999999999 -4.166985310614109 59.727049216628075
      vertex -6.199999999999999 -3.904811456799507 59.272950783371925
    endloop
  endfacet
  facet normal 0 0.9914448615585122 0.13052619081710232
    outer loop
      vertex -10 -3.5684411078691483 58.28203568607569
      vertex -6.199999999999999 -3.5684411078691483 58.28203568607569
      vertex -6.199999999999999 -3.5 57.7621738538146
    endloop
  endfacet
  facet normal 0 0.9238795314044801 0.3826834350371576
    outer loop
      vertex -10 -3.904811456799507 59.272950783371925
      vertex -6.199999999999999 -3.904811456799507 59.272950783371925
      vertex -6.199999999999999 -3.7041522786021233 58.78851667791605
    endloop
  endfacet
  facet normal 0 0.965925827248529 0.2588190415217645
    outer loop
      vertex -10 -3.7041522786021233 58.78851667791605
      vertex -6.199999999999999 -3.7041522786021233 58.78851667791605
      vertex -6.199999999999999 -3.5684411078691483 58.28203568607569
    endloop
  endfacet
  facet normal 0 0.7933533401022866 0.6087614292549631
    outer loop
      vertex -10 -4.486187964677811 60.1430422142148
      vertex -6.199999999999999 -4.486187964677811 60.1430422142148
      vertex -6.199999999999999 -4.166985310614109 59.727049216628075
    endloop
  endfacet
  facet normal 0 1 0
    outer loop
      vertex -10 -1.4900000020861626 47.5
      vertex -6.199999999999999 -1.4900000020861626 47.5
      vertex -6.199999999999999 -1.4900000020861626 43.84314575046301
    endloop
  endfacet
  facet normal -1 0 0
    outer loop
      vertex -10 -3.5 57.5033388659358
      vertex -10 -1.4900000020861626 57.5
      vertex -10 -1.4929252788424492 55.1597795188427
    endloop
  endfacet
  facet normal 0 1 0
    outer loop
      vertex -10 -3.5 57.5033388659358
      vertex -10 -3.5 57.7621738538146
      vertex -6.199999999999999 -3.5 57.5033388659358
    endloop
  endfacet
  facet normal 0 0.0016611250411629347 0.9999986203308471
    outer loop
      vertex -10 -3.5 57.5033388659358
      vertex -6.199999999999999 -1.4900000020861626 57.5
      vertex -10 -1.4900000020861626 57.5
    endloop
  endfacet
  facet normal 0 0.0016611250411629347 0.9999986203308471
    outer loop
      vertex -10 -3.5 57.5033388659358
      vertex -6.199999999999999 -3.5 57.5033388659358
      vertex -6.199999999999999 -1.4900000020861626 57.5
    endloop
  endfacet
  facet normal 0 0.9914448615585122 0.13052619081710232
    outer loop
      vertex -10 -3.5684411078691483 58.28203568607569
      vertex -6.199999999999999 -3.5 57.7621738538146
      vertex -10 -3.5 57.7621738538146
    endloop
  endfacet
  facet normal 0 1 0
    outer loop
      vertex -10 -3.5 57.7621738538146
      vertex -6.199999999999999 -3.5 57.7621738538146
      vertex -6.199999999999999 -3.5 57.5033388659358
    endloop
  endfacet
  facet normal 1 0 0
    outer loop
      vertex -6.199999999999999 -11.465779446065426 54.98789522796869
      vertex -6.199999999999999 -9.20936957309575 56.18835459413356
      vertex -6.199999999999999 -11.5 55.50999999791384
    endloop
  endfacet
  facet normal 1 0 0
    outer loop
      vertex -6.199999999999999 -11.5 55.50999999791384
      vertex -6.199999999999999 -9.58119652804359 56.94234507102026
      vertex -6.199999999999999 -11.5 57.7621738538146
    endloop
  endfacet
  facet normal 1 0 0
    outer loop
      vertex -6.199999999999999 -11.5 57.7621738538146
      vertex -6.199999999999999 -9.58119652804359 58.05765492897974
      vertex -6.199999999999999 -11.431558892130852 58.28203568607569
    endloop
  endfacet
  facet normal 1 0 0
    outer loop
      vertex -6.199999999999999 -10.67341336607933 53.07495428621769
      vertex -6.199999999999999 -10.328427128493786 52.68157287687063
      vertex -6.199999999999999 -6.942345071020264 55.41880347195641
    endloop
  endfacet
  facet normal 1 0 0
    outer loop
      vertex -6.199999999999999 -11.363703310489655 54.47472381591797
      vertex -6.199999999999999 -11.195518128573895 53.97926627099514
      vertex -6.199999999999999 -8.577306596117847 55.6340502401948
    endloop
  endfacet
  facet normal 1 0 0
    outer loop
      vertex -6.199999999999999 -11.363703310489655 54.47472381591797
      vertex -6.199999999999999 -9.023541599063854 55.976458400936146
      vertex -6.199999999999999 -11.465779446065426 54.98789522796869
    endloop
  endfacet
  facet normal 1 0 0
    outer loop
      vertex -6.199999999999999 -10.964101620018482 53.50999999791384
      vertex -6.199999999999999 -8.057654928979737 55.41880347195641
      vertex -6.199999999999999 -11.195518128573895 53.97926627099514
    endloop
  endfacet
  facet normal 1 0 0
    outer loop
      vertex -6.199999999999999 -10.964101620018482 53.50999999791384
      vertex -6.199999999999999 -10.67341336607933 53.07495428621769
      vertex -6.199999999999999 -7.781233455689615 55.3638198223097
    endloop
  endfacet
  facet normal 1 0 0
    outer loop
      vertex -6.199999999999999 -11.465779446065426 54.98789522796869
      vertex -6.199999999999999 -9.023541599063854 55.976458400936146
      vertex -6.199999999999999 -9.20936957309575 56.18835459413356
    endloop
  endfacet
  facet normal 1 0 0
    outer loop
      vertex -6.199999999999999 -11.5 55.50999999791384
      vertex -6.199999999999999 -9.490603028785364 56.675465228176144
      vertex -6.199999999999999 -9.58119652804359 56.94234507102026
    endloop
  endfacet
  facet normal 1 0 0
    outer loop
      vertex -6.199999999999999 -11.5 57.7621738538146
      vertex -6.199999999999999 -9.58119652804359 56.94234507102026
      vertex -6.199999999999999 -9.636180177690301 57.218766544310384
    endloop
  endfacet
  facet normal 1 0 0
    outer loop
      vertex -6.199999999999999 -11.5 57.7621738538146
      vertex -6.199999999999999 -9.636180177690301 57.218766544310384
      vertex -6.199999999999999 -9.654613192235693 57.5
    endloop
  endfacet
  facet normal 1 0 0
    outer loop
      vertex -6.199999999999999 -11.5 55.50999999791384
      vertex -6.199999999999999 -9.365949759805195 56.42269340388215
      vertex -6.199999999999999 -9.490603028785364 56.675465228176144
    endloop
  endfacet
  facet normal 1 0 0
    outer loop
      vertex -6.199999999999999 -11.5 55.50999999791384
      vertex -6.199999999999999 -9.20936957309575 56.18835459413356
      vertex -6.199999999999999 -9.365949759805195 56.42269340388215
    endloop
  endfacet
  facet normal 1 0 0
    outer loop
      vertex -6.199999999999999 -11.363703310489655 54.47472381591797
      vertex -6.199999999999999 -8.811645405866443 55.79063042690425
      vertex -6.199999999999999 -9.023541599063854 55.976458400936146
    endloop
  endfacet
  facet normal 1 0 0
    outer loop
      vertex -6.199999999999999 -11.363703310489655 54.47472381591797
      vertex -6.199999999999999 -8.577306596117847 55.6340502401948
      vertex -6.199999999999999 -8.811645405866443 55.79063042690425
    endloop
  endfacet
  facet normal 1 0 0
    outer loop
      vertex -6.199999999999999 -11.195518128573895 53.97926627099514
      vertex -6.199999999999999 -8.324534771823858 55.509396971214635
      vertex -6.199999999999999 -8.577306596117847 55.6340502401948
    endloop
  endfacet
  facet normal 1 0 0
    outer loop
      vertex -6.199999999999999 -10.964101620018482 53.50999999791384
      vertex -6.199999999999999 -7.781233455689615 55.3638198223097
      vertex -6.199999999999999 -8.057654928979737 55.41880347195641
    endloop
  endfacet
  facet normal 1 0 0
    outer loop
      vertex -6.199999999999999 -11.195518128573895 53.97926627099514
      vertex -6.199999999999999 -8.057654928979737 55.41880347195641
      vertex -6.199999999999999 -8.324534771823858 55.509396971214635
    endloop
  endfacet
  facet normal 1 0 0
    outer loop
      vertex -6.199999999999999 -11.5 57.7621738538146
      vertex -6.199999999999999 -9.654613192235693 57.5
      vertex -6.199999999999999 -9.636180177690301 57.781233455689616
    endloop
  endfacet
  facet normal 1 0 0
    outer loop
      vertex -6.199999999999999 -11.5 57.7621738538146
      vertex -6.199999999999999 -9.636180177690301 57.781233455689616
      vertex -6.199999999999999 -9.58119652804359 58.05765492897974
    endloop
  endfacet
  facet normal 1 0 0
    outer loop
      vertex -6.199999999999999 -11.431558892130852 58.28203568607569
      vertex -6.199999999999999 -9.58119652804359 58.05765492897974
      vertex -6.199999999999999 -9.490603028785364 58.324534771823856
    endloop
  endfacet
  facet normal 1 0 0
    outer loop
      vertex -6.199999999999999 -11.431558892130852 58.28203568607569
      vertex -6.199999999999999 -9.490603028785364 58.324534771823856
      vertex -6.199999999999999 -9.365949759805195 58.57730659611785
    endloop
  endfacet
  facet normal 1 0 0
    outer loop
      vertex -6.199999999999999 -11.431558892130852 58.28203568607569
      vertex -6.199999999999999 -9.365949759805195 58.57730659611785
      vertex -6.199999999999999 -9.20936957309575 58.81164540586644
    endloop
  endfacet
  facet normal 1 0 0
    outer loop
      vertex -6.199999999999999 -11.431558892130852 58.28203568607569
      vertex -6.199999999999999 -9.20936957309575 58.81164540586644
      vertex -6.199999999999999 -9.023541599063854 59.023541599063854
    endloop
  endfacet
  facet normal 1 0 0
    outer loop
      vertex -6.199999999999999 -11.431558892130852 58.28203568607569
      vertex -6.199999999999999 -9.023541599063854 59.023541599063854
      vertex -6.199999999999999 -8.811645405866443 59.20936957309575
    endloop
  endfacet
  facet normal 1 0 0
    outer loop
      vertex -6.199999999999999 -11.431558892130852 58.28203568607569
      vertex -6.199999999999999 -8.811645405866443 59.20936957309575
      vertex -6.199999999999999 -8.577306596117847 59.3659497598052
    endloop
  endfacet
  facet normal 1 0 0
    outer loop
      vertex -6.199999999999999 -11.431558892130852 58.28203568607569
      vertex -6.199999999999999 -8.577306596117847 59.3659497598052
      vertex -6.199999999999999 -8.324534771823858 59.490603028785365
    endloop
  endfacet
  facet normal 1 0 0
    outer loop
      vertex -6.199999999999999 -11.431558892130852 58.28203568607569
      vertex -6.199999999999999 -5.272950783371925 60.83301468938589
      vertex -6.199999999999999 -11.295847721397877 58.78851667791605
    endloop
  endfacet
  facet normal 1 0 0
    outer loop
      vertex -6.199999999999999 -11.095188543200493 59.272950783371925
      vertex -6.199999999999999 -6.21148332208395 61.29584772139788
      vertex -6.199999999999999 -10.833014689385891 59.727049216628075
    endloop
  endfacet
  facet normal 1 0 0
    outer loop
      vertex -6.199999999999999 -11.295847721397877 58.78851667791605
      vertex -6.199999999999999 -5.272950783371925 60.83301468938589
      vertex -6.199999999999999 -11.095188543200493 59.272950783371925
    endloop
  endfacet
  facet normal 1 0 0
    outer loop
      vertex -6.199999999999999 -10.833014689385891 59.727049216628075
      vertex -6.199999999999999 -6.21148332208395 61.29584772139788
      vertex -6.199999999999999 -10.51381203532219 60.1430422142148
    endloop
  endfacet
  facet normal 1 0 0
    outer loop
      vertex -6.199999999999999 -10.51381203532219 60.1430422142148
      vertex -6.199999999999999 -7.237826146185398 61.5
      vertex -6.199999999999999 -10.143042214214802 60.51381203532219
    endloop
  endfacet
  facet normal 1 0 0
    outer loop
      vertex -6.199999999999999 -10.143042214214802 60.51381203532219
      vertex -6.199999999999999 -7.237826146185398 61.5
      vertex -6.199999999999999 -9.727049216628075 60.83301468938589
    endloop
  endfacet
  facet normal 1 0 0
    outer loop
      vertex -6.199999999999999 -9.727049216628075 60.83301468938589
      vertex -6.199999999999999 -7.762173853814602 61.5
      vertex -6.199999999999999 -9.272950783371925 61.09518854320049
    endloop
  endfacet
  facet normal 1 0 0
    outer loop
      vertex -6.199999999999999 -10.67341336607933 53.07495428621769
      vertex -6.199999999999999 -7.5 55.34538680776431
      vertex -6.199999999999999 -7.781233455689615 55.3638198223097
    endloop
  endfacet
  facet normal 1 0 0
    outer loop
      vertex -6.199999999999999 -10.67341336607933 53.07495428621769
      vertex -6.199999999999999 -7.218766544310385 55.3638198223097
      vertex -6.199999999999999 -7.5 55.34538680776431
    endloop
  endfacet
  facet normal 1 0 0
    outer loop
      vertex -6.199999999999999 -10.67341336607933 53.07495428621769
      vertex -6.199999999999999 -6.942345071020264 55.41880347195641
      vertex -6.199999999999999 -7.218766544310385 55.3638198223097
    endloop
  endfacet
  facet normal 1 0 0
    outer loop
      vertex -6.199999999999999 -10.328427128493786 52.68157287687063
      vertex -6.199999999999999 -6.675465228176142 55.509396971214635
      vertex -6.199999999999999 -6.942345071020264 55.41880347195641
    endloop
  endfacet
  facet normal 1 0 0
    outer loop
      vertex -6.199999999999999 -10.328427128493786 52.68157287687063
      vertex -6.199999999999999 -6.422693403882153 55.6340502401948
      vertex -6.199999999999999 -6.675465228176142 55.509396971214635
    endloop
  endfacet
  facet normal 1 0 0
    outer loop
      vertex -6.199999999999999 -11.431558892130852 58.28203568607569
      vertex -6.199999999999999 -8.324534771823858 59.490603028785365
      vertex -6.199999999999999 -5.272950783371925 60.83301468938589
    endloop
  endfacet
  facet normal 1 0 0
    outer loop
      vertex -6.199999999999999 -9.272950783371925 61.09518854320049
      vertex -6.199999999999999 -8.282035686075687 61.43155889213085
      vertex -6.199999999999999 -8.78851667791605 61.29584772139788
    endloop
  endfacet
  facet normal 1 0 0
    outer loop
      vertex -6.199999999999999 -9.272950783371925 61.09518854320049
      vertex -6.199999999999999 -7.762173853814602 61.5
      vertex -6.199999999999999 -8.282035686075687 61.43155889213085
    endloop
  endfacet
  facet normal 1 0 0
    outer loop
      vertex -6.199999999999999 -9.727049216628075 60.83301468938589
      vertex -6.199999999999999 -7.237826146185398 61.5
      vertex -6.199999999999999 -7.762173853814602 61.5
    endloop
  endfacet
  facet normal 1 0 0
    outer loop
      vertex -6.199999999999999 -10.51381203532219 60.1430422142148
      vertex -6.199999999999999 -6.717964313924313 61.43155889213085
      vertex -6.199999999999999 -7.237826146185398 61.5
    endloop
  endfacet
  facet normal 1 0 0
    outer loop
      vertex -6.199999999999999 -10.51381203532219 60.1430422142148
      vertex -6.199999999999999 -6.21148332208395 61.29584772139788
      vertex -6.199999999999999 -6.717964313924313 61.43155889213085
    endloop
  endfacet
  facet normal 1 0 0
    outer loop
      vertex -6.199999999999999 -11.095188543200493 59.272950783371925
      vertex -6.199999999999999 -5.727049216628075 61.09518854320049
      vertex -6.199999999999999 -6.21148332208395 61.29584772139788
    endloop
  endfacet
  facet normal 1 0 0
    outer loop
      vertex -6.199999999999999 -11.095188543200493 59.272950783371925
      vertex -6.199999999999999 -5.272950783371925 60.83301468938589
      vertex -6.199999999999999 -5.727049216628075 61.09518854320049
    endloop
  endfacet
  facet normal 1 0 0
    outer loop
      vertex -6.199999999999999 -8.324534771823858 59.490603028785365
      vertex -6.199999999999999 -8.057654928979737 59.58119652804359
      vertex -6.199999999999999 -5.272950783371925 60.83301468938589
    endloop
  endfacet
  facet normal 1 0 0
    outer loop
      vertex -6.199999999999999 -10.328427128493786 52.68157287687063
      vertex -6.199999999999999 -1.4900000020861626 43.84314575046301
      vertex -6.199999999999999 -1.5 47.5
    endloop
  endfacet
  facet normal 1 0 0
    outer loop
      vertex -6.199999999999999 -10.328427128493786 52.68157287687063
      vertex -6.199999999999999 -1.5 47.5
      vertex -6.199999999999999 -3.5 57.5033388659358
    endloop
  endfacet
  facet normal 1 0 0
    outer loop
      vertex -6.199999999999999 -10.328427128493786 52.68157287687063
      vertex -6.199999999999999 -3.5 57.5033388659358
      vertex -6.199999999999999 -6.422693403882153 55.6340502401948
    endloop
  endfacet
  facet normal 1 0 0
    outer loop
      vertex -6.199999999999999 -6.422693403882153 55.6340502401948
      vertex -6.199999999999999 -3.5 57.5033388659358
      vertex -6.199999999999999 -6.188354594133558 55.79063042690425
    endloop
  endfacet
  facet normal 1 0 0
    outer loop
      vertex -6.199999999999999 -8.057654928979737 59.58119652804359
      vertex -6.199999999999999 -7.781233455689615 59.6361801776903
      vertex -6.199999999999999 -5.272950783371925 60.83301468938589
    endloop
  endfacet
  facet normal 1 0 0
    outer loop
      vertex -6.199999999999999 -7.781233455689615 59.6361801776903
      vertex -6.199999999999999 -7.5 59.65461319223569
      vertex -6.199999999999999 -5.272950783371925 60.83301468938589
    endloop
  endfacet
  facet normal 1 0 0
    outer loop
      vertex -6.199999999999999 -7.5 59.65461319223569
      vertex -6.199999999999999 -7.218766544310385 59.6361801776903
      vertex -6.199999999999999 -5.272950783371925 60.83301468938589
    endloop
  endfacet
  facet normal 1 0 0
    outer loop
      vertex -6.199999999999999 -7.218766544310385 59.6361801776903
      vertex -6.199999999999999 -6.942345071020264 59.58119652804359
      vertex -6.199999999999999 -4.856957785785198 60.51381203532219
    endloop
  endfacet
  facet normal 1 0 0
    outer loop
      vertex -6.199999999999999 -6.422693403882153 59.3659497598052
      vertex -6.199999999999999 -6.188354594133558 59.20936957309575
      vertex -6.199999999999999 -4.486187964677811 60.1430422142148
    endloop
  endfacet
  facet normal 1 0 0
    outer loop
      vertex -6.199999999999999 -6.188354594133558 59.20936957309575
      vertex -6.199999999999999 -5.9764584009361466 59.023541599063854
      vertex -6.199999999999999 -4.166985310614109 59.727049216628075
    endloop
  endfacet
  facet normal 1 0 0
    outer loop
      vertex -6.199999999999999 -6.675465228176142 59.490603028785365
      vertex -6.199999999999999 -4.856957785785198 60.51381203532219
      vertex -6.199999999999999 -6.942345071020264 59.58119652804359
    endloop
  endfacet
  facet normal 1 0 0
    outer loop
      vertex -6.199999999999999 -6.675465228176142 59.490603028785365
      vertex -6.199999999999999 -6.422693403882153 59.3659497598052
      vertex -6.199999999999999 -4.486187964677811 60.1430422142148
    endloop
  endfacet
  facet normal 1 0 0
    outer loop
      vertex -6.199999999999999 -7.218766544310385 59.6361801776903
      vertex -6.199999999999999 -4.856957785785198 60.51381203532219
      vertex -6.199999999999999 -5.272950783371925 60.83301468938589
    endloop
  endfacet
  facet normal 1 0 0
    outer loop
      vertex -6.199999999999999 -6.675465228176142 59.490603028785365
      vertex -6.199999999999999 -4.486187964677811 60.1430422142148
      vertex -6.199999999999999 -4.856957785785198 60.51381203532219
    endloop
  endfacet
  facet normal 1 0 0
    outer loop
      vertex -6.199999999999999 -6.188354594133558 55.79063042690425
      vertex -6.199999999999999 -3.5 57.5033388659358
      vertex -6.199999999999999 -5.9764584009361466 55.976458400936146
    endloop
  endfacet
  facet normal 1 0 0
    outer loop
      vertex -6.199999999999999 -5.9764584009361466 55.976458400936146
      vertex -6.199999999999999 -3.5 57.5033388659358
      vertex -6.199999999999999 -5.790630426904251 56.18835459413356
    endloop
  endfacet
  facet normal 1 0 0
    outer loop
      vertex -6.199999999999999 -5.790630426904251 56.18835459413356
      vertex -6.199999999999999 -3.5 57.5033388659358
      vertex -6.199999999999999 -5.634050240194805 56.42269340388215
    endloop
  endfacet
  facet normal 1 0 0
    outer loop
      vertex -6.199999999999999 -5.634050240194805 56.42269340388215
      vertex -6.199999999999999 -3.5 57.5033388659358
      vertex -6.199999999999999 -5.5093969712146365 56.675465228176144
    endloop
  endfacet
  facet normal 1 0 0
    outer loop
      vertex -6.199999999999999 -5.5093969712146365 56.675465228176144
      vertex -6.199999999999999 -3.5 57.5033388659358
      vertex -6.199999999999999 -5.41880347195641 56.94234507102026
    endloop
  endfacet
  facet normal 1 0 0
    outer loop
      vertex -6.199999999999999 -5.41880347195641 56.94234507102026
      vertex -6.199999999999999 -3.5 57.5033388659358
      vertex -6.199999999999999 -5.363819822309699 57.218766544310384
    endloop
  endfacet
  facet normal 1 0 0
    outer loop
      vertex -6.199999999999999 -5.363819822309699 57.218766544310384
      vertex -6.199999999999999 -3.5 57.5033388659358
      vertex -6.199999999999999 -5.3453868077643065 57.5
    endloop
  endfacet
  facet normal 1 0 0
    outer loop
      vertex -6.199999999999999 -5.3453868077643065 57.5
      vertex -6.199999999999999 -3.5 57.5033388659358
      vertex -6.199999999999999 -3.5 57.7621738538146
    endloop
  endfacet
  facet normal 1 0 0
    outer loop
      vertex -6.199999999999999 -5.634050240194805 58.57730659611785
      vertex -6.199999999999999 -5.5093969712146365 58.324534771823856
      vertex -6.199999999999999 -3.7041522786021233 58.78851667791605
    endloop
  endfacet
  facet normal 1 0 0
    outer loop
      vertex -6.199999999999999 -5.41880347195641 58.05765492897974
      vertex -6.199999999999999 -3.7041522786021233 58.78851667791605
      vertex -6.199999999999999 -5.5093969712146365 58.324534771823856
    endloop
  endfacet
  facet normal 1 0 0
    outer loop
      vertex -6.199999999999999 -5.790630426904251 58.81164540586644
      vertex -6.199999999999999 -5.634050240194805 58.57730659611785
      vertex -6.199999999999999 -3.904811456799507 59.272950783371925
    endloop
  endfacet
  facet normal 1 0 0
    outer loop
      vertex -6.199999999999999 -5.9764584009361466 59.023541599063854
      vertex -6.199999999999999 -5.790630426904251 58.81164540586644
      vertex -6.199999999999999 -4.166985310614109 59.727049216628075
    endloop
  endfacet
  facet normal 1 0 0
    outer loop
      vertex -6.199999999999999 -5.363819822309699 57.781233455689616
      vertex -6.199999999999999 -3.5684411078691483 58.28203568607569
      vertex -6.199999999999999 -5.41880347195641 58.05765492897974
    endloop
  endfacet
  facet normal 1 0 0
    outer loop
      vertex -6.199999999999999 -5.3453868077643065 57.5
      vertex -6.199999999999999 -3.5 57.7621738538146
      vertex -6.199999999999999 -5.363819822309699 57.781233455689616
    endloop
  endfacet
  facet normal 1 0 0
    outer loop
      vertex -6.199999999999999 -5.790630426904251 58.81164540586644
      vertex -6.199999999999999 -3.904811456799507 59.272950783371925
      vertex -6.199999999999999 -4.166985310614109 59.727049216628075
    endloop
  endfacet
  facet normal 1 0 0
    outer loop
      vertex -6.199999999999999 -6.188354594133558 59.20936957309575
      vertex -6.199999999999999 -4.166985310614109 59.727049216628075
      vertex -6.199999999999999 -4.486187964677811 60.1430422142148
    endloop
  endfacet
  facet normal 1 0 0
    outer loop
      vertex -6.199999999999999 -5.41880347195641 58.05765492897974
      vertex -6.199999999999999 -3.5684411078691483 58.28203568607569
      vertex -6.199999999999999 -3.7041522786021233 58.78851667791605
    endloop
  endfacet
  facet normal 1 0 0
    outer loop
      vertex -6.199999999999999 -5.363819822309699 57.781233455689616
      vertex -6.199999999999999 -3.5 57.7621738538146
      vertex -6.199999999999999 -3.5684411078691483 58.28203568607569
    endloop
  endfacet
  facet normal 1 0 0
    outer loop
      vertex -6.199999999999999 -5.634050240194805 58.57730659611785
      vertex -6.199999999999999 -3.7041522786021233 58.78851667791605
      vertex -6.199999999999999 -3.904811456799507 59.272950783371925
    endloop
  endfacet
  facet normal 1 0 0
    outer loop
      vertex -6.199999999999999 -1.4900000020861626 43.84314575046301
      vertex -6.199999999999999 -1.4900000020861626 47.5
      vertex -6.199999999999999 -1.5 47.5
    endloop
  endfacet
  facet normal 1 0 0
    outer loop
      vertex -6.199999999999999 -1.5 47.5
      vertex -6.199999999999999 -1.5 57.5
      vertex -6.199999999999999 -3.5 57.5033388659358
    endloop
  endfacet
  facet normal 1 0 0
    outer loop
      vertex -6.199999999999999 -3.5 57.5033388659358
      vertex -6.199999999999999 -1.5 57.5
      vertex -6.199999999999999 -1.4900000020861626 57.5
    endloop
  endfacet
  facet normal 0 0.8314696123025465 0.5555702330196004
    outer loop
      vertex 6.199999999999999 -9.017060548902084 56.62412468371442
      vertex 10 -9.017060548902084 56.62412468371442
      vertex 6.199999999999999 -8.889757215707615 56.43360178164905
    endloop
  endfacet
  facet normal 0 0.8968727415326896 0.44228869021899847
    outer loop
      vertex 6.199999999999999 -9.017060548902084 56.62412468371442
      vertex 6.199999999999999 -9.118406555496193 56.82963405527995
      vertex 10 -9.118406555496193 56.82963405527995
    endloop
  endfacet
  facet normal 0 0.9469301294951055 0.32143946530316236
    outer loop
      vertex 6.199999999999999 -9.192061177218696 57.0466135740202
      vertex 10 -9.192061177218696 57.0466135740202
      vertex 6.199999999999999 -9.118406555496193 56.82963405527995
    endloop
  endfacet
  facet normal 0 0.9807852804032301 0.1950903220161302
    outer loop
      vertex 6.199999999999999 -9.192061177218696 57.0466135740202
      vertex 6.199999999999999 -9.236764163070998 57.27135066021142
      vertex 10 -9.236764163070998 57.27135066021142
    endloop
  endfacet
  facet normal 0 0.9978589232386035 0.06540312923014353
    outer loop
      vertex 6.199999999999999 -9.236764163070998 57.27135066021142
      vertex 6.199999999999999 -9.25175063257116 57.5
      vertex 10 -9.25175063257116 57.5
    endloop
  endfacet
  facet normal 0 0.9978589232386035 -0.06540312923014353
    outer loop
      vertex 6.199999999999999 -9.25175063257116 57.5
      vertex 6.199999999999999 -9.236764163070998 57.72864933978858
      vertex 10 -9.236764163070998 57.72864933978858
    endloop
  endfacet
  facet normal 0 0.8968727415326896 0.44228869021899847
    outer loop
      vertex 6.199999999999999 -9.017060548902084 56.62412468371442
      vertex 10 -9.118406555496193 56.82963405527995
      vertex 10 -9.017060548902084 56.62412468371442
    endloop
  endfacet
  facet normal 0 0.8314696123025465 0.5555702330196004
    outer loop
      vertex 6.199999999999999 -8.889757215707615 56.43360178164905
      vertex 10 -9.017060548902084 56.62412468371442
      vertex 10 -8.889757215707615 56.43360178164905
    endloop
  endfacet
  facet normal 0 0.9807852804032301 0.1950903220161302
    outer loop
      vertex 6.199999999999999 -9.192061177218696 57.0466135740202
      vertex 10 -9.236764163070998 57.27135066021142
      vertex 10 -9.192061177218696 57.0466135740202
    endloop
  endfacet
  facet normal 0 0.9469301294951055 0.32143946530316236
    outer loop
      vertex 6.199999999999999 -9.118406555496193 56.82963405527995
      vertex 10 -9.192061177218696 57.0466135740202
      vertex 10 -9.118406555496193 56.82963405527995
    endloop
  endfacet
  facet normal 0 0.9978589232386035 0.06540312923014353
    outer loop
      vertex 6.199999999999999 -9.236764163070998 57.27135066021142
      vertex 10 -9.25175063257116 57.5
      vertex 10 -9.236764163070998 57.27135066021142
    endloop
  endfacet
  facet normal 0 0.9978589232386035 -0.06540312923014353
    outer loop
      vertex 6.199999999999999 -9.25175063257116 57.5
      vertex 10 -9.236764163070998 57.72864933978858
      vertex 10 -9.25175063257116 57.5
    endloop
  endfacet
  facet normal 0 0.9807852804032301 -0.1950903220161302
    outer loop
      vertex 6.199999999999999 -9.236764163070998 57.72864933978858
      vertex 6.199999999999999 -9.192061177218696 57.9533864259798
      vertex 10 -9.192061177218696 57.9533864259798
    endloop
  endfacet
  facet normal 0 0.9469301294951055 -0.32143946530316236
    outer loop
      vertex 6.199999999999999 -9.192061177218696 57.9533864259798
      vertex 6.199999999999999 -9.118406555496193 58.17036594472005
      vertex 10 -9.118406555496193 58.17036594472005
    endloop
  endfacet
  facet normal 0 0.8968727415326896 -0.44228869021899847
    outer loop
      vertex 6.199999999999999 -9.118406555496193 58.17036594472005
      vertex 6.199999999999999 -9.017060548902084 58.37587531628558
      vertex 10 -9.017060548902084 58.37587531628558
    endloop
  endfacet
  facet normal 0 0.8314696123025465 -0.5555702330196004
    outer loop
      vertex 6.199999999999999 -9.017060548902084 58.37587531628558
      vertex 6.199999999999999 -8.889757215707615 58.56639821835095
      vertex 10 -8.889757215707615 58.56639821835095
    endloop
  endfacet
  facet normal 0 0.9807852804032301 -0.1950903220161302
    outer loop
      vertex 6.199999999999999 -9.236764163070998 57.72864933978858
      vertex 10 -9.192061177218696 57.9533864259798
      vertex 10 -9.236764163070998 57.72864933978858
    endloop
  endfacet
  facet normal 0 0.9469301294951055 -0.32143946530316236
    outer loop
      vertex 6.199999999999999 -9.192061177218696 57.9533864259798
      vertex 10 -9.118406555496193 58.17036594472005
      vertex 10 -9.192061177218696 57.9533864259798
    endloop
  endfacet
  facet normal 0 0.8968727415326896 -0.44228869021899847
    outer loop
      vertex 6.199999999999999 -9.118406555496193 58.17036594472005
      vertex 10 -9.017060548902084 58.37587531628558
      vertex 10 -9.118406555496193 58.17036594472005
    endloop
  endfacet
  facet normal 0 0.8314696123025465 -0.5555702330196004
    outer loop
      vertex 6.199999999999999 -9.017060548902084 58.37587531628558
      vertex 10 -8.889757215707615 58.56639821835095
      vertex 10 -9.017060548902084 58.37587531628558
    endloop
  endfacet
  facet normal 0 0.659345815100067 0.751839807478979
    outer loop
      vertex 6.199999999999999 -8.738674751238891 56.26132524876111
      vertex 10 -8.738674751238891 56.26132524876111
      vertex 6.199999999999999 -8.56639821835095 56.11024278429239
    endloop
  endfacet
  facet normal 0 0.7518398074789752 0.6593458151000714
    outer loop
      vertex 6.199999999999999 -8.889757215707615 56.43360178164905
      vertex 10 -8.889757215707615 56.43360178164905
      vertex 6.199999999999999 -8.738674751238891 56.26132524876111
    endloop
  endfacet
  facet normal 0 0.5555702330196183 0.8314696123025346
    outer loop
      vertex 6.199999999999999 -8.56639821835095 56.11024278429239
      vertex 10 -8.56639821835095 56.11024278429239
      vertex 6.199999999999999 -8.37587531628558 55.98293945109791
    endloop
  endfacet
  facet normal 0 0.44228869021898903 0.8968727415326944
    outer loop
      vertex 6.199999999999999 -8.37587531628558 55.98293945109791
      vertex 10 -8.37587531628558 55.98293945109791
      vertex 6.199999999999999 -8.170365944720048 55.88159344450381
    endloop
  endfacet
  facet normal 0 0.32143946530317163 0.9469301294951022
    outer loop
      vertex 6.199999999999999 -8.170365944720048 55.88159344450381
      vertex 10 -8.170365944720048 55.88159344450381
      vertex 6.199999999999999 -7.953386425979804 55.8079388227813
    endloop
  endfacet
  facet normal 0 0.19509032201613322 0.9807852804032295
    outer loop
      vertex 6.199999999999999 -7.953386425979804 55.8079388227813
      vertex 10 -7.953386425979804 55.8079388227813
      vertex 6.199999999999999 -7.72864933978858 55.763235836929
    endloop
  endfacet
  facet normal 0 0.0654031292301286 0.9978589232386044
    outer loop
      vertex 6.199999999999999 -7.72864933978858 55.763235836929
      vertex 10 -7.72864933978858 55.763235836929
      vertex 6.199999999999999 -7.5 55.74824936742884
    endloop
  endfacet
  facet normal 0 -0.0654031292301286 0.9978589232386044
    outer loop
      vertex 6.199999999999999 -7.5 55.74824936742884
      vertex 10 -7.5 55.74824936742884
      vertex 6.199999999999999 -7.27135066021142 55.763235836929
    endloop
  endfacet
  facet normal 0 -0.19509032201613322 0.9807852804032295
    outer loop
      vertex 6.199999999999999 -7.27135066021142 55.763235836929
      vertex 10 -7.27135066021142 55.763235836929
      vertex 6.199999999999999 -7.046613574020196 55.8079388227813
    endloop
  endfacet
  facet normal 0 0.7518398074789752 0.6593458151000714
    outer loop
      vertex 6.199999999999999 -8.738674751238891 56.26132524876111
      vertex 10 -8.889757215707615 56.43360178164905
      vertex 10 -8.738674751238891 56.26132524876111
    endloop
  endfacet
  facet normal 0 0.659345815100067 0.751839807478979
    outer loop
      vertex 6.199999999999999 -8.56639821835095 56.11024278429239
      vertex 10 -8.738674751238891 56.26132524876111
      vertex 10 -8.56639821835095 56.11024278429239
    endloop
  endfacet
  facet normal 0 0.5555702330196183 0.8314696123025346
    outer loop
      vertex 6.199999999999999 -8.37587531628558 55.98293945109791
      vertex 10 -8.56639821835095 56.11024278429239
      vertex 10 -8.37587531628558 55.98293945109791
    endloop
  endfacet
  facet normal 0 0.44228869021898903 0.8968727415326944
    outer loop
      vertex 6.199999999999999 -8.170365944720048 55.88159344450381
      vertex 10 -8.37587531628558 55.98293945109791
      vertex 10 -8.170365944720048 55.88159344450381
    endloop
  endfacet
  facet normal 0 0.32143946530317163 0.9469301294951022
    outer loop
      vertex 6.199999999999999 -7.953386425979804 55.8079388227813
      vertex 10 -8.170365944720048 55.88159344450381
      vertex 10 -7.953386425979804 55.8079388227813
    endloop
  endfacet
  facet normal 0 0.19509032201613322 0.9807852804032295
    outer loop
      vertex 6.199999999999999 -7.72864933978858 55.763235836929
      vertex 10 -7.953386425979804 55.8079388227813
      vertex 10 -7.72864933978858 55.763235836929
    endloop
  endfacet
  facet normal 0 0.0654031292301286 0.9978589232386044
    outer loop
      vertex 6.199999999999999 -7.5 55.74824936742884
      vertex 10 -7.72864933978858 55.763235836929
      vertex 10 -7.5 55.74824936742884
    endloop
  endfacet
  facet normal 0 -0.0654031292301286 0.9978589232386044
    outer loop
      vertex 6.199999999999999 -7.27135066021142 55.763235836929
      vertex 10 -7.5 55.74824936742884
      vertex 10 -7.27135066021142 55.763235836929
    endloop
  endfacet
  facet normal 0 -0.19509032201613322 0.9807852804032295
    outer loop
      vertex 6.199999999999999 -7.046613574020196 55.8079388227813
      vertex 10 -7.27135066021142 55.763235836929
      vertex 10 -7.046613574020196 55.8079388227813
    endloop
  endfacet
  facet normal 0 0.7518398074789752 -0.6593458151000714
    outer loop
      vertex 6.199999999999999 -8.889757215707615 58.56639821835095
      vertex 6.199999999999999 -8.738674751238891 58.73867475123889
      vertex 10 -8.738674751238891 58.73867475123889
    endloop
  endfacet
  facet normal 0 0.659345815100067 -0.751839807478979
    outer loop
      vertex 6.199999999999999 -8.738674751238891 58.73867475123889
      vertex 6.199999999999999 -8.56639821835095 58.88975721570761
      vertex 10 -8.56639821835095 58.88975721570761
    endloop
  endfacet
  facet normal 0 0.5555702330196183 -0.8314696123025346
    outer loop
      vertex 6.199999999999999 -8.56639821835095 58.88975721570761
      vertex 6.199999999999999 -8.37587531628558 59.01706054890209
      vertex 10 -8.37587531628558 59.01706054890209
    endloop
  endfacet
  facet normal 0 0.44228869021898903 -0.8968727415326944
    outer loop
      vertex 6.199999999999999 -8.37587531628558 59.01706054890209
      vertex 6.199999999999999 -8.170365944720048 59.11840655549619
      vertex 10 -8.170365944720048 59.11840655549619
    endloop
  endfacet
  facet normal 0 0.32143946530317163 -0.9469301294951022
    outer loop
      vertex 6.199999999999999 -8.170365944720048 59.11840655549619
      vertex 6.199999999999999 -7.953386425979804 59.1920611772187
      vertex 10 -7.953386425979804 59.1920611772187
    endloop
  endfacet
  facet normal 0 0.19509032201613322 -0.9807852804032295
    outer loop
      vertex 6.199999999999999 -7.953386425979804 59.1920611772187
      vertex 6.199999999999999 -7.72864933978858 59.236764163071
      vertex 10 -7.72864933978858 59.236764163071
    endloop
  endfacet
  facet normal 0 0.0654031292301286 -0.9978589232386044
    outer loop
      vertex 6.199999999999999 -7.72864933978858 59.236764163071
      vertex 6.199999999999999 -7.5 59.25175063257116
      vertex 10 -7.5 59.25175063257116
    endloop
  endfacet
  facet normal 0 -0.0654031292301286 -0.9978589232386044
    outer loop
      vertex 6.199999999999999 -7.5 59.25175063257116
      vertex 6.199999999999999 -7.27135066021142 59.236764163071
      vertex 10 -7.27135066021142 59.236764163071
    endloop
  endfacet
  facet normal 0 -0.19509032201613322 -0.9807852804032295
    outer loop
      vertex 6.199999999999999 -7.27135066021142 59.236764163071
      vertex 6.199999999999999 -7.046613574020196 59.1920611772187
      vertex 10 -7.046613574020196 59.1920611772187
    endloop
  endfacet
  facet normal 0 0.7518398074789752 -0.6593458151000714
    outer loop
      vertex 6.199999999999999 -8.889757215707615 58.56639821835095
      vertex 10 -8.738674751238891 58.73867475123889
      vertex 10 -8.889757215707615 58.56639821835095
    endloop
  endfacet
  facet normal 0 0.659345815100067 -0.751839807478979
    outer loop
      vertex 6.199999999999999 -8.738674751238891 58.73867475123889
      vertex 10 -8.56639821835095 58.88975721570761
      vertex 10 -8.738674751238891 58.73867475123889
    endloop
  endfacet
  facet normal 0 0.5555702330196183 -0.8314696123025346
    outer loop
      vertex 6.199999999999999 -8.56639821835095 58.88975721570761
      vertex 10 -8.37587531628558 59.01706054890209
      vertex 10 -8.56639821835095 58.88975721570761
    endloop
  endfacet
  facet normal 0 0.44228869021898903 -0.8968727415326944
    outer loop
      vertex 6.199999999999999 -8.37587531628558 59.01706054890209
      vertex 10 -8.170365944720048 59.11840655549619
      vertex 10 -8.37587531628558 59.01706054890209
    endloop
  endfacet
  facet normal 0 0.32143946530317163 -0.9469301294951022
    outer loop
      vertex 6.199999999999999 -8.170365944720048 59.11840655549619
      vertex 10 -7.953386425979804 59.1920611772187
      vertex 10 -8.170365944720048 59.11840655549619
    endloop
  endfacet
  facet normal 0 0.19509032201613322 -0.9807852804032295
    outer loop
      vertex 6.199999999999999 -7.953386425979804 59.1920611772187
      vertex 10 -7.72864933978858 59.236764163071
      vertex 10 -7.953386425979804 59.1920611772187
    endloop
  endfacet
  facet normal 0 0.0654031292301286 -0.9978589232386044
    outer loop
      vertex 6.199999999999999 -7.72864933978858 59.236764163071
      vertex 10 -7.5 59.25175063257116
      vertex 10 -7.72864933978858 59.236764163071
    endloop
  endfacet
  facet normal 0 -0.0654031292301286 -0.9978589232386044
    outer loop
      vertex 6.199999999999999 -7.5 59.25175063257116
      vertex 10 -7.27135066021142 59.236764163071
      vertex 10 -7.5 59.25175063257116
    endloop
  endfacet
  facet normal 0 -0.19509032201613322 -0.9807852804032295
    outer loop
      vertex 6.199999999999999 -7.27135066021142 59.236764163071
      vertex 10 -7.046613574020196 59.1920611772187
      vertex 10 -7.27135066021142 59.236764163071
    endloop
  endfacet
  facet normal 0 -0.32143946530317163 0.9469301294951022
    outer loop
      vertex 6.199999999999999 -7.046613574020196 55.8079388227813
      vertex 10 -7.046613574020196 55.8079388227813
      vertex 6.199999999999999 -6.829634055279952 55.88159344450381
    endloop
  endfacet
  facet normal 0 -0.44228869021898903 0.8968727415326944
    outer loop
      vertex 6.199999999999999 -6.829634055279952 55.88159344450381
      vertex 10 -6.829634055279952 55.88159344450381
      vertex 6.199999999999999 -6.62412468371442 55.98293945109791
    endloop
  endfacet
  facet normal 0 -0.5555702330196183 0.8314696123025346
    outer loop
      vertex 6.199999999999999 -6.62412468371442 55.98293945109791
      vertex 10 -6.62412468371442 55.98293945109791
      vertex 6.199999999999999 -6.433601781649051 56.11024278429239
    endloop
  endfacet
  facet normal 0 -0.659345815100067 0.751839807478979
    outer loop
      vertex 6.199999999999999 -6.433601781649051 56.11024278429239
      vertex 10 -6.433601781649051 56.11024278429239
      vertex 6.199999999999999 -6.261325248761109 56.26132524876111
    endloop
  endfacet
  facet normal 0 -0.751839807478977 0.6593458151000693
    outer loop
      vertex 6.199999999999999 -6.261325248761109 56.26132524876111
      vertex 10 -6.261325248761109 56.26132524876111
      vertex 6.199999999999999 -6.110242784292386 56.43360178164905
    endloop
  endfacet
  facet normal 0 -0.8314696123025428 0.5555702330196057
    outer loop
      vertex 6.199999999999999 -6.110242784292386 56.43360178164905
      vertex 10 -6.110242784292386 56.43360178164905
      vertex 6.199999999999999 -5.9829394510979155 56.62412468371442
    endloop
  endfacet
  facet normal 0 -0.8968727415326913 0.44228869021899536
    outer loop
      vertex 6.199999999999999 -5.9829394510979155 56.62412468371442
      vertex 10 -5.9829394510979155 56.62412468371442
      vertex 6.199999999999999 -5.881593444503807 56.82963405527995
    endloop
  endfacet
  facet normal 0 -0.9469301294951055 0.32143946530316236
    outer loop
      vertex 6.199999999999999 -5.881593444503807 56.82963405527995
      vertex 10 -5.881593444503807 56.82963405527995
      vertex 6.199999999999999 -5.8079388227813045 57.0466135740202
    endloop
  endfacet
  facet normal 0 -0.9807852804032301 0.1950903220161302
    outer loop
      vertex 6.199999999999999 -5.8079388227813045 57.0466135740202
      vertex 10 -5.8079388227813045 57.0466135740202
      vertex 6.199999999999999 -5.763235836929002 57.27135066021142
    endloop
  endfacet
  facet normal 0 -0.9978589232386035 0.06540312923014353
    outer loop
      vertex 6.199999999999999 -5.763235836929002 57.27135066021142
      vertex 10 -5.763235836929002 57.27135066021142
      vertex 6.199999999999999 -5.748249367428841 57.5
    endloop
  endfacet
  facet normal 0 -0.9978589232386035 -0.06540312923014353
    outer loop
      vertex 6.199999999999999 -5.748249367428841 57.5
      vertex 10 -5.748249367428841 57.5
      vertex 6.199999999999999 -5.763235836929002 57.72864933978858
    endloop
  endfacet
  facet normal 0 -0.32143946530317163 0.9469301294951022
    outer loop
      vertex 6.199999999999999 -6.829634055279952 55.88159344450381
      vertex 10 -7.046613574020196 55.8079388227813
      vertex 10 -6.829634055279952 55.88159344450381
    endloop
  endfacet
  facet normal 0 -0.44228869021898903 0.8968727415326944
    outer loop
      vertex 6.199999999999999 -6.62412468371442 55.98293945109791
      vertex 10 -6.829634055279952 55.88159344450381
      vertex 10 -6.62412468371442 55.98293945109791
    endloop
  endfacet
  facet normal 0 -0.5555702330196183 0.8314696123025346
    outer loop
      vertex 6.199999999999999 -6.433601781649051 56.11024278429239
      vertex 10 -6.62412468371442 55.98293945109791
      vertex 10 -6.433601781649051 56.11024278429239
    endloop
  endfacet
  facet normal 0 -0.659345815100067 0.751839807478979
    outer loop
      vertex 6.199999999999999 -6.261325248761109 56.26132524876111
      vertex 10 -6.433601781649051 56.11024278429239
      vertex 10 -6.261325248761109 56.26132524876111
    endloop
  endfacet
  facet normal 0 -0.751839807478977 0.6593458151000693
    outer loop
      vertex 6.199999999999999 -6.110242784292386 56.43360178164905
      vertex 10 -6.261325248761109 56.26132524876111
      vertex 10 -6.110242784292386 56.43360178164905
    endloop
  endfacet
  facet normal 0 -0.8314696123025428 0.5555702330196057
    outer loop
      vertex 6.199999999999999 -5.9829394510979155 56.62412468371442
      vertex 10 -6.110242784292386 56.43360178164905
      vertex 10 -5.9829394510979155 56.62412468371442
    endloop
  endfacet
  facet normal 0 -0.8968727415326913 0.44228869021899536
    outer loop
      vertex 6.199999999999999 -5.881593444503807 56.82963405527995
      vertex 10 -5.9829394510979155 56.62412468371442
      vertex 10 -5.881593444503807 56.82963405527995
    endloop
  endfacet
  facet normal 0 -0.9469301294951055 0.32143946530316236
    outer loop
      vertex 6.199999999999999 -5.8079388227813045 57.0466135740202
      vertex 10 -5.881593444503807 56.82963405527995
      vertex 10 -5.8079388227813045 57.0466135740202
    endloop
  endfacet
  facet normal 0 -0.9807852804032301 0.1950903220161302
    outer loop
      vertex 6.199999999999999 -5.763235836929002 57.27135066021142
      vertex 10 -5.8079388227813045 57.0466135740202
      vertex 10 -5.763235836929002 57.27135066021142
    endloop
  endfacet
  facet normal 0 -0.9978589232386035 0.06540312923014353
    outer loop
      vertex 6.199999999999999 -5.748249367428841 57.5
      vertex 10 -5.763235836929002 57.27135066021142
      vertex 10 -5.748249367428841 57.5
    endloop
  endfacet
  facet normal 0 -0.9978589232386035 -0.06540312923014353
    outer loop
      vertex 6.199999999999999 -5.763235836929002 57.72864933978858
      vertex 10 -5.748249367428841 57.5
      vertex 10 -5.763235836929002 57.72864933978858
    endloop
  endfacet
  facet normal 0 -0.32143946530317163 -0.9469301294951022
    outer loop
      vertex 6.199999999999999 -7.046613574020196 59.1920611772187
      vertex 6.199999999999999 -6.829634055279952 59.11840655549619
      vertex 10 -6.829634055279952 59.11840655549619
    endloop
  endfacet
  facet normal 0 -0.44228869021898903 -0.8968727415326944
    outer loop
      vertex 6.199999999999999 -6.829634055279952 59.11840655549619
      vertex 6.199999999999999 -6.62412468371442 59.01706054890209
      vertex 10 -6.62412468371442 59.01706054890209
    endloop
  endfacet
  facet normal 0 -0.5555702330196183 -0.8314696123025346
    outer loop
      vertex 6.199999999999999 -6.62412468371442 59.01706054890209
      vertex 6.199999999999999 -6.433601781649051 58.88975721570761
      vertex 10 -6.433601781649051 58.88975721570761
    endloop
  endfacet
  facet normal 0 -0.659345815100067 -0.751839807478979
    outer loop
      vertex 6.199999999999999 -6.433601781649051 58.88975721570761
      vertex 6.199999999999999 -6.261325248761109 58.73867475123889
      vertex 10 -6.261325248761109 58.73867475123889
    endloop
  endfacet
  facet normal 0 -0.8314696123025428 -0.5555702330196057
    outer loop
      vertex 6.199999999999999 -6.110242784292386 58.56639821835095
      vertex 6.199999999999999 -5.9829394510979155 58.37587531628558
      vertex 10 -5.9829394510979155 58.37587531628558
    endloop
  endfacet
  facet normal 0 -0.9807852804032301 -0.1950903220161302
    outer loop
      vertex 6.199999999999999 -5.763235836929002 57.72864933978858
      vertex 10 -5.763235836929002 57.72864933978858
      vertex 6.199999999999999 -5.8079388227813045 57.9533864259798
    endloop
  endfacet
  facet normal 0 -0.9469301294951055 -0.32143946530316236
    outer loop
      vertex 6.199999999999999 -5.8079388227813045 57.9533864259798
      vertex 10 -5.8079388227813045 57.9533864259798
      vertex 6.199999999999999 -5.881593444503807 58.17036594472005
    endloop
  endfacet
  facet normal 0 -0.8968727415326913 -0.44228869021899536
    outer loop
      vertex 6.199999999999999 -5.9829394510979155 58.37587531628558
      vertex 6.199999999999999 -5.881593444503807 58.17036594472005
      vertex 10 -5.881593444503807 58.17036594472005
    endloop
  endfacet
  facet normal 0 -0.751839807478977 -0.6593458151000693
    outer loop
      vertex 6.199999999999999 -6.261325248761109 58.73867475123889
      vertex 6.199999999999999 -6.110242784292386 58.56639821835095
      vertex 10 -6.110242784292386 58.56639821835095
    endloop
  endfacet
  facet normal 0 -0.32143946530317163 -0.9469301294951022
    outer loop
      vertex 6.199999999999999 -7.046613574020196 59.1920611772187
      vertex 10 -6.829634055279952 59.11840655549619
      vertex 10 -7.046613574020196 59.1920611772187
    endloop
  endfacet
  facet normal 0 -0.44228869021898903 -0.8968727415326944
    outer loop
      vertex 6.199999999999999 -6.829634055279952 59.11840655549619
      vertex 10 -6.62412468371442 59.01706054890209
      vertex 10 -6.829634055279952 59.11840655549619
    endloop
  endfacet
  facet normal 0 -0.5555702330196183 -0.8314696123025346
    outer loop
      vertex 6.199999999999999 -6.62412468371442 59.01706054890209
      vertex 10 -6.433601781649051 58.88975721570761
      vertex 10 -6.62412468371442 59.01706054890209
    endloop
  endfacet
  facet normal 0 -0.659345815100067 -0.751839807478979
    outer loop
      vertex 6.199999999999999 -6.433601781649051 58.88975721570761
      vertex 10 -6.261325248761109 58.73867475123889
      vertex 10 -6.433601781649051 58.88975721570761
    endloop
  endfacet
  facet normal 0 -0.751839807478977 -0.6593458151000693
    outer loop
      vertex 6.199999999999999 -6.261325248761109 58.73867475123889
      vertex 10 -6.110242784292386 58.56639821835095
      vertex 10 -6.261325248761109 58.73867475123889
    endloop
  endfacet
  facet normal 0 -0.8314696123025428 -0.5555702330196057
    outer loop
      vertex 6.199999999999999 -6.110242784292386 58.56639821835095
      vertex 10 -5.9829394510979155 58.37587531628558
      vertex 10 -6.110242784292386 58.56639821835095
    endloop
  endfacet
  facet normal 0 -0.9807852804032301 -0.1950903220161302
    outer loop
      vertex 6.199999999999999 -5.8079388227813045 57.9533864259798
      vertex 10 -5.763235836929002 57.72864933978858
      vertex 10 -5.8079388227813045 57.9533864259798
    endloop
  endfacet
  facet normal 0 -0.9469301294951055 -0.32143946530316236
    outer loop
      vertex 6.199999999999999 -5.881593444503807 58.17036594472005
      vertex 10 -5.8079388227813045 57.9533864259798
      vertex 10 -5.881593444503807 58.17036594472005
    endloop
  endfacet
  facet normal 0 -0.8968727415326913 -0.44228869021899536
    outer loop
      vertex 6.199999999999999 -5.9829394510979155 58.37587531628558
      vertex 10 -5.881593444503807 58.17036594472005
      vertex 10 -5.9829394510979155 58.37587531628558
    endloop
  endfacet
  facet normal 0 0.8968727415326931 0.4422886902189917
    outer loop
      vertex -10 -9.490603028785364 56.675465228176144
      vertex -6.199999999999999 -9.490603028785364 56.675465228176144
      vertex -10 -9.365949759805195 56.42269340388215
    endloop
  endfacet
  facet normal 0 0.8314696123025425 0.5555702330196061
    outer loop
      vertex -10 -9.365949759805195 56.42269340388215
      vertex -6.199999999999999 -9.365949759805195 56.42269340388215
      vertex -10 -9.20936957309575 56.18835459413356
    endloop
  endfacet
  facet normal 0 0.9469301294951042 0.32143946530316575
    outer loop
      vertex -10 -9.490603028785364 56.675465228176144
      vertex -10 -9.58119652804359 56.94234507102026
      vertex -6.199999999999999 -9.58119652804359 56.94234507102026
    endloop
  endfacet
  facet normal 0 0.98078528040323 0.19509032201613064
    outer loop
      vertex -10 -9.58119652804359 56.94234507102026
      vertex -10 -9.636180177690301 57.218766544310384
      vertex -6.199999999999999 -9.636180177690301 57.218766544310384
    endloop
  endfacet
  facet normal 0 0.9978589232386038 0.06540312923013979
    outer loop
      vertex -10 -9.636180177690301 57.218766544310384
      vertex -10 -9.654613192235693 57.5
      vertex -6.199999999999999 -9.654613192235693 57.5
    endloop
  endfacet
  facet normal 0 0.7518398074789786 0.6593458151000674
    outer loop
      vertex -10 -9.20936957309575 56.18835459413356
      vertex -6.199999999999999 -9.20936957309575 56.18835459413356
      vertex -10 -9.023541599063854 55.976458400936146
    endloop
  endfacet
  facet normal 0 0.6593458151000674 0.7518398074789786
    outer loop
      vertex -10 -9.023541599063854 55.976458400936146
      vertex -6.199999999999999 -9.023541599063854 55.976458400936146
      vertex -10 -8.811645405866443 55.79063042690425
    endloop
  endfacet
  facet normal 0 0.8968727415326931 0.4422886902189917
    outer loop
      vertex -10 -9.365949759805195 56.42269340388215
      vertex -6.199999999999999 -9.490603028785364 56.675465228176144
      vertex -6.199999999999999 -9.365949759805195 56.42269340388215
    endloop
  endfacet
  facet normal 0 0.98078528040323 0.19509032201613064
    outer loop
      vertex -10 -9.58119652804359 56.94234507102026
      vertex -6.199999999999999 -9.636180177690301 57.218766544310384
      vertex -6.199999999999999 -9.58119652804359 56.94234507102026
    endloop
  endfacet
  facet normal 0 0.9978589232386038 0.06540312923013979
    outer loop
      vertex -10 -9.636180177690301 57.218766544310384
      vertex -6.199999999999999 -9.654613192235693 57.5
      vertex -6.199999999999999 -9.636180177690301 57.218766544310384
    endloop
  endfacet
  facet normal 0 0.9978589232386038 -0.06540312923013979
    outer loop
      vertex -10 -9.654613192235693 57.5
      vertex -6.199999999999999 -9.636180177690301 57.781233455689616
      vertex -6.199999999999999 -9.654613192235693 57.5
    endloop
  endfacet
  facet normal 0 0.9469301294951042 0.32143946530316575
    outer loop
      vertex -10 -9.490603028785364 56.675465228176144
      vertex -6.199999999999999 -9.58119652804359 56.94234507102026
      vertex -6.199999999999999 -9.490603028785364 56.675465228176144
    endloop
  endfacet
  facet normal 0 0.7518398074789786 0.6593458151000674
    outer loop
      vertex -10 -9.023541599063854 55.976458400936146
      vertex -6.199999999999999 -9.20936957309575 56.18835459413356
      vertex -6.199999999999999 -9.023541599063854 55.976458400936146
    endloop
  endfacet
  facet normal 0 0.8314696123025425 0.5555702330196061
    outer loop
      vertex -10 -9.20936957309575 56.18835459413356
      vertex -6.199999999999999 -9.365949759805195 56.42269340388215
      vertex -6.199999999999999 -9.20936957309575 56.18835459413356
    endloop
  endfacet
  facet normal 0 0.6593458151000674 0.7518398074789786
    outer loop
      vertex -10 -8.811645405866443 55.79063042690425
      vertex -6.199999999999999 -9.023541599063854 55.976458400936146
      vertex -6.199999999999999 -8.811645405866443 55.79063042690425
    endloop
  endfacet
  facet normal 0 0.9978589232386038 -0.06540312923013979
    outer loop
      vertex -10 -9.654613192235693 57.5
      vertex -10 -9.636180177690301 57.781233455689616
      vertex -6.199999999999999 -9.636180177690301 57.781233455689616
    endloop
  endfacet
  facet normal 0 0.98078528040323 -0.19509032201613064
    outer loop
      vertex -10 -9.636180177690301 57.781233455689616
      vertex -10 -9.58119652804359 58.05765492897974
      vertex -6.199999999999999 -9.58119652804359 58.05765492897974
    endloop
  endfacet
  facet normal 0 0.9469301294951042 -0.32143946530316575
    outer loop
      vertex -10 -9.58119652804359 58.05765492897974
      vertex -10 -9.490603028785364 58.324534771823856
      vertex -6.199999999999999 -9.490603028785364 58.324534771823856
    endloop
  endfacet
  facet normal 0 0.8968727415326931 -0.4422886902189917
    outer loop
      vertex -10 -9.490603028785364 58.324534771823856
      vertex -10 -9.365949759805195 58.57730659611785
      vertex -6.199999999999999 -9.365949759805195 58.57730659611785
    endloop
  endfacet
  facet normal 0 0.8314696123025425 -0.5555702330196061
    outer loop
      vertex -10 -9.365949759805195 58.57730659611785
      vertex -10 -9.20936957309575 58.81164540586644
      vertex -6.199999999999999 -9.20936957309575 58.81164540586644
    endloop
  endfacet
  facet normal 0 0.7518398074789786 -0.6593458151000674
    outer loop
      vertex -10 -9.20936957309575 58.81164540586644
      vertex -10 -9.023541599063854 59.023541599063854
      vertex -6.199999999999999 -9.023541599063854 59.023541599063854
    endloop
  endfacet
  facet normal 0 0.6593458151000674 -0.7518398074789786
    outer loop
      vertex -10 -9.023541599063854 59.023541599063854
      vertex -10 -8.811645405866443 59.20936957309575
      vertex -6.199999999999999 -8.811645405866443 59.20936957309575
    endloop
  endfacet
  facet normal 0 0.98078528040323 -0.19509032201613064
    outer loop
      vertex -10 -9.636180177690301 57.781233455689616
      vertex -6.199999999999999 -9.58119652804359 58.05765492897974
      vertex -6.199999999999999 -9.636180177690301 57.781233455689616
    endloop
  endfacet
  facet normal 0 0.9469301294951042 -0.32143946530316575
    outer loop
      vertex -10 -9.58119652804359 58.05765492897974
      vertex -6.199999999999999 -9.490603028785364 58.324534771823856
      vertex -6.199999999999999 -9.58119652804359 58.05765492897974
    endloop
  endfacet
  facet normal 0 0.8968727415326931 -0.4422886902189917
    outer loop
      vertex -10 -9.490603028785364 58.324534771823856
      vertex -6.199999999999999 -9.365949759805195 58.57730659611785
      vertex -6.199999999999999 -9.490603028785364 58.324534771823856
    endloop
  endfacet
  facet normal 0 0.8314696123025425 -0.5555702330196061
    outer loop
      vertex -10 -9.365949759805195 58.57730659611785
      vertex -6.199999999999999 -9.20936957309575 58.81164540586644
      vertex -6.199999999999999 -9.365949759805195 58.57730659611785
    endloop
  endfacet
  facet normal 0 0.7518398074789786 -0.6593458151000674
    outer loop
      vertex -10 -9.20936957309575 58.81164540586644
      vertex -6.199999999999999 -9.023541599063854 59.023541599063854
      vertex -6.199999999999999 -9.20936957309575 58.81164540586644
    endloop
  endfacet
  facet normal 0 0.6593458151000674 -0.7518398074789786
    outer loop
      vertex -10 -9.023541599063854 59.023541599063854
      vertex -6.199999999999999 -8.811645405866443 59.20936957309575
      vertex -6.199999999999999 -9.023541599063854 59.023541599063854
    endloop
  endfacet
  facet normal 0 0.44228869021899925 0.8968727415326895
    outer loop
      vertex -10 -8.577306596117847 55.6340502401948
      vertex -6.199999999999999 -8.577306596117847 55.6340502401948
      vertex -10 -8.324534771823858 55.509396971214635
    endloop
  endfacet
  facet normal 0 0.3214394653031638 0.946930129495105
    outer loop
      vertex -10 -8.324534771823858 55.509396971214635
      vertex -6.199999999999999 -8.324534771823858 55.509396971214635
      vertex -10 -8.057654928979737 55.41880347195641
    endloop
  endfacet
  facet normal 0 0.5555702330196047 0.8314696123025436
    outer loop
      vertex -10 -8.577306596117847 55.6340502401948
      vertex -10 -8.811645405866443 55.79063042690425
      vertex -6.199999999999999 -8.811645405866443 55.79063042690425
    endloop
  endfacet
  facet normal 0 0.1950903220161179 0.9807852804032325
    outer loop
      vertex -10 -8.057654928979737 55.41880347195641
      vertex -6.199999999999999 -8.057654928979737 55.41880347195641
      vertex -10 -7.781233455689615 55.3638198223097
    endloop
  endfacet
  facet normal 0 0.06540312923014625 0.9978589232386031
    outer loop
      vertex -10 -7.781233455689615 55.3638198223097
      vertex -6.199999999999999 -7.781233455689615 55.3638198223097
      vertex -10 -7.5 55.34538680776431
    endloop
  endfacet
  facet normal 0 -0.06540312923014625 0.9978589232386031
    outer loop
      vertex -10 -7.5 55.34538680776431
      vertex -6.199999999999999 -7.5 55.34538680776431
      vertex -10 -7.218766544310385 55.3638198223097
    endloop
  endfacet
  facet normal 0 -0.19509032201611853 0.9807852804032324
    outer loop
      vertex -10 -7.218766544310385 55.3638198223097
      vertex -6.199999999999999 -7.218766544310385 55.3638198223097
      vertex -10 -6.942345071020264 55.41880347195641
    endloop
  endfacet
  facet normal 0 0.5555702330196047 0.8314696123025436
    outer loop
      vertex -10 -8.577306596117847 55.6340502401948
      vertex -6.199999999999999 -8.811645405866443 55.79063042690425
      vertex -6.199999999999999 -8.577306596117847 55.6340502401948
    endloop
  endfacet
  facet normal 0 0.44228869021899925 0.8968727415326895
    outer loop
      vertex -10 -8.324534771823858 55.509396971214635
      vertex -6.199999999999999 -8.577306596117847 55.6340502401948
      vertex -6.199999999999999 -8.324534771823858 55.509396971214635
    endloop
  endfacet
  facet normal 0 0.3214394653031638 0.946930129495105
    outer loop
      vertex -10 -8.057654928979737 55.41880347195641
      vertex -6.199999999999999 -8.324534771823858 55.509396971214635
      vertex -6.199999999999999 -8.057654928979737 55.41880347195641
    endloop
  endfacet
  facet normal 0 0.1950903220161179 0.9807852804032325
    outer loop
      vertex -10 -7.781233455689615 55.3638198223097
      vertex -6.199999999999999 -8.057654928979737 55.41880347195641
      vertex -6.199999999999999 -7.781233455689615 55.3638198223097
    endloop
  endfacet
  facet normal 0 0.06540312923014625 0.9978589232386031
    outer loop
      vertex -10 -7.5 55.34538680776431
      vertex -6.199999999999999 -7.781233455689615 55.3638198223097
      vertex -6.199999999999999 -7.5 55.34538680776431
    endloop
  endfacet
  facet normal 0 -0.06540312923014625 0.9978589232386031
    outer loop
      vertex -10 -7.218766544310385 55.3638198223097
      vertex -6.199999999999999 -7.5 55.34538680776431
      vertex -6.199999999999999 -7.218766544310385 55.3638198223097
    endloop
  endfacet
  facet normal 0 0.5555702330196047 -0.8314696123025436
    outer loop
      vertex -10 -8.811645405866443 59.20936957309575
      vertex -10 -8.577306596117847 59.3659497598052
      vertex -6.199999999999999 -8.577306596117847 59.3659497598052
    endloop
  endfacet
  facet normal 0 0.44228869021899925 -0.8968727415326895
    outer loop
      vertex -10 -8.577306596117847 59.3659497598052
      vertex -10 -8.324534771823858 59.490603028785365
      vertex -6.199999999999999 -8.324534771823858 59.490603028785365
    endloop
  endfacet
  facet normal 0 0.3214394653031638 -0.946930129495105
    outer loop
      vertex -10 -8.324534771823858 59.490603028785365
      vertex -10 -8.057654928979737 59.58119652804359
      vertex -6.199999999999999 -8.057654928979737 59.58119652804359
    endloop
  endfacet
  facet normal 0 0.1950903220161179 -0.9807852804032325
    outer loop
      vertex -10 -8.057654928979737 59.58119652804359
      vertex -10 -7.781233455689615 59.6361801776903
      vertex -6.199999999999999 -7.781233455689615 59.6361801776903
    endloop
  endfacet
  facet normal 0 0.06540312923014625 -0.9978589232386031
    outer loop
      vertex -10 -7.781233455689615 59.6361801776903
      vertex -10 -7.5 59.65461319223569
      vertex -6.199999999999999 -7.5 59.65461319223569
    endloop
  endfacet
  facet normal 0 -0.06540312923014625 -0.9978589232386031
    outer loop
      vertex -10 -7.5 59.65461319223569
      vertex -10 -7.218766544310385 59.6361801776903
      vertex -6.199999999999999 -7.218766544310385 59.6361801776903
    endloop
  endfacet
  facet normal 0 0.5555702330196047 -0.8314696123025436
    outer loop
      vertex -10 -8.811645405866443 59.20936957309575
      vertex -6.199999999999999 -8.577306596117847 59.3659497598052
      vertex -6.199999999999999 -8.811645405866443 59.20936957309575
    endloop
  endfacet
  facet normal 0 0.44228869021899925 -0.8968727415326895
    outer loop
      vertex -10 -8.577306596117847 59.3659497598052
      vertex -6.199999999999999 -8.324534771823858 59.490603028785365
      vertex -6.199999999999999 -8.577306596117847 59.3659497598052
    endloop
  endfacet
  facet normal 0 0.3214394653031638 -0.946930129495105
    outer loop
      vertex -10 -8.324534771823858 59.490603028785365
      vertex -6.199999999999999 -8.057654928979737 59.58119652804359
      vertex -6.199999999999999 -8.324534771823858 59.490603028785365
    endloop
  endfacet
  facet normal 0 0.1950903220161179 -0.9807852804032325
    outer loop
      vertex -10 -8.057654928979737 59.58119652804359
      vertex -6.199999999999999 -7.781233455689615 59.6361801776903
      vertex -6.199999999999999 -8.057654928979737 59.58119652804359
    endloop
  endfacet
  facet normal 0 0.06540312923014625 -0.9978589232386031
    outer loop
      vertex -10 -7.781233455689615 59.6361801776903
      vertex -6.199999999999999 -7.5 59.65461319223569
      vertex -6.199999999999999 -7.781233455689615 59.6361801776903
    endloop
  endfacet
  facet normal 0 -0.06540312923014625 -0.9978589232386031
    outer loop
      vertex -10 -7.5 59.65461319223569
      vertex -6.199999999999999 -7.218766544310385 59.6361801776903
      vertex -6.199999999999999 -7.5 59.65461319223569
    endloop
  endfacet
  facet normal 0 -0.19509032201611853 -0.9807852804032324
    outer loop
      vertex -10 -7.218766544310385 59.6361801776903
      vertex -6.199999999999999 -6.942345071020264 59.58119652804359
      vertex -6.199999999999999 -7.218766544310385 59.6361801776903
    endloop
  endfacet
  facet normal 0 -0.3214394653031628 0.9469301294951051
    outer loop
      vertex -10 -6.942345071020264 55.41880347195641
      vertex -6.199999999999999 -6.942345071020264 55.41880347195641
      vertex -10 -6.675465228176142 55.509396971214635
    endloop
  endfacet
  facet normal 0 -0.44228869021899925 0.8968727415326895
    outer loop
      vertex -10 -6.675465228176142 55.509396971214635
      vertex -6.199999999999999 -6.675465228176142 55.509396971214635
      vertex -10 -6.422693403882153 55.6340502401948
    endloop
  endfacet
  facet normal 0 -0.5555702330196062 0.8314696123025426
    outer loop
      vertex -10 -6.422693403882153 55.6340502401948
      vertex -6.199999999999999 -6.422693403882153 55.6340502401948
      vertex -10 -6.188354594133558 55.79063042690425
    endloop
  endfacet
  facet normal 0 -0.6593458151000674 0.7518398074789786
    outer loop
      vertex -10 -6.188354594133558 55.79063042690425
      vertex -6.199999999999999 -6.188354594133558 55.79063042690425
      vertex -10 -5.9764584009361466 55.976458400936146
    endloop
  endfacet
  facet normal 0 -0.751839807478977 0.6593458151000692
    outer loop
      vertex -10 -5.9764584009361466 55.976458400936146
      vertex -6.199999999999999 -5.9764584009361466 55.976458400936146
      vertex -10 -5.790630426904251 56.18835459413356
    endloop
  endfacet
  facet normal 0 -0.8314696123025425 0.5555702330196061
    outer loop
      vertex -10 -5.790630426904251 56.18835459413356
      vertex -6.199999999999999 -5.790630426904251 56.18835459413356
      vertex -10 -5.634050240194805 56.42269340388215
    endloop
  endfacet
  facet normal 0 -0.8968727415326931 0.4422886902189917
    outer loop
      vertex -10 -5.634050240194805 56.42269340388215
      vertex -6.199999999999999 -5.634050240194805 56.42269340388215
      vertex -10 -5.5093969712146365 56.675465228176144
    endloop
  endfacet
  facet normal 0 -0.9469301294951042 0.32143946530316575
    outer loop
      vertex -10 -5.5093969712146365 56.675465228176144
      vertex -6.199999999999999 -5.5093969712146365 56.675465228176144
      vertex -10 -5.41880347195641 56.94234507102026
    endloop
  endfacet
  facet normal 0 -0.98078528040323 0.19509032201613064
    outer loop
      vertex -10 -5.41880347195641 56.94234507102026
      vertex -6.199999999999999 -5.41880347195641 56.94234507102026
      vertex -10 -5.363819822309699 57.218766544310384
    endloop
  endfacet
  facet normal 0 -0.9978589232386038 0.06540312923013979
    outer loop
      vertex -10 -5.363819822309699 57.218766544310384
      vertex -6.199999999999999 -5.363819822309699 57.218766544310384
      vertex -10 -5.3453868077643065 57.5
    endloop
  endfacet
  facet normal 0 -0.9978589232386038 -0.06540312923013979
    outer loop
      vertex -10 -5.3453868077643065 57.5
      vertex -6.199999999999999 -5.3453868077643065 57.5
      vertex -10 -5.363819822309699 57.781233455689616
    endloop
  endfacet
  facet normal 0 -0.19509032201611853 0.9807852804032324
    outer loop
      vertex -10 -6.942345071020264 55.41880347195641
      vertex -6.199999999999999 -7.218766544310385 55.3638198223097
      vertex -6.199999999999999 -6.942345071020264 55.41880347195641
    endloop
  endfacet
  facet normal 0 -0.3214394653031628 0.9469301294951051
    outer loop
      vertex -10 -6.675465228176142 55.509396971214635
      vertex -6.199999999999999 -6.942345071020264 55.41880347195641
      vertex -6.199999999999999 -6.675465228176142 55.509396971214635
    endloop
  endfacet
  facet normal 0 -0.44228869021899925 0.8968727415326895
    outer loop
      vertex -10 -6.422693403882153 55.6340502401948
      vertex -6.199999999999999 -6.675465228176142 55.509396971214635
      vertex -6.199999999999999 -6.422693403882153 55.6340502401948
    endloop
  endfacet
  facet normal 0 -0.5555702330196062 0.8314696123025426
    outer loop
      vertex -10 -6.188354594133558 55.79063042690425
      vertex -6.199999999999999 -6.422693403882153 55.6340502401948
      vertex -6.199999999999999 -6.188354594133558 55.79063042690425
    endloop
  endfacet
  facet normal 0 -0.6593458151000674 0.7518398074789786
    outer loop
      vertex -10 -5.9764584009361466 55.976458400936146
      vertex -6.199999999999999 -6.188354594133558 55.79063042690425
      vertex -6.199999999999999 -5.9764584009361466 55.976458400936146
    endloop
  endfacet
  facet normal 0 -0.751839807478977 0.6593458151000692
    outer loop
      vertex -10 -5.790630426904251 56.18835459413356
      vertex -6.199999999999999 -5.9764584009361466 55.976458400936146
      vertex -6.199999999999999 -5.790630426904251 56.18835459413356
    endloop
  endfacet
  facet normal 0 -0.8314696123025425 0.5555702330196061
    outer loop
      vertex -10 -5.634050240194805 56.42269340388215
      vertex -6.199999999999999 -5.790630426904251 56.18835459413356
      vertex -6.199999999999999 -5.634050240194805 56.42269340388215
    endloop
  endfacet
  facet normal 0 -0.8968727415326931 0.4422886902189917
    outer loop
      vertex -10 -5.5093969712146365 56.675465228176144
      vertex -6.199999999999999 -5.634050240194805 56.42269340388215
      vertex -6.199999999999999 -5.5093969712146365 56.675465228176144
    endloop
  endfacet
  facet normal 0 -0.9469301294951042 0.32143946530316575
    outer loop
      vertex -10 -5.41880347195641 56.94234507102026
      vertex -6.199999999999999 -5.5093969712146365 56.675465228176144
      vertex -6.199999999999999 -5.41880347195641 56.94234507102026
    endloop
  endfacet
  facet normal 0 -0.98078528040323 0.19509032201613064
    outer loop
      vertex -10 -5.363819822309699 57.218766544310384
      vertex -6.199999999999999 -5.41880347195641 56.94234507102026
      vertex -6.199999999999999 -5.363819822309699 57.218766544310384
    endloop
  endfacet
  facet normal 0 -0.9978589232386038 0.06540312923013979
    outer loop
      vertex -10 -5.3453868077643065 57.5
      vertex -6.199999999999999 -5.363819822309699 57.218766544310384
      vertex -6.199999999999999 -5.3453868077643065 57.5
    endloop
  endfacet
  facet normal 0 -0.3214394653031628 -0.9469301294951051
    outer loop
      vertex -10 -6.675465228176142 59.490603028785365
      vertex -6.199999999999999 -6.675465228176142 59.490603028785365
      vertex -10 -6.942345071020264 59.58119652804359
    endloop
  endfacet
  facet normal 0 -0.44228869021899925 -0.8968727415326895
    outer loop
      vertex -10 -6.675465228176142 59.490603028785365
      vertex -10 -6.422693403882153 59.3659497598052
      vertex -6.199999999999999 -6.422693403882153 59.3659497598052
    endloop
  endfacet
  facet normal 0 -0.5555702330196062 -0.8314696123025426
    outer loop
      vertex -10 -6.422693403882153 59.3659497598052
      vertex -10 -6.188354594133558 59.20936957309575
      vertex -6.199999999999999 -6.188354594133558 59.20936957309575
    endloop
  endfacet
  facet normal 0 -0.19509032201611853 -0.9807852804032324
    outer loop
      vertex -10 -7.218766544310385 59.6361801776903
      vertex -10 -6.942345071020264 59.58119652804359
      vertex -6.199999999999999 -6.942345071020264 59.58119652804359
    endloop
  endfacet
  facet normal 0 -0.6593458151000674 -0.7518398074789786
    outer loop
      vertex -10 -6.188354594133558 59.20936957309575
      vertex -10 -5.9764584009361466 59.023541599063854
      vertex -6.199999999999999 -5.9764584009361466 59.023541599063854
    endloop
  endfacet
  facet normal 0 -0.751839807478977 -0.6593458151000692
    outer loop
      vertex -10 -5.9764584009361466 59.023541599063854
      vertex -10 -5.790630426904251 58.81164540586644
      vertex -6.199999999999999 -5.790630426904251 58.81164540586644
    endloop
  endfacet
  facet normal 0 -0.8968727415326931 -0.4422886902189917
    outer loop
      vertex -10 -5.634050240194805 58.57730659611785
      vertex -10 -5.5093969712146365 58.324534771823856
      vertex -6.199999999999999 -5.5093969712146365 58.324534771823856
    endloop
  endfacet
  facet normal 0 -0.98078528040323 -0.19509032201613064
    outer loop
      vertex -10 -5.363819822309699 57.781233455689616
      vertex -6.199999999999999 -5.363819822309699 57.781233455689616
      vertex -10 -5.41880347195641 58.05765492897974
    endloop
  endfacet
  facet normal 0 -0.9469301294951042 -0.32143946530316575
    outer loop
      vertex -10 -5.41880347195641 58.05765492897974
      vertex -6.199999999999999 -5.41880347195641 58.05765492897974
      vertex -10 -5.5093969712146365 58.324534771823856
    endloop
  endfacet
  facet normal 0 -0.8314696123025425 -0.5555702330196061
    outer loop
      vertex -10 -5.790630426904251 58.81164540586644
      vertex -10 -5.634050240194805 58.57730659611785
      vertex -6.199999999999999 -5.634050240194805 58.57730659611785
    endloop
  endfacet
  facet normal 0 -0.3214394653031628 -0.9469301294951051
    outer loop
      vertex -10 -6.942345071020264 59.58119652804359
      vertex -6.199999999999999 -6.675465228176142 59.490603028785365
      vertex -6.199999999999999 -6.942345071020264 59.58119652804359
    endloop
  endfacet
  facet normal 0 -0.44228869021899925 -0.8968727415326895
    outer loop
      vertex -10 -6.675465228176142 59.490603028785365
      vertex -6.199999999999999 -6.422693403882153 59.3659497598052
      vertex -6.199999999999999 -6.675465228176142 59.490603028785365
    endloop
  endfacet
  facet normal 0 -0.5555702330196062 -0.8314696123025426
    outer loop
      vertex -10 -6.422693403882153 59.3659497598052
      vertex -6.199999999999999 -6.188354594133558 59.20936957309575
      vertex -6.199999999999999 -6.422693403882153 59.3659497598052
    endloop
  endfacet
  facet normal 0 -0.6593458151000674 -0.7518398074789786
    outer loop
      vertex -10 -6.188354594133558 59.20936957309575
      vertex -6.199999999999999 -5.9764584009361466 59.023541599063854
      vertex -6.199999999999999 -6.188354594133558 59.20936957309575
    endloop
  endfacet
  facet normal 0 -0.751839807478977 -0.6593458151000692
    outer loop
      vertex -10 -5.9764584009361466 59.023541599063854
      vertex -6.199999999999999 -5.790630426904251 58.81164540586644
      vertex -6.199999999999999 -5.9764584009361466 59.023541599063854
    endloop
  endfacet
  facet normal 0 -0.8968727415326931 -0.4422886902189917
    outer loop
      vertex -10 -5.634050240194805 58.57730659611785
      vertex -6.199999999999999 -5.5093969712146365 58.324534771823856
      vertex -6.199999999999999 -5.634050240194805 58.57730659611785
    endloop
  endfacet
  facet normal 0 -0.9978589232386038 -0.06540312923013979
    outer loop
      vertex -10 -5.363819822309699 57.781233455689616
      vertex -6.199999999999999 -5.3453868077643065 57.5
      vertex -6.199999999999999 -5.363819822309699 57.781233455689616
    endloop
  endfacet
  facet normal 0 -0.98078528040323 -0.19509032201613064
    outer loop
      vertex -10 -5.41880347195641 58.05765492897974
      vertex -6.199999999999999 -5.363819822309699 57.781233455689616
      vertex -6.199999999999999 -5.41880347195641 58.05765492897974
    endloop
  endfacet
  facet normal 0 -0.9469301294951042 -0.32143946530316575
    outer loop
      vertex -10 -5.5093969712146365 58.324534771823856
      vertex -6.199999999999999 -5.41880347195641 58.05765492897974
      vertex -6.199999999999999 -5.5093969712146365 58.324534771823856
    endloop
  endfacet
  facet normal 0 -0.8314696123025425 -0.5555702330196061
    outer loop
      vertex -10 -5.790630426904251 58.81164540586644
      vertex -6.199999999999999 -5.634050240194805 58.57730659611785
      vertex -6.199999999999999 -5.790630426904251 58.81164540586644
    endloop
  endfacet
  facet normal 0 0.8968727415326931 0.4422886902189917
    outer loop
      vertex -1.9 -9.490603028785364 56.675465228176144
      vertex 1.9 -9.490603028785364 56.675465228176144
      vertex -1.9 -9.365949759805195 56.42269340388215
    endloop
  endfacet
  facet normal 0 0.8314696123025426 0.5555702330196062
    outer loop
      vertex -1.9 -9.365949759805195 56.42269340388215
      vertex 1.9 -9.365949759805195 56.42269340388215
      vertex -1.9 -9.20936957309575 56.18835459413356
    endloop
  endfacet
  facet normal 0 0.9469301294951042 0.32143946530316575
    outer loop
      vertex -1.9 -9.490603028785364 56.675465228176144
      vertex -1.9 -9.58119652804359 56.94234507102026
      vertex 1.9 -9.58119652804359 56.94234507102026
    endloop
  endfacet
  facet normal 0 0.98078528040323 0.19509032201613066
    outer loop
      vertex -1.9 -9.58119652804359 56.94234507102026
      vertex -1.9 -9.636180177690301 57.218766544310384
      vertex 1.9 -9.636180177690301 57.218766544310384
    endloop
  endfacet
  facet normal 0 0.9978589232386038 0.06540312923013979
    outer loop
      vertex -1.9 -9.636180177690301 57.218766544310384
      vertex -1.9 -9.654613192235693 57.5
      vertex 1.9 -9.654613192235693 57.5
    endloop
  endfacet
  facet normal 0 0.7518398074789787 0.6593458151000674
    outer loop
      vertex -1.9 -9.20936957309575 56.18835459413356
      vertex 1.9 -9.20936957309575 56.18835459413356
      vertex -1.9 -9.023541599063854 55.976458400936146
    endloop
  endfacet
  facet normal 0 0.6593458151000674 0.7518398074789787
    outer loop
      vertex -1.9 -9.023541599063854 55.976458400936146
      vertex 1.9 -9.023541599063854 55.976458400936146
      vertex -1.9 -8.811645405866443 55.79063042690425
    endloop
  endfacet
  facet normal 0 0.9978589232386038 -0.06540312923013979
    outer loop
      vertex -1.9 -9.654613192235693 57.5
      vertex -1.9 -9.636180177690301 57.781233455689616
      vertex 1.9 -9.636180177690301 57.781233455689616
    endloop
  endfacet
  facet normal 0 0.98078528040323 -0.19509032201613066
    outer loop
      vertex -1.9 -9.636180177690301 57.781233455689616
      vertex -1.9 -9.58119652804359 58.05765492897974
      vertex 1.9 -9.58119652804359 58.05765492897974
    endloop
  endfacet
  facet normal 0 0.9469301294951042 -0.32143946530316575
    outer loop
      vertex -1.9 -9.58119652804359 58.05765492897974
      vertex -1.9 -9.490603028785364 58.324534771823856
      vertex 1.9 -9.490603028785364 58.324534771823856
    endloop
  endfacet
  facet normal 0 0.8968727415326931 -0.4422886902189917
    outer loop
      vertex -1.9 -9.490603028785364 58.324534771823856
      vertex -1.9 -9.365949759805195 58.57730659611785
      vertex 1.9 -9.365949759805195 58.57730659611785
    endloop
  endfacet
  facet normal 0 0.8314696123025426 -0.5555702330196062
    outer loop
      vertex -1.9 -9.365949759805195 58.57730659611785
      vertex -1.9 -9.20936957309575 58.81164540586644
      vertex 1.9 -9.20936957309575 58.81164540586644
    endloop
  endfacet
  facet normal 0 0.7518398074789787 -0.6593458151000674
    outer loop
      vertex -1.9 -9.20936957309575 58.81164540586644
      vertex -1.9 -9.023541599063854 59.023541599063854
      vertex 1.9 -9.023541599063854 59.023541599063854
    endloop
  endfacet
  facet normal 0 0.6593458151000674 -0.7518398074789787
    outer loop
      vertex -1.9 -9.023541599063854 59.023541599063854
      vertex -1.9 -8.811645405866443 59.20936957309575
      vertex 1.9 -8.811645405866443 59.20936957309575
    endloop
  endfacet
  facet normal 0 0.44228869021899925 0.8968727415326894
    outer loop
      vertex -1.9 -8.577306596117847 55.6340502401948
      vertex 1.9 -8.577306596117847 55.6340502401948
      vertex -1.9 -8.324534771823858 55.509396971214635
    endloop
  endfacet
  facet normal 0 0.3214394653031638 0.946930129495105
    outer loop
      vertex -1.9 -8.324534771823858 55.509396971214635
      vertex 1.9 -8.324534771823858 55.509396971214635
      vertex -1.9 -8.057654928979737 55.41880347195641
    endloop
  endfacet
  facet normal 0 0.5555702330196047 0.8314696123025436
    outer loop
      vertex -1.9 -8.577306596117847 55.6340502401948
      vertex -1.9 -8.811645405866443 55.79063042690425
      vertex 1.9 -8.811645405866443 55.79063042690425
    endloop
  endfacet
  facet normal 0 0.19509032201611787 0.9807852804032325
    outer loop
      vertex -1.9 -8.057654928979737 55.41880347195641
      vertex 1.9 -8.057654928979737 55.41880347195641
      vertex -1.9 -7.781233455689615 55.3638198223097
    endloop
  endfacet
  facet normal 0 0.06540312923014624 0.9978589232386031
    outer loop
      vertex -1.9 -7.781233455689615 55.3638198223097
      vertex 1.9 -7.781233455689615 55.3638198223097
      vertex -1.9 -7.5 55.34538680776431
    endloop
  endfacet
  facet normal 0 -0.06540312923014624 0.9978589232386031
    outer loop
      vertex -1.9 -7.5 55.34538680776431
      vertex 1.9 -7.5 55.34538680776431
      vertex -1.9 -7.218766544310385 55.3638198223097
    endloop
  endfacet
  facet normal 0 -0.1950903220161185 0.9807852804032324
    outer loop
      vertex -1.9 -7.218766544310385 55.3638198223097
      vertex 1.9 -7.218766544310385 55.3638198223097
      vertex -1.9 -6.942345071020264 55.41880347195641
    endloop
  endfacet
  facet normal 0 0.5555702330196047 -0.8314696123025436
    outer loop
      vertex -1.9 -8.811645405866443 59.20936957309575
      vertex -1.9 -8.577306596117847 59.3659497598052
      vertex 1.9 -8.577306596117847 59.3659497598052
    endloop
  endfacet
  facet normal 0 0.44228869021899925 -0.8968727415326894
    outer loop
      vertex -1.9 -8.577306596117847 59.3659497598052
      vertex -1.9 -8.324534771823858 59.490603028785365
      vertex 1.9 -8.324534771823858 59.490603028785365
    endloop
  endfacet
  facet normal 0 0.3214394653031638 -0.946930129495105
    outer loop
      vertex -1.9 -8.324534771823858 59.490603028785365
      vertex -1.9 -8.057654928979737 59.58119652804359
      vertex 1.9 -8.057654928979737 59.58119652804359
    endloop
  endfacet
  facet normal 0 0.19509032201611787 -0.9807852804032325
    outer loop
      vertex -1.9 -8.057654928979737 59.58119652804359
      vertex -1.9 -7.781233455689615 59.6361801776903
      vertex 1.9 -7.781233455689615 59.6361801776903
    endloop
  endfacet
  facet normal 0 0.06540312923014624 -0.9978589232386031
    outer loop
      vertex -1.9 -7.781233455689615 59.6361801776903
      vertex -1.9 -7.5 59.65461319223569
      vertex 1.9 -7.5 59.65461319223569
    endloop
  endfacet
  facet normal 0 -0.06540312923014624 -0.9978589232386031
    outer loop
      vertex -1.9 -7.5 59.65461319223569
      vertex -1.9 -7.218766544310385 59.6361801776903
      vertex 1.9 -7.218766544310385 59.6361801776903
    endloop
  endfacet
  facet normal 0 -0.3214394653031628 0.9469301294951051
    outer loop
      vertex -1.9 -6.942345071020264 55.41880347195641
      vertex 1.9 -6.942345071020264 55.41880347195641
      vertex -1.9 -6.675465228176142 55.509396971214635
    endloop
  endfacet
  facet normal 0 -0.44228869021899925 0.8968727415326894
    outer loop
      vertex -1.9 -6.675465228176142 55.509396971214635
      vertex 1.9 -6.675465228176142 55.509396971214635
      vertex -1.9 -6.422693403882153 55.6340502401948
    endloop
  endfacet
  facet normal 0 -0.5555702330196061 0.8314696123025425
    outer loop
      vertex -1.9 -6.422693403882153 55.6340502401948
      vertex 1.9 -6.422693403882153 55.6340502401948
      vertex -1.9 -6.188354594133558 55.79063042690425
    endloop
  endfacet
  facet normal 0 -0.6593458151000674 0.7518398074789787
    outer loop
      vertex -1.9 -6.188354594133558 55.79063042690425
      vertex 1.9 -6.188354594133558 55.79063042690425
      vertex -1.9 -5.9764584009361466 55.976458400936146
    endloop
  endfacet
  facet normal 0 -0.7518398074789772 0.6593458151000693
    outer loop
      vertex -1.9 -5.9764584009361466 55.976458400936146
      vertex 1.9 -5.9764584009361466 55.976458400936146
      vertex -1.9 -5.790630426904251 56.18835459413356
    endloop
  endfacet
  facet normal 0 -0.8314696123025426 0.5555702330196062
    outer loop
      vertex -1.9 -5.790630426904251 56.18835459413356
      vertex 1.9 -5.790630426904251 56.18835459413356
      vertex -1.9 -5.634050240194805 56.42269340388215
    endloop
  endfacet
  facet normal 0 -0.8968727415326931 0.4422886902189917
    outer loop
      vertex -1.9 -5.634050240194805 56.42269340388215
      vertex 1.9 -5.634050240194805 56.42269340388215
      vertex -1.9 -5.5093969712146365 56.675465228176144
    endloop
  endfacet
  facet normal 0 -0.9469301294951042 0.32143946530316575
    outer loop
      vertex -1.9 -5.5093969712146365 56.675465228176144
      vertex 1.9 -5.5093969712146365 56.675465228176144
      vertex -1.9 -5.41880347195641 56.94234507102026
    endloop
  endfacet
  facet normal 0 -0.98078528040323 0.19509032201613066
    outer loop
      vertex -1.9 -5.41880347195641 56.94234507102026
      vertex 1.9 -5.41880347195641 56.94234507102026
      vertex -1.9 -5.363819822309699 57.218766544310384
    endloop
  endfacet
  facet normal 0 -0.9978589232386038 0.06540312923013979
    outer loop
      vertex -1.9 -5.363819822309699 57.218766544310384
      vertex 1.9 -5.363819822309699 57.218766544310384
      vertex -1.9 -5.3453868077643065 57.5
    endloop
  endfacet
  facet normal 0 -0.9978589232386038 -0.06540312923013979
    outer loop
      vertex -1.9 -5.3453868077643065 57.5
      vertex 1.9 -5.3453868077643065 57.5
      vertex -1.9 -5.363819822309699 57.781233455689616
    endloop
  endfacet
  facet normal 0 -0.3214394653031628 -0.9469301294951051
    outer loop
      vertex -1.9 -6.675465228176142 59.490603028785365
      vertex 1.9 -6.675465228176142 59.490603028785365
      vertex -1.9 -6.942345071020264 59.58119652804359
    endloop
  endfacet
  facet normal 0 -0.44228869021899925 -0.8968727415326894
    outer loop
      vertex -1.9 -6.675465228176142 59.490603028785365
      vertex -1.9 -6.422693403882153 59.3659497598052
      vertex 1.9 -6.422693403882153 59.3659497598052
    endloop
  endfacet
  facet normal 0 -0.5555702330196061 -0.8314696123025425
    outer loop
      vertex -1.9 -6.422693403882153 59.3659497598052
      vertex -1.9 -6.188354594133558 59.20936957309575
      vertex 1.9 -6.188354594133558 59.20936957309575
    endloop
  endfacet
  facet normal 0 -0.1950903220161185 -0.9807852804032324
    outer loop
      vertex -1.9 -7.218766544310385 59.6361801776903
      vertex -1.9 -6.942345071020264 59.58119652804359
      vertex 1.9 -6.942345071020264 59.58119652804359
    endloop
  endfacet
  facet normal 0 -0.6593458151000674 -0.7518398074789787
    outer loop
      vertex -1.9 -6.188354594133558 59.20936957309575
      vertex -1.9 -5.9764584009361466 59.023541599063854
      vertex 1.9 -5.9764584009361466 59.023541599063854
    endloop
  endfacet
  facet normal 0 -0.7518398074789772 -0.6593458151000693
    outer loop
      vertex -1.9 -5.9764584009361466 59.023541599063854
      vertex -1.9 -5.790630426904251 58.81164540586644
      vertex 1.9 -5.790630426904251 58.81164540586644
    endloop
  endfacet
  facet normal 0 -0.8968727415326931 -0.4422886902189917
    outer loop
      vertex -1.9 -5.634050240194805 58.57730659611785
      vertex -1.9 -5.5093969712146365 58.324534771823856
      vertex 1.9 -5.5093969712146365 58.324534771823856
    endloop
  endfacet
  facet normal 0 -0.98078528040323 -0.19509032201613066
    outer loop
      vertex -1.9 -5.363819822309699 57.781233455689616
      vertex 1.9 -5.363819822309699 57.781233455689616
      vertex -1.9 -5.41880347195641 58.05765492897974
    endloop
  endfacet
  facet normal 0 -0.9469301294951042 -0.32143946530316575
    outer loop
      vertex -1.9 -5.41880347195641 58.05765492897974
      vertex 1.9 -5.41880347195641 58.05765492897974
      vertex -1.9 -5.5093969712146365 58.324534771823856
    endloop
  endfacet
  facet normal 0 -0.8314696123025426 -0.5555702330196062
    outer loop
      vertex -1.9 -5.790630426904251 58.81164540586644
      vertex -1.9 -5.634050240194805 58.57730659611785
      vertex 1.9 -5.634050240194805 58.57730659611785
    endloop
  endfacet
  facet normal 0 0.8968727415326931 0.4422886902189917
    outer loop
      vertex -1.9 -9.365949759805195 56.42269340388215
      vertex 1.9 -9.490603028785364 56.675465228176144
      vertex 1.9 -9.365949759805195 56.42269340388215
    endloop
  endfacet
  facet normal 0 0.98078528040323 0.19509032201613066
    outer loop
      vertex -1.9 -9.58119652804359 56.94234507102026
      vertex 1.9 -9.636180177690301 57.218766544310384
      vertex 1.9 -9.58119652804359 56.94234507102026
    endloop
  endfacet
  facet normal 0 0.9978589232386038 0.06540312923013979
    outer loop
      vertex -1.9 -9.636180177690301 57.218766544310384
      vertex 1.9 -9.654613192235693 57.5
      vertex 1.9 -9.636180177690301 57.218766544310384
    endloop
  endfacet
  facet normal 0 0.9978589232386038 -0.06540312923013979
    outer loop
      vertex -1.9 -9.654613192235693 57.5
      vertex 1.9 -9.636180177690301 57.781233455689616
      vertex 1.9 -9.654613192235693 57.5
    endloop
  endfacet
  facet normal 0 0.9469301294951042 0.32143946530316575
    outer loop
      vertex -1.9 -9.490603028785364 56.675465228176144
      vertex 1.9 -9.58119652804359 56.94234507102026
      vertex 1.9 -9.490603028785364 56.675465228176144
    endloop
  endfacet
  facet normal 0 0.7518398074789787 0.6593458151000674
    outer loop
      vertex -1.9 -9.023541599063854 55.976458400936146
      vertex 1.9 -9.20936957309575 56.18835459413356
      vertex 1.9 -9.023541599063854 55.976458400936146
    endloop
  endfacet
  facet normal 0 0.8314696123025426 0.5555702330196062
    outer loop
      vertex -1.9 -9.20936957309575 56.18835459413356
      vertex 1.9 -9.365949759805195 56.42269340388215
      vertex 1.9 -9.20936957309575 56.18835459413356
    endloop
  endfacet
  facet normal 0 0.6593458151000674 0.7518398074789787
    outer loop
      vertex -1.9 -8.811645405866443 55.79063042690425
      vertex 1.9 -9.023541599063854 55.976458400936146
      vertex 1.9 -8.811645405866443 55.79063042690425
    endloop
  endfacet
  facet normal 0 0.98078528040323 -0.19509032201613066
    outer loop
      vertex -1.9 -9.636180177690301 57.781233455689616
      vertex 1.9 -9.58119652804359 58.05765492897974
      vertex 1.9 -9.636180177690301 57.781233455689616
    endloop
  endfacet
  facet normal 0 0.9469301294951042 -0.32143946530316575
    outer loop
      vertex -1.9 -9.58119652804359 58.05765492897974
      vertex 1.9 -9.490603028785364 58.324534771823856
      vertex 1.9 -9.58119652804359 58.05765492897974
    endloop
  endfacet
  facet normal 0 0.8968727415326931 -0.4422886902189917
    outer loop
      vertex -1.9 -9.490603028785364 58.324534771823856
      vertex 1.9 -9.365949759805195 58.57730659611785
      vertex 1.9 -9.490603028785364 58.324534771823856
    endloop
  endfacet
  facet normal 0 0.8314696123025426 -0.5555702330196062
    outer loop
      vertex -1.9 -9.365949759805195 58.57730659611785
      vertex 1.9 -9.20936957309575 58.81164540586644
      vertex 1.9 -9.365949759805195 58.57730659611785
    endloop
  endfacet
  facet normal 0 0.7518398074789787 -0.6593458151000674
    outer loop
      vertex -1.9 -9.20936957309575 58.81164540586644
      vertex 1.9 -9.023541599063854 59.023541599063854
      vertex 1.9 -9.20936957309575 58.81164540586644
    endloop
  endfacet
  facet normal 0 0.6593458151000674 -0.7518398074789787
    outer loop
      vertex -1.9 -9.023541599063854 59.023541599063854
      vertex 1.9 -8.811645405866443 59.20936957309575
      vertex 1.9 -9.023541599063854 59.023541599063854
    endloop
  endfacet
  facet normal 0 0.5555702330196047 0.8314696123025436
    outer loop
      vertex -1.9 -8.577306596117847 55.6340502401948
      vertex 1.9 -8.811645405866443 55.79063042690425
      vertex 1.9 -8.577306596117847 55.6340502401948
    endloop
  endfacet
  facet normal 0 0.44228869021899925 0.8968727415326894
    outer loop
      vertex -1.9 -8.324534771823858 55.509396971214635
      vertex 1.9 -8.577306596117847 55.6340502401948
      vertex 1.9 -8.324534771823858 55.509396971214635
    endloop
  endfacet
  facet normal 0 0.3214394653031638 0.946930129495105
    outer loop
      vertex -1.9 -8.057654928979737 55.41880347195641
      vertex 1.9 -8.324534771823858 55.509396971214635
      vertex 1.9 -8.057654928979737 55.41880347195641
    endloop
  endfacet
  facet normal 0 0.19509032201611787 0.9807852804032325
    outer loop
      vertex -1.9 -7.781233455689615 55.3638198223097
      vertex 1.9 -8.057654928979737 55.41880347195641
      vertex 1.9 -7.781233455689615 55.3638198223097
    endloop
  endfacet
  facet normal 0 0.06540312923014624 0.9978589232386031
    outer loop
      vertex -1.9 -7.5 55.34538680776431
      vertex 1.9 -7.781233455689615 55.3638198223097
      vertex 1.9 -7.5 55.34538680776431
    endloop
  endfacet
  facet normal 0 -0.06540312923014624 0.9978589232386031
    outer loop
      vertex -1.9 -7.218766544310385 55.3638198223097
      vertex 1.9 -7.5 55.34538680776431
      vertex 1.9 -7.218766544310385 55.3638198223097
    endloop
  endfacet
  facet normal 0 0.5555702330196047 -0.8314696123025436
    outer loop
      vertex -1.9 -8.811645405866443 59.20936957309575
      vertex 1.9 -8.577306596117847 59.3659497598052
      vertex 1.9 -8.811645405866443 59.20936957309575
    endloop
  endfacet
  facet normal 0 0.44228869021899925 -0.8968727415326894
    outer loop
      vertex -1.9 -8.577306596117847 59.3659497598052
      vertex 1.9 -8.324534771823858 59.490603028785365
      vertex 1.9 -8.577306596117847 59.3659497598052
    endloop
  endfacet
  facet normal 0 0.3214394653031638 -0.946930129495105
    outer loop
      vertex -1.9 -8.324534771823858 59.490603028785365
      vertex 1.9 -8.057654928979737 59.58119652804359
      vertex 1.9 -8.324534771823858 59.490603028785365
    endloop
  endfacet
  facet normal 0 0.19509032201611787 -0.9807852804032325
    outer loop
      vertex -1.9 -8.057654928979737 59.58119652804359
      vertex 1.9 -7.781233455689615 59.6361801776903
      vertex 1.9 -8.057654928979737 59.58119652804359
    endloop
  endfacet
  facet normal 0 0.06540312923014624 -0.9978589232386031
    outer loop
      vertex -1.9 -7.781233455689615 59.6361801776903
      vertex 1.9 -7.5 59.65461319223569
      vertex 1.9 -7.781233455689615 59.6361801776903
    endloop
  endfacet
  facet normal 0 -0.06540312923014624 -0.9978589232386031
    outer loop
      vertex -1.9 -7.5 59.65461319223569
      vertex 1.9 -7.218766544310385 59.6361801776903
      vertex 1.9 -7.5 59.65461319223569
    endloop
  endfacet
  facet normal 0 -0.1950903220161185 -0.9807852804032324
    outer loop
      vertex -1.9 -7.218766544310385 59.6361801776903
      vertex 1.9 -6.942345071020264 59.58119652804359
      vertex 1.9 -7.218766544310385 59.6361801776903
    endloop
  endfacet
  facet normal 0 -0.1950903220161185 0.9807852804032324
    outer loop
      vertex -1.9 -6.942345071020264 55.41880347195641
      vertex 1.9 -7.218766544310385 55.3638198223097
      vertex 1.9 -6.942345071020264 55.41880347195641
    endloop
  endfacet
  facet normal 0 -0.3214394653031628 0.9469301294951051
    outer loop
      vertex -1.9 -6.675465228176142 55.509396971214635
      vertex 1.9 -6.942345071020264 55.41880347195641
      vertex 1.9 -6.675465228176142 55.509396971214635
    endloop
  endfacet
  facet normal 0 -0.44228869021899925 0.8968727415326894
    outer loop
      vertex -1.9 -6.422693403882153 55.6340502401948
      vertex 1.9 -6.675465228176142 55.509396971214635
      vertex 1.9 -6.422693403882153 55.6340502401948
    endloop
  endfacet
  facet normal 0 -0.5555702330196061 0.8314696123025425
    outer loop
      vertex -1.9 -6.188354594133558 55.79063042690425
      vertex 1.9 -6.422693403882153 55.6340502401948
      vertex 1.9 -6.188354594133558 55.79063042690425
    endloop
  endfacet
  facet normal 0 -0.6593458151000674 0.7518398074789787
    outer loop
      vertex -1.9 -5.9764584009361466 55.976458400936146
      vertex 1.9 -6.188354594133558 55.79063042690425
      vertex 1.9 -5.9764584009361466 55.976458400936146
    endloop
  endfacet
  facet normal 0 -0.7518398074789772 0.6593458151000693
    outer loop
      vertex -1.9 -5.790630426904251 56.18835459413356
      vertex 1.9 -5.9764584009361466 55.976458400936146
      vertex 1.9 -5.790630426904251 56.18835459413356
    endloop
  endfacet
  facet normal 0 -0.8314696123025426 0.5555702330196062
    outer loop
      vertex -1.9 -5.634050240194805 56.42269340388215
      vertex 1.9 -5.790630426904251 56.18835459413356
      vertex 1.9 -5.634050240194805 56.42269340388215
    endloop
  endfacet
  facet normal 0 -0.8968727415326931 0.4422886902189917
    outer loop
      vertex -1.9 -5.5093969712146365 56.675465228176144
      vertex 1.9 -5.634050240194805 56.42269340388215
      vertex 1.9 -5.5093969712146365 56.675465228176144
    endloop
  endfacet
  facet normal 0 -0.9469301294951042 0.32143946530316575
    outer loop
      vertex -1.9 -5.41880347195641 56.94234507102026
      vertex 1.9 -5.5093969712146365 56.675465228176144
      vertex 1.9 -5.41880347195641 56.94234507102026
    endloop
  endfacet
  facet normal 0 -0.98078528040323 0.19509032201613066
    outer loop
      vertex -1.9 -5.363819822309699 57.218766544310384
      vertex 1.9 -5.41880347195641 56.94234507102026
      vertex 1.9 -5.363819822309699 57.218766544310384
    endloop
  endfacet
  facet normal 0 -0.9978589232386038 0.06540312923013979
    outer loop
      vertex -1.9 -5.3453868077643065 57.5
      vertex 1.9 -5.363819822309699 57.218766544310384
      vertex 1.9 -5.3453868077643065 57.5
    endloop
  endfacet
  facet normal 0 -0.3214394653031628 -0.9469301294951051
    outer loop
      vertex -1.9 -6.942345071020264 59.58119652804359
      vertex 1.9 -6.675465228176142 59.490603028785365
      vertex 1.9 -6.942345071020264 59.58119652804359
    endloop
  endfacet
  facet normal 0 -0.44228869021899925 -0.8968727415326894
    outer loop
      vertex -1.9 -6.675465228176142 59.490603028785365
      vertex 1.9 -6.422693403882153 59.3659497598052
      vertex 1.9 -6.675465228176142 59.490603028785365
    endloop
  endfacet
  facet normal 0 -0.5555702330196061 -0.8314696123025425
    outer loop
      vertex -1.9 -6.422693403882153 59.3659497598052
      vertex 1.9 -6.188354594133558 59.20936957309575
      vertex 1.9 -6.422693403882153 59.3659497598052
    endloop
  endfacet
  facet normal 0 -0.6593458151000674 -0.7518398074789787
    outer loop
      vertex -1.9 -6.188354594133558 59.20936957309575
      vertex 1.9 -5.9764584009361466 59.023541599063854
      vertex 1.9 -6.188354594133558 59.20936957309575
    endloop
  endfacet
  facet normal 0 -0.7518398074789772 -0.6593458151000693
    outer loop
      vertex -1.9 -5.9764584009361466 59.023541599063854
      vertex 1.9 -5.790630426904251 58.81164540586644
      vertex 1.9 -5.9764584009361466 59.023541599063854
    endloop
  endfacet
  facet normal 0 -0.8968727415326931 -0.4422886902189917
    outer loop
      vertex -1.9 -5.634050240194805 58.57730659611785
      vertex 1.9 -5.5093969712146365 58.324534771823856
      vertex 1.9 -5.634050240194805 58.57730659611785
    endloop
  endfacet
  facet normal 0 -0.9978589232386038 -0.06540312923013979
    outer loop
      vertex -1.9 -5.363819822309699 57.781233455689616
      vertex 1.9 -5.3453868077643065 57.5
      vertex 1.9 -5.363819822309699 57.781233455689616
    endloop
  endfacet
  facet normal 0 -0.98078528040323 -0.19509032201613066
    outer loop
      vertex -1.9 -5.41880347195641 58.05765492897974
      vertex 1.9 -5.363819822309699 57.781233455689616
      vertex 1.9 -5.41880347195641 58.05765492897974
    endloop
  endfacet
  facet normal 0 -0.9469301294951042 -0.32143946530316575
    outer loop
      vertex -1.9 -5.5093969712146365 58.324534771823856
      vertex 1.9 -5.41880347195641 58.05765492897974
      vertex 1.9 -5.5093969712146365 58.324534771823856
    endloop
  endfacet
  facet normal 0 -0.8314696123025426 -0.5555702330196062
    outer loop
      vertex -1.9 -5.790630426904251 58.81164540586644
      vertex 1.9 -5.634050240194805 58.57730659611785
      vertex 1.9 -5.790630426904251 58.81164540586644
    endloop
  endfacet
  facet normal -1 0 0
    outer loop
      vertex -10 -1.4900000020861626 47.5
      vertex -10 -1.4900000020861626 55.15685424953699
      vertex -10 1.5 47.5
    endloop
  endfacet
  facet normal 0 0 -1
    outer loop
      vertex -10 -1.4900000020861626 47.5
      vertex -5.948669168242862 -0.7831571533203094 47.5
      vertex -6.199999999999999 -1.4900000020861626 47.5
    endloop
  endfacet
  facet normal 0 0 -1
    outer loop
      vertex -10 -1.4900000020861626 47.5
      vertex -6 0 47.5
      vertex -5.948669168242862 -0.7831571533203094 47.5
    endloop
  endfacet
  facet normal -1 0 0
    outer loop
      vertex -10 -1.4900000020861626 55.15685424953699
      vertex -10 -1.4929252788424492 55.1597795188427
      vertex -10 1.5 57.5
    endloop
  endfacet
  facet normal -1 0 0
    outer loop
      vertex -10 -1.4929252788424492 55.1597795188427
      vertex -10 -1.4900000020861626 57.5
      vertex -10 1.5 57.5
    endloop
  endfacet
  facet normal 0 0 1
    outer loop
      vertex -10 -1.4900000020861626 57.5
      vertex -6.199999999999999 -1.4900000020861626 57.5
      vertex -10 1.5 57.5
    endloop
  endfacet
  facet normal 0 0 -1
    outer loop
      vertex -6.199999999999999 -1.5 47.5
      vertex -6.199999999999999 -1.4900000020861626 47.5
      vertex -5.806080260570632 -1.5 47.5
    endloop
  endfacet
  facet normal 0 0 -1
    outer loop
      vertex -6.199999999999999 -1.4900000020861626 47.5
      vertex -5.948669168242862 -0.7831571533203094 47.5
      vertex -5.806080260570632 -1.5 47.5
    endloop
  endfacet
  facet normal 0 -1 0
    outer loop
      vertex -6.199999999999999 -1.5 47.5
      vertex -5.806080260570632 -1.5 47.5
      vertex -1.9 -1.5 57.5
    endloop
  endfacet
  facet normal 0 0 1
    outer loop
      vertex -6.199999999999999 -1.4900000020861626 57.5
      vertex -1.9 -1.4900000020861626 57.5
      vertex -10 1.5 57.5
    endloop
  endfacet
  facet normal 0 -1 0
    outer loop
      vertex -6.199999999999999 -1.5 47.5
      vertex -1.9 -1.5 57.5
      vertex -6.199999999999999 -1.5 57.5
    endloop
  endfacet
  facet normal 0 0 1
    outer loop
      vertex -6.199999999999999 -1.5 57.5
      vertex -1.9 -1.5 57.5
      vertex -6.199999999999999 -1.4900000020861626 57.5
    endloop
  endfacet
  facet normal 0 -1 0
    outer loop
      vertex -5.806080260570632 -1.5 47.5
      vertex -1.9 -1.5 47.5
      vertex -1.9 -1.5 57.5
    endloop
  endfacet
  facet normal 0 0 1
    outer loop
      vertex -6.199999999999999 -1.4900000020861626 57.5
      vertex -1.9 -1.5 57.5
      vertex -1.9 -1.4900000020861626 57.5
    endloop
  endfacet
  facet normal 0 0 1
    outer loop
      vertex -1.9 -1.4900000020861626 57.5
      vertex 1.9 -1.4900000020861626 57.5
      vertex -10 1.5 57.5
    endloop
  endfacet
  facet normal 0 0 1
    outer loop
      vertex -10 1.5 57.5
      vertex 1.9 -1.4900000020861626 57.5
      vertex 6.199999999999999 -1.4900000020861626 57.5
    endloop
  endfacet
  facet normal -1 0 0
    outer loop
      vertex -10 -1.4900000020861626 55.15685424953699
      vertex -10 1.5 57.5
      vertex -10 1.5 47.5
    endloop
  endfacet
  facet normal 0 0 -1
    outer loop
      vertex -10 -1.4900000020861626 47.5
      vertex -10 1.5 47.5
      vertex -6 0 47.5
    endloop
  endfacet
  facet normal 0 0 -1
    outer loop
      vertex -10 1.5 47.5
      vertex -5.948669168242862 0.7831571533203094 47.5
      vertex -6 0 47.5
    endloop
  endfacet
  facet normal 0 0 -1
    outer loop
      vertex -10 1.5 47.5
      vertex -5.806080260570632 1.5 47.5
      vertex -5.948669168242862 0.7831571533203094 47.5
    endloop
  endfacet
  facet normal 0 1 0
    outer loop
      vertex -10 1.5 47.5
      vertex -10 1.5 57.5
      vertex -5.806080260570632 1.5 47.5
    endloop
  endfacet
  facet normal 0 1 0
    outer loop
      vertex -10 1.5 57.5
      vertex 5.806080260570632 1.5 47.5
      vertex -5.806080260570632 1.5 47.5
    endloop
  endfacet
  facet normal 0 0 1
    outer loop
      vertex -10 1.5 57.5
      vertex 6.199999999999999 -1.4900000020861626 57.5
      vertex 10 -1.4900000020861626 57.5
    endloop
  endfacet
  facet normal 0 -1 0
    outer loop
      vertex 1.9 -1.5 47.5
      vertex 6.199999999999999 -1.5 57.5
      vertex 1.9 -1.5 57.5
    endloop
  endfacet
  facet normal 0 0 1
    outer loop
      vertex 1.9 -1.5 57.5
      vertex 6.199999999999999 -1.5 57.5
      vertex 1.9 -1.4900000020861626 57.5
    endloop
  endfacet
  facet normal 0 -1 0
    outer loop
      vertex 1.9 -1.5 47.5
      vertex 5.806080260570632 -1.5 47.5
      vertex 6.199999999999999 -1.5 57.5
    endloop
  endfacet
  facet normal 0 0 -1
    outer loop
      vertex 5.806080260570632 -1.5 47.5
      vertex 5.948669168242862 -0.7831571533203094 47.5
      vertex 6.199999999999999 -1.5 47.5
    endloop
  endfacet
  facet normal 0 0 -1
    outer loop
      vertex 6.199999999999999 -1.5 47.5
      vertex 5.948669168242862 -0.7831571533203094 47.5
      vertex 6.199999999999999 -1.4900000020861626 47.5
    endloop
  endfacet
  facet normal 0 -1 0
    outer loop
      vertex 5.806080260570632 -1.5 47.5
      vertex 6.199999999999999 -1.5 47.5
      vertex 6.199999999999999 -1.5 57.5
    endloop
  endfacet
  facet normal 0 0 1
    outer loop
      vertex 1.9 -1.4900000020861626 57.5
      vertex 6.199999999999999 -1.5 57.5
      vertex 6.199999999999999 -1.4900000020861626 57.5
    endloop
  endfacet
  facet normal 0 0 -1
    outer loop
      vertex 6.199999999999999 -1.4900000020861626 47.5
      vertex 5.948669168242862 -0.7831571533203094 47.5
      vertex 10 1.5 47.5
    endloop
  endfacet
  facet normal 0 0 -1
    outer loop
      vertex 6.199999999999999 -1.4900000020861626 47.5
      vertex 10 1.5 47.5
      vertex 10 -1.4900000020861626 47.5
    endloop
  endfacet
  facet normal 1 0 0
    outer loop
      vertex 10 -1.4900000020861626 47.5
      vertex 10 1.5 47.5
      vertex 10 -1.4900000020861626 55.15685424953699
    endloop
  endfacet
  facet normal 1 0 0
    outer loop
      vertex 10 -1.4900000020861626 55.15685424953699
      vertex 10 1.5 47.5
      vertex 10 -1.4900000020861626 57.5
    endloop
  endfacet
  facet normal 1 0 0
    outer loop
      vertex 10 -1.4929252788424492 55.1597795188427
      vertex 10 -1.4900000020861626 55.15685424953699
      vertex 10 -1.4900000020861626 57.5
    endloop
  endfacet
  facet normal 0 1 0
    outer loop
      vertex -10 1.5 57.5
      vertex 10 1.5 47.5
      vertex 5.806080260570632 1.5 47.5
    endloop
  endfacet
  facet normal 0 0 1
    outer loop
      vertex -10 1.5 57.5
      vertex 10 -1.4900000020861626 57.5
      vertex 10 1.5 57.5
    endloop
  endfacet
  facet normal 0 1 0
    outer loop
      vertex -10 1.5 57.5
      vertex 10 1.5 57.5
      vertex 10 1.5 47.5
    endloop
  endfacet
  facet normal 0 0 -1
    outer loop
      vertex 5.948669168242862 -0.7831571533203094 47.5
      vertex 6 0 47.5
      vertex 10 1.5 47.5
    endloop
  endfacet
  facet normal 0 0 -1
    outer loop
      vertex 6 0 47.5
      vertex 5.948669168242862 0.7831571533203094 47.5
      vertex 10 1.5 47.5
    endloop
  endfacet
  facet normal 0 0 -1
    outer loop
      vertex 5.948669168242862 0.7831571533203094 47.5
      vertex 5.806080260570632 1.5 47.5
      vertex 10 1.5 47.5
    endloop
  endfacet
  facet normal 1 0 0
    outer loop
      vertex 10 -1.4900000020861626 57.5
      vertex 10 1.5 47.5
      vertex 10 1.5 57.5
    endloop
  endfacet
  facet normal -0.7518398074789775 -0.6593458151000687 0
    outer loop
      vertex -11.24578359862826 -8.629193256198615 0
      vertex -10.023238623319312 -10.023238623319312 0
      vertex -11.24578359862826 -8.629193256198615 2.5
    endloop
  endfacet
  facet normal -0.8314696123025452 -0.5555702330196023 0
    outer loop
      vertex -11.24578359862826 -8.629193256198615 0
      vertex -11.24578359862826 -8.629193256198615 2.5
      vertex -12.275910098644419 -7.0875 2.5
    endloop
  endfacet
  facet normal -0.8314696123025452 -0.5555702330196023 0
    outer loop
      vertex -11.24578359862826 -8.629193256198615 0
      vertex -12.275910098644419 -7.0875 2.5
      vertex -12.275910098644419 -7.0875 0
    endloop
  endfacet
  facet normal -0.6593458151000687 -0.7518398074789775 0
    outer loop
      vertex -8.629193256198615 -11.24578359862826 0
      vertex -8.629193256198615 -11.24578359862826 2.5
      vertex -10.023238623319312 -10.023238623319312 0
    endloop
  endfacet
  facet normal -0.5555702330196023 -0.8314696123025452 0
    outer loop
      vertex -8.629193256198615 -11.24578359862826 0
      vertex -7.0875 -12.275910098644419 2.5
      vertex -8.629193256198615 -11.24578359862826 2.5
    endloop
  endfacet
  facet normal -0.5555702330196023 -0.8314696123025452 0
    outer loop
      vertex -8.629193256198615 -11.24578359862826 0
      vertex -7.0875 -12.275910098644419 0
      vertex -7.0875 -12.275910098644419 2.5
    endloop
  endfacet
  facet normal -0.7518398074789775 -0.6593458151000687 0
    outer loop
      vertex -11.24578359862826 -8.629193256198615 2.5
      vertex -10.023238623319312 -10.023238623319312 0
      vertex -10.023238623319312 -10.023238623319312 2.5
    endloop
  endfacet
  facet normal -0.6593458151000687 -0.7518398074789775 0
    outer loop
      vertex -8.629193256198615 -11.24578359862826 2.5
      vertex -10.023238623319312 -10.023238623319312 2.5
      vertex -10.023238623319312 -10.023238623319312 0
    endloop
  endfacet
  facet normal 0 0 -1
    outer loop
      vertex -8.629193256198615 -11.24578359862826 0
      vertex -10.023238623319312 -10.023238623319312 0
      vertex -9.37416697508023 -0.65 0
    endloop
  endfacet
  facet normal 0 0 1
    outer loop
      vertex -8.629193256198615 -11.24578359862826 2.5
      vertex -9.37416697508023 -0.65 2.5
      vertex -10.023238623319312 -10.023238623319312 2.5
    endloop
  endfacet
  facet normal -0.8968727415326884 -0.44228869021900136 0
    outer loop
      vertex -13.09599237334749 -5.424537653775148 2.5
      vertex -12.275910098644419 -7.0875 0
      vertex -12.275910098644419 -7.0875 2.5
    endloop
  endfacet
  facet normal -0.8968727415326884 -0.44228869021900136 0
    outer loop
      vertex -13.09599237334749 -5.424537653775148 0
      vertex -12.275910098644419 -7.0875 0
      vertex -13.09599237334749 -5.424537653775148 2.5
    endloop
  endfacet
  facet normal -0.9469301294951056 -0.32143946530316203 0
    outer loop
      vertex -13.09599237334749 -5.424537653775148 0
      vertex -13.09599237334749 -5.424537653775148 2.5
      vertex -13.691998587647545 -3.6687599643282316 2.5
    endloop
  endfacet
  facet normal -0.9469301294951056 -0.32143946530316203 0
    outer loop
      vertex -13.09599237334749 -5.424537653775148 0
      vertex -13.691998587647545 -3.6687599643282316 2.5
      vertex -13.691998587647545 -3.6687599643282316 0
    endloop
  endfacet
  facet normal 0 0 -1
    outer loop
      vertex -11.24578359862826 -8.629193256198615 0
      vertex -12.275910098644419 -7.0875 0
      vertex -11.15 -1.12583302491977 0
    endloop
  endfacet
  facet normal 0 0 1
    outer loop
      vertex -11.24578359862826 -8.629193256198615 2.5
      vertex -10.023238623319312 -10.023238623319312 2.5
      vertex -10.669684049886067 -1.2888783197859535 2.5
    endloop
  endfacet
  facet normal 0 0 -1
    outer loop
      vertex -11.24578359862826 -8.629193256198615 0
      vertex -11.15 -1.12583302491977 0
      vertex -10.997488462074617 -1.2010433922646728 0
    endloop
  endfacet
  facet normal 0 0 -1
    outer loop
      vertex -11.24578359862826 -8.629193256198615 0
      vertex -10.997488462074617 -1.2010433922646728 0
      vertex -10.836464758633277 -1.255703574175789 0
    endloop
  endfacet
  facet normal 0 0 -1
    outer loop
      vertex -11.24578359862826 -8.629193256198615 0
      vertex -10.836464758633277 -1.255703574175789 0
      vertex -10.669684049886067 -1.2888783197859535 0
    endloop
  endfacet
  facet normal 0 0 -1
    outer loop
      vertex -11.24578359862826 -8.629193256198615 0
      vertex -10.669684049886067 -1.2888783197859535 0
      vertex -10.5 -1.3 0
    endloop
  endfacet
  facet normal 0 0 -1
    outer loop
      vertex -11.24578359862826 -8.629193256198615 0
      vertex -10.5 -1.3 0
      vertex -10.330315950113933 -1.2888783197859535 0
    endloop
  endfacet
  facet normal 0 0 1
    outer loop
      vertex -11.24578359862826 -8.629193256198615 2.5
      vertex -11.15 -1.12583302491977 2.5
      vertex -11.291389857711337 -1.0313593423786058 2.5
    endloop
  endfacet
  facet normal 0 0 1
    outer loop
      vertex -11.24578359862826 -8.629193256198615 2.5
      vertex -10.997488462074617 -1.2010433922646728 2.5
      vertex -11.15 -1.12583302491977 2.5
    endloop
  endfacet
  facet normal 0 0 1
    outer loop
      vertex -11.24578359862826 -8.629193256198615 2.5
      vertex -10.836464758633277 -1.255703574175789 2.5
      vertex -10.997488462074617 -1.2010433922646728 2.5
    endloop
  endfacet
  facet normal 0 0 1
    outer loop
      vertex -11.24578359862826 -8.629193256198615 2.5
      vertex -10.669684049886067 -1.2888783197859535 2.5
      vertex -10.836464758633277 -1.255703574175789 2.5
    endloop
  endfacet
  facet normal -0.9807852804032305 -0.19509032201612794 0
    outer loop
      vertex -13.691998587647545 -3.6687599643282316 0
      vertex -13.691998587647545 -3.6687599643282316 2.5
      vertex -14.053730909973764 -1.850208774719231 2.5
    endloop
  endfacet
  facet normal -0.9807852804032305 -0.19509032201612794 0
    outer loop
      vertex -13.691998587647545 -3.6687599643282316 0
      vertex -14.053730909973764 -1.850208774719231 2.5
      vertex -14.053730909973764 -1.850208774719231 0
    endloop
  endfacet
  facet normal 0 0 1
    outer loop
      vertex -13.09599237334749 -5.424537653775148 2.5
      vertex -13.691998587647545 3.6687599643282316 2.5
      vertex -13.691998587647545 -3.6687599643282316 2.5
    endloop
  endfacet
  facet normal 0 0 -1
    outer loop
      vertex -13.09599237334749 -5.424537653775148 0
      vertex -12.275910098644419 7.0875 0
      vertex -12.275910098644419 -7.0875 0
    endloop
  endfacet
  facet normal 0 0 1
    outer loop
      vertex -13.09599237334749 -5.424537653775148 2.5
      vertex -12.275910098644419 -7.0875 2.5
      vertex -13.09599237334749 5.424537653775148 2.5
    endloop
  endfacet
  facet normal -0.9978589232386036 -0.06540312923014284 0
    outer loop
      vertex -14.053730909973764 -1.850208774719231 0
      vertex -14.053730909973764 -1.850208774719231 2.5
      vertex -14.175 0 2.5
    endloop
  endfacet
  facet normal 0 0 -1
    outer loop
      vertex -13.09599237334749 -5.424537653775148 0
      vertex -13.691998587647545 -3.6687599643282316 0
      vertex -13.09599237334749 5.424537653775148 0
    endloop
  endfacet
  facet normal 0 0 1
    outer loop
      vertex -13.691998587647545 -3.6687599643282316 2.5
      vertex -14.053730909973764 1.850208774719231 2.5
      vertex -14.053730909973764 -1.850208774719231 2.5
    endloop
  endfacet
  facet normal -0.9978589232386036 -0.06540312923014284 0
    outer loop
      vertex -14.053730909973764 -1.850208774719231 0
      vertex -14.175 0 2.5
      vertex -14.175 0 0
    endloop
  endfacet
  facet normal 0 0 -1
    outer loop
      vertex -13.691998587647545 -3.6687599643282316 0
      vertex -14.053730909973764 -1.850208774719231 0
      vertex -13.691998587647545 3.6687599643282316 0
    endloop
  endfacet
  facet normal 0 0 -1
    outer loop
      vertex -12.275910098644419 -7.0875 0
      vertex -11.531359342378606 -0.7913898577113369 0
      vertex -11.419238815542512 -0.9192388155425119 0
    endloop
  endfacet
  facet normal 0 0 -1
    outer loop
      vertex -12.275910098644419 -7.0875 0
      vertex -11.701043392264673 -0.4974884620746167 0
      vertex -11.62583302491977 -0.65 0
    endloop
  endfacet
  facet normal 0 0 -1
    outer loop
      vertex -12.275910098644419 -7.0875 0
      vertex -11.62583302491977 -0.65 0
      vertex -11.531359342378606 -0.7913898577113369 0
    endloop
  endfacet
  facet normal 0 0 -1
    outer loop
      vertex -12.275910098644419 -7.0875 0
      vertex -11.419238815542512 -0.9192388155425119 0
      vertex -11.291389857711337 -1.0313593423786058 0
    endloop
  endfacet
  facet normal 0 0 -1
    outer loop
      vertex -12.275910098644419 -7.0875 0
      vertex -11.291389857711337 -1.0313593423786058 0
      vertex -11.15 -1.12583302491977 0
    endloop
  endfacet
  facet normal 0 0 1
    outer loop
      vertex -11.24578359862826 -8.629193256198615 2.5
      vertex -11.62583302491977 -0.65 2.5
      vertex -11.701043392264673 -0.4974884620746167 2.5
    endloop
  endfacet
  facet normal 0 0 1
    outer loop
      vertex -11.24578359862826 -8.629193256198615 2.5
      vertex -11.701043392264673 -0.4974884620746167 2.5
      vertex -11.755703574175788 -0.33646475863327696 2.5
    endloop
  endfacet
  facet normal 0 0 1
    outer loop
      vertex -11.24578359862826 -8.629193256198615 2.5
      vertex -12.275910098644419 7.0875 2.5
      vertex -12.275910098644419 -7.0875 2.5
    endloop
  endfacet
  facet normal 0 0 1
    outer loop
      vertex -11.24578359862826 -8.629193256198615 2.5
      vertex -11.755703574175788 -0.33646475863327696 2.5
      vertex -11.788878319785953 -0.16968404988606706 2.5
    endloop
  endfacet
  facet normal 0 0 1
    outer loop
      vertex -11.24578359862826 -8.629193256198615 2.5
      vertex -11.788878319785953 -0.16968404988606706 2.5
      vertex -11.8 0 2.5
    endloop
  endfacet
  facet normal 0 0 -1
    outer loop
      vertex -12.275910098644419 -7.0875 0
      vertex -11.755703574175788 -0.33646475863327696 0
      vertex -11.701043392264673 -0.4974884620746167 0
    endloop
  endfacet
  facet normal 0 0 -1
    outer loop
      vertex -12.275910098644419 -7.0875 0
      vertex -11.788878319785953 -0.16968404988606706 0
      vertex -11.755703574175788 -0.33646475863327696 0
    endloop
  endfacet
  facet normal 0 0 -1
    outer loop
      vertex -12.275910098644419 -7.0875 0
      vertex -11.8 0 0
      vertex -11.788878319785953 -0.16968404988606706 0
    endloop
  endfacet
  facet normal 0 0 1
    outer loop
      vertex -11.24578359862826 -8.629193256198615 2.5
      vertex -11.531359342378606 -0.7913898577113369 2.5
      vertex -11.62583302491977 -0.65 2.5
    endloop
  endfacet
  facet normal 0 0 1
    outer loop
      vertex -11.24578359862826 -8.629193256198615 2.5
      vertex -11.419238815542512 -0.9192388155425119 2.5
      vertex -11.531359342378606 -0.7913898577113369 2.5
    endloop
  endfacet
  facet normal 0 0 1
    outer loop
      vertex -11.24578359862826 -8.629193256198615 2.5
      vertex -11.291389857711337 -1.0313593423786058 2.5
      vertex -11.419238815542512 -0.9192388155425119 2.5
    endloop
  endfacet
  facet normal 0 0 1
    outer loop
      vertex -11.24578359862826 -8.629193256198615 2.5
      vertex -11.8 0 2.5
      vertex -12.275910098644419 7.0875 2.5
    endloop
  endfacet
  facet normal 0 0 -1
    outer loop
      vertex -11.24578359862826 -8.629193256198615 0
      vertex -10.002511537925383 -1.2010433922646728 0
      vertex -10.023238623319312 -10.023238623319312 0
    endloop
  endfacet
  facet normal 0 0 -1
    outer loop
      vertex -11.24578359862826 -8.629193256198615 0
      vertex -10.330315950113933 -1.2888783197859535 0
      vertex -10.163535241366723 -1.255703574175789 0
    endloop
  endfacet
  facet normal 0 0 -1
    outer loop
      vertex -11.24578359862826 -8.629193256198615 0
      vertex -10.163535241366723 -1.255703574175789 0
      vertex -10.002511537925383 -1.2010433922646728 0
    endloop
  endfacet
  facet normal 0 0 -1
    outer loop
      vertex -10.023238623319312 -10.023238623319312 0
      vertex -10.002511537925383 -1.2010433922646728 0
      vertex -9.85 -1.12583302491977 0
    endloop
  endfacet
  facet normal 0 0 -1
    outer loop
      vertex -10.023238623319312 -10.023238623319312 0
      vertex -9.85 -1.12583302491977 0
      vertex -9.708610142288663 -1.0313593423786058 0
    endloop
  endfacet
  facet normal 0 0 -1
    outer loop
      vertex -10.023238623319312 -10.023238623319312 0
      vertex -9.708610142288663 -1.0313593423786058 0
      vertex -9.580761184457488 -0.9192388155425119 0
    endloop
  endfacet
  facet normal 0 0 1
    outer loop
      vertex -10.023238623319312 -10.023238623319312 2.5
      vertex -10.5 -1.3 2.5
      vertex -10.669684049886067 -1.2888783197859535 2.5
    endloop
  endfacet
  facet normal 0 0 1
    outer loop
      vertex -10.023238623319312 -10.023238623319312 2.5
      vertex -10.330315950113933 -1.2888783197859535 2.5
      vertex -10.5 -1.3 2.5
    endloop
  endfacet
  facet normal 0 0 1
    outer loop
      vertex -10.023238623319312 -10.023238623319312 2.5
      vertex -10.163535241366723 -1.255703574175789 2.5
      vertex -10.330315950113933 -1.2888783197859535 2.5
    endloop
  endfacet
  facet normal 0 0 1
    outer loop
      vertex -10.023238623319312 -10.023238623319312 2.5
      vertex -10.002511537925383 -1.2010433922646728 2.5
      vertex -10.163535241366723 -1.255703574175789 2.5
    endloop
  endfacet
  facet normal 0 0 1
    outer loop
      vertex -10.023238623319312 -10.023238623319312 2.5
      vertex -9.85 -1.12583302491977 2.5
      vertex -10.002511537925383 -1.2010433922646728 2.5
    endloop
  endfacet
  facet normal 0 0 1
    outer loop
      vertex -10.023238623319312 -10.023238623319312 2.5
      vertex -9.708610142288663 -1.0313593423786058 2.5
      vertex -9.85 -1.12583302491977 2.5
    endloop
  endfacet
  facet normal 0 0 1
    outer loop
      vertex -10.023238623319312 -10.023238623319312 2.5
      vertex -9.580761184457488 -0.9192388155425119 2.5
      vertex -9.708610142288663 -1.0313593423786058 2.5
    endloop
  endfacet
  facet normal 0 0 -1
    outer loop
      vertex -10.023238623319312 -10.023238623319312 0
      vertex -9.580761184457488 -0.9192388155425119 0
      vertex -9.468640657621394 -0.7913898577113369 0
    endloop
  endfacet
  facet normal 0 0 -1
    outer loop
      vertex -10.023238623319312 -10.023238623319312 0
      vertex -9.468640657621394 -0.7913898577113369 0
      vertex -9.37416697508023 -0.65 0
    endloop
  endfacet
  facet normal 0 0 -1
    outer loop
      vertex -8.629193256198615 -11.24578359862826 0
      vertex -9.37416697508023 -0.65 0
      vertex -9.298956607735327 -0.4974884620746167 0
    endloop
  endfacet
  facet normal 0 0 -1
    outer loop
      vertex -8.629193256198615 -11.24578359862826 0
      vertex -9.298956607735327 -0.4974884620746167 0
      vertex -9.244296425824212 -0.33646475863327696 0
    endloop
  endfacet
  facet normal 0 0 -1
    outer loop
      vertex -8.629193256198615 -11.24578359862826 0
      vertex -9.244296425824212 -0.33646475863327696 0
      vertex -9.211121680214047 -0.16968404988606706 0
    endloop
  endfacet
  facet normal 0 0 -1
    outer loop
      vertex -8.629193256198615 -11.24578359862826 0
      vertex -9.211121680214047 -0.16968404988606706 0
      vertex -9.2 0 0
    endloop
  endfacet
  facet normal 0 0 1
    outer loop
      vertex -10.023238623319312 -10.023238623319312 2.5
      vertex -9.468640657621394 -0.7913898577113369 2.5
      vertex -9.580761184457488 -0.9192388155425119 2.5
    endloop
  endfacet
  facet normal 0 0 1
    outer loop
      vertex -10.023238623319312 -10.023238623319312 2.5
      vertex -9.37416697508023 -0.65 2.5
      vertex -9.468640657621394 -0.7913898577113369 2.5
    endloop
  endfacet
  facet normal 0 0 1
    outer loop
      vertex -8.629193256198615 -11.24578359862826 2.5
      vertex -9.298956607735327 -0.4974884620746167 2.5
      vertex -9.37416697508023 -0.65 2.5
    endloop
  endfacet
  facet normal 0 0 1
    outer loop
      vertex -8.629193256198615 -11.24578359862826 2.5
      vertex -9.244296425824212 -0.33646475863327696 2.5
      vertex -9.298956607735327 -0.4974884620746167 2.5
    endloop
  endfacet
  facet normal 0 0 1
    outer loop
      vertex -8.629193256198615 -11.24578359862826 2.5
      vertex -9.211121680214047 -0.16968404988606706 2.5
      vertex -9.244296425824212 -0.33646475863327696 2.5
    endloop
  endfacet
  facet normal 0 0 1
    outer loop
      vertex -8.629193256198615 -11.24578359862826 2.5
      vertex -9.2 0 2.5
      vertex -9.211121680214047 -0.16968404988606706 2.5
    endloop
  endfacet
  facet normal 0 0 1
    outer loop
      vertex -8.629193256198615 -11.24578359862826 2.5
      vertex -7.0875 -12.275910098644419 2.5
      vertex -8.629193256198615 11.24578359862826 2.5
    endloop
  endfacet
  facet normal 0 0 -1
    outer loop
      vertex -8.629193256198615 -11.24578359862826 0
      vertex -7.0875 12.275910098644419 0
      vertex -7.0875 -12.275910098644419 0
    endloop
  endfacet
  facet normal -0.44228869021900136 -0.8968727415326884 0
    outer loop
      vertex -5.424537653775148 -13.09599237334749 2.5
      vertex -7.0875 -12.275910098644419 2.5
      vertex -7.0875 -12.275910098644419 0
    endloop
  endfacet
  facet normal -0.44228869021900136 -0.8968727415326884 0
    outer loop
      vertex -5.424537653775148 -13.09599237334749 0
      vertex -5.424537653775148 -13.09599237334749 2.5
      vertex -7.0875 -12.275910098644419 0
    endloop
  endfacet
  facet normal 0 0 -1
    outer loop
      vertex -7.0875 -12.275910098644419 0
      vertex -6.375833024919769 -9.743266739736605 0
      vertex -6.281359342378606 -9.884656597447941 0
    endloop
  endfacet
  facet normal 0 0 -1
    outer loop
      vertex -7.0875 -12.275910098644419 0
      vertex -6.169238815542512 -10.012505555279116 0
      vertex -6.041389857711336 -10.12462608211521 0
    endloop
  endfacet
  facet normal 0 0 -1
    outer loop
      vertex -7.0875 -12.275910098644419 0
      vertex -6.281359342378606 -9.884656597447941 0
      vertex -6.169238815542512 -10.012505555279116 0
    endloop
  endfacet
  facet normal 0 0 -1
    outer loop
      vertex -7.0875 -12.275910098644419 0
      vertex -6.041389857711336 -10.12462608211521 0
      vertex -5.9 -10.219099764656375 0
    endloop
  endfacet
  facet normal 0 0 -1
    outer loop
      vertex -7.0875 -12.275910098644419 0
      vertex -5.9 -10.219099764656375 0
      vertex -5.7474884620746165 -10.294310132001279 0
    endloop
  endfacet
  facet normal 0 0 1
    outer loop
      vertex -7.0875 -12.275910098644419 2.5
      vertex -6.281359342378606 -9.884656597447941 2.5
      vertex -6.375833024919769 -9.743266739736605 2.5
    endloop
  endfacet
  facet normal 0 0 1
    outer loop
      vertex -7.0875 -12.275910098644419 2.5
      vertex -6.041389857711336 -10.12462608211521 2.5
      vertex -6.169238815542512 -10.012505555279116 2.5
    endloop
  endfacet
  facet normal 0 0 1
    outer loop
      vertex -7.0875 -12.275910098644419 2.5
      vertex -6.169238815542512 -10.012505555279116 2.5
      vertex -6.281359342378606 -9.884656597447941 2.5
    endloop
  endfacet
  facet normal 0 0 1
    outer loop
      vertex -7.0875 -12.275910098644419 2.5
      vertex -5.9 -10.219099764656375 2.5
      vertex -6.041389857711336 -10.12462608211521 2.5
    endloop
  endfacet
  facet normal 0 0 1
    outer loop
      vertex -7.0875 -12.275910098644419 2.5
      vertex -5.7474884620746165 -10.294310132001279 2.5
      vertex -5.9 -10.219099764656375 2.5
    endloop
  endfacet
  facet normal 0 0 -1
    outer loop
      vertex -5.424537653775148 -13.09599237334749 0
      vertex -7.0875 -12.275910098644419 0
      vertex -5.419684049886067 -10.382145059522559 0
    endloop
  endfacet
  facet normal 0 0 1
    outer loop
      vertex -5.424537653775148 -13.09599237334749 2.5
      vertex -5.7474884620746165 -10.294310132001279 2.5
      vertex -7.0875 -12.275910098644419 2.5
    endloop
  endfacet
  facet normal 0 0 -1
    outer loop
      vertex -7.0875 -12.275910098644419 0
      vertex -5.7474884620746165 -10.294310132001279 0
      vertex -5.5864647586332765 -10.348970313912393 0
    endloop
  endfacet
  facet normal 0 0 -1
    outer loop
      vertex -7.0875 -12.275910098644419 0
      vertex -5.5864647586332765 -10.348970313912393 0
      vertex -5.419684049886067 -10.382145059522559 0
    endloop
  endfacet
  facet normal 0 0 -1
    outer loop
      vertex -5.424537653775148 -13.09599237334749 0
      vertex -5.419684049886067 -10.382145059522559 0
      vertex -5.25 -10.393266739736603 0
    endloop
  endfacet
  facet normal 0 0 1
    outer loop
      vertex -5.424537653775148 -13.09599237334749 2.5
      vertex -5.5864647586332765 -10.348970313912393 2.5
      vertex -5.7474884620746165 -10.294310132001279 2.5
    endloop
  endfacet
  facet normal 0 0 1
    outer loop
      vertex -5.424537653775148 -13.09599237334749 2.5
      vertex -5.419684049886067 -10.382145059522559 2.5
      vertex -5.5864647586332765 -10.348970313912393 2.5
    endloop
  endfacet
  facet normal 0 0 1
    outer loop
      vertex -5.424537653775148 -13.09599237334749 2.5
      vertex -5.25 -10.393266739736603 2.5
      vertex -5.419684049886067 -10.382145059522559 2.5
    endloop
  endfacet
  facet normal -0.32143946530316203 -0.9469301294951056 0
    outer loop
      vertex -5.424537653775148 -13.09599237334749 0
      vertex -3.6687599643282316 -13.691998587647545 2.5
      vertex -5.424537653775148 -13.09599237334749 2.5
    endloop
  endfacet
  facet normal -0.32143946530316203 -0.9469301294951056 0
    outer loop
      vertex -5.424537653775148 -13.09599237334749 0
      vertex -3.6687599643282316 -13.691998587647545 0
      vertex -3.6687599643282316 -13.691998587647545 2.5
    endloop
  endfacet
  facet normal 0 0 -1
    outer loop
      vertex -5.424537653775148 -13.09599237334749 0
      vertex -5.080315950113933 -10.382145059522559 0
      vertex -3.6687599643282316 -13.691998587647545 0
    endloop
  endfacet
  facet normal 0 0 1
    outer loop
      vertex -5.424537653775148 -13.09599237334749 2.5
      vertex -3.6687599643282316 -13.691998587647545 2.5
      vertex -5.080315950113933 -10.382145059522559 2.5
    endloop
  endfacet
  facet normal 0 0 -1
    outer loop
      vertex -5.424537653775148 -13.09599237334749 0
      vertex -5.25 -10.393266739736603 0
      vertex -5.080315950113933 -10.382145059522559 0
    endloop
  endfacet
  facet normal 0 0 -1
    outer loop
      vertex -3.6687599643282316 -13.691998587647545 0
      vertex -5.080315950113933 -10.382145059522559 0
      vertex -4.913535241366723 -10.348970313912394 0
    endloop
  endfacet
  facet normal 0 0 -1
    outer loop
      vertex -3.6687599643282316 -13.691998587647545 0
      vertex -4.913535241366723 -10.348970313912394 0
      vertex -4.7525115379253835 -10.294310132001279 0
    endloop
  endfacet
  facet normal 0 0 1
    outer loop
      vertex -5.424537653775148 -13.09599237334749 2.5
      vertex -5.080315950113933 -10.382145059522559 2.5
      vertex -5.25 -10.393266739736603 2.5
    endloop
  endfacet
  facet normal 0 0 1
    outer loop
      vertex -3.6687599643282316 -13.691998587647545 2.5
      vertex -4.913535241366723 -10.348970313912394 2.5
      vertex -5.080315950113933 -10.382145059522559 2.5
    endloop
  endfacet
  facet normal 0 0 1
    outer loop
      vertex -3.6687599643282316 -13.691998587647545 2.5
      vertex -4.7525115379253835 -10.294310132001279 2.5
      vertex -4.913535241366723 -10.348970313912394 2.5
    endloop
  endfacet
  facet normal 0 0 -1
    outer loop
      vertex -3.6687599643282316 -13.691998587647545 0
      vertex -4.7525115379253835 -10.294310132001279 0
      vertex -4.6000000000000005 -10.219099764656375 0
    endloop
  endfacet
  facet normal 0 0 -1
    outer loop
      vertex -3.6687599643282316 -13.691998587647545 0
      vertex -4.6000000000000005 -10.219099764656375 0
      vertex -4.458610142288664 -10.124626082115212 0
    endloop
  endfacet
  facet normal 0 0 -1
    outer loop
      vertex -3.6687599643282316 -13.691998587647545 0
      vertex -4.458610142288664 -10.124626082115212 0
      vertex -4.330761184457488 -10.012505555279118 0
    endloop
  endfacet
  facet normal 0 0 -1
    outer loop
      vertex -3.6687599643282316 -13.691998587647545 0
      vertex -4.330761184457488 -10.012505555279118 0
      vertex -4.218640657621394 -9.884656597447943 0
    endloop
  endfacet
  facet normal 0 0 -1
    outer loop
      vertex -3.6687599643282316 -13.691998587647545 0
      vertex -4.218640657621394 -9.884656597447943 0
      vertex -4.12416697508023 -9.743266739736606 0
    endloop
  endfacet
  facet normal 0 0 -1
    outer loop
      vertex -3.6687599643282316 -13.691998587647545 0
      vertex -4.12416697508023 -9.743266739736606 0
      vertex -4.048956607735327 -9.590755201811223 0
    endloop
  endfacet
  facet normal 0 0 -1
    outer loop
      vertex -3.6687599643282316 -13.691998587647545 0
      vertex -4.048956607735327 -9.590755201811223 0
      vertex -3.9942964258242113 -9.429731498369883 0
    endloop
  endfacet
  facet normal 0 0 -1
    outer loop
      vertex -3.6687599643282316 -13.691998587647545 0
      vertex -3.9942964258242113 -9.429731498369883 0
      vertex -3.9611216802140463 -9.262950789622671 0
    endloop
  endfacet
  facet normal 0 0 -1
    outer loop
      vertex -3.6687599643282316 -13.691998587647545 0
      vertex -3.9611216802140463 -9.262950789622671 0
      vertex -3.95 -9.093266739736606 0
    endloop
  endfacet
  facet normal 0 0 1
    outer loop
      vertex -3.6687599643282316 -13.691998587647545 2.5
      vertex -4.6000000000000005 -10.219099764656375 2.5
      vertex -4.7525115379253835 -10.294310132001279 2.5
    endloop
  endfacet
  facet normal 0 0 1
    outer loop
      vertex -3.6687599643282316 -13.691998587647545 2.5
      vertex -4.458610142288664 -10.124626082115212 2.5
      vertex -4.6000000000000005 -10.219099764656375 2.5
    endloop
  endfacet
  facet normal 0 0 1
    outer loop
      vertex -3.6687599643282316 -13.691998587647545 2.5
      vertex -4.330761184457488 -10.012505555279118 2.5
      vertex -4.458610142288664 -10.124626082115212 2.5
    endloop
  endfacet
  facet normal 0 0 1
    outer loop
      vertex -3.6687599643282316 -13.691998587647545 2.5
      vertex -4.218640657621394 -9.884656597447943 2.5
      vertex -4.330761184457488 -10.012505555279118 2.5
    endloop
  endfacet
  facet normal 0 0 1
    outer loop
      vertex -3.6687599643282316 -13.691998587647545 2.5
      vertex -4.12416697508023 -9.743266739736606 2.5
      vertex -4.218640657621394 -9.884656597447943 2.5
    endloop
  endfacet
  facet normal 0 0 1
    outer loop
      vertex -3.6687599643282316 -13.691998587647545 2.5
      vertex -4.048956607735327 -9.590755201811223 2.5
      vertex -4.12416697508023 -9.743266739736606 2.5
    endloop
  endfacet
  facet normal 0 0 1
    outer loop
      vertex -3.6687599643282316 -13.691998587647545 2.5
      vertex -3.9942964258242113 -9.429731498369883 2.5
      vertex -4.048956607735327 -9.590755201811223 2.5
    endloop
  endfacet
  facet normal 0 0 1
    outer loop
      vertex -3.6687599643282316 -13.691998587647545 2.5
      vertex -3.9611216802140463 -9.262950789622671 2.5
      vertex -3.9942964258242113 -9.429731498369883 2.5
    endloop
  endfacet
  facet normal 0 0 1
    outer loop
      vertex -3.6687599643282316 -13.691998587647545 2.5
      vertex -3.95 -9.093266739736606 2.5
      vertex -3.9611216802140463 -9.262950789622671 2.5
    endloop
  endfacet
  facet normal 0 0 -1
    outer loop
      vertex -7.0875 -12.275910098644419 0
      vertex -6.505703574175789 -9.42973149836988 0
      vertex -6.451043392264673 -9.590755201811222 0
    endloop
  endfacet
  facet normal 0 0 -1
    outer loop
      vertex -7.0875 -12.275910098644419 0
      vertex -6.538878319785954 -9.262950789622671 0
      vertex -6.505703574175789 -9.42973149836988 0
    endloop
  endfacet
  facet normal 0 0 -1
    outer loop
      vertex -7.0875 -12.275910098644419 0
      vertex -6.55 -9.093266739736604 0
      vertex -6.538878319785954 -9.262950789622671 0
    endloop
  endfacet
  facet normal 0 0 -1
    outer loop
      vertex -7.0875 -12.275910098644419 0
      vertex -6.451043392264673 -9.590755201811222 0
      vertex -6.375833024919769 -9.743266739736605 0
    endloop
  endfacet
  facet normal 0 0 1
    outer loop
      vertex -7.0875 -12.275910098644419 2.5
      vertex -6.451043392264673 -9.590755201811222 2.5
      vertex -6.505703574175789 -9.42973149836988 2.5
    endloop
  endfacet
  facet normal 0 0 1
    outer loop
      vertex -7.0875 -12.275910098644419 2.5
      vertex -6.505703574175789 -9.42973149836988 2.5
      vertex -6.538878319785954 -9.262950789622671 2.5
    endloop
  endfacet
  facet normal 0 0 1
    outer loop
      vertex -7.0875 -12.275910098644419 2.5
      vertex -6.538878319785954 -9.262950789622671 2.5
      vertex -6.55 -9.093266739736604 2.5
    endloop
  endfacet
  facet normal 0 0 1
    outer loop
      vertex -7.0875 -12.275910098644419 2.5
      vertex -6.375833024919769 -9.743266739736605 2.5
      vertex -6.451043392264673 -9.590755201811222 2.5
    endloop
  endfacet
  facet normal 0 0 1
    outer loop
      vertex -3.6687599643282316 -13.691998587647545 2.5
      vertex -4.242640687119286 -4.242640687119286 2.5
      vertex -3.95 -9.093266739736606 2.5
    endloop
  endfacet
  facet normal 0 0 1
    outer loop
      vertex -4.242640687119286 -4.242640687119286 2.5
      vertex -3.9611216802140463 -8.923582689850539 2.5
      vertex -3.95 -9.093266739736606 2.5
    endloop
  endfacet
  facet normal 0 0 1
    outer loop
      vertex -4.242640687119286 -4.242640687119286 2.5
      vertex -4.124166975080231 -8.443266739736606 2.5
      vertex -4.048956607735327 -8.595778277661989 2.5
    endloop
  endfacet
  facet normal 0 0 1
    outer loop
      vertex -4.242640687119286 -4.242640687119286 2.5
      vertex -3.9942964258242113 -8.75680198110333 2.5
      vertex -3.9611216802140463 -8.923582689850539 2.5
    endloop
  endfacet
  facet normal 0 0 1
    outer loop
      vertex -4.242640687119286 -4.242640687119286 2.5
      vertex -4.048956607735327 -8.595778277661989 2.5
      vertex -3.9942964258242113 -8.75680198110333 2.5
    endloop
  endfacet
  facet normal 0 0 1
    outer loop
      vertex -3.6687599643282316 -13.691998587647545 2.5
      vertex -3.652568574052324 -4.760120041747411 2.5
      vertex -4.242640687119286 -4.242640687119286 2.5
    endloop
  endfacet
  facet normal -0.19509032201612794 -0.9807852804032305 0
    outer loop
      vertex -3.6687599643282316 -13.691998587647545 0
      vertex -1.850208774719231 -14.053730909973764 2.5
      vertex -3.6687599643282316 -13.691998587647545 2.5
    endloop
  endfacet
  facet normal -0.19509032201612794 -0.9807852804032305 0
    outer loop
      vertex -3.6687599643282316 -13.691998587647545 0
      vertex -1.850208774719231 -14.053730909973764 0
      vertex -1.850208774719231 -14.053730909973764 2.5
    endloop
  endfacet
  facet normal 0 0 1
    outer loop
      vertex -3.6687599643282316 -13.691998587647545 2.5
      vertex -1.850208774719231 -14.053730909973764 2.5
      vertex -3 -5.196152422706632 2.5
    endloop
  endfacet
  facet normal -0.06540312923014284 -0.9978589232386036 0
    outer loop
      vertex -1.850208774719231 -14.053730909973764 0
      vertex 0 -14.175 2.5
      vertex -1.850208774719231 -14.053730909973764 2.5
    endloop
  endfacet
  facet normal -0.06540312923014284 -0.9978589232386036 0
    outer loop
      vertex -1.850208774719231 -14.053730909973764 0
      vertex 0 -14.175 0
      vertex 0 -14.175 2.5
    endloop
  endfacet
  facet normal 0 0 1
    outer loop
      vertex -1.850208774719231 -14.053730909973764 2.5
      vertex 0 -14.175 2.5
      vertex -0.7831571533203094 -5.948669168242862 2.5
    endloop
  endfacet
  facet normal 0 0 1
    outer loop
      vertex -3.6687599643282316 -13.691998587647545 2.5
      vertex -3 -5.196152422706632 2.5
      vertex -3.652568574052324 -4.760120041747411 2.5
    endloop
  endfacet
  facet normal 0 0 1
    outer loop
      vertex -1.850208774719231 -14.053730909973764 2.5
      vertex -2.2961005941905386 -5.54327719506772 2.5
      vertex -3 -5.196152422706632 2.5
    endloop
  endfacet
  facet normal 0 0 1
    outer loop
      vertex -1.850208774719231 -14.053730909973764 2.5
      vertex -1.5529142706151244 -5.79555495773441 2.5
      vertex -2.2961005941905386 -5.54327719506772 2.5
    endloop
  endfacet
  facet normal 0 0 1
    outer loop
      vertex -1.850208774719231 -14.053730909973764 2.5
      vertex -0.7831571533203094 -5.948669168242862 2.5
      vertex -1.5529142706151244 -5.79555495773441 2.5
    endloop
  endfacet
  facet normal 0 0 1
    outer loop
      vertex -0.7831571533203094 -5.948669168242862 2.5
      vertex 0 -14.175 2.5
      vertex 0 -6 2.5
    endloop
  endfacet
  facet normal 0 0 1
    outer loop
      vertex -5.948669168242862 -0.7831571533203094 2.5
      vertex -5.7474884620746165 -7.8922233474719325 2.5
      vertex -5.586464758633277 -7.837563165560817 2.5
    endloop
  endfacet
  facet normal 0 0 1
    outer loop
      vertex -5.54327719506772 -2.2961005941905386 2.5
      vertex -5.586464758633277 -7.837563165560817 2.5
      vertex -5.419684049886067 -7.8043884199506515 2.5
    endloop
  endfacet
  facet normal 0 0 -1
    outer loop
      vertex -7.0875 -12.275910098644419 0
      vertex -5.7474884620746165 7.8922233474719325 0
      vertex -6.55 -9.093266739736604 0
    endloop
  endfacet
  facet normal 0 0 1
    outer loop
      vertex -5.54327719506772 -2.2961005941905386 2.5
      vertex -5.419684049886067 -7.8043884199506515 2.5
      vertex -5.196152422706632 -3 2.5
    endloop
  endfacet
  facet normal 0 0 1
    outer loop
      vertex -5.54327719506772 -2.2961005941905386 2.5
      vertex -5.79555495773441 -1.5529142706151244 2.5
      vertex -5.586464758633277 -7.837563165560817 2.5
    endloop
  endfacet
  facet normal 0 0 1
    outer loop
      vertex -4.760120041747411 -3.652568574052324 2.5
      vertex -5.080315950113933 -7.8043884199506515 2.5
      vertex -4.9135352413667235 -7.837563165560818 2.5
    endloop
  endfacet
  facet normal 0 0 1
    outer loop
      vertex -4.760120041747411 -3.652568574052324 2.5
      vertex -5.25 -7.793266739736606 2.5
      vertex -5.080315950113933 -7.8043884199506515 2.5
    endloop
  endfacet
  facet normal 0 0 1
    outer loop
      vertex -4.760120041747411 -3.652568574052324 2.5
      vertex -4.330761184457488 -8.174027924194094 2.5
      vertex -4.218640657621394 -8.301876882025269 2.5
    endloop
  endfacet
  facet normal 0 0 1
    outer loop
      vertex -4.760120041747411 -3.652568574052324 2.5
      vertex -4.9135352413667235 -7.837563165560818 2.5
      vertex -4.7525115379253835 -7.892223347471933 2.5
    endloop
  endfacet
  facet normal 0 0 1
    outer loop
      vertex -4.760120041747411 -3.652568574052324 2.5
      vertex -4.7525115379253835 -7.892223347471933 2.5
      vertex -4.6 -7.967433714816835 2.5
    endloop
  endfacet
  facet normal 0 0 1
    outer loop
      vertex -4.760120041747411 -3.652568574052324 2.5
      vertex -4.6 -7.967433714816835 2.5
      vertex -4.458610142288664 -8.061907397358 2.5
    endloop
  endfacet
  facet normal 0 0 1
    outer loop
      vertex -4.760120041747411 -3.652568574052324 2.5
      vertex -4.458610142288664 -8.061907397358 2.5
      vertex -4.330761184457488 -8.174027924194094 2.5
    endloop
  endfacet
  facet normal 0 0 1
    outer loop
      vertex -5.196152422706632 -3 2.5
      vertex -5.419684049886067 -7.8043884199506515 2.5
      vertex -5.25 -7.793266739736606 2.5
    endloop
  endfacet
  facet normal 0 0 1
    outer loop
      vertex -4.242640687119286 -4.242640687119286 2.5
      vertex -4.218640657621394 -8.301876882025269 2.5
      vertex -4.124166975080231 -8.443266739736606 2.5
    endloop
  endfacet
  facet normal 0 0 1
    outer loop
      vertex -4.760120041747411 -3.652568574052324 2.5
      vertex -4.218640657621394 -8.301876882025269 2.5
      vertex -4.242640687119286 -4.242640687119286 2.5
    endloop
  endfacet
  facet normal 0 0 1
    outer loop
      vertex -4.760120041747411 -3.652568574052324 2.5
      vertex -5.196152422706632 -3 2.5
      vertex -5.25 -7.793266739736606 2.5
    endloop
  endfacet
  facet normal 0 0 -1
    outer loop
      vertex -3.6687599643282316 -13.691998587647545 0
      vertex -3.95 -9.093266739736606 0
      vertex -3.9611216802140463 8.923582689850539 0
    endloop
  endfacet
  facet normal 0 0 -1
    outer loop
      vertex -5.7474884620746165 7.8922233474719325 0
      vertex -6.538878319785954 -8.923582689850539 0
      vertex -6.55 -9.093266739736604 0
    endloop
  endfacet
  facet normal 0 0 -1
    outer loop
      vertex -5.7474884620746165 7.8922233474719325 0
      vertex -6.505703574175788 -8.756801981103328 0
      vertex -6.538878319785954 -8.923582689850539 0
    endloop
  endfacet
  facet normal 0 0 -1
    outer loop
      vertex -5.7474884620746165 7.8922233474719325 0
      vertex -6.451043392264673 -8.595778277661989 0
      vertex -6.505703574175788 -8.756801981103328 0
    endloop
  endfacet
  facet normal 0 0 1
    outer loop
      vertex -7.0875 -12.275910098644419 2.5
      vertex -6.55 -9.093266739736604 2.5
      vertex -7.0875 12.275910098644419 2.5
    endloop
  endfacet
  facet normal 0 0 1
    outer loop
      vertex -7.0875 12.275910098644419 2.5
      vertex -6.55 -9.093266739736604 2.5
      vertex -6.538878319785954 -8.923582689850539 2.5
    endloop
  endfacet
  facet normal 0 0 1
    outer loop
      vertex -7.0875 12.275910098644419 2.5
      vertex -6.538878319785954 -8.923582689850539 2.5
      vertex -6.505703574175788 -8.756801981103328 2.5
    endloop
  endfacet
  facet normal 0 0 -1
    outer loop
      vertex -5.7474884620746165 7.8922233474719325 0
      vertex -6.37583302491977 -8.443266739736606 0
      vertex -6.451043392264673 -8.595778277661989 0
    endloop
  endfacet
  facet normal 0 0 -1
    outer loop
      vertex -5.7474884620746165 7.8922233474719325 0
      vertex -6.281359342378606 -8.301876882025269 0
      vertex -6.37583302491977 -8.443266739736606 0
    endloop
  endfacet
  facet normal 0 0 -1
    outer loop
      vertex -5.7474884620746165 7.8922233474719325 0
      vertex -6.169238815542512 -8.174027924194093 0
      vertex -6.281359342378606 -8.301876882025269 0
    endloop
  endfacet
  facet normal 0 0 -1
    outer loop
      vertex -5.7474884620746165 7.8922233474719325 0
      vertex -6.041389857711336 -8.061907397357999 0
      vertex -6.169238815542512 -8.174027924194093 0
    endloop
  endfacet
  facet normal 0 0 -1
    outer loop
      vertex -5.7474884620746165 7.8922233474719325 0
      vertex -5.8999999999999995 -7.967433714816836 0
      vertex -6.041389857711336 -8.061907397357999 0
    endloop
  endfacet
  facet normal 0 0 1
    outer loop
      vertex -5.79555495773441 -1.5529142706151244 2.5
      vertex -5.948669168242862 -0.7831571533203094 2.5
      vertex -5.586464758633277 -7.837563165560817 2.5
    endloop
  endfacet
  facet normal 0 0 -1
    outer loop
      vertex -5.7474884620746165 7.8922233474719325 0
      vertex -5.7474884620746165 -7.8922233474719325 0
      vertex -5.8999999999999995 -7.967433714816836 0
    endloop
  endfacet
  facet normal 0 0 -1
    outer loop
      vertex -5.586464758633277 -7.837563165560817 0
      vertex -5.7474884620746165 -7.8922233474719325 0
      vertex -5.586464758633277 7.837563165560817 0
    endloop
  endfacet
  facet normal 0 0 -1
    outer loop
      vertex -5.586464758633277 -7.837563165560817 0
      vertex -5.419684049886067 7.8043884199506515 0
      vertex -5.419684049886067 -7.8043884199506515 0
    endloop
  endfacet
  facet normal 0 0 1
    outer loop
      vertex -7.0875 12.275910098644419 2.5
      vertex -6.505703574175788 -8.756801981103328 2.5
      vertex -6.451043392264673 -8.595778277661989 2.5
    endloop
  endfacet
  facet normal 0 0 1
    outer loop
      vertex -7.0875 12.275910098644419 2.5
      vertex -6.451043392264673 -8.595778277661989 2.5
      vertex -6.37583302491977 -8.443266739736606 2.5
    endloop
  endfacet
  facet normal 0 0 1
    outer loop
      vertex -7.0875 12.275910098644419 2.5
      vertex -6.37583302491977 -8.443266739736606 2.5
      vertex -6.281359342378606 -8.301876882025269 2.5
    endloop
  endfacet
  facet normal 0 0 1
    outer loop
      vertex -7.0875 12.275910098644419 2.5
      vertex -6.281359342378606 -8.301876882025269 2.5
      vertex -6.169238815542512 -8.174027924194093 2.5
    endloop
  endfacet
  facet normal 0 0 1
    outer loop
      vertex -7.0875 12.275910098644419 2.5
      vertex -6.169238815542512 -8.174027924194093 2.5
      vertex -6.041389857711336 -8.061907397357999 2.5
    endloop
  endfacet
  facet normal 0 0 1
    outer loop
      vertex -7.0875 12.275910098644419 2.5
      vertex -6.041389857711336 -8.061907397357999 2.5
      vertex -5.8999999999999995 -7.967433714816836 2.5
    endloop
  endfacet
  facet normal 0 0 1
    outer loop
      vertex -7.0875 12.275910098644419 2.5
      vertex -5.8999999999999995 -7.967433714816836 2.5
      vertex -5.7474884620746165 -7.8922233474719325 2.5
    endloop
  endfacet
  facet normal 0 0 -1
    outer loop
      vertex -5.25 -7.793266739736606 0
      vertex -5.419684049886067 -7.8043884199506515 0
      vertex -5.25 7.793266739736606 0
    endloop
  endfacet
  facet normal 0 0 -1
    outer loop
      vertex -5.080315950113933 -7.8043884199506515 0
      vertex -5.25 -7.793266739736606 0
      vertex -5.080315950113933 7.8043884199506515 0
    endloop
  endfacet
  facet normal 0 0 -1
    outer loop
      vertex -3.9611216802140463 8.923582689850539 0
      vertex -4.9135352413667235 -7.837563165560818 0
      vertex -5.080315950113933 -7.8043884199506515 0
    endloop
  endfacet
  facet normal 0 0 -1
    outer loop
      vertex -3.9611216802140463 8.923582689850539 0
      vertex -4.7525115379253835 -7.892223347471933 0
      vertex -4.9135352413667235 -7.837563165560818 0
    endloop
  endfacet
  facet normal 0 0 -1
    outer loop
      vertex -3.9611216802140463 8.923582689850539 0
      vertex -4.6 -7.967433714816835 0
      vertex -4.7525115379253835 -7.892223347471933 0
    endloop
  endfacet
  facet normal 0 0 -1
    outer loop
      vertex -3.9611216802140463 8.923582689850539 0
      vertex -3.9942964258242113 -8.75680198110333 0
      vertex -4.048956607735327 -8.595778277661989 0
    endloop
  endfacet
  facet normal 0 0 -1
    outer loop
      vertex -3.9611216802140463 8.923582689850539 0
      vertex -4.048956607735327 -8.595778277661989 0
      vertex -4.124166975080231 -8.443266739736606 0
    endloop
  endfacet
  facet normal 0 0 -1
    outer loop
      vertex -3.9611216802140463 -8.923582689850539 0
      vertex -3.9611216802140463 8.923582689850539 0
      vertex -3.95 -9.093266739736606 0
    endloop
  endfacet
  facet normal 0 0 -1
    outer loop
      vertex -3.9942964258242113 -8.75680198110333 0
      vertex -3.9611216802140463 8.923582689850539 0
      vertex -3.9611216802140463 -8.923582689850539 0
    endloop
  endfacet
  facet normal 0 0 -1
    outer loop
      vertex -3.9611216802140463 8.923582689850539 0
      vertex -4.330761184457488 -8.174027924194094 0
      vertex -4.458610142288664 -8.061907397358 0
    endloop
  endfacet
  facet normal 0 0 -1
    outer loop
      vertex -3.9611216802140463 8.923582689850539 0
      vertex -4.458610142288664 -8.061907397358 0
      vertex -4.6 -7.967433714816835 0
    endloop
  endfacet
  facet normal 0 0 -1
    outer loop
      vertex -3.9611216802140463 8.923582689850539 0
      vertex -4.124166975080231 -8.443266739736606 0
      vertex -4.218640657621394 -8.301876882025269 0
    endloop
  endfacet
  facet normal 0 0 -1
    outer loop
      vertex -3.9611216802140463 8.923582689850539 0
      vertex -4.218640657621394 -8.301876882025269 0
      vertex -4.330761184457488 -8.174027924194094 0
    endloop
  endfacet
  facet normal 0 0 -1
    outer loop
      vertex -3.6687599643282316 -13.691998587647545 0
      vertex -1.850208774719231 14.053730909973764 0
      vertex -1.850208774719231 -14.053730909973764 0
    endloop
  endfacet
  facet normal 0 0 -1
    outer loop
      vertex -1.850208774719231 -14.053730909973764 0
      vertex 0 14.175 0
      vertex 0 -14.175 0
    endloop
  endfacet
  facet normal 0 0 -1
    outer loop
      vertex -14.053730909973764 -1.850208774719231 0
      vertex -14.175 0 0
      vertex -14.053730909973764 1.850208774719231 0
    endloop
  endfacet
  facet normal -0.9978589232386036 0.06540312923014284 0
    outer loop
      vertex -14.175 0 0
      vertex -14.175 0 2.5
      vertex -14.053730909973764 1.850208774719231 2.5
    endloop
  endfacet
  facet normal 0 0 1
    outer loop
      vertex -14.053730909973764 -1.850208774719231 2.5
      vertex -14.053730909973764 1.850208774719231 2.5
      vertex -14.175 0 2.5
    endloop
  endfacet
  facet normal 0 0 1
    outer loop
      vertex -13.691998587647545 -3.6687599643282316 2.5
      vertex -13.691998587647545 3.6687599643282316 2.5
      vertex -14.053730909973764 1.850208774719231 2.5
    endloop
  endfacet
  facet normal -0.9978589232386036 0.06540312923014284 0
    outer loop
      vertex -14.175 0 0
      vertex -14.053730909973764 1.850208774719231 2.5
      vertex -14.053730909973764 1.850208774719231 0
    endloop
  endfacet
  facet normal 0 0 -1
    outer loop
      vertex -14.053730909973764 -1.850208774719231 0
      vertex -14.053730909973764 1.850208774719231 0
      vertex -13.691998587647545 3.6687599643282316 0
    endloop
  endfacet
  facet normal 0 0 1
    outer loop
      vertex -13.09599237334749 -5.424537653775148 2.5
      vertex -13.09599237334749 5.424537653775148 2.5
      vertex -13.691998587647545 3.6687599643282316 2.5
    endloop
  endfacet
  facet normal -0.9807852804032305 0.19509032201612794 0
    outer loop
      vertex -14.053730909973764 1.850208774719231 0
      vertex -14.053730909973764 1.850208774719231 2.5
      vertex -13.691998587647545 3.6687599643282316 2.5
    endloop
  endfacet
  facet normal 0 0 -1
    outer loop
      vertex -13.691998587647545 -3.6687599643282316 0
      vertex -13.691998587647545 3.6687599643282316 0
      vertex -13.09599237334749 5.424537653775148 0
    endloop
  endfacet
  facet normal -0.9807852804032305 0.19509032201612794 0
    outer loop
      vertex -14.053730909973764 1.850208774719231 0
      vertex -13.691998587647545 3.6687599643282316 2.5
      vertex -13.691998587647545 3.6687599643282316 0
    endloop
  endfacet
  facet normal 0 0 -1
    outer loop
      vertex -13.09599237334749 -5.424537653775148 0
      vertex -13.09599237334749 5.424537653775148 0
      vertex -12.275910098644419 7.0875 0
    endloop
  endfacet
  facet normal 0 0 1
    outer loop
      vertex -12.275910098644419 -7.0875 2.5
      vertex -12.275910098644419 7.0875 2.5
      vertex -13.09599237334749 5.424537653775148 2.5
    endloop
  endfacet
  facet normal 0 0 -1
    outer loop
      vertex -12.275910098644419 -7.0875 0
      vertex -11.24578359862826 8.629193256198615 0
      vertex -11.8 0 0
    endloop
  endfacet
  facet normal 0 0 1
    outer loop
      vertex -12.275910098644419 7.0875 2.5
      vertex -11.8 0 2.5
      vertex -11.788878319785953 0.16968404988606706 2.5
    endloop
  endfacet
  facet normal 0 0 1
    outer loop
      vertex -12.275910098644419 7.0875 2.5
      vertex -11.788878319785953 0.16968404988606706 2.5
      vertex -11.755703574175788 0.33646475863327696 2.5
    endloop
  endfacet
  facet normal 0 0 1
    outer loop
      vertex -12.275910098644419 7.0875 2.5
      vertex -11.755703574175788 0.33646475863327696 2.5
      vertex -11.701043392264673 0.4974884620746167 2.5
    endloop
  endfacet
  facet normal 0 0 -1
    outer loop
      vertex -12.275910098644419 -7.0875 0
      vertex -12.275910098644419 7.0875 0
      vertex -11.24578359862826 8.629193256198615 0
    endloop
  endfacet
  facet normal 0 0 -1
    outer loop
      vertex -11.24578359862826 8.629193256198615 0
      vertex -11.788878319785953 0.16968404988606706 0
      vertex -11.8 0 0
    endloop
  endfacet
  facet normal 0 0 -1
    outer loop
      vertex -11.24578359862826 8.629193256198615 0
      vertex -11.755703574175788 0.33646475863327696 0
      vertex -11.788878319785953 0.16968404988606706 0
    endloop
  endfacet
  facet normal 0 0 -1
    outer loop
      vertex -11.24578359862826 8.629193256198615 0
      vertex -11.701043392264673 0.4974884620746167 0
      vertex -11.755703574175788 0.33646475863327696 0
    endloop
  endfacet
  facet normal 0 0 -1
    outer loop
      vertex -11.24578359862826 8.629193256198615 0
      vertex -11.62583302491977 0.65 0
      vertex -11.701043392264673 0.4974884620746167 0
    endloop
  endfacet
  facet normal 0 0 1
    outer loop
      vertex -12.275910098644419 7.0875 2.5
      vertex -11.701043392264673 0.4974884620746167 2.5
      vertex -11.62583302491977 0.65 2.5
    endloop
  endfacet
  facet normal 0 0 1
    outer loop
      vertex -12.275910098644419 7.0875 2.5
      vertex -11.62583302491977 0.65 2.5
      vertex -11.531359342378606 0.7913898577113369 2.5
    endloop
  endfacet
  facet normal 0 0 1
    outer loop
      vertex -12.275910098644419 7.0875 2.5
      vertex -11.531359342378606 0.7913898577113369 2.5
      vertex -11.419238815542512 0.9192388155425119 2.5
    endloop
  endfacet
  facet normal 0 0 1
    outer loop
      vertex -12.275910098644419 7.0875 2.5
      vertex -11.419238815542512 0.9192388155425119 2.5
      vertex -11.291389857711337 1.0313593423786058 2.5
    endloop
  endfacet
  facet normal 0 0 1
    outer loop
      vertex -12.275910098644419 7.0875 2.5
      vertex -11.291389857711337 1.0313593423786058 2.5
      vertex -11.15 1.12583302491977 2.5
    endloop
  endfacet
  facet normal 0 0 -1
    outer loop
      vertex -11.24578359862826 8.629193256198615 0
      vertex -11.531359342378606 0.7913898577113369 0
      vertex -11.62583302491977 0.65 0
    endloop
  endfacet
  facet normal 0 0 -1
    outer loop
      vertex -11.24578359862826 8.629193256198615 0
      vertex -11.419238815542512 0.9192388155425119 0
      vertex -11.531359342378606 0.7913898577113369 0
    endloop
  endfacet
  facet normal 0 0 -1
    outer loop
      vertex -11.24578359862826 8.629193256198615 0
      vertex -11.291389857711337 1.0313593423786058 0
      vertex -11.419238815542512 0.9192388155425119 0
    endloop
  endfacet
  facet normal -0.9469301294951056 0.32143946530316203 0
    outer loop
      vertex -13.691998587647545 3.6687599643282316 0
      vertex -13.691998587647545 3.6687599643282316 2.5
      vertex -13.09599237334749 5.424537653775148 2.5
    endloop
  endfacet
  facet normal -0.9469301294951056 0.32143946530316203 0
    outer loop
      vertex -13.691998587647545 3.6687599643282316 0
      vertex -13.09599237334749 5.424537653775148 2.5
      vertex -13.09599237334749 5.424537653775148 0
    endloop
  endfacet
  facet normal -0.8968727415326884 0.44228869021900136 0
    outer loop
      vertex -13.09599237334749 5.424537653775148 0
      vertex -13.09599237334749 5.424537653775148 2.5
      vertex -12.275910098644419 7.0875 2.5
    endloop
  endfacet
  facet normal -0.8968727415326884 0.44228869021900136 0
    outer loop
      vertex -13.09599237334749 5.424537653775148 0
      vertex -12.275910098644419 7.0875 2.5
      vertex -12.275910098644419 7.0875 0
    endloop
  endfacet
  facet normal 0 0 -1
    outer loop
      vertex -11.24578359862826 8.629193256198615 0
      vertex -11.15 1.12583302491977 0
      vertex -11.291389857711337 1.0313593423786058 0
    endloop
  endfacet
  facet normal 0 0 -1
    outer loop
      vertex -11.24578359862826 8.629193256198615 0
      vertex -10.997488462074617 1.2010433922646728 0
      vertex -11.15 1.12583302491977 0
    endloop
  endfacet
  facet normal 0 0 -1
    outer loop
      vertex -11.24578359862826 8.629193256198615 0
      vertex -10.836464758633277 1.255703574175789 0
      vertex -10.997488462074617 1.2010433922646728 0
    endloop
  endfacet
  facet normal 0 0 -1
    outer loop
      vertex -11.24578359862826 8.629193256198615 0
      vertex -10.669684049886067 1.2888783197859535 0
      vertex -10.836464758633277 1.255703574175789 0
    endloop
  endfacet
  facet normal 0 0 1
    outer loop
      vertex -11.24578359862826 8.629193256198615 2.5
      vertex -11.15 1.12583302491977 2.5
      vertex -10.997488462074617 1.2010433922646728 2.5
    endloop
  endfacet
  facet normal 0 0 1
    outer loop
      vertex -11.24578359862826 8.629193256198615 2.5
      vertex -10.997488462074617 1.2010433922646728 2.5
      vertex -10.836464758633277 1.255703574175789 2.5
    endloop
  endfacet
  facet normal 0 0 1
    outer loop
      vertex -11.24578359862826 8.629193256198615 2.5
      vertex -10.836464758633277 1.255703574175789 2.5
      vertex -10.669684049886067 1.2888783197859535 2.5
    endloop
  endfacet
  facet normal 0 0 1
    outer loop
      vertex -11.24578359862826 8.629193256198615 2.5
      vertex -10.669684049886067 1.2888783197859535 2.5
      vertex -10.5 1.3 2.5
    endloop
  endfacet
  facet normal 0 0 1
    outer loop
      vertex -11.24578359862826 8.629193256198615 2.5
      vertex -10.5 1.3 2.5
      vertex -10.330315950113933 1.2888783197859535 2.5
    endloop
  endfacet
  facet normal 0 0 1
    outer loop
      vertex -12.275910098644419 7.0875 2.5
      vertex -11.15 1.12583302491977 2.5
      vertex -11.24578359862826 8.629193256198615 2.5
    endloop
  endfacet
  facet normal 0 0 -1
    outer loop
      vertex -11.24578359862826 8.629193256198615 0
      vertex -10.023238623319312 10.023238623319312 0
      vertex -10.669684049886067 1.2888783197859535 0
    endloop
  endfacet
  facet normal 0 0 -1
    outer loop
      vertex -8.629193256198615 -11.24578359862826 0
      vertex -9.2 0 0
      vertex -8.629193256198615 11.24578359862826 0
    endloop
  endfacet
  facet normal 0 0 1
    outer loop
      vertex -8.629193256198615 -11.24578359862826 2.5
      vertex -8.629193256198615 11.24578359862826 2.5
      vertex -9.2 0 2.5
    endloop
  endfacet
  facet normal 0 0 -1
    outer loop
      vertex -10.023238623319312 10.023238623319312 0
      vertex -10.5 1.3 0
      vertex -10.669684049886067 1.2888783197859535 0
    endloop
  endfacet
  facet normal 0 0 -1
    outer loop
      vertex -10.023238623319312 10.023238623319312 0
      vertex -10.330315950113933 1.2888783197859535 0
      vertex -10.5 1.3 0
    endloop
  endfacet
  facet normal 0 0 -1
    outer loop
      vertex -10.023238623319312 10.023238623319312 0
      vertex -10.163535241366723 1.255703574175789 0
      vertex -10.330315950113933 1.2888783197859535 0
    endloop
  endfacet
  facet normal 0 0 -1
    outer loop
      vertex -10.023238623319312 10.023238623319312 0
      vertex -10.002511537925383 1.2010433922646728 0
      vertex -10.163535241366723 1.255703574175789 0
    endloop
  endfacet
  facet normal 0 0 -1
    outer loop
      vertex -10.023238623319312 10.023238623319312 0
      vertex -9.708610142288663 1.0313593423786058 0
      vertex -9.85 1.12583302491977 0
    endloop
  endfacet
  facet normal 0 0 -1
    outer loop
      vertex -10.023238623319312 10.023238623319312 0
      vertex -9.85 1.12583302491977 0
      vertex -10.002511537925383 1.2010433922646728 0
    endloop
  endfacet
  facet normal 0 0 -1
    outer loop
      vertex -10.023238623319312 10.023238623319312 0
      vertex -9.580761184457488 0.9192388155425119 0
      vertex -9.708610142288663 1.0313593423786058 0
    endloop
  endfacet
  facet normal 0 0 1
    outer loop
      vertex -11.24578359862826 8.629193256198615 2.5
      vertex -10.330315950113933 1.2888783197859535 2.5
      vertex -10.163535241366723 1.255703574175789 2.5
    endloop
  endfacet
  facet normal 0 0 1
    outer loop
      vertex -11.24578359862826 8.629193256198615 2.5
      vertex -10.163535241366723 1.255703574175789 2.5
      vertex -10.002511537925383 1.2010433922646728 2.5
    endloop
  endfacet
  facet normal 0 0 1
    outer loop
      vertex -10.023238623319312 10.023238623319312 2.5
      vertex -9.85 1.12583302491977 2.5
      vertex -9.708610142288663 1.0313593423786058 2.5
    endloop
  endfacet
  facet normal 0 0 1
    outer loop
      vertex -10.023238623319312 10.023238623319312 2.5
      vertex -10.002511537925383 1.2010433922646728 2.5
      vertex -9.85 1.12583302491977 2.5
    endloop
  endfacet
  facet normal 0 0 1
    outer loop
      vertex -10.023238623319312 10.023238623319312 2.5
      vertex -9.708610142288663 1.0313593423786058 2.5
      vertex -9.580761184457488 0.9192388155425119 2.5
    endloop
  endfacet
  facet normal 0 0 -1
    outer loop
      vertex -10.023238623319312 10.023238623319312 0
      vertex -9.468640657621394 0.7913898577113369 0
      vertex -9.580761184457488 0.9192388155425119 0
    endloop
  endfacet
  facet normal 0 0 -1
    outer loop
      vertex -10.023238623319312 10.023238623319312 0
      vertex -9.37416697508023 0.65 0
      vertex -9.468640657621394 0.7913898577113369 0
    endloop
  endfacet
  facet normal 0 0 -1
    outer loop
      vertex -8.629193256198615 11.24578359862826 0
      vertex -9.2 0 0
      vertex -9.211121680214047 0.16968404988606706 0
    endloop
  endfacet
  facet normal 0 0 -1
    outer loop
      vertex -8.629193256198615 11.24578359862826 0
      vertex -9.211121680214047 0.16968404988606706 0
      vertex -9.244296425824212 0.33646475863327696 0
    endloop
  endfacet
  facet normal 0 0 -1
    outer loop
      vertex -8.629193256198615 11.24578359862826 0
      vertex -9.298956607735327 0.4974884620746167 0
      vertex -9.37416697508023 0.65 0
    endloop
  endfacet
  facet normal 0 0 -1
    outer loop
      vertex -8.629193256198615 11.24578359862826 0
      vertex -9.244296425824212 0.33646475863327696 0
      vertex -9.298956607735327 0.4974884620746167 0
    endloop
  endfacet
  facet normal 0 0 1
    outer loop
      vertex -10.023238623319312 10.023238623319312 2.5
      vertex -9.580761184457488 0.9192388155425119 2.5
      vertex -9.468640657621394 0.7913898577113369 2.5
    endloop
  endfacet
  facet normal 0 0 1
    outer loop
      vertex -10.023238623319312 10.023238623319312 2.5
      vertex -9.468640657621394 0.7913898577113369 2.5
      vertex -9.37416697508023 0.65 2.5
    endloop
  endfacet
  facet normal 0 0 1
    outer loop
      vertex -8.629193256198615 11.24578359862826 2.5
      vertex -9.211121680214047 0.16968404988606706 2.5
      vertex -9.2 0 2.5
    endloop
  endfacet
  facet normal 0 0 1
    outer loop
      vertex -8.629193256198615 11.24578359862826 2.5
      vertex -9.244296425824212 0.33646475863327696 2.5
      vertex -9.211121680214047 0.16968404988606706 2.5
    endloop
  endfacet
  facet normal 0 0 1
    outer loop
      vertex -8.629193256198615 11.24578359862826 2.5
      vertex -9.37416697508023 0.65 2.5
      vertex -9.298956607735327 0.4974884620746167 2.5
    endloop
  endfacet
  facet normal 0 0 1
    outer loop
      vertex -8.629193256198615 11.24578359862826 2.5
      vertex -9.298956607735327 0.4974884620746167 2.5
      vertex -9.244296425824212 0.33646475863327696 2.5
    endloop
  endfacet
  facet normal 0 0 1
    outer loop
      vertex -11.24578359862826 8.629193256198615 2.5
      vertex -10.002511537925383 1.2010433922646728 2.5
      vertex -10.023238623319312 10.023238623319312 2.5
    endloop
  endfacet
  facet normal 0 0 -1
    outer loop
      vertex -8.629193256198615 -11.24578359862826 0
      vertex -8.629193256198615 11.24578359862826 0
      vertex -7.0875 12.275910098644419 0
    endloop
  endfacet
  facet normal 0 0 1
    outer loop
      vertex -7.0875 -12.275910098644419 2.5
      vertex -7.0875 12.275910098644419 2.5
      vertex -8.629193256198615 11.24578359862826 2.5
    endloop
  endfacet
  facet normal -0.8314696123025452 0.5555702330196023 0
    outer loop
      vertex -12.275910098644419 7.0875 0
      vertex -12.275910098644419 7.0875 2.5
      vertex -11.24578359862826 8.629193256198615 2.5
    endloop
  endfacet
  facet normal -0.8314696123025452 0.5555702330196023 0
    outer loop
      vertex -12.275910098644419 7.0875 0
      vertex -11.24578359862826 8.629193256198615 2.5
      vertex -11.24578359862826 8.629193256198615 0
    endloop
  endfacet
  facet normal -0.7518398074789775 0.6593458151000687 0
    outer loop
      vertex -11.24578359862826 8.629193256198615 0
      vertex -11.24578359862826 8.629193256198615 2.5
      vertex -10.023238623319312 10.023238623319312 2.5
    endloop
  endfacet
  facet normal 0 0 -1
    outer loop
      vertex -10.023238623319312 10.023238623319312 0
      vertex -8.629193256198615 11.24578359862826 0
      vertex -9.37416697508023 0.65 0
    endloop
  endfacet
  facet normal 0 0 1
    outer loop
      vertex -10.023238623319312 10.023238623319312 2.5
      vertex -9.37416697508023 0.65 2.5
      vertex -8.629193256198615 11.24578359862826 2.5
    endloop
  endfacet
  facet normal -0.7518398074789775 0.6593458151000687 0
    outer loop
      vertex -11.24578359862826 8.629193256198615 0
      vertex -10.023238623319312 10.023238623319312 2.5
      vertex -10.023238623319312 10.023238623319312 0
    endloop
  endfacet
  facet normal -0.6593458151000687 0.7518398074789775 0
    outer loop
      vertex -10.023238623319312 10.023238623319312 0
      vertex -10.023238623319312 10.023238623319312 2.5
      vertex -8.629193256198615 11.24578359862826 0
    endloop
  endfacet
  facet normal -0.6593458151000687 0.7518398074789775 0
    outer loop
      vertex -10.023238623319312 10.023238623319312 2.5
      vertex -8.629193256198615 11.24578359862826 2.5
      vertex -8.629193256198615 11.24578359862826 0
    endloop
  endfacet
  facet normal -0.5555702330196023 0.8314696123025452 0
    outer loop
      vertex -8.629193256198615 11.24578359862826 0
      vertex -8.629193256198615 11.24578359862826 2.5
      vertex -7.0875 12.275910098644419 0
    endloop
  endfacet
  facet normal -0.5555702330196023 0.8314696123025452 0
    outer loop
      vertex -8.629193256198615 11.24578359862826 2.5
      vertex -7.0875 12.275910098644419 2.5
      vertex -7.0875 12.275910098644419 0
    endloop
  endfacet
  facet normal 0 0 -1
    outer loop
      vertex -7.0875 -12.275910098644419 0
      vertex -6.505703574175788 8.756801981103328 0
      vertex -6.451043392264673 8.595778277661989 0
    endloop
  endfacet
  facet normal 0 0 -1
    outer loop
      vertex -7.0875 -12.275910098644419 0
      vertex -6.169238815542512 8.174027924194093 0
      vertex -6.041389857711336 8.061907397357999 0
    endloop
  endfacet
  facet normal 0 0 -1
    outer loop
      vertex -7.0875 -12.275910098644419 0
      vertex -6.041389857711336 8.061907397357999 0
      vertex -5.8999999999999995 7.967433714816836 0
    endloop
  endfacet
  facet normal 0 0 -1
    outer loop
      vertex -7.0875 -12.275910098644419 0
      vertex -5.8999999999999995 7.967433714816836 0
      vertex -5.7474884620746165 7.8922233474719325 0
    endloop
  endfacet
  facet normal 0 0 -1
    outer loop
      vertex -7.0875 -12.275910098644419 0
      vertex -6.37583302491977 8.443266739736606 0
      vertex -6.281359342378606 8.301876882025269 0
    endloop
  endfacet
  facet normal 0 0 -1
    outer loop
      vertex -7.0875 -12.275910098644419 0
      vertex -6.281359342378606 8.301876882025269 0
      vertex -6.169238815542512 8.174027924194093 0
    endloop
  endfacet
  facet normal 0 0 -1
    outer loop
      vertex -7.0875 -12.275910098644419 0
      vertex -6.451043392264673 8.595778277661989 0
      vertex -6.37583302491977 8.443266739736606 0
    endloop
  endfacet
  facet normal 0 0 1
    outer loop
      vertex -5.948669168242862 -0.7831571533203094 2.5
      vertex -7.0875 12.275910098644419 2.5
      vertex -5.7474884620746165 -7.8922233474719325 2.5
    endloop
  endfacet
  facet normal 0 0 -1
    outer loop
      vertex -7.0875 -12.275910098644419 0
      vertex -6.538878319785954 8.923582689850539 0
      vertex -6.505703574175788 8.756801981103328 0
    endloop
  endfacet
  facet normal 0 0 -1
    outer loop
      vertex -7.0875 -12.275910098644419 0
      vertex -6.55 9.093266739736604 0
      vertex -6.538878319785954 8.923582689850539 0
    endloop
  endfacet
  facet normal 0 0 -1
    outer loop
      vertex -7.0875 -12.275910098644419 0
      vertex -7.0875 12.275910098644419 0
      vertex -6.55 9.093266739736604 0
    endloop
  endfacet
  facet normal 0 0 -1
    outer loop
      vertex -5.7474884620746165 -7.8922233474719325 0
      vertex -5.7474884620746165 7.8922233474719325 0
      vertex -5.586464758633277 7.837563165560817 0
    endloop
  endfacet
  facet normal 0 0 -1
    outer loop
      vertex -5.586464758633277 -7.837563165560817 0
      vertex -5.586464758633277 7.837563165560817 0
      vertex -5.419684049886067 7.8043884199506515 0
    endloop
  endfacet
  facet normal 0 0 -1
    outer loop
      vertex -5.419684049886067 -7.8043884199506515 0
      vertex -5.419684049886067 7.8043884199506515 0
      vertex -5.25 7.793266739736606 0
    endloop
  endfacet
  facet normal 0 0 -1
    outer loop
      vertex -3.6687599643282316 -13.691998587647545 0
      vertex -3.9611216802140463 8.923582689850539 0
      vertex -3.95 9.093266739736606 0
    endloop
  endfacet
  facet normal 0 0 -1
    outer loop
      vertex -5.25 -7.793266739736606 0
      vertex -5.25 7.793266739736606 0
      vertex -5.080315950113933 7.8043884199506515 0
    endloop
  endfacet
  facet normal 0 0 -1
    outer loop
      vertex -5.080315950113933 -7.8043884199506515 0
      vertex -5.080315950113933 7.8043884199506515 0
      vertex -4.9135352413667235 7.837563165560818 0
    endloop
  endfacet
  facet normal 0 0 -1
    outer loop
      vertex -5.080315950113933 -7.8043884199506515 0
      vertex -4.9135352413667235 7.837563165560818 0
      vertex -4.7525115379253835 7.892223347471933 0
    endloop
  endfacet
  facet normal 0 0 -1
    outer loop
      vertex -5.080315950113933 -7.8043884199506515 0
      vertex -4.7525115379253835 7.892223347471933 0
      vertex -4.6 7.967433714816835 0
    endloop
  endfacet
  facet normal 0 0 -1
    outer loop
      vertex -5.080315950113933 -7.8043884199506515 0
      vertex -4.6 7.967433714816835 0
      vertex -4.458610142288664 8.061907397358 0
    endloop
  endfacet
  facet normal 0 0 -1
    outer loop
      vertex -5.080315950113933 -7.8043884199506515 0
      vertex -4.458610142288664 8.061907397358 0
      vertex -4.330761184457488 8.174027924194094 0
    endloop
  endfacet
  facet normal 0 0 -1
    outer loop
      vertex -5.080315950113933 -7.8043884199506515 0
      vertex -4.330761184457488 8.174027924194094 0
      vertex -4.218640657621394 8.301876882025269 0
    endloop
  endfacet
  facet normal 0 0 -1
    outer loop
      vertex -5.080315950113933 -7.8043884199506515 0
      vertex -4.218640657621394 8.301876882025269 0
      vertex -4.124166975080231 8.443266739736606 0
    endloop
  endfacet
  facet normal 0 0 -1
    outer loop
      vertex -5.080315950113933 -7.8043884199506515 0
      vertex -4.124166975080231 8.443266739736606 0
      vertex -4.048956607735327 8.595778277661989 0
    endloop
  endfacet
  facet normal 0 0 -1
    outer loop
      vertex -5.080315950113933 -7.8043884199506515 0
      vertex -4.048956607735327 8.595778277661989 0
      vertex -3.9942964258242113 8.75680198110333 0
    endloop
  endfacet
  facet normal 0 0 -1
    outer loop
      vertex -5.080315950113933 -7.8043884199506515 0
      vertex -3.9942964258242113 8.75680198110333 0
      vertex -3.9611216802140463 8.923582689850539 0
    endloop
  endfacet
  facet normal 0 0 -1
    outer loop
      vertex -3.6687599643282316 -13.691998587647545 0
      vertex -3.95 9.093266739736606 0
      vertex -3.6687599643282316 13.691998587647545 0
    endloop
  endfacet
  facet normal 0 0 1
    outer loop
      vertex -5.948669168242862 -0.7831571533203094 2.5
      vertex -6 0 2.5
      vertex -7.0875 12.275910098644419 2.5
    endloop
  endfacet
  facet normal 0 0 1
    outer loop
      vertex -6 0 2.5
      vertex -5.948669168242862 0.7831571533203094 2.5
      vertex -7.0875 12.275910098644419 2.5
    endloop
  endfacet
  facet normal 0 0 1
    outer loop
      vertex -5.948669168242862 0.7831571533203094 2.5
      vertex -5.79555495773441 1.5529142706151244 2.5
      vertex -7.0875 12.275910098644419 2.5
    endloop
  endfacet
  facet normal 0 0 1
    outer loop
      vertex -5.54327719506772 2.2961005941905386 2.5
      vertex -5.196152422706632 3 2.5
      vertex -6.281359342378606 8.301876882025269 2.5
    endloop
  endfacet
  facet normal 0 0 1
    outer loop
      vertex -5.79555495773441 1.5529142706151244 2.5
      vertex -5.54327719506772 2.2961005941905386 2.5
      vertex -7.0875 12.275910098644419 2.5
    endloop
  endfacet
  facet normal 0 0 1
    outer loop
      vertex -5.54327719506772 2.2961005941905386 2.5
      vertex -6.281359342378606 8.301876882025269 2.5
      vertex -6.37583302491977 8.443266739736606 2.5
    endloop
  endfacet
  facet normal 0 0 1
    outer loop
      vertex -5.54327719506772 2.2961005941905386 2.5
      vertex -6.37583302491977 8.443266739736606 2.5
      vertex -6.451043392264673 8.595778277661989 2.5
    endloop
  endfacet
  facet normal 0 0 1
    outer loop
      vertex -5.54327719506772 2.2961005941905386 2.5
      vertex -6.451043392264673 8.595778277661989 2.5
      vertex -6.505703574175788 8.756801981103328 2.5
    endloop
  endfacet
  facet normal 0 0 1
    outer loop
      vertex -5.196152422706632 3 2.5
      vertex -6.041389857711336 8.061907397357999 2.5
      vertex -6.169238815542512 8.174027924194093 2.5
    endloop
  endfacet
  facet normal 0 0 1
    outer loop
      vertex -5.196152422706632 3 2.5
      vertex -6.169238815542512 8.174027924194093 2.5
      vertex -6.281359342378606 8.301876882025269 2.5
    endloop
  endfacet
  facet normal 0 0 1
    outer loop
      vertex -5.54327719506772 2.2961005941905386 2.5
      vertex -6.505703574175788 8.756801981103328 2.5
      vertex -6.538878319785954 8.923582689850539 2.5
    endloop
  endfacet
  facet normal 0 0 1
    outer loop
      vertex -5.196152422706632 3 2.5
      vertex -5.8999999999999995 7.967433714816836 2.5
      vertex -6.041389857711336 8.061907397357999 2.5
    endloop
  endfacet
  facet normal 0 0 1
    outer loop
      vertex -5.196152422706632 3 2.5
      vertex -5.7474884620746165 7.8922233474719325 2.5
      vertex -5.8999999999999995 7.967433714816836 2.5
    endloop
  endfacet
  facet normal 0 0 1
    outer loop
      vertex -5.196152422706632 3 2.5
      vertex -5.586464758633277 7.837563165560817 2.5
      vertex -5.7474884620746165 7.8922233474719325 2.5
    endloop
  endfacet
  facet normal 0 0 1
    outer loop
      vertex -5.196152422706632 3 2.5
      vertex -5.419684049886067 7.8043884199506515 2.5
      vertex -5.586464758633277 7.837563165560817 2.5
    endloop
  endfacet
  facet normal 0 0 1
    outer loop
      vertex -5.196152422706632 3 2.5
      vertex -4.760120041747411 3.652568574052324 2.5
      vertex -5.419684049886067 7.8043884199506515 2.5
    endloop
  endfacet
  facet normal 0 0 1
    outer loop
      vertex -4.760120041747411 3.652568574052324 2.5
      vertex -4.242640687119286 4.242640687119286 2.5
      vertex -5.080315950113933 7.8043884199506515 2.5
    endloop
  endfacet
  facet normal 0 0 1
    outer loop
      vertex -4.760120041747411 3.652568574052324 2.5
      vertex -5.25 7.793266739736606 2.5
      vertex -5.419684049886067 7.8043884199506515 2.5
    endloop
  endfacet
  facet normal 0 0 1
    outer loop
      vertex -4.760120041747411 3.652568574052324 2.5
      vertex -5.080315950113933 7.8043884199506515 2.5
      vertex -5.25 7.793266739736606 2.5
    endloop
  endfacet
  facet normal 0 0 1
    outer loop
      vertex -4.242640687119286 4.242640687119286 2.5
      vertex -4.9135352413667235 7.837563165560818 2.5
      vertex -5.080315950113933 7.8043884199506515 2.5
    endloop
  endfacet
  facet normal 0 0 1
    outer loop
      vertex -4.242640687119286 4.242640687119286 2.5
      vertex -4.7525115379253835 7.892223347471933 2.5
      vertex -4.9135352413667235 7.837563165560818 2.5
    endloop
  endfacet
  facet normal 0 0 1
    outer loop
      vertex -4.242640687119286 4.242640687119286 2.5
      vertex -3.652568574052324 4.760120041747411 2.5
      vertex -4.7525115379253835 7.892223347471933 2.5
    endloop
  endfacet
  facet normal 0 0 1
    outer loop
      vertex -3.652568574052324 4.760120041747411 2.5
      vertex -4.6 7.967433714816835 2.5
      vertex -4.7525115379253835 7.892223347471933 2.5
    endloop
  endfacet
  facet normal 0 0 1
    outer loop
      vertex -3.652568574052324 4.760120041747411 2.5
      vertex -4.458610142288664 8.061907397358 2.5
      vertex -4.6 7.967433714816835 2.5
    endloop
  endfacet
  facet normal 0 0 1
    outer loop
      vertex -3.652568574052324 4.760120041747411 2.5
      vertex -4.330761184457488 8.174027924194094 2.5
      vertex -4.458610142288664 8.061907397358 2.5
    endloop
  endfacet
  facet normal 0 0 1
    outer loop
      vertex -3.652568574052324 4.760120041747411 2.5
      vertex -4.218640657621394 8.301876882025269 2.5
      vertex -4.330761184457488 8.174027924194094 2.5
    endloop
  endfacet
  facet normal 0 0 -1
    outer loop
      vertex -3.6687599643282316 -13.691998587647545 0
      vertex -3.6687599643282316 13.691998587647545 0
      vertex -1.850208774719231 14.053730909973764 0
    endloop
  endfacet
  facet normal 0 0 -1
    outer loop
      vertex -1.850208774719231 -14.053730909973764 0
      vertex -1.850208774719231 14.053730909973764 0
      vertex 0 14.175 0
    endloop
  endfacet
  facet normal 0 0 1
    outer loop
      vertex -5.54327719506772 2.2961005941905386 2.5
      vertex -6.538878319785954 8.923582689850539 2.5
      vertex -7.0875 12.275910098644419 2.5
    endloop
  endfacet
  facet normal 0 0 -1
    outer loop
      vertex -7.0875 12.275910098644419 0
      vertex -6.538878319785954 9.262950789622671 0
      vertex -6.55 9.093266739736604 0
    endloop
  endfacet
  facet normal 0 0 -1
    outer loop
      vertex -7.0875 12.275910098644419 0
      vertex -6.505703574175789 9.42973149836988 0
      vertex -6.538878319785954 9.262950789622671 0
    endloop
  endfacet
  facet normal 0 0 -1
    outer loop
      vertex -7.0875 12.275910098644419 0
      vertex -6.451043392264673 9.590755201811222 0
      vertex -6.505703574175789 9.42973149836988 0
    endloop
  endfacet
  facet normal 0 0 -1
    outer loop
      vertex -7.0875 12.275910098644419 0
      vertex -6.375833024919769 9.743266739736605 0
      vertex -6.451043392264673 9.590755201811222 0
    endloop
  endfacet
  facet normal 0 0 1
    outer loop
      vertex -7.0875 12.275910098644419 2.5
      vertex -6.538878319785954 8.923582689850539 2.5
      vertex -6.55 9.093266739736604 2.5
    endloop
  endfacet
  facet normal 0 0 1
    outer loop
      vertex -7.0875 12.275910098644419 2.5
      vertex -6.55 9.093266739736604 2.5
      vertex -6.538878319785954 9.262950789622671 2.5
    endloop
  endfacet
  facet normal 0 0 1
    outer loop
      vertex -7.0875 12.275910098644419 2.5
      vertex -6.538878319785954 9.262950789622671 2.5
      vertex -6.505703574175789 9.42973149836988 2.5
    endloop
  endfacet
  facet normal 0 0 1
    outer loop
      vertex -7.0875 12.275910098644419 2.5
      vertex -6.505703574175789 9.42973149836988 2.5
      vertex -6.451043392264673 9.590755201811222 2.5
    endloop
  endfacet
  facet normal 0 0 1
    outer loop
      vertex -7.0875 12.275910098644419 2.5
      vertex -6.451043392264673 9.590755201811222 2.5
      vertex -6.375833024919769 9.743266739736605 2.5
    endloop
  endfacet
  facet normal 0 0 1
    outer loop
      vertex -3.652568574052324 4.760120041747411 2.5
      vertex -4.124166975080231 8.443266739736606 2.5
      vertex -4.218640657621394 8.301876882025269 2.5
    endloop
  endfacet
  facet normal 0 0 1
    outer loop
      vertex -3.652568574052324 4.760120041747411 2.5
      vertex -4.048956607735327 8.595778277661989 2.5
      vertex -4.124166975080231 8.443266739736606 2.5
    endloop
  endfacet
  facet normal 0 0 1
    outer loop
      vertex -3.652568574052324 4.760120041747411 2.5
      vertex -3.9942964258242113 8.75680198110333 2.5
      vertex -4.048956607735327 8.595778277661989 2.5
    endloop
  endfacet
  facet normal 0 0 1
    outer loop
      vertex -3.652568574052324 4.760120041747411 2.5
      vertex -3.9611216802140463 8.923582689850539 2.5
      vertex -3.9942964258242113 8.75680198110333 2.5
    endloop
  endfacet
  facet normal 0 0 1
    outer loop
      vertex -3.652568574052324 4.760120041747411 2.5
      vertex -3.95 9.093266739736606 2.5
      vertex -3.9611216802140463 8.923582689850539 2.5
    endloop
  endfacet
  facet normal 0 0 1
    outer loop
      vertex -3.652568574052324 4.760120041747411 2.5
      vertex -3.9611216802140463 9.262950789622671 2.5
      vertex -3.95 9.093266739736606 2.5
    endloop
  endfacet
  facet normal 0 0 1
    outer loop
      vertex -3.652568574052324 4.760120041747411 2.5
      vertex -3.6687599643282316 13.691998587647545 2.5
      vertex -3.9611216802140463 9.262950789622671 2.5
    endloop
  endfacet
  facet normal 0 0 -1
    outer loop
      vertex -7.0875 12.275910098644419 0
      vertex -6.281359342378606 9.884656597447941 0
      vertex -6.375833024919769 9.743266739736605 0
    endloop
  endfacet
  facet normal 0 0 -1
    outer loop
      vertex -7.0875 12.275910098644419 0
      vertex -6.169238815542512 10.012505555279116 0
      vertex -6.281359342378606 9.884656597447941 0
    endloop
  endfacet
  facet normal 0 0 -1
    outer loop
      vertex -7.0875 12.275910098644419 0
      vertex -6.041389857711336 10.12462608211521 0
      vertex -6.169238815542512 10.012505555279116 0
    endloop
  endfacet
  facet normal 0 0 -1
    outer loop
      vertex -7.0875 12.275910098644419 0
      vertex -5.9 10.219099764656375 0
      vertex -6.041389857711336 10.12462608211521 0
    endloop
  endfacet
  facet normal 0 0 -1
    outer loop
      vertex -7.0875 12.275910098644419 0
      vertex -5.7474884620746165 10.294310132001279 0
      vertex -5.9 10.219099764656375 0
    endloop
  endfacet
  facet normal 0 0 1
    outer loop
      vertex -7.0875 12.275910098644419 2.5
      vertex -6.375833024919769 9.743266739736605 2.5
      vertex -6.281359342378606 9.884656597447941 2.5
    endloop
  endfacet
  facet normal 0 0 1
    outer loop
      vertex -7.0875 12.275910098644419 2.5
      vertex -6.281359342378606 9.884656597447941 2.5
      vertex -6.169238815542512 10.012505555279116 2.5
    endloop
  endfacet
  facet normal 0 0 1
    outer loop
      vertex -7.0875 12.275910098644419 2.5
      vertex -6.169238815542512 10.012505555279116 2.5
      vertex -6.041389857711336 10.12462608211521 2.5
    endloop
  endfacet
  facet normal 0 0 1
    outer loop
      vertex -7.0875 12.275910098644419 2.5
      vertex -6.041389857711336 10.12462608211521 2.5
      vertex -5.9 10.219099764656375 2.5
    endloop
  endfacet
  facet normal 0 0 1
    outer loop
      vertex -7.0875 12.275910098644419 2.5
      vertex -5.9 10.219099764656375 2.5
      vertex -5.7474884620746165 10.294310132001279 2.5
    endloop
  endfacet
  facet normal 0 0 -1
    outer loop
      vertex -5.424537653775148 13.09599237334749 0
      vertex -5.5864647586332765 10.348970313912393 0
      vertex -5.7474884620746165 10.294310132001279 0
    endloop
  endfacet
  facet normal 0 0 -1
    outer loop
      vertex -5.424537653775148 13.09599237334749 0
      vertex -5.419684049886067 10.382145059522559 0
      vertex -5.5864647586332765 10.348970313912393 0
    endloop
  endfacet
  facet normal 0 0 -1
    outer loop
      vertex -5.424537653775148 13.09599237334749 0
      vertex -5.25 10.393266739736603 0
      vertex -5.419684049886067 10.382145059522559 0
    endloop
  endfacet
  facet normal 0 0 1
    outer loop
      vertex -7.0875 12.275910098644419 2.5
      vertex -5.7474884620746165 10.294310132001279 2.5
      vertex -5.5864647586332765 10.348970313912393 2.5
    endloop
  endfacet
  facet normal 0 0 1
    outer loop
      vertex -7.0875 12.275910098644419 2.5
      vertex -5.5864647586332765 10.348970313912393 2.5
      vertex -5.419684049886067 10.382145059522559 2.5
    endloop
  endfacet
  facet normal 0 0 1
    outer loop
      vertex -5.424537653775148 13.09599237334749 2.5
      vertex -5.419684049886067 10.382145059522559 2.5
      vertex -5.25 10.393266739736603 2.5
    endloop
  endfacet
  facet normal 0 0 -1
    outer loop
      vertex -7.0875 12.275910098644419 0
      vertex -5.424537653775148 13.09599237334749 0
      vertex -5.7474884620746165 10.294310132001279 0
    endloop
  endfacet
  facet normal 0 0 1
    outer loop
      vertex -7.0875 12.275910098644419 2.5
      vertex -5.419684049886067 10.382145059522559 2.5
      vertex -5.424537653775148 13.09599237334749 2.5
    endloop
  endfacet
  facet normal -0.44228869021900136 0.8968727415326884 0
    outer loop
      vertex -7.0875 12.275910098644419 0
      vertex -7.0875 12.275910098644419 2.5
      vertex -5.424537653775148 13.09599237334749 0
    endloop
  endfacet
  facet normal -0.44228869021900136 0.8968727415326884 0
    outer loop
      vertex -7.0875 12.275910098644419 2.5
      vertex -5.424537653775148 13.09599237334749 2.5
      vertex -5.424537653775148 13.09599237334749 0
    endloop
  endfacet
  facet normal 0 0 -1
    outer loop
      vertex -5.424537653775148 13.09599237334749 0
      vertex -5.080315950113933 10.382145059522559 0
      vertex -5.25 10.393266739736603 0
    endloop
  endfacet
  facet normal 0 0 -1
    outer loop
      vertex -3.6687599643282316 13.691998587647545 0
      vertex -4.913535241366723 10.348970313912394 0
      vertex -5.080315950113933 10.382145059522559 0
    endloop
  endfacet
  facet normal 0 0 -1
    outer loop
      vertex -3.6687599643282316 13.691998587647545 0
      vertex -4.7525115379253835 10.294310132001279 0
      vertex -4.913535241366723 10.348970313912394 0
    endloop
  endfacet
  facet normal 0 0 1
    outer loop
      vertex -5.424537653775148 13.09599237334749 2.5
      vertex -5.25 10.393266739736603 2.5
      vertex -5.080315950113933 10.382145059522559 2.5
    endloop
  endfacet
  facet normal 0 0 1
    outer loop
      vertex -5.424537653775148 13.09599237334749 2.5
      vertex -5.080315950113933 10.382145059522559 2.5
      vertex -4.913535241366723 10.348970313912394 2.5
    endloop
  endfacet
  facet normal 0 0 1
    outer loop
      vertex -5.424537653775148 13.09599237334749 2.5
      vertex -4.913535241366723 10.348970313912394 2.5
      vertex -4.7525115379253835 10.294310132001279 2.5
    endloop
  endfacet
  facet normal 0 0 -1
    outer loop
      vertex -5.424537653775148 13.09599237334749 0
      vertex -3.6687599643282316 13.691998587647545 0
      vertex -5.080315950113933 10.382145059522559 0
    endloop
  endfacet
  facet normal 0 0 1
    outer loop
      vertex -5.424537653775148 13.09599237334749 2.5
      vertex -4.7525115379253835 10.294310132001279 2.5
      vertex -3.6687599643282316 13.691998587647545 2.5
    endloop
  endfacet
  facet normal 0 0 -1
    outer loop
      vertex -3.6687599643282316 13.691998587647545 0
      vertex -4.6000000000000005 10.219099764656375 0
      vertex -4.7525115379253835 10.294310132001279 0
    endloop
  endfacet
  facet normal 0 0 -1
    outer loop
      vertex -3.6687599643282316 13.691998587647545 0
      vertex -4.458610142288664 10.124626082115212 0
      vertex -4.6000000000000005 10.219099764656375 0
    endloop
  endfacet
  facet normal 0 0 -1
    outer loop
      vertex -3.6687599643282316 13.691998587647545 0
      vertex -4.330761184457488 10.012505555279118 0
      vertex -4.458610142288664 10.124626082115212 0
    endloop
  endfacet
  facet normal 0 0 -1
    outer loop
      vertex -3.6687599643282316 13.691998587647545 0
      vertex -4.12416697508023 9.743266739736606 0
      vertex -4.218640657621394 9.884656597447943 0
    endloop
  endfacet
  facet normal 0 0 -1
    outer loop
      vertex -3.6687599643282316 13.691998587647545 0
      vertex -4.218640657621394 9.884656597447943 0
      vertex -4.330761184457488 10.012505555279118 0
    endloop
  endfacet
  facet normal 0 0 -1
    outer loop
      vertex -3.6687599643282316 13.691998587647545 0
      vertex -3.95 9.093266739736606 0
      vertex -3.9611216802140463 9.262950789622671 0
    endloop
  endfacet
  facet normal 0 0 -1
    outer loop
      vertex -3.6687599643282316 13.691998587647545 0
      vertex -3.9611216802140463 9.262950789622671 0
      vertex -3.9942964258242113 9.429731498369883 0
    endloop
  endfacet
  facet normal 0 0 -1
    outer loop
      vertex -3.6687599643282316 13.691998587647545 0
      vertex -3.9942964258242113 9.429731498369883 0
      vertex -4.048956607735327 9.590755201811223 0
    endloop
  endfacet
  facet normal 0 0 -1
    outer loop
      vertex -3.6687599643282316 13.691998587647545 0
      vertex -4.048956607735327 9.590755201811223 0
      vertex -4.12416697508023 9.743266739736606 0
    endloop
  endfacet
  facet normal 0 0 1
    outer loop
      vertex -3.6687599643282316 13.691998587647545 2.5
      vertex -4.7525115379253835 10.294310132001279 2.5
      vertex -4.6000000000000005 10.219099764656375 2.5
    endloop
  endfacet
  facet normal 0 0 1
    outer loop
      vertex -3.6687599643282316 13.691998587647545 2.5
      vertex -4.6000000000000005 10.219099764656375 2.5
      vertex -4.458610142288664 10.124626082115212 2.5
    endloop
  endfacet
  facet normal 0 0 1
    outer loop
      vertex -3.6687599643282316 13.691998587647545 2.5
      vertex -4.458610142288664 10.124626082115212 2.5
      vertex -4.330761184457488 10.012505555279118 2.5
    endloop
  endfacet
  facet normal 0 0 1
    outer loop
      vertex -3.6687599643282316 13.691998587647545 2.5
      vertex -4.218640657621394 9.884656597447943 2.5
      vertex -4.12416697508023 9.743266739736606 2.5
    endloop
  endfacet
  facet normal 0 0 1
    outer loop
      vertex -3.6687599643282316 13.691998587647545 2.5
      vertex -4.330761184457488 10.012505555279118 2.5
      vertex -4.218640657621394 9.884656597447943 2.5
    endloop
  endfacet
  facet normal 0 0 1
    outer loop
      vertex -3.6687599643282316 13.691998587647545 2.5
      vertex -3.9942964258242113 9.429731498369883 2.5
      vertex -3.9611216802140463 9.262950789622671 2.5
    endloop
  endfacet
  facet normal 0 0 1
    outer loop
      vertex -3.6687599643282316 13.691998587647545 2.5
      vertex -4.048956607735327 9.590755201811223 2.5
      vertex -3.9942964258242113 9.429731498369883 2.5
    endloop
  endfacet
  facet normal 0 0 1
    outer loop
      vertex -3.6687599643282316 13.691998587647545 2.5
      vertex -4.12416697508023 9.743266739736606 2.5
      vertex -4.048956607735327 9.590755201811223 2.5
    endloop
  endfacet
  facet normal -0.32143946530316203 0.9469301294951056 0
    outer loop
      vertex -5.424537653775148 13.09599237334749 0
      vertex -5.424537653775148 13.09599237334749 2.5
      vertex -3.6687599643282316 13.691998587647545 0
    endloop
  endfacet
  facet normal -0.32143946530316203 0.9469301294951056 0
    outer loop
      vertex -5.424537653775148 13.09599237334749 2.5
      vertex -3.6687599643282316 13.691998587647545 2.5
      vertex -3.6687599643282316 13.691998587647545 0
    endloop
  endfacet
  facet normal 0 0 1
    outer loop
      vertex -3.652568574052324 4.760120041747411 2.5
      vertex -3 5.196152422706632 2.5
      vertex -3.6687599643282316 13.691998587647545 2.5
    endloop
  endfacet
  facet normal 0 0 1
    outer loop
      vertex -3 5.196152422706632 2.5
      vertex -2.2961005941905386 5.54327719506772 2.5
      vertex -3.6687599643282316 13.691998587647545 2.5
    endloop
  endfacet
  facet normal 0 0 1
    outer loop
      vertex -2.2961005941905386 5.54327719506772 2.5
      vertex -1.5529142706151244 5.79555495773441 2.5
      vertex -3.6687599643282316 13.691998587647545 2.5
    endloop
  endfacet
  facet normal 0 0 1
    outer loop
      vertex -1.5529142706151244 5.79555495773441 2.5
      vertex -0.7831571533203094 5.948669168242862 2.5
      vertex -1.850208774719231 14.053730909973764 2.5
    endloop
  endfacet
  facet normal 0 0 1
    outer loop
      vertex -0.7831571533203094 5.948669168242862 2.5
      vertex 0 6 2.5
      vertex -1.850208774719231 14.053730909973764 2.5
    endloop
  endfacet
  facet normal 0 0 1
    outer loop
      vertex -1.5529142706151244 5.79555495773441 2.5
      vertex -1.850208774719231 14.053730909973764 2.5
      vertex -3.6687599643282316 13.691998587647545 2.5
    endloop
  endfacet
  facet normal -0.19509032201612794 0.9807852804032305 0
    outer loop
      vertex -3.6687599643282316 13.691998587647545 0
      vertex -3.6687599643282316 13.691998587647545 2.5
      vertex -1.850208774719231 14.053730909973764 0
    endloop
  endfacet
  facet normal -0.19509032201612794 0.9807852804032305 0
    outer loop
      vertex -3.6687599643282316 13.691998587647545 2.5
      vertex -1.850208774719231 14.053730909973764 2.5
      vertex -1.850208774719231 14.053730909973764 0
    endloop
  endfacet
  facet normal 0 0 1
    outer loop
      vertex -1.850208774719231 14.053730909973764 2.5
      vertex 0 6 2.5
      vertex 0 14.175 2.5
    endloop
  endfacet
  facet normal -0.06540312923014284 0.9978589232386036 0
    outer loop
      vertex -1.850208774719231 14.053730909973764 0
      vertex -1.850208774719231 14.053730909973764 2.5
      vertex 0 14.175 0
    endloop
  endfacet
  facet normal -0.06540312923014284 0.9978589232386036 0
    outer loop
      vertex -1.850208774719231 14.053730909973764 2.5
      vertex 0 14.175 2.5
      vertex 0 14.175 0
    endloop
  endfacet
  facet normal 0.06540312923014284 -0.9978589232386036 0
    outer loop
      vertex 0 -14.175 0
      vertex 1.850208774719231 -14.053730909973764 2.5
      vertex 0 -14.175 2.5
    endloop
  endfacet
  facet normal 0.06540312923014284 -0.9978589232386036 0
    outer loop
      vertex 0 -14.175 0
      vertex 1.850208774719231 -14.053730909973764 0
      vertex 1.850208774719231 -14.053730909973764 2.5
    endloop
  endfacet
  facet normal 0 0 1
    outer loop
      vertex 0 -14.175 2.5
      vertex 1.850208774719231 -14.053730909973764 2.5
      vertex 0 -6 2.5
    endloop
  endfacet
  facet normal 0.19509032201612794 -0.9807852804032305 0
    outer loop
      vertex 1.850208774719231 -14.053730909973764 0
      vertex 3.6687599643282316 -13.691998587647545 2.5
      vertex 1.850208774719231 -14.053730909973764 2.5
    endloop
  endfacet
  facet normal 0.19509032201612794 -0.9807852804032305 0
    outer loop
      vertex 1.850208774719231 -14.053730909973764 0
      vertex 3.6687599643282316 -13.691998587647545 0
      vertex 3.6687599643282316 -13.691998587647545 2.5
    endloop
  endfacet
  facet normal 0 0 1
    outer loop
      vertex 1.850208774719231 -14.053730909973764 2.5
      vertex 3.6687599643282316 -13.691998587647545 2.5
      vertex 1.5529142706151244 -5.79555495773441 2.5
    endloop
  endfacet
  facet normal 0 0 1
    outer loop
      vertex 1.850208774719231 -14.053730909973764 2.5
      vertex 0.7831571533203094 -5.948669168242862 2.5
      vertex 0 -6 2.5
    endloop
  endfacet
  facet normal 0 0 1
    outer loop
      vertex 1.850208774719231 -14.053730909973764 2.5
      vertex 1.5529142706151244 -5.79555495773441 2.5
      vertex 0.7831571533203094 -5.948669168242862 2.5
    endloop
  endfacet
  facet normal 0 0 1
    outer loop
      vertex 3.6687599643282316 -13.691998587647545 2.5
      vertex 2.2961005941905386 -5.54327719506772 2.5
      vertex 1.5529142706151244 -5.79555495773441 2.5
    endloop
  endfacet
  facet normal 0 0 1
    outer loop
      vertex 3.6687599643282316 -13.691998587647545 2.5
      vertex 3 -5.196152422706632 2.5
      vertex 2.2961005941905386 -5.54327719506772 2.5
    endloop
  endfacet
  facet normal 0 0 1
    outer loop
      vertex 3.6687599643282316 -13.691998587647545 2.5
      vertex 3.652568574052324 -4.760120041747411 2.5
      vertex 3 -5.196152422706632 2.5
    endloop
  endfacet
  facet normal 0.32143946530316203 -0.9469301294951056 0
    outer loop
      vertex 3.6687599643282316 -13.691998587647545 0
      vertex 5.424537653775148 -13.09599237334749 2.5
      vertex 3.6687599643282316 -13.691998587647545 2.5
    endloop
  endfacet
  facet normal 0.32143946530316203 -0.9469301294951056 0
    outer loop
      vertex 3.6687599643282316 -13.691998587647545 0
      vertex 5.424537653775148 -13.09599237334749 0
      vertex 5.424537653775148 -13.09599237334749 2.5
    endloop
  endfacet
  facet normal 0 0 -1
    outer loop
      vertex 3.6687599643282316 -13.691998587647545 0
      vertex 4.048956607735327 -9.590755201811223 0
      vertex 4.12416697508023 -9.743266739736606 0
    endloop
  endfacet
  facet normal 0 0 -1
    outer loop
      vertex 3.6687599643282316 -13.691998587647545 0
      vertex 3.9942964258242113 -9.429731498369883 0
      vertex 4.048956607735327 -9.590755201811223 0
    endloop
  endfacet
  facet normal 0 0 -1
    outer loop
      vertex 3.6687599643282316 -13.691998587647545 0
      vertex 3.9611216802140463 -9.262950789622671 0
      vertex 3.9942964258242113 -9.429731498369883 0
    endloop
  endfacet
  facet normal 0 0 -1
    outer loop
      vertex 3.6687599643282316 -13.691998587647545 0
      vertex 3.95 -9.093266739736606 0
      vertex 3.9611216802140463 -9.262950789622671 0
    endloop
  endfacet
  facet normal 0 0 -1
    outer loop
      vertex 3.6687599643282316 -13.691998587647545 0
      vertex 4.218640657621394 -9.884656597447943 0
      vertex 4.330761184457488 -10.012505555279118 0
    endloop
  endfacet
  facet normal 0 0 -1
    outer loop
      vertex 3.6687599643282316 -13.691998587647545 0
      vertex 4.12416697508023 -9.743266739736606 0
      vertex 4.218640657621394 -9.884656597447943 0
    endloop
  endfacet
  facet normal 0 0 -1
    outer loop
      vertex 3.6687599643282316 -13.691998587647545 0
      vertex 4.330761184457488 -10.012505555279118 0
      vertex 4.458610142288664 -10.124626082115212 0
    endloop
  endfacet
  facet normal 0 0 -1
    outer loop
      vertex 3.6687599643282316 -13.691998587647545 0
      vertex 4.458610142288664 -10.124626082115212 0
      vertex 4.6000000000000005 -10.219099764656375 0
    endloop
  endfacet
  facet normal 0 0 -1
    outer loop
      vertex 3.6687599643282316 -13.691998587647545 0
      vertex 4.6000000000000005 -10.219099764656375 0
      vertex 4.7525115379253835 -10.294310132001279 0
    endloop
  endfacet
  facet normal 0 0 1
    outer loop
      vertex 3.6687599643282316 -13.691998587647545 2.5
      vertex 4.12416697508023 -9.743266739736606 2.5
      vertex 4.048956607735327 -9.590755201811223 2.5
    endloop
  endfacet
  facet normal 0 0 1
    outer loop
      vertex 3.6687599643282316 -13.691998587647545 2.5
      vertex 4.048956607735327 -9.590755201811223 2.5
      vertex 3.9942964258242113 -9.429731498369883 2.5
    endloop
  endfacet
  facet normal 0 0 1
    outer loop
      vertex 3.6687599643282316 -13.691998587647545 2.5
      vertex 3.9942964258242113 -9.429731498369883 2.5
      vertex 3.9611216802140463 -9.262950789622671 2.5
    endloop
  endfacet
  facet normal 0 0 1
    outer loop
      vertex 3.6687599643282316 -13.691998587647545 2.5
      vertex 4.330761184457488 -10.012505555279118 2.5
      vertex 4.218640657621394 -9.884656597447943 2.5
    endloop
  endfacet
  facet normal 0 0 1
    outer loop
      vertex 3.6687599643282316 -13.691998587647545 2.5
      vertex 4.218640657621394 -9.884656597447943 2.5
      vertex 4.12416697508023 -9.743266739736606 2.5
    endloop
  endfacet
  facet normal 0 0 1
    outer loop
      vertex 3.6687599643282316 -13.691998587647545 2.5
      vertex 4.458610142288664 -10.124626082115212 2.5
      vertex 4.330761184457488 -10.012505555279118 2.5
    endloop
  endfacet
  facet normal 0 0 1
    outer loop
      vertex 3.6687599643282316 -13.691998587647545 2.5
      vertex 4.6000000000000005 -10.219099764656375 2.5
      vertex 4.458610142288664 -10.124626082115212 2.5
    endloop
  endfacet
  facet normal 0 0 1
    outer loop
      vertex 3.6687599643282316 -13.691998587647545 2.5
      vertex 4.7525115379253835 -10.294310132001279 2.5
      vertex 4.6000000000000005 -10.219099764656375 2.5
    endloop
  endfacet
  facet normal 0 0 -1
    outer loop
      vertex 3.6687599643282316 -13.691998587647545 0
      vertex 5.080315950113933 -10.382145059522559 0
      vertex 5.424537653775148 -13.09599237334749 0
    endloop
  endfacet
  facet normal 0 0 1
    outer loop
      vertex 3.6687599643282316 -13.691998587647545 2.5
      vertex 5.424537653775148 -13.09599237334749 2.5
      vertex 4.7525115379253835 -10.294310132001279 2.5
    endloop
  endfacet
  facet normal 0 0 -1
    outer loop
      vertex 3.6687599643282316 -13.691998587647545 0
      vertex 4.7525115379253835 -10.294310132001279 0
      vertex 4.913535241366723 -10.348970313912394 0
    endloop
  endfacet
  facet normal 0 0 -1
    outer loop
      vertex 3.6687599643282316 -13.691998587647545 0
      vertex 4.913535241366723 -10.348970313912394 0
      vertex 5.080315950113933 -10.382145059522559 0
    endloop
  endfacet
  facet normal 0 0 -1
    outer loop
      vertex 5.424537653775148 -13.09599237334749 0
      vertex 5.080315950113933 -10.382145059522559 0
      vertex 5.25 -10.393266739736603 0
    endloop
  endfacet
  facet normal 0 0 1
    outer loop
      vertex 5.424537653775148 -13.09599237334749 2.5
      vertex 4.913535241366723 -10.348970313912394 2.5
      vertex 4.7525115379253835 -10.294310132001279 2.5
    endloop
  endfacet
  facet normal 0 0 1
    outer loop
      vertex 5.424537653775148 -13.09599237334749 2.5
      vertex 5.080315950113933 -10.382145059522559 2.5
      vertex 4.913535241366723 -10.348970313912394 2.5
    endloop
  endfacet
  facet normal 0 0 1
    outer loop
      vertex 5.424537653775148 -13.09599237334749 2.5
      vertex 5.25 -10.393266739736603 2.5
      vertex 5.080315950113933 -10.382145059522559 2.5
    endloop
  endfacet
  facet normal 0.44228869021900136 -0.8968727415326884 0
    outer loop
      vertex 5.424537653775148 -13.09599237334749 0
      vertex 7.0875 -12.275910098644419 2.5
      vertex 5.424537653775148 -13.09599237334749 2.5
    endloop
  endfacet
  facet normal 0.44228869021900136 -0.8968727415326884 0
    outer loop
      vertex 5.424537653775148 -13.09599237334749 0
      vertex 7.0875 -12.275910098644419 0
      vertex 7.0875 -12.275910098644419 2.5
    endloop
  endfacet
  facet normal 0 0 -1
    outer loop
      vertex 5.424537653775148 -13.09599237334749 0
      vertex 5.7474884620746165 -10.294310132001279 0
      vertex 7.0875 -12.275910098644419 0
    endloop
  endfacet
  facet normal 0 0 1
    outer loop
      vertex 5.424537653775148 -13.09599237334749 2.5
      vertex 7.0875 -12.275910098644419 2.5
      vertex 5.419684049886067 -10.382145059522559 2.5
    endloop
  endfacet
  facet normal 0 0 -1
    outer loop
      vertex 5.424537653775148 -13.09599237334749 0
      vertex 5.25 -10.393266739736603 0
      vertex 5.419684049886067 -10.382145059522559 0
    endloop
  endfacet
  facet normal 0 0 -1
    outer loop
      vertex 5.424537653775148 -13.09599237334749 0
      vertex 5.419684049886067 -10.382145059522559 0
      vertex 5.5864647586332765 -10.348970313912393 0
    endloop
  endfacet
  facet normal 0 0 -1
    outer loop
      vertex 5.424537653775148 -13.09599237334749 0
      vertex 5.5864647586332765 -10.348970313912393 0
      vertex 5.7474884620746165 -10.294310132001279 0
    endloop
  endfacet
  facet normal 0 0 1
    outer loop
      vertex 5.424537653775148 -13.09599237334749 2.5
      vertex 5.419684049886067 -10.382145059522559 2.5
      vertex 5.25 -10.393266739736603 2.5
    endloop
  endfacet
  facet normal 0 0 1
    outer loop
      vertex 7.0875 -12.275910098644419 2.5
      vertex 5.5864647586332765 -10.348970313912393 2.5
      vertex 5.419684049886067 -10.382145059522559 2.5
    endloop
  endfacet
  facet normal 0 0 1
    outer loop
      vertex 7.0875 -12.275910098644419 2.5
      vertex 5.7474884620746165 -10.294310132001279 2.5
      vertex 5.5864647586332765 -10.348970313912393 2.5
    endloop
  endfacet
  facet normal 0 0 -1
    outer loop
      vertex 7.0875 -12.275910098644419 0
      vertex 5.7474884620746165 -10.294310132001279 0
      vertex 5.9 -10.219099764656375 0
    endloop
  endfacet
  facet normal 0 0 -1
    outer loop
      vertex 7.0875 -12.275910098644419 0
      vertex 5.9 -10.219099764656375 0
      vertex 6.041389857711336 -10.12462608211521 0
    endloop
  endfacet
  facet normal 0 0 -1
    outer loop
      vertex 7.0875 -12.275910098644419 0
      vertex 6.041389857711336 -10.12462608211521 0
      vertex 6.169238815542512 -10.012505555279116 0
    endloop
  endfacet
  facet normal 0 0 -1
    outer loop
      vertex 7.0875 -12.275910098644419 0
      vertex 6.169238815542512 -10.012505555279116 0
      vertex 6.281359342378606 -9.884656597447941 0
    endloop
  endfacet
  facet normal 0 0 -1
    outer loop
      vertex 7.0875 -12.275910098644419 0
      vertex 6.281359342378606 -9.884656597447941 0
      vertex 6.375833024919769 -9.743266739736605 0
    endloop
  endfacet
  facet normal 0 0 1
    outer loop
      vertex 7.0875 -12.275910098644419 2.5
      vertex 5.9 -10.219099764656375 2.5
      vertex 5.7474884620746165 -10.294310132001279 2.5
    endloop
  endfacet
  facet normal 0 0 1
    outer loop
      vertex 7.0875 -12.275910098644419 2.5
      vertex 6.041389857711336 -10.12462608211521 2.5
      vertex 5.9 -10.219099764656375 2.5
    endloop
  endfacet
  facet normal 0 0 1
    outer loop
      vertex 7.0875 -12.275910098644419 2.5
      vertex 6.169238815542512 -10.012505555279116 2.5
      vertex 6.041389857711336 -10.12462608211521 2.5
    endloop
  endfacet
  facet normal 0 0 1
    outer loop
      vertex 7.0875 -12.275910098644419 2.5
      vertex 6.281359342378606 -9.884656597447941 2.5
      vertex 6.169238815542512 -10.012505555279116 2.5
    endloop
  endfacet
  facet normal 0 0 1
    outer loop
      vertex 7.0875 -12.275910098644419 2.5
      vertex 6.375833024919769 -9.743266739736605 2.5
      vertex 6.281359342378606 -9.884656597447941 2.5
    endloop
  endfacet
  facet normal 0 0 1
    outer loop
      vertex 3.6687599643282316 -13.691998587647545 2.5
      vertex 3.9611216802140463 -9.262950789622671 2.5
      vertex 3.652568574052324 -4.760120041747411 2.5
    endloop
  endfacet
  facet normal 0 0 1
    outer loop
      vertex 3.652568574052324 -4.760120041747411 2.5
      vertex 3.9611216802140463 -9.262950789622671 2.5
      vertex 3.95 -9.093266739736606 2.5
    endloop
  endfacet
  facet normal 0 0 1
    outer loop
      vertex 3.652568574052324 -4.760120041747411 2.5
      vertex 3.95 -9.093266739736606 2.5
      vertex 3.9611216802140463 -8.923582689850539 2.5
    endloop
  endfacet
  facet normal 0 0 1
    outer loop
      vertex 3.652568574052324 -4.760120041747411 2.5
      vertex 3.9611216802140463 -8.923582689850539 2.5
      vertex 3.9942964258242113 -8.75680198110333 2.5
    endloop
  endfacet
  facet normal 0 0 1
    outer loop
      vertex 3.652568574052324 -4.760120041747411 2.5
      vertex 3.9942964258242113 -8.75680198110333 2.5
      vertex 4.048956607735327 -8.595778277661989 2.5
    endloop
  endfacet
  facet normal 0 0 1
    outer loop
      vertex 3.652568574052324 -4.760120041747411 2.5
      vertex 4.048956607735327 -8.595778277661989 2.5
      vertex 4.124166975080231 -8.443266739736606 2.5
    endloop
  endfacet
  facet normal 0 0 1
    outer loop
      vertex 3.652568574052324 -4.760120041747411 2.5
      vertex 4.124166975080231 -8.443266739736606 2.5
      vertex 4.218640657621394 -8.301876882025269 2.5
    endloop
  endfacet
  facet normal 0 0 -1
    outer loop
      vertex 7.0875 -12.275910098644419 0
      vertex 6.375833024919769 -9.743266739736605 0
      vertex 6.451043392264673 -9.590755201811222 0
    endloop
  endfacet
  facet normal 0 0 -1
    outer loop
      vertex 7.0875 -12.275910098644419 0
      vertex 6.451043392264673 -9.590755201811222 0
      vertex 6.505703574175789 -9.42973149836988 0
    endloop
  endfacet
  facet normal 0 0 -1
    outer loop
      vertex 7.0875 -12.275910098644419 0
      vertex 6.505703574175789 -9.42973149836988 0
      vertex 6.538878319785954 -9.262950789622671 0
    endloop
  endfacet
  facet normal 0 0 -1
    outer loop
      vertex 7.0875 -12.275910098644419 0
      vertex 6.538878319785954 -9.262950789622671 0
      vertex 6.55 -9.093266739736604 0
    endloop
  endfacet
  facet normal 0 0 1
    outer loop
      vertex 7.0875 -12.275910098644419 2.5
      vertex 6.451043392264673 -9.590755201811222 2.5
      vertex 6.375833024919769 -9.743266739736605 2.5
    endloop
  endfacet
  facet normal 0 0 1
    outer loop
      vertex 7.0875 -12.275910098644419 2.5
      vertex 6.505703574175789 -9.42973149836988 2.5
      vertex 6.451043392264673 -9.590755201811222 2.5
    endloop
  endfacet
  facet normal 0 0 1
    outer loop
      vertex 7.0875 -12.275910098644419 2.5
      vertex 6.538878319785954 -9.262950789622671 2.5
      vertex 6.505703574175789 -9.42973149836988 2.5
    endloop
  endfacet
  facet normal 0 0 1
    outer loop
      vertex 7.0875 -12.275910098644419 2.5
      vertex 6.55 -9.093266739736604 2.5
      vertex 6.538878319785954 -9.262950789622671 2.5
    endloop
  endfacet
  facet normal 0 0 1
    outer loop
      vertex 7.0875 -12.275910098644419 2.5
      vertex 6.538878319785954 -8.923582689850539 2.5
      vertex 6.55 -9.093266739736604 2.5
    endloop
  endfacet
  facet normal 0 0 1
    outer loop
      vertex 5.54327719506772 -2.2961005941905386 2.5
      vertex 6.538878319785954 -8.923582689850539 2.5
      vertex 7.0875 -12.275910098644419 2.5
    endloop
  endfacet
  facet normal 0 0 -1
    outer loop
      vertex 0 -14.175 0
      vertex 1.850208774719231 14.053730909973764 0
      vertex 1.850208774719231 -14.053730909973764 0
    endloop
  endfacet
  facet normal 0 0 -1
    outer loop
      vertex 1.850208774719231 -14.053730909973764 0
      vertex 3.6687599643282316 13.691998587647545 0
      vertex 3.6687599643282316 -13.691998587647545 0
    endloop
  endfacet
  facet normal 0 0 1
    outer loop
      vertex 3.652568574052324 -4.760120041747411 2.5
      vertex 4.218640657621394 -8.301876882025269 2.5
      vertex 4.330761184457488 -8.174027924194094 2.5
    endloop
  endfacet
  facet normal 0 0 1
    outer loop
      vertex 3.652568574052324 -4.760120041747411 2.5
      vertex 4.330761184457488 -8.174027924194094 2.5
      vertex 4.458610142288664 -8.061907397358 2.5
    endloop
  endfacet
  facet normal 0 0 1
    outer loop
      vertex 3.652568574052324 -4.760120041747411 2.5
      vertex 4.458610142288664 -8.061907397358 2.5
      vertex 4.6 -7.967433714816835 2.5
    endloop
  endfacet
  facet normal 0 0 1
    outer loop
      vertex 3.652568574052324 -4.760120041747411 2.5
      vertex 4.6 -7.967433714816835 2.5
      vertex 4.7525115379253835 -7.892223347471933 2.5
    endloop
  endfacet
  facet normal 0 0 1
    outer loop
      vertex 3.652568574052324 -4.760120041747411 2.5
      vertex 4.7525115379253835 -7.892223347471933 2.5
      vertex 4.242640687119286 -4.242640687119286 2.5
    endloop
  endfacet
  facet normal 0 0 1
    outer loop
      vertex 4.242640687119286 -4.242640687119286 2.5
      vertex 4.7525115379253835 -7.892223347471933 2.5
      vertex 4.9135352413667235 -7.837563165560818 2.5
    endloop
  endfacet
  facet normal 0 0 1
    outer loop
      vertex 4.242640687119286 -4.242640687119286 2.5
      vertex 4.9135352413667235 -7.837563165560818 2.5
      vertex 5.080315950113933 -7.8043884199506515 2.5
    endloop
  endfacet
  facet normal 0 0 1
    outer loop
      vertex 4.760120041747411 -3.652568574052324 2.5
      vertex 5.080315950113933 -7.8043884199506515 2.5
      vertex 5.25 -7.793266739736606 2.5
    endloop
  endfacet
  facet normal 0 0 1
    outer loop
      vertex 4.760120041747411 -3.652568574052324 2.5
      vertex 5.25 -7.793266739736606 2.5
      vertex 5.419684049886067 -7.8043884199506515 2.5
    endloop
  endfacet
  facet normal 0 0 1
    outer loop
      vertex 4.242640687119286 -4.242640687119286 2.5
      vertex 5.080315950113933 -7.8043884199506515 2.5
      vertex 4.760120041747411 -3.652568574052324 2.5
    endloop
  endfacet
  facet normal 0 0 1
    outer loop
      vertex 4.760120041747411 -3.652568574052324 2.5
      vertex 5.419684049886067 -7.8043884199506515 2.5
      vertex 5.196152422706632 -3 2.5
    endloop
  endfacet
  facet normal 0 0 1
    outer loop
      vertex 5.196152422706632 -3 2.5
      vertex 5.419684049886067 -7.8043884199506515 2.5
      vertex 5.586464758633277 -7.837563165560817 2.5
    endloop
  endfacet
  facet normal 0 0 1
    outer loop
      vertex 5.196152422706632 -3 2.5
      vertex 5.586464758633277 -7.837563165560817 2.5
      vertex 5.7474884620746165 -7.8922233474719325 2.5
    endloop
  endfacet
  facet normal 0 0 1
    outer loop
      vertex 5.196152422706632 -3 2.5
      vertex 5.7474884620746165 -7.8922233474719325 2.5
      vertex 5.8999999999999995 -7.967433714816836 2.5
    endloop
  endfacet
  facet normal 0 0 1
    outer loop
      vertex 5.196152422706632 -3 2.5
      vertex 5.8999999999999995 -7.967433714816836 2.5
      vertex 6.041389857711336 -8.061907397357999 2.5
    endloop
  endfacet
  facet normal 0 0 1
    outer loop
      vertex 5.54327719506772 -2.2961005941905386 2.5
      vertex 6.505703574175788 -8.756801981103328 2.5
      vertex 6.538878319785954 -8.923582689850539 2.5
    endloop
  endfacet
  facet normal 0 0 1
    outer loop
      vertex 5.196152422706632 -3 2.5
      vertex 6.169238815542512 -8.174027924194093 2.5
      vertex 6.281359342378606 -8.301876882025269 2.5
    endloop
  endfacet
  facet normal 0 0 1
    outer loop
      vertex 5.196152422706632 -3 2.5
      vertex 6.041389857711336 -8.061907397357999 2.5
      vertex 6.169238815542512 -8.174027924194093 2.5
    endloop
  endfacet
  facet normal 0 0 1
    outer loop
      vertex 5.54327719506772 -2.2961005941905386 2.5
      vertex 6.451043392264673 -8.595778277661989 2.5
      vertex 6.505703574175788 -8.756801981103328 2.5
    endloop
  endfacet
  facet normal 0 0 1
    outer loop
      vertex 5.54327719506772 -2.2961005941905386 2.5
      vertex 6.37583302491977 -8.443266739736606 2.5
      vertex 6.451043392264673 -8.595778277661989 2.5
    endloop
  endfacet
  facet normal 0 0 1
    outer loop
      vertex 5.54327719506772 -2.2961005941905386 2.5
      vertex 6.281359342378606 -8.301876882025269 2.5
      vertex 6.37583302491977 -8.443266739736606 2.5
    endloop
  endfacet
  facet normal 0 0 1
    outer loop
      vertex 5.54327719506772 -2.2961005941905386 2.5
      vertex 7.0875 -12.275910098644419 2.5
      vertex 5.79555495773441 -1.5529142706151244 2.5
    endloop
  endfacet
  facet normal 0 0 1
    outer loop
      vertex 5.196152422706632 -3 2.5
      vertex 6.281359342378606 -8.301876882025269 2.5
      vertex 5.54327719506772 -2.2961005941905386 2.5
    endloop
  endfacet
  facet normal 0 0 1
    outer loop
      vertex 5.79555495773441 -1.5529142706151244 2.5
      vertex 7.0875 -12.275910098644419 2.5
      vertex 5.948669168242862 -0.7831571533203094 2.5
    endloop
  endfacet
  facet normal 0 0 1
    outer loop
      vertex 5.948669168242862 -0.7831571533203094 2.5
      vertex 7.0875 -12.275910098644419 2.5
      vertex 6 0 2.5
    endloop
  endfacet
  facet normal 0 0 1
    outer loop
      vertex 7.0875 -12.275910098644419 2.5
      vertex 5.948669168242862 0.7831571533203094 2.5
      vertex 6 0 2.5
    endloop
  endfacet
  facet normal 0 0 -1
    outer loop
      vertex 3.6687599643282316 -13.691998587647545 0
      vertex 3.6687599643282316 13.691998587647545 0
      vertex 3.95 -9.093266739736606 0
    endloop
  endfacet
  facet normal 0 0 -1
    outer loop
      vertex 3.9611216802140463 -8.923582689850539 0
      vertex 5.080315950113933 7.8043884199506515 0
      vertex 3.9942964258242113 -8.75680198110333 0
    endloop
  endfacet
  facet normal 0 0 -1
    outer loop
      vertex 5.080315950113933 7.8043884199506515 0
      vertex 4.048956607735327 -8.595778277661989 0
      vertex 3.9942964258242113 -8.75680198110333 0
    endloop
  endfacet
  facet normal 0 0 -1
    outer loop
      vertex 5.080315950113933 7.8043884199506515 0
      vertex 4.124166975080231 -8.443266739736606 0
      vertex 4.048956607735327 -8.595778277661989 0
    endloop
  endfacet
  facet normal 0 0 -1
    outer loop
      vertex 5.080315950113933 7.8043884199506515 0
      vertex 4.218640657621394 -8.301876882025269 0
      vertex 4.124166975080231 -8.443266739736606 0
    endloop
  endfacet
  facet normal 0 0 -1
    outer loop
      vertex 5.080315950113933 7.8043884199506515 0
      vertex 4.330761184457488 -8.174027924194094 0
      vertex 4.218640657621394 -8.301876882025269 0
    endloop
  endfacet
  facet normal 0 0 -1
    outer loop
      vertex 5.080315950113933 7.8043884199506515 0
      vertex 4.458610142288664 -8.061907397358 0
      vertex 4.330761184457488 -8.174027924194094 0
    endloop
  endfacet
  facet normal 0 0 -1
    outer loop
      vertex 5.080315950113933 7.8043884199506515 0
      vertex 4.6 -7.967433714816835 0
      vertex 4.458610142288664 -8.061907397358 0
    endloop
  endfacet
  facet normal 0 0 -1
    outer loop
      vertex 5.080315950113933 7.8043884199506515 0
      vertex 4.7525115379253835 -7.892223347471933 0
      vertex 4.6 -7.967433714816835 0
    endloop
  endfacet
  facet normal 0 0 -1
    outer loop
      vertex 5.080315950113933 7.8043884199506515 0
      vertex 4.9135352413667235 -7.837563165560818 0
      vertex 4.7525115379253835 -7.892223347471933 0
    endloop
  endfacet
  facet normal 0 0 -1
    outer loop
      vertex 5.080315950113933 -7.8043884199506515 0
      vertex 4.9135352413667235 -7.837563165560818 0
      vertex 5.080315950113933 7.8043884199506515 0
    endloop
  endfacet
  facet normal 0 0 -1
    outer loop
      vertex 5.25 -7.793266739736606 0
      vertex 5.080315950113933 -7.8043884199506515 0
      vertex 5.25 7.793266739736606 0
    endloop
  endfacet
  facet normal 0 0 -1
    outer loop
      vertex 3.6687599643282316 13.691998587647545 0
      vertex 3.9611216802140463 -8.923582689850539 0
      vertex 3.95 -9.093266739736606 0
    endloop
  endfacet
  facet normal 0 0 -1
    outer loop
      vertex 5.419684049886067 -7.8043884199506515 0
      vertex 5.25 -7.793266739736606 0
      vertex 5.419684049886067 7.8043884199506515 0
    endloop
  endfacet
  facet normal 0 0 -1
    outer loop
      vertex 5.586464758633277 -7.837563165560817 0
      vertex 5.419684049886067 -7.8043884199506515 0
      vertex 5.586464758633277 7.837563165560817 0
    endloop
  endfacet
  facet normal 0 0 -1
    outer loop
      vertex 5.7474884620746165 -7.8922233474719325 0
      vertex 5.586464758633277 -7.837563165560817 0
      vertex 5.7474884620746165 7.8922233474719325 0
    endloop
  endfacet
  facet normal 0 0 -1
    outer loop
      vertex 7.0875 -12.275910098644419 0
      vertex 6.55 -9.093266739736604 0
      vertex 7.0875 12.275910098644419 0
    endloop
  endfacet
  facet normal 0 0 -1
    outer loop
      vertex 7.0875 12.275910098644419 0
      vertex 6.55 -9.093266739736604 0
      vertex 6.538878319785954 -8.923582689850539 0
    endloop
  endfacet
  facet normal 0 0 -1
    outer loop
      vertex 7.0875 12.275910098644419 0
      vertex 6.538878319785954 -8.923582689850539 0
      vertex 6.505703574175788 -8.756801981103328 0
    endloop
  endfacet
  facet normal 0 0 -1
    outer loop
      vertex 7.0875 12.275910098644419 0
      vertex 6.451043392264673 -8.595778277661989 0
      vertex 6.37583302491977 -8.443266739736606 0
    endloop
  endfacet
  facet normal 0 0 -1
    outer loop
      vertex 7.0875 12.275910098644419 0
      vertex 6.281359342378606 -8.301876882025269 0
      vertex 6.169238815542512 -8.174027924194093 0
    endloop
  endfacet
  facet normal 0 0 -1
    outer loop
      vertex 7.0875 12.275910098644419 0
      vertex 6.37583302491977 -8.443266739736606 0
      vertex 6.281359342378606 -8.301876882025269 0
    endloop
  endfacet
  facet normal 0 0 -1
    outer loop
      vertex 7.0875 12.275910098644419 0
      vertex 5.8999999999999995 -7.967433714816836 0
      vertex 5.7474884620746165 -7.8922233474719325 0
    endloop
  endfacet
  facet normal 0 0 -1
    outer loop
      vertex 7.0875 12.275910098644419 0
      vertex 6.041389857711336 -8.061907397357999 0
      vertex 5.8999999999999995 -7.967433714816836 0
    endloop
  endfacet
  facet normal 0 0 -1
    outer loop
      vertex 7.0875 12.275910098644419 0
      vertex 6.169238815542512 -8.174027924194093 0
      vertex 6.041389857711336 -8.061907397357999 0
    endloop
  endfacet
  facet normal 0 0 -1
    outer loop
      vertex 7.0875 12.275910098644419 0
      vertex 6.505703574175788 -8.756801981103328 0
      vertex 6.451043392264673 -8.595778277661989 0
    endloop
  endfacet
  facet normal 0 0 1
    outer loop
      vertex 7.0875 -12.275910098644419 2.5
      vertex 5.7474884620746165 7.8922233474719325 2.5
      vertex 5.948669168242862 0.7831571533203094 2.5
    endloop
  endfacet
  facet normal 0.5555702330196023 -0.8314696123025452 0
    outer loop
      vertex 7.0875 -12.275910098644419 0
      vertex 8.629193256198615 -11.24578359862826 2.5
      vertex 7.0875 -12.275910098644419 2.5
    endloop
  endfacet
  facet normal 0.5555702330196023 -0.8314696123025452 0
    outer loop
      vertex 7.0875 -12.275910098644419 0
      vertex 8.629193256198615 -11.24578359862826 0
      vertex 8.629193256198615 -11.24578359862826 2.5
    endloop
  endfacet
  facet normal 0.6593458151000687 -0.7518398074789775 0
    outer loop
      vertex 8.629193256198615 -11.24578359862826 0
      vertex 10.023238623319312 -10.023238623319312 2.5
      vertex 8.629193256198615 -11.24578359862826 2.5
    endloop
  endfacet
  facet normal 0.6593458151000687 -0.7518398074789775 0
    outer loop
      vertex 8.629193256198615 -11.24578359862826 0
      vertex 10.023238623319312 -10.023238623319312 0
      vertex 10.023238623319312 -10.023238623319312 2.5
    endloop
  endfacet
  facet normal 0.7518398074789775 -0.6593458151000687 0
    outer loop
      vertex 10.023238623319312 -10.023238623319312 0
      vertex 11.24578359862826 -8.629193256198615 0
      vertex 10.023238623319312 -10.023238623319312 2.5
    endloop
  endfacet
  facet normal 0 0 -1
    outer loop
      vertex 8.629193256198615 -11.24578359862826 0
      vertex 9.37416697508023 -0.65 0
      vertex 10.023238623319312 -10.023238623319312 0
    endloop
  endfacet
  facet normal 0 0 1
    outer loop
      vertex 8.629193256198615 -11.24578359862826 2.5
      vertex 10.023238623319312 -10.023238623319312 2.5
      vertex 9.37416697508023 -0.65 2.5
    endloop
  endfacet
  facet normal 0.7518398074789775 -0.6593458151000687 0
    outer loop
      vertex 10.023238623319312 -10.023238623319312 2.5
      vertex 11.24578359862826 -8.629193256198615 0
      vertex 11.24578359862826 -8.629193256198615 2.5
    endloop
  endfacet
  facet normal 0.8314696123025452 -0.5555702330196023 0
    outer loop
      vertex 11.24578359862826 -8.629193256198615 0
      vertex 12.275910098644419 -7.0875 0
      vertex 11.24578359862826 -8.629193256198615 2.5
    endloop
  endfacet
  facet normal 0.8314696123025452 -0.5555702330196023 0
    outer loop
      vertex 11.24578359862826 -8.629193256198615 2.5
      vertex 12.275910098644419 -7.0875 0
      vertex 12.275910098644419 -7.0875 2.5
    endloop
  endfacet
  facet normal 0 0 1
    outer loop
      vertex 7.0875 -12.275910098644419 2.5
      vertex 8.629193256198615 -11.24578359862826 2.5
      vertex 7.0875 12.275910098644419 2.5
    endloop
  endfacet
  facet normal 0 0 -1
    outer loop
      vertex 7.0875 -12.275910098644419 0
      vertex 8.629193256198615 11.24578359862826 0
      vertex 8.629193256198615 -11.24578359862826 0
    endloop
  endfacet
  facet normal 0 0 1
    outer loop
      vertex 10.023238623319312 -10.023238623319312 2.5
      vertex 11.24578359862826 -8.629193256198615 2.5
      vertex 10.002511537925383 -1.2010433922646728 2.5
    endloop
  endfacet
  facet normal 0 0 -1
    outer loop
      vertex 8.629193256198615 -11.24578359862826 0
      vertex 9.244296425824212 -0.33646475863327696 0
      vertex 9.298956607735327 -0.4974884620746167 0
    endloop
  endfacet
  facet normal 0 0 -1
    outer loop
      vertex 8.629193256198615 -11.24578359862826 0
      vertex 9.298956607735327 -0.4974884620746167 0
      vertex 9.37416697508023 -0.65 0
    endloop
  endfacet
  facet normal 0 0 -1
    outer loop
      vertex 8.629193256198615 -11.24578359862826 0
      vertex 9.211121680214047 -0.16968404988606706 0
      vertex 9.244296425824212 -0.33646475863327696 0
    endloop
  endfacet
  facet normal 0 0 -1
    outer loop
      vertex 8.629193256198615 -11.24578359862826 0
      vertex 9.2 0 0
      vertex 9.211121680214047 -0.16968404988606706 0
    endloop
  endfacet
  facet normal 0 0 -1
    outer loop
      vertex 10.023238623319312 -10.023238623319312 0
      vertex 9.37416697508023 -0.65 0
      vertex 9.468640657621394 -0.7913898577113369 0
    endloop
  endfacet
  facet normal 0 0 -1
    outer loop
      vertex 10.023238623319312 -10.023238623319312 0
      vertex 9.468640657621394 -0.7913898577113369 0
      vertex 9.580761184457488 -0.9192388155425119 0
    endloop
  endfacet
  facet normal 0 0 1
    outer loop
      vertex 8.629193256198615 -11.24578359862826 2.5
      vertex 9.298956607735327 -0.4974884620746167 2.5
      vertex 9.244296425824212 -0.33646475863327696 2.5
    endloop
  endfacet
  facet normal 0 0 1
    outer loop
      vertex 8.629193256198615 -11.24578359862826 2.5
      vertex 9.37416697508023 -0.65 2.5
      vertex 9.298956607735327 -0.4974884620746167 2.5
    endloop
  endfacet
  facet normal 0 0 1
    outer loop
      vertex 8.629193256198615 -11.24578359862826 2.5
      vertex 9.244296425824212 -0.33646475863327696 2.5
      vertex 9.211121680214047 -0.16968404988606706 2.5
    endloop
  endfacet
  facet normal 0 0 1
    outer loop
      vertex 8.629193256198615 -11.24578359862826 2.5
      vertex 9.211121680214047 -0.16968404988606706 2.5
      vertex 9.2 0 2.5
    endloop
  endfacet
  facet normal 0 0 1
    outer loop
      vertex 10.023238623319312 -10.023238623319312 2.5
      vertex 9.468640657621394 -0.7913898577113369 2.5
      vertex 9.37416697508023 -0.65 2.5
    endloop
  endfacet
  facet normal 0 0 1
    outer loop
      vertex 10.023238623319312 -10.023238623319312 2.5
      vertex 9.580761184457488 -0.9192388155425119 2.5
      vertex 9.468640657621394 -0.7913898577113369 2.5
    endloop
  endfacet
  facet normal 0 0 -1
    outer loop
      vertex 10.023238623319312 -10.023238623319312 0
      vertex 9.580761184457488 -0.9192388155425119 0
      vertex 9.708610142288663 -1.0313593423786058 0
    endloop
  endfacet
  facet normal 0 0 -1
    outer loop
      vertex 10.023238623319312 -10.023238623319312 0
      vertex 9.85 -1.12583302491977 0
      vertex 10.002511537925383 -1.2010433922646728 0
    endloop
  endfacet
  facet normal 0 0 -1
    outer loop
      vertex 10.023238623319312 -10.023238623319312 0
      vertex 9.708610142288663 -1.0313593423786058 0
      vertex 9.85 -1.12583302491977 0
    endloop
  endfacet
  facet normal 0 0 -1
    outer loop
      vertex 10.023238623319312 -10.023238623319312 0
      vertex 10.002511537925383 -1.2010433922646728 0
      vertex 10.163535241366723 -1.255703574175789 0
    endloop
  endfacet
  facet normal 0 0 -1
    outer loop
      vertex 10.023238623319312 -10.023238623319312 0
      vertex 10.163535241366723 -1.255703574175789 0
      vertex 10.330315950113933 -1.2888783197859535 0
    endloop
  endfacet
  facet normal 0 0 -1
    outer loop
      vertex 10.023238623319312 -10.023238623319312 0
      vertex 10.330315950113933 -1.2888783197859535 0
      vertex 10.5 -1.3 0
    endloop
  endfacet
  facet normal 0 0 -1
    outer loop
      vertex 10.023238623319312 -10.023238623319312 0
      vertex 10.5 -1.3 0
      vertex 10.669684049886067 -1.2888783197859535 0
    endloop
  endfacet
  facet normal 0 0 1
    outer loop
      vertex 10.023238623319312 -10.023238623319312 2.5
      vertex 9.708610142288663 -1.0313593423786058 2.5
      vertex 9.580761184457488 -0.9192388155425119 2.5
    endloop
  endfacet
  facet normal 0 0 1
    outer loop
      vertex 10.023238623319312 -10.023238623319312 2.5
      vertex 10.002511537925383 -1.2010433922646728 2.5
      vertex 9.85 -1.12583302491977 2.5
    endloop
  endfacet
  facet normal 0 0 1
    outer loop
      vertex 10.023238623319312 -10.023238623319312 2.5
      vertex 9.85 -1.12583302491977 2.5
      vertex 9.708610142288663 -1.0313593423786058 2.5
    endloop
  endfacet
  facet normal 0 0 1
    outer loop
      vertex 11.24578359862826 -8.629193256198615 2.5
      vertex 10.163535241366723 -1.255703574175789 2.5
      vertex 10.002511537925383 -1.2010433922646728 2.5
    endloop
  endfacet
  facet normal 0 0 1
    outer loop
      vertex 11.24578359862826 -8.629193256198615 2.5
      vertex 10.330315950113933 -1.2888783197859535 2.5
      vertex 10.163535241366723 -1.255703574175789 2.5
    endloop
  endfacet
  facet normal 0 0 -1
    outer loop
      vertex 10.023238623319312 -10.023238623319312 0
      vertex 10.669684049886067 -1.2888783197859535 0
      vertex 11.24578359862826 -8.629193256198615 0
    endloop
  endfacet
  facet normal 0 0 1
    outer loop
      vertex 11.24578359862826 -8.629193256198615 2.5
      vertex 12.275910098644419 -7.0875 2.5
      vertex 11.15 -1.12583302491977 2.5
    endloop
  endfacet
  facet normal 0 0 -1
    outer loop
      vertex 11.24578359862826 -8.629193256198615 0
      vertex 10.669684049886067 -1.2888783197859535 0
      vertex 10.836464758633277 -1.255703574175789 0
    endloop
  endfacet
  facet normal 0 0 -1
    outer loop
      vertex 11.24578359862826 -8.629193256198615 0
      vertex 10.836464758633277 -1.255703574175789 0
      vertex 10.997488462074617 -1.2010433922646728 0
    endloop
  endfacet
  facet normal 0 0 -1
    outer loop
      vertex 11.24578359862826 -8.629193256198615 0
      vertex 10.997488462074617 -1.2010433922646728 0
      vertex 11.15 -1.12583302491977 0
    endloop
  endfacet
  facet normal 0 0 -1
    outer loop
      vertex 11.24578359862826 -8.629193256198615 0
      vertex 11.15 -1.12583302491977 0
      vertex 11.291389857711337 -1.0313593423786058 0
    endloop
  endfacet
  facet normal 0 0 1
    outer loop
      vertex 11.24578359862826 -8.629193256198615 2.5
      vertex 10.5 -1.3 2.5
      vertex 10.330315950113933 -1.2888783197859535 2.5
    endloop
  endfacet
  facet normal 0 0 1
    outer loop
      vertex 11.24578359862826 -8.629193256198615 2.5
      vertex 10.669684049886067 -1.2888783197859535 2.5
      vertex 10.5 -1.3 2.5
    endloop
  endfacet
  facet normal 0 0 1
    outer loop
      vertex 11.24578359862826 -8.629193256198615 2.5
      vertex 10.836464758633277 -1.255703574175789 2.5
      vertex 10.669684049886067 -1.2888783197859535 2.5
    endloop
  endfacet
  facet normal 0 0 1
    outer loop
      vertex 11.24578359862826 -8.629193256198615 2.5
      vertex 10.997488462074617 -1.2010433922646728 2.5
      vertex 10.836464758633277 -1.255703574175789 2.5
    endloop
  endfacet
  facet normal 0 0 1
    outer loop
      vertex 11.24578359862826 -8.629193256198615 2.5
      vertex 11.15 -1.12583302491977 2.5
      vertex 10.997488462074617 -1.2010433922646728 2.5
    endloop
  endfacet
  facet normal 0.8968727415326884 -0.44228869021900136 0
    outer loop
      vertex 12.275910098644419 -7.0875 0
      vertex 13.09599237334749 -5.424537653775148 0
      vertex 12.275910098644419 -7.0875 2.5
    endloop
  endfacet
  facet normal 0.8968727415326884 -0.44228869021900136 0
    outer loop
      vertex 12.275910098644419 -7.0875 2.5
      vertex 13.09599237334749 -5.424537653775148 0
      vertex 13.09599237334749 -5.424537653775148 2.5
    endloop
  endfacet
  facet normal 0.9469301294951056 -0.32143946530316203 0
    outer loop
      vertex 13.09599237334749 -5.424537653775148 0
      vertex 13.691998587647545 -3.6687599643282316 0
      vertex 13.09599237334749 -5.424537653775148 2.5
    endloop
  endfacet
  facet normal 0.9469301294951056 -0.32143946530316203 0
    outer loop
      vertex 13.09599237334749 -5.424537653775148 2.5
      vertex 13.691998587647545 -3.6687599643282316 0
      vertex 13.691998587647545 -3.6687599643282316 2.5
    endloop
  endfacet
  facet normal 0 0 -1
    outer loop
      vertex 11.24578359862826 -8.629193256198615 0
      vertex 11.291389857711337 -1.0313593423786058 0
      vertex 11.419238815542512 -0.9192388155425119 0
    endloop
  endfacet
  facet normal 0 0 -1
    outer loop
      vertex 11.24578359862826 -8.629193256198615 0
      vertex 11.419238815542512 -0.9192388155425119 0
      vertex 11.531359342378606 -0.7913898577113369 0
    endloop
  endfacet
  facet normal 0 0 -1
    outer loop
      vertex 11.24578359862826 -8.629193256198615 0
      vertex 11.531359342378606 -0.7913898577113369 0
      vertex 11.62583302491977 -0.65 0
    endloop
  endfacet
  facet normal 0 0 -1
    outer loop
      vertex 11.24578359862826 -8.629193256198615 0
      vertex 11.62583302491977 -0.65 0
      vertex 11.701043392264673 -0.4974884620746167 0
    endloop
  endfacet
  facet normal 0 0 -1
    outer loop
      vertex 11.24578359862826 -8.629193256198615 0
      vertex 11.701043392264673 -0.4974884620746167 0
      vertex 11.755703574175788 -0.33646475863327696 0
    endloop
  endfacet
  facet normal 0 0 -1
    outer loop
      vertex 11.24578359862826 -8.629193256198615 0
      vertex 11.755703574175788 -0.33646475863327696 0
      vertex 11.788878319785953 -0.16968404988606706 0
    endloop
  endfacet
  facet normal 0 0 -1
    outer loop
      vertex 11.24578359862826 -8.629193256198615 0
      vertex 11.788878319785953 -0.16968404988606706 0
      vertex 11.8 0 0
    endloop
  endfacet
  facet normal 0 0 -1
    outer loop
      vertex 11.24578359862826 -8.629193256198615 0
      vertex 12.275910098644419 7.0875 0
      vertex 12.275910098644419 -7.0875 0
    endloop
  endfacet
  facet normal 0 0 1
    outer loop
      vertex 12.275910098644419 -7.0875 2.5
      vertex 11.291389857711337 -1.0313593423786058 2.5
      vertex 11.15 -1.12583302491977 2.5
    endloop
  endfacet
  facet normal 0 0 1
    outer loop
      vertex 12.275910098644419 -7.0875 2.5
      vertex 11.419238815542512 -0.9192388155425119 2.5
      vertex 11.291389857711337 -1.0313593423786058 2.5
    endloop
  endfacet
  facet normal 0 0 1
    outer loop
      vertex 12.275910098644419 -7.0875 2.5
      vertex 11.531359342378606 -0.7913898577113369 2.5
      vertex 11.419238815542512 -0.9192388155425119 2.5
    endloop
  endfacet
  facet normal 0 0 1
    outer loop
      vertex 12.275910098644419 -7.0875 2.5
      vertex 11.62583302491977 -0.65 2.5
      vertex 11.531359342378606 -0.7913898577113369 2.5
    endloop
  endfacet
  facet normal 0 0 1
    outer loop
      vertex 12.275910098644419 -7.0875 2.5
      vertex 11.701043392264673 -0.4974884620746167 2.5
      vertex 11.62583302491977 -0.65 2.5
    endloop
  endfacet
  facet normal 0 0 1
    outer loop
      vertex 12.275910098644419 -7.0875 2.5
      vertex 11.755703574175788 -0.33646475863327696 2.5
      vertex 11.701043392264673 -0.4974884620746167 2.5
    endloop
  endfacet
  facet normal 0 0 1
    outer loop
      vertex 12.275910098644419 -7.0875 2.5
      vertex 11.788878319785953 -0.16968404988606706 2.5
      vertex 11.755703574175788 -0.33646475863327696 2.5
    endloop
  endfacet
  facet normal 0 0 1
    outer loop
      vertex 12.275910098644419 -7.0875 2.5
      vertex 11.8 0 2.5
      vertex 11.788878319785953 -0.16968404988606706 2.5
    endloop
  endfacet
  facet normal 0 0 -1
    outer loop
      vertex 11.24578359862826 -8.629193256198615 0
      vertex 11.8 0 0
      vertex 12.275910098644419 7.0875 0
    endloop
  endfacet
  facet normal 0 0 -1
    outer loop
      vertex 12.275910098644419 -7.0875 0
      vertex 13.09599237334749 5.424537653775148 0
      vertex 13.09599237334749 -5.424537653775148 0
    endloop
  endfacet
  facet normal 0 0 1
    outer loop
      vertex 12.275910098644419 -7.0875 2.5
      vertex 13.09599237334749 -5.424537653775148 2.5
      vertex 12.275910098644419 7.0875 2.5
    endloop
  endfacet
  facet normal 0.9807852804032305 -0.19509032201612794 0
    outer loop
      vertex 13.691998587647545 -3.6687599643282316 0
      vertex 14.053730909973764 -1.850208774719231 0
      vertex 13.691998587647545 -3.6687599643282316 2.5
    endloop
  endfacet
  facet normal 0 0 -1
    outer loop
      vertex 13.09599237334749 -5.424537653775148 0
      vertex 13.691998587647545 3.6687599643282316 0
      vertex 13.691998587647545 -3.6687599643282316 0
    endloop
  endfacet
  facet normal 0.9807852804032305 -0.19509032201612794 0
    outer loop
      vertex 13.691998587647545 -3.6687599643282316 2.5
      vertex 14.053730909973764 -1.850208774719231 0
      vertex 14.053730909973764 -1.850208774719231 2.5
    endloop
  endfacet
  facet normal 0 0 -1
    outer loop
      vertex 13.691998587647545 -3.6687599643282316 0
      vertex 14.053730909973764 1.850208774719231 0
      vertex 14.053730909973764 -1.850208774719231 0
    endloop
  endfacet
  facet normal 0.9978589232386036 -0.06540312923014284 0
    outer loop
      vertex 14.053730909973764 -1.850208774719231 0
      vertex 14.175 0 0
      vertex 14.053730909973764 -1.850208774719231 2.5
    endloop
  endfacet
  facet normal 0 0 1
    outer loop
      vertex 13.09599237334749 -5.424537653775148 2.5
      vertex 13.691998587647545 -3.6687599643282316 2.5
      vertex 13.09599237334749 5.424537653775148 2.5
    endloop
  endfacet
  facet normal 0.9978589232386036 -0.06540312923014284 0
    outer loop
      vertex 14.053730909973764 -1.850208774719231 2.5
      vertex 14.175 0 0
      vertex 14.175 0 2.5
    endloop
  endfacet
  facet normal 0 0 1
    outer loop
      vertex 13.691998587647545 -3.6687599643282316 2.5
      vertex 14.053730909973764 -1.850208774719231 2.5
      vertex 13.691998587647545 3.6687599643282316 2.5
    endloop
  endfacet
  facet normal 0 0 -1
    outer loop
      vertex 0 -14.175 0
      vertex 0 14.175 0
      vertex 1.850208774719231 14.053730909973764 0
    endloop
  endfacet
  facet normal 0 0 -1
    outer loop
      vertex 1.850208774719231 -14.053730909973764 0
      vertex 1.850208774719231 14.053730909973764 0
      vertex 3.6687599643282316 13.691998587647545 0
    endloop
  endfacet
  facet normal 0 0 -1
    outer loop
      vertex 3.9611216802140463 -8.923582689850539 0
      vertex 4.218640657621394 8.301876882025269 0
      vertex 4.330761184457488 8.174027924194094 0
    endloop
  endfacet
  facet normal 0 0 -1
    outer loop
      vertex 3.9611216802140463 -8.923582689850539 0
      vertex 4.124166975080231 8.443266739736606 0
      vertex 4.218640657621394 8.301876882025269 0
    endloop
  endfacet
  facet normal 0 0 -1
    outer loop
      vertex 3.9611216802140463 -8.923582689850539 0
      vertex 4.458610142288664 8.061907397358 0
      vertex 4.6 7.967433714816835 0
    endloop
  endfacet
  facet normal 0 0 -1
    outer loop
      vertex 3.9611216802140463 -8.923582689850539 0
      vertex 4.330761184457488 8.174027924194094 0
      vertex 4.458610142288664 8.061907397358 0
    endloop
  endfacet
  facet normal 0 0 -1
    outer loop
      vertex 3.9611216802140463 -8.923582689850539 0
      vertex 3.9611216802140463 8.923582689850539 0
      vertex 3.9942964258242113 8.75680198110333 0
    endloop
  endfacet
  facet normal 0 0 -1
    outer loop
      vertex 3.9611216802140463 -8.923582689850539 0
      vertex 3.95 9.093266739736606 0
      vertex 3.9611216802140463 8.923582689850539 0
    endloop
  endfacet
  facet normal 0 0 -1
    outer loop
      vertex 3.9611216802140463 -8.923582689850539 0
      vertex 4.048956607735327 8.595778277661989 0
      vertex 4.124166975080231 8.443266739736606 0
    endloop
  endfacet
  facet normal 0 0 -1
    outer loop
      vertex 3.9611216802140463 -8.923582689850539 0
      vertex 3.9942964258242113 8.75680198110333 0
      vertex 4.048956607735327 8.595778277661989 0
    endloop
  endfacet
  facet normal 0 0 -1
    outer loop
      vertex 3.9611216802140463 -8.923582689850539 0
      vertex 4.6 7.967433714816835 0
      vertex 4.7525115379253835 7.892223347471933 0
    endloop
  endfacet
  facet normal 0 0 -1
    outer loop
      vertex 3.9611216802140463 -8.923582689850539 0
      vertex 4.7525115379253835 7.892223347471933 0
      vertex 4.9135352413667235 7.837563165560818 0
    endloop
  endfacet
  facet normal 0 0 -1
    outer loop
      vertex 3.9611216802140463 -8.923582689850539 0
      vertex 4.9135352413667235 7.837563165560818 0
      vertex 5.080315950113933 7.8043884199506515 0
    endloop
  endfacet
  facet normal 0 0 -1
    outer loop
      vertex 5.080315950113933 -7.8043884199506515 0
      vertex 5.080315950113933 7.8043884199506515 0
      vertex 5.25 7.793266739736606 0
    endloop
  endfacet
  facet normal 0 0 -1
    outer loop
      vertex 5.25 -7.793266739736606 0
      vertex 5.25 7.793266739736606 0
      vertex 5.419684049886067 7.8043884199506515 0
    endloop
  endfacet
  facet normal 0 0 1
    outer loop
      vertex 7.0875 -12.275910098644419 2.5
      vertex 5.8999999999999995 7.967433714816836 2.5
      vertex 5.7474884620746165 7.8922233474719325 2.5
    endloop
  endfacet
  facet normal 0 0 1
    outer loop
      vertex 7.0875 -12.275910098644419 2.5
      vertex 6.041389857711336 8.061907397357999 2.5
      vertex 5.8999999999999995 7.967433714816836 2.5
    endloop
  endfacet
  facet normal 0 0 1
    outer loop
      vertex 7.0875 -12.275910098644419 2.5
      vertex 6.169238815542512 8.174027924194093 2.5
      vertex 6.041389857711336 8.061907397357999 2.5
    endloop
  endfacet
  facet normal 0 0 1
    outer loop
      vertex 7.0875 -12.275910098644419 2.5
      vertex 6.281359342378606 8.301876882025269 2.5
      vertex 6.169238815542512 8.174027924194093 2.5
    endloop
  endfacet
  facet normal 0 0 1
    outer loop
      vertex 7.0875 -12.275910098644419 2.5
      vertex 6.37583302491977 8.443266739736606 2.5
      vertex 6.281359342378606 8.301876882025269 2.5
    endloop
  endfacet
  facet normal 0 0 1
    outer loop
      vertex 7.0875 -12.275910098644419 2.5
      vertex 6.451043392264673 8.595778277661989 2.5
      vertex 6.37583302491977 8.443266739736606 2.5
    endloop
  endfacet
  facet normal 0 0 1
    outer loop
      vertex 7.0875 -12.275910098644419 2.5
      vertex 6.505703574175788 8.756801981103328 2.5
      vertex 6.451043392264673 8.595778277661989 2.5
    endloop
  endfacet
  facet normal 0 0 -1
    outer loop
      vertex 5.419684049886067 -7.8043884199506515 0
      vertex 5.419684049886067 7.8043884199506515 0
      vertex 5.586464758633277 7.837563165560817 0
    endloop
  endfacet
  facet normal 0 0 -1
    outer loop
      vertex 5.586464758633277 -7.837563165560817 0
      vertex 5.586464758633277 7.837563165560817 0
      vertex 5.7474884620746165 7.8922233474719325 0
    endloop
  endfacet
  facet normal 0 0 -1
    outer loop
      vertex 5.7474884620746165 -7.8922233474719325 0
      vertex 5.7474884620746165 7.8922233474719325 0
      vertex 5.8999999999999995 7.967433714816836 0
    endloop
  endfacet
  facet normal 0 0 -1
    outer loop
      vertex 5.7474884620746165 -7.8922233474719325 0
      vertex 5.8999999999999995 7.967433714816836 0
      vertex 6.041389857711336 8.061907397357999 0
    endloop
  endfacet
  facet normal 0 0 -1
    outer loop
      vertex 5.7474884620746165 -7.8922233474719325 0
      vertex 6.041389857711336 8.061907397357999 0
      vertex 6.169238815542512 8.174027924194093 0
    endloop
  endfacet
  facet normal 0 0 -1
    outer loop
      vertex 5.7474884620746165 -7.8922233474719325 0
      vertex 6.169238815542512 8.174027924194093 0
      vertex 6.281359342378606 8.301876882025269 0
    endloop
  endfacet
  facet normal 0 0 -1
    outer loop
      vertex 5.7474884620746165 -7.8922233474719325 0
      vertex 6.281359342378606 8.301876882025269 0
      vertex 6.37583302491977 8.443266739736606 0
    endloop
  endfacet
  facet normal 0 0 -1
    outer loop
      vertex 5.7474884620746165 -7.8922233474719325 0
      vertex 6.37583302491977 8.443266739736606 0
      vertex 6.451043392264673 8.595778277661989 0
    endloop
  endfacet
  facet normal 0 0 1
    outer loop
      vertex 5.948669168242862 0.7831571533203094 2.5
      vertex 5.586464758633277 7.837563165560817 2.5
      vertex 5.79555495773441 1.5529142706151244 2.5
    endloop
  endfacet
  facet normal 0 0 1
    outer loop
      vertex 7.0875 -12.275910098644419 2.5
      vertex 6.538878319785954 8.923582689850539 2.5
      vertex 6.505703574175788 8.756801981103328 2.5
    endloop
  endfacet
  facet normal 0 0 1
    outer loop
      vertex 7.0875 -12.275910098644419 2.5
      vertex 6.55 9.093266739736604 2.5
      vertex 6.538878319785954 8.923582689850539 2.5
    endloop
  endfacet
  facet normal 0 0 -1
    outer loop
      vertex 5.7474884620746165 -7.8922233474719325 0
      vertex 6.451043392264673 8.595778277661989 0
      vertex 6.505703574175788 8.756801981103328 0
    endloop
  endfacet
  facet normal 0 0 -1
    outer loop
      vertex 5.7474884620746165 -7.8922233474719325 0
      vertex 6.505703574175788 8.756801981103328 0
      vertex 6.538878319785954 8.923582689850539 0
    endloop
  endfacet
  facet normal 0 0 -1
    outer loop
      vertex 5.7474884620746165 -7.8922233474719325 0
      vertex 6.538878319785954 8.923582689850539 0
      vertex 6.55 9.093266739736604 0
    endloop
  endfacet
  facet normal 0 0 1
    outer loop
      vertex 7.0875 -12.275910098644419 2.5
      vertex 7.0875 12.275910098644419 2.5
      vertex 6.55 9.093266739736604 2.5
    endloop
  endfacet
  facet normal 0 0 -1
    outer loop
      vertex 3.6687599643282316 13.691998587647545 0
      vertex 3.95 9.093266739736606 0
      vertex 3.9611216802140463 -8.923582689850539 0
    endloop
  endfacet
  facet normal 0 0 1
    outer loop
      vertex 5.196152422706632 3 2.5
      vertex 5.25 7.793266739736606 2.5
      vertex 4.760120041747411 3.652568574052324 2.5
    endloop
  endfacet
  facet normal 0 0 1
    outer loop
      vertex 4.242640687119286 4.242640687119286 2.5
      vertex 4.760120041747411 3.652568574052324 2.5
      vertex 4.218640657621394 8.301876882025269 2.5
    endloop
  endfacet
  facet normal 0 0 1
    outer loop
      vertex 4.242640687119286 4.242640687119286 2.5
      vertex 4.218640657621394 8.301876882025269 2.5
      vertex 4.124166975080231 8.443266739736606 2.5
    endloop
  endfacet
  facet normal 0 0 1
    outer loop
      vertex 5.196152422706632 3 2.5
      vertex 5.419684049886067 7.8043884199506515 2.5
      vertex 5.25 7.793266739736606 2.5
    endloop
  endfacet
  facet normal 0 0 1
    outer loop
      vertex 4.760120041747411 3.652568574052324 2.5
      vertex 4.458610142288664 8.061907397358 2.5
      vertex 4.330761184457488 8.174027924194094 2.5
    endloop
  endfacet
  facet normal 0 0 1
    outer loop
      vertex 4.760120041747411 3.652568574052324 2.5
      vertex 4.6 7.967433714816835 2.5
      vertex 4.458610142288664 8.061907397358 2.5
    endloop
  endfacet
  facet normal 0 0 1
    outer loop
      vertex 4.760120041747411 3.652568574052324 2.5
      vertex 4.7525115379253835 7.892223347471933 2.5
      vertex 4.6 7.967433714816835 2.5
    endloop
  endfacet
  facet normal 0 0 1
    outer loop
      vertex 4.760120041747411 3.652568574052324 2.5
      vertex 4.9135352413667235 7.837563165560818 2.5
      vertex 4.7525115379253835 7.892223347471933 2.5
    endloop
  endfacet
  facet normal 0 0 1
    outer loop
      vertex 4.760120041747411 3.652568574052324 2.5
      vertex 4.330761184457488 8.174027924194094 2.5
      vertex 4.218640657621394 8.301876882025269 2.5
    endloop
  endfacet
  facet normal 0 0 1
    outer loop
      vertex 4.760120041747411 3.652568574052324 2.5
      vertex 5.25 7.793266739736606 2.5
      vertex 5.080315950113933 7.8043884199506515 2.5
    endloop
  endfacet
  facet normal 0 0 1
    outer loop
      vertex 4.760120041747411 3.652568574052324 2.5
      vertex 5.080315950113933 7.8043884199506515 2.5
      vertex 4.9135352413667235 7.837563165560818 2.5
    endloop
  endfacet
  facet normal 0 0 1
    outer loop
      vertex 5.79555495773441 1.5529142706151244 2.5
      vertex 5.586464758633277 7.837563165560817 2.5
      vertex 5.54327719506772 2.2961005941905386 2.5
    endloop
  endfacet
  facet normal 0 0 1
    outer loop
      vertex 5.196152422706632 3 2.5
      vertex 5.54327719506772 2.2961005941905386 2.5
      vertex 5.419684049886067 7.8043884199506515 2.5
    endloop
  endfacet
  facet normal 0 0 -1
    outer loop
      vertex 7.0875 12.275910098644419 0
      vertex 5.7474884620746165 -7.8922233474719325 0
      vertex 6.55 9.093266739736604 0
    endloop
  endfacet
  facet normal 0 0 1
    outer loop
      vertex 5.54327719506772 2.2961005941905386 2.5
      vertex 5.586464758633277 7.837563165560817 2.5
      vertex 5.419684049886067 7.8043884199506515 2.5
    endloop
  endfacet
  facet normal 0 0 1
    outer loop
      vertex 5.948669168242862 0.7831571533203094 2.5
      vertex 5.7474884620746165 7.8922233474719325 2.5
      vertex 5.586464758633277 7.837563165560817 2.5
    endloop
  endfacet
  facet normal 0 0 1
    outer loop
      vertex 0 6 2.5
      vertex 0.7831571533203094 5.948669168242862 2.5
      vertex 0 14.175 2.5
    endloop
  endfacet
  facet normal 0 0 1
    outer loop
      vertex 0.7831571533203094 5.948669168242862 2.5
      vertex 1.5529142706151244 5.79555495773441 2.5
      vertex 1.850208774719231 14.053730909973764 2.5
    endloop
  endfacet
  facet normal 0 0 1
    outer loop
      vertex 1.5529142706151244 5.79555495773441 2.5
      vertex 2.2961005941905386 5.54327719506772 2.5
      vertex 1.850208774719231 14.053730909973764 2.5
    endloop
  endfacet
  facet normal 0 0 1
    outer loop
      vertex 3 5.196152422706632 2.5
      vertex 1.850208774719231 14.053730909973764 2.5
      vertex 2.2961005941905386 5.54327719506772 2.5
    endloop
  endfacet
  facet normal 0 0 1
    outer loop
      vertex 3 5.196152422706632 2.5
      vertex 3.652568574052324 4.760120041747411 2.5
      vertex 3.6687599643282316 13.691998587647545 2.5
    endloop
  endfacet
  facet normal 0 0 1
    outer loop
      vertex 0.7831571533203094 5.948669168242862 2.5
      vertex 1.850208774719231 14.053730909973764 2.5
      vertex 0 14.175 2.5
    endloop
  endfacet
  facet normal 0.06540312923014284 0.9978589232386036 0
    outer loop
      vertex 0 14.175 0
      vertex 0 14.175 2.5
      vertex 1.850208774719231 14.053730909973764 0
    endloop
  endfacet
  facet normal 0.06540312923014284 0.9978589232386036 0
    outer loop
      vertex 0 14.175 2.5
      vertex 1.850208774719231 14.053730909973764 2.5
      vertex 1.850208774719231 14.053730909973764 0
    endloop
  endfacet
  facet normal 0 0 1
    outer loop
      vertex 3 5.196152422706632 2.5
      vertex 3.6687599643282316 13.691998587647545 2.5
      vertex 1.850208774719231 14.053730909973764 2.5
    endloop
  endfacet
  facet normal 0.19509032201612794 0.9807852804032305 0
    outer loop
      vertex 1.850208774719231 14.053730909973764 0
      vertex 1.850208774719231 14.053730909973764 2.5
      vertex 3.6687599643282316 13.691998587647545 0
    endloop
  endfacet
  facet normal 0.19509032201612794 0.9807852804032305 0
    outer loop
      vertex 1.850208774719231 14.053730909973764 2.5
      vertex 3.6687599643282316 13.691998587647545 2.5
      vertex 3.6687599643282316 13.691998587647545 0
    endloop
  endfacet
  facet normal 0 0 1
    outer loop
      vertex 4.242640687119286 4.242640687119286 2.5
      vertex 3.6687599643282316 13.691998587647545 2.5
      vertex 3.652568574052324 4.760120041747411 2.5
    endloop
  endfacet
  facet normal 0 0 1
    outer loop
      vertex 4.242640687119286 4.242640687119286 2.5
      vertex 4.048956607735327 8.595778277661989 2.5
      vertex 3.9942964258242113 8.75680198110333 2.5
    endloop
  endfacet
  facet normal 0 0 1
    outer loop
      vertex 4.242640687119286 4.242640687119286 2.5
      vertex 3.9942964258242113 8.75680198110333 2.5
      vertex 3.9611216802140463 8.923582689850539 2.5
    endloop
  endfacet
  facet normal 0 0 1
    outer loop
      vertex 4.242640687119286 4.242640687119286 2.5
      vertex 4.124166975080231 8.443266739736606 2.5
      vertex 4.048956607735327 8.595778277661989 2.5
    endloop
  endfacet
  facet normal 0 0 1
    outer loop
      vertex 4.242640687119286 4.242640687119286 2.5
      vertex 3.9611216802140463 8.923582689850539 2.5
      vertex 3.95 9.093266739736606 2.5
    endloop
  endfacet
  facet normal 0 0 1
    outer loop
      vertex 4.242640687119286 4.242640687119286 2.5
      vertex 3.95 9.093266739736606 2.5
      vertex 3.6687599643282316 13.691998587647545 2.5
    endloop
  endfacet
  facet normal 0 0 -1
    outer loop
      vertex 7.0875 12.275910098644419 0
      vertex 6.451043392264673 9.590755201811222 0
      vertex 6.375833024919769 9.743266739736605 0
    endloop
  endfacet
  facet normal 0 0 -1
    outer loop
      vertex 7.0875 12.275910098644419 0
      vertex 6.55 9.093266739736604 0
      vertex 6.538878319785954 9.262950789622671 0
    endloop
  endfacet
  facet normal 0 0 -1
    outer loop
      vertex 7.0875 12.275910098644419 0
      vertex 6.538878319785954 9.262950789622671 0
      vertex 6.505703574175789 9.42973149836988 0
    endloop
  endfacet
  facet normal 0 0 -1
    outer loop
      vertex 7.0875 12.275910098644419 0
      vertex 6.505703574175789 9.42973149836988 0
      vertex 6.451043392264673 9.590755201811222 0
    endloop
  endfacet
  facet normal 0 0 1
    outer loop
      vertex 7.0875 12.275910098644419 2.5
      vertex 6.375833024919769 9.743266739736605 2.5
      vertex 6.451043392264673 9.590755201811222 2.5
    endloop
  endfacet
  facet normal 0 0 1
    outer loop
      vertex 7.0875 12.275910098644419 2.5
      vertex 6.538878319785954 9.262950789622671 2.5
      vertex 6.55 9.093266739736604 2.5
    endloop
  endfacet
  facet normal 0 0 1
    outer loop
      vertex 7.0875 12.275910098644419 2.5
      vertex 6.505703574175789 9.42973149836988 2.5
      vertex 6.538878319785954 9.262950789622671 2.5
    endloop
  endfacet
  facet normal 0 0 1
    outer loop
      vertex 7.0875 12.275910098644419 2.5
      vertex 6.451043392264673 9.590755201811222 2.5
      vertex 6.505703574175789 9.42973149836988 2.5
    endloop
  endfacet
  facet normal 0 0 -1
    outer loop
      vertex 3.6687599643282316 13.691998587647545 0
      vertex 3.9611216802140463 9.262950789622671 0
      vertex 3.95 9.093266739736606 0
    endloop
  endfacet
  facet normal 0 0 -1
    outer loop
      vertex 3.6687599643282316 13.691998587647545 0
      vertex 3.9942964258242113 9.429731498369883 0
      vertex 3.9611216802140463 9.262950789622671 0
    endloop
  endfacet
  facet normal 0 0 -1
    outer loop
      vertex 3.6687599643282316 13.691998587647545 0
      vertex 4.048956607735327 9.590755201811223 0
      vertex 3.9942964258242113 9.429731498369883 0
    endloop
  endfacet
  facet normal 0 0 -1
    outer loop
      vertex 3.6687599643282316 13.691998587647545 0
      vertex 4.12416697508023 9.743266739736606 0
      vertex 4.048956607735327 9.590755201811223 0
    endloop
  endfacet
  facet normal 0 0 -1
    outer loop
      vertex 3.6687599643282316 13.691998587647545 0
      vertex 4.218640657621394 9.884656597447943 0
      vertex 4.12416697508023 9.743266739736606 0
    endloop
  endfacet
  facet normal 0 0 -1
    outer loop
      vertex 3.6687599643282316 13.691998587647545 0
      vertex 4.330761184457488 10.012505555279118 0
      vertex 4.218640657621394 9.884656597447943 0
    endloop
  endfacet
  facet normal 0 0 -1
    outer loop
      vertex 3.6687599643282316 13.691998587647545 0
      vertex 4.458610142288664 10.124626082115212 0
      vertex 4.330761184457488 10.012505555279118 0
    endloop
  endfacet
  facet normal 0 0 -1
    outer loop
      vertex 3.6687599643282316 13.691998587647545 0
      vertex 4.6000000000000005 10.219099764656375 0
      vertex 4.458610142288664 10.124626082115212 0
    endloop
  endfacet
  facet normal 0 0 -1
    outer loop
      vertex 3.6687599643282316 13.691998587647545 0
      vertex 4.7525115379253835 10.294310132001279 0
      vertex 4.6000000000000005 10.219099764656375 0
    endloop
  endfacet
  facet normal 0 0 1
    outer loop
      vertex 3.6687599643282316 13.691998587647545 2.5
      vertex 3.95 9.093266739736606 2.5
      vertex 3.9611216802140463 9.262950789622671 2.5
    endloop
  endfacet
  facet normal 0 0 1
    outer loop
      vertex 3.6687599643282316 13.691998587647545 2.5
      vertex 3.9611216802140463 9.262950789622671 2.5
      vertex 3.9942964258242113 9.429731498369883 2.5
    endloop
  endfacet
  facet normal 0 0 1
    outer loop
      vertex 3.6687599643282316 13.691998587647545 2.5
      vertex 3.9942964258242113 9.429731498369883 2.5
      vertex 4.048956607735327 9.590755201811223 2.5
    endloop
  endfacet
  facet normal 0 0 1
    outer loop
      vertex 3.6687599643282316 13.691998587647545 2.5
      vertex 4.048956607735327 9.590755201811223 2.5
      vertex 4.12416697508023 9.743266739736606 2.5
    endloop
  endfacet
  facet normal 0 0 1
    outer loop
      vertex 3.6687599643282316 13.691998587647545 2.5
      vertex 4.12416697508023 9.743266739736606 2.5
      vertex 4.218640657621394 9.884656597447943 2.5
    endloop
  endfacet
  facet normal 0 0 1
    outer loop
      vertex 3.6687599643282316 13.691998587647545 2.5
      vertex 4.218640657621394 9.884656597447943 2.5
      vertex 4.330761184457488 10.012505555279118 2.5
    endloop
  endfacet
  facet normal 0 0 1
    outer loop
      vertex 3.6687599643282316 13.691998587647545 2.5
      vertex 4.330761184457488 10.012505555279118 2.5
      vertex 4.458610142288664 10.124626082115212 2.5
    endloop
  endfacet
  facet normal 0 0 1
    outer loop
      vertex 3.6687599643282316 13.691998587647545 2.5
      vertex 4.458610142288664 10.124626082115212 2.5
      vertex 4.6000000000000005 10.219099764656375 2.5
    endloop
  endfacet
  facet normal 0 0 1
    outer loop
      vertex 3.6687599643282316 13.691998587647545 2.5
      vertex 4.6000000000000005 10.219099764656375 2.5
      vertex 4.7525115379253835 10.294310132001279 2.5
    endloop
  endfacet
  facet normal 0 0 -1
    outer loop
      vertex 3.6687599643282316 13.691998587647545 0
      vertex 4.913535241366723 10.348970313912394 0
      vertex 4.7525115379253835 10.294310132001279 0
    endloop
  endfacet
  facet normal 0 0 -1
    outer loop
      vertex 3.6687599643282316 13.691998587647545 0
      vertex 5.080315950113933 10.382145059522559 0
      vertex 4.913535241366723 10.348970313912394 0
    endloop
  endfacet
  facet normal 0 0 -1
    outer loop
      vertex 5.424537653775148 13.09599237334749 0
      vertex 5.25 10.393266739736603 0
      vertex 5.080315950113933 10.382145059522559 0
    endloop
  endfacet
  facet normal 0 0 1
    outer loop
      vertex 3.6687599643282316 13.691998587647545 2.5
      vertex 4.7525115379253835 10.294310132001279 2.5
      vertex 4.913535241366723 10.348970313912394 2.5
    endloop
  endfacet
  facet normal 0 0 1
    outer loop
      vertex 3.6687599643282316 13.691998587647545 2.5
      vertex 4.913535241366723 10.348970313912394 2.5
      vertex 5.080315950113933 10.382145059522559 2.5
    endloop
  endfacet
  facet normal 0 0 1
    outer loop
      vertex 5.424537653775148 13.09599237334749 2.5
      vertex 5.080315950113933 10.382145059522559 2.5
      vertex 5.25 10.393266739736603 2.5
    endloop
  endfacet
  facet normal 0 0 -1
    outer loop
      vertex 3.6687599643282316 13.691998587647545 0
      vertex 5.424537653775148 13.09599237334749 0
      vertex 5.080315950113933 10.382145059522559 0
    endloop
  endfacet
  facet normal 0 0 1
    outer loop
      vertex 3.6687599643282316 13.691998587647545 2.5
      vertex 5.080315950113933 10.382145059522559 2.5
      vertex 5.424537653775148 13.09599237334749 2.5
    endloop
  endfacet
  facet normal 0.32143946530316203 0.9469301294951056 0
    outer loop
      vertex 3.6687599643282316 13.691998587647545 0
      vertex 3.6687599643282316 13.691998587647545 2.5
      vertex 5.424537653775148 13.09599237334749 0
    endloop
  endfacet
  facet normal 0.32143946530316203 0.9469301294951056 0
    outer loop
      vertex 3.6687599643282316 13.691998587647545 2.5
      vertex 5.424537653775148 13.09599237334749 2.5
      vertex 5.424537653775148 13.09599237334749 0
    endloop
  endfacet
  facet normal 0 0 -1
    outer loop
      vertex 5.424537653775148 13.09599237334749 0
      vertex 5.419684049886067 10.382145059522559 0
      vertex 5.25 10.393266739736603 0
    endloop
  endfacet
  facet normal 0 0 -1
    outer loop
      vertex 7.0875 12.275910098644419 0
      vertex 5.5864647586332765 10.348970313912393 0
      vertex 5.419684049886067 10.382145059522559 0
    endloop
  endfacet
  facet normal 0 0 -1
    outer loop
      vertex 7.0875 12.275910098644419 0
      vertex 5.7474884620746165 10.294310132001279 0
      vertex 5.5864647586332765 10.348970313912393 0
    endloop
  endfacet
  facet normal 0 0 1
    outer loop
      vertex 5.424537653775148 13.09599237334749 2.5
      vertex 5.25 10.393266739736603 2.5
      vertex 5.419684049886067 10.382145059522559 2.5
    endloop
  endfacet
  facet normal 0 0 1
    outer loop
      vertex 5.424537653775148 13.09599237334749 2.5
      vertex 5.419684049886067 10.382145059522559 2.5
      vertex 5.5864647586332765 10.348970313912393 2.5
    endloop
  endfacet
  facet normal 0 0 1
    outer loop
      vertex 5.424537653775148 13.09599237334749 2.5
      vertex 5.5864647586332765 10.348970313912393 2.5
      vertex 5.7474884620746165 10.294310132001279 2.5
    endloop
  endfacet
  facet normal 0 0 -1
    outer loop
      vertex 5.424537653775148 13.09599237334749 0
      vertex 7.0875 12.275910098644419 0
      vertex 5.419684049886067 10.382145059522559 0
    endloop
  endfacet
  facet normal 0 0 1
    outer loop
      vertex 5.424537653775148 13.09599237334749 2.5
      vertex 5.7474884620746165 10.294310132001279 2.5
      vertex 7.0875 12.275910098644419 2.5
    endloop
  endfacet
  facet normal 0 0 -1
    outer loop
      vertex 7.0875 12.275910098644419 0
      vertex 5.9 10.219099764656375 0
      vertex 5.7474884620746165 10.294310132001279 0
    endloop
  endfacet
  facet normal 0 0 -1
    outer loop
      vertex 7.0875 12.275910098644419 0
      vertex 6.041389857711336 10.12462608211521 0
      vertex 5.9 10.219099764656375 0
    endloop
  endfacet
  facet normal 0 0 -1
    outer loop
      vertex 7.0875 12.275910098644419 0
      vertex 6.281359342378606 9.884656597447941 0
      vertex 6.169238815542512 10.012505555279116 0
    endloop
  endfacet
  facet normal 0 0 -1
    outer loop
      vertex 7.0875 12.275910098644419 0
      vertex 6.169238815542512 10.012505555279116 0
      vertex 6.041389857711336 10.12462608211521 0
    endloop
  endfacet
  facet normal 0 0 -1
    outer loop
      vertex 7.0875 12.275910098644419 0
      vertex 6.375833024919769 9.743266739736605 0
      vertex 6.281359342378606 9.884656597447941 0
    endloop
  endfacet
  facet normal 0 0 1
    outer loop
      vertex 7.0875 12.275910098644419 2.5
      vertex 5.7474884620746165 10.294310132001279 2.5
      vertex 5.9 10.219099764656375 2.5
    endloop
  endfacet
  facet normal 0 0 1
    outer loop
      vertex 7.0875 12.275910098644419 2.5
      vertex 5.9 10.219099764656375 2.5
      vertex 6.041389857711336 10.12462608211521 2.5
    endloop
  endfacet
  facet normal 0 0 1
    outer loop
      vertex 7.0875 12.275910098644419 2.5
      vertex 6.169238815542512 10.012505555279116 2.5
      vertex 6.281359342378606 9.884656597447941 2.5
    endloop
  endfacet
  facet normal 0 0 1
    outer loop
      vertex 7.0875 12.275910098644419 2.5
      vertex 6.041389857711336 10.12462608211521 2.5
      vertex 6.169238815542512 10.012505555279116 2.5
    endloop
  endfacet
  facet normal 0 0 1
    outer loop
      vertex 7.0875 12.275910098644419 2.5
      vertex 6.281359342378606 9.884656597447941 2.5
      vertex 6.375833024919769 9.743266739736605 2.5
    endloop
  endfacet
  facet normal 0.44228869021900136 0.8968727415326884 0
    outer loop
      vertex 5.424537653775148 13.09599237334749 0
      vertex 5.424537653775148 13.09599237334749 2.5
      vertex 7.0875 12.275910098644419 0
    endloop
  endfacet
  facet normal 0.44228869021900136 0.8968727415326884 0
    outer loop
      vertex 5.424537653775148 13.09599237334749 2.5
      vertex 7.0875 12.275910098644419 2.5
      vertex 7.0875 12.275910098644419 0
    endloop
  endfacet
  facet normal 0 0 -1
    outer loop
      vertex 8.629193256198615 -11.24578359862826 0
      vertex 8.629193256198615 11.24578359862826 0
      vertex 9.2 0 0
    endloop
  endfacet
  facet normal 0 0 1
    outer loop
      vertex 8.629193256198615 -11.24578359862826 2.5
      vertex 9.2 0 2.5
      vertex 8.629193256198615 11.24578359862826 2.5
    endloop
  endfacet
  facet normal 0 0 -1
    outer loop
      vertex 7.0875 -12.275910098644419 0
      vertex 7.0875 12.275910098644419 0
      vertex 8.629193256198615 11.24578359862826 0
    endloop
  endfacet
  facet normal 0 0 1
    outer loop
      vertex 8.629193256198615 -11.24578359862826 2.5
      vertex 8.629193256198615 11.24578359862826 2.5
      vertex 7.0875 12.275910098644419 2.5
    endloop
  endfacet
  facet normal 0 0 -1
    outer loop
      vertex 8.629193256198615 11.24578359862826 0
      vertex 9.211121680214047 0.16968404988606706 0
      vertex 9.2 0 0
    endloop
  endfacet
  facet normal 0 0 -1
    outer loop
      vertex 8.629193256198615 11.24578359862826 0
      vertex 9.244296425824212 0.33646475863327696 0
      vertex 9.211121680214047 0.16968404988606706 0
    endloop
  endfacet
  facet normal 0 0 -1
    outer loop
      vertex 8.629193256198615 11.24578359862826 0
      vertex 9.298956607735327 0.4974884620746167 0
      vertex 9.244296425824212 0.33646475863327696 0
    endloop
  endfacet
  facet normal 0 0 -1
    outer loop
      vertex 8.629193256198615 11.24578359862826 0
      vertex 9.37416697508023 0.65 0
      vertex 9.298956607735327 0.4974884620746167 0
    endloop
  endfacet
  facet normal 0 0 -1
    outer loop
      vertex 10.023238623319312 10.023238623319312 0
      vertex 9.468640657621394 0.7913898577113369 0
      vertex 9.37416697508023 0.65 0
    endloop
  endfacet
  facet normal 0 0 -1
    outer loop
      vertex 10.023238623319312 10.023238623319312 0
      vertex 9.580761184457488 0.9192388155425119 0
      vertex 9.468640657621394 0.7913898577113369 0
    endloop
  endfacet
  facet normal 0 0 1
    outer loop
      vertex 8.629193256198615 11.24578359862826 2.5
      vertex 9.2 0 2.5
      vertex 9.211121680214047 0.16968404988606706 2.5
    endloop
  endfacet
  facet normal 0 0 1
    outer loop
      vertex 8.629193256198615 11.24578359862826 2.5
      vertex 9.211121680214047 0.16968404988606706 2.5
      vertex 9.244296425824212 0.33646475863327696 2.5
    endloop
  endfacet
  facet normal 0 0 1
    outer loop
      vertex 8.629193256198615 11.24578359862826 2.5
      vertex 9.244296425824212 0.33646475863327696 2.5
      vertex 9.298956607735327 0.4974884620746167 2.5
    endloop
  endfacet
  facet normal 0 0 1
    outer loop
      vertex 8.629193256198615 11.24578359862826 2.5
      vertex 9.298956607735327 0.4974884620746167 2.5
      vertex 9.37416697508023 0.65 2.5
    endloop
  endfacet
  facet normal 0 0 1
    outer loop
      vertex 10.023238623319312 10.023238623319312 2.5
      vertex 9.37416697508023 0.65 2.5
      vertex 9.468640657621394 0.7913898577113369 2.5
    endloop
  endfacet
  facet normal 0 0 1
    outer loop
      vertex 10.023238623319312 10.023238623319312 2.5
      vertex 9.468640657621394 0.7913898577113369 2.5
      vertex 9.580761184457488 0.9192388155425119 2.5
    endloop
  endfacet
  facet normal 0 0 -1
    outer loop
      vertex 10.023238623319312 10.023238623319312 0
      vertex 9.708610142288663 1.0313593423786058 0
      vertex 9.580761184457488 0.9192388155425119 0
    endloop
  endfacet
  facet normal 0 0 -1
    outer loop
      vertex 10.023238623319312 10.023238623319312 0
      vertex 9.85 1.12583302491977 0
      vertex 9.708610142288663 1.0313593423786058 0
    endloop
  endfacet
  facet normal 0 0 -1
    outer loop
      vertex 10.023238623319312 10.023238623319312 0
      vertex 10.002511537925383 1.2010433922646728 0
      vertex 9.85 1.12583302491977 0
    endloop
  endfacet
  facet normal 0 0 -1
    outer loop
      vertex 11.24578359862826 8.629193256198615 0
      vertex 10.163535241366723 1.255703574175789 0
      vertex 10.002511537925383 1.2010433922646728 0
    endloop
  endfacet
  facet normal 0 0 -1
    outer loop
      vertex 11.24578359862826 8.629193256198615 0
      vertex 10.330315950113933 1.2888783197859535 0
      vertex 10.163535241366723 1.255703574175789 0
    endloop
  endfacet
  facet normal 0 0 1
    outer loop
      vertex 10.023238623319312 10.023238623319312 2.5
      vertex 9.580761184457488 0.9192388155425119 2.5
      vertex 9.708610142288663 1.0313593423786058 2.5
    endloop
  endfacet
  facet normal 0 0 1
    outer loop
      vertex 10.023238623319312 10.023238623319312 2.5
      vertex 9.708610142288663 1.0313593423786058 2.5
      vertex 9.85 1.12583302491977 2.5
    endloop
  endfacet
  facet normal 0 0 1
    outer loop
      vertex 10.023238623319312 10.023238623319312 2.5
      vertex 9.85 1.12583302491977 2.5
      vertex 10.002511537925383 1.2010433922646728 2.5
    endloop
  endfacet
  facet normal 0 0 1
    outer loop
      vertex 10.023238623319312 10.023238623319312 2.5
      vertex 10.002511537925383 1.2010433922646728 2.5
      vertex 10.163535241366723 1.255703574175789 2.5
    endloop
  endfacet
  facet normal 0 0 1
    outer loop
      vertex 10.023238623319312 10.023238623319312 2.5
      vertex 10.163535241366723 1.255703574175789 2.5
      vertex 10.330315950113933 1.2888783197859535 2.5
    endloop
  endfacet
  facet normal 0 0 1
    outer loop
      vertex 10.023238623319312 10.023238623319312 2.5
      vertex 10.330315950113933 1.2888783197859535 2.5
      vertex 10.5 1.3 2.5
    endloop
  endfacet
  facet normal 0 0 1
    outer loop
      vertex 10.023238623319312 10.023238623319312 2.5
      vertex 10.5 1.3 2.5
      vertex 10.669684049886067 1.2888783197859535 2.5
    endloop
  endfacet
  facet normal 0 0 -1
    outer loop
      vertex 10.023238623319312 10.023238623319312 0
      vertex 11.24578359862826 8.629193256198615 0
      vertex 10.002511537925383 1.2010433922646728 0
    endloop
  endfacet
  facet normal 0 0 1
    outer loop
      vertex 12.275910098644419 -7.0875 2.5
      vertex 11.24578359862826 8.629193256198615 2.5
      vertex 11.8 0 2.5
    endloop
  endfacet
  facet normal 0 0 1
    outer loop
      vertex 11.24578359862826 8.629193256198615 2.5
      vertex 11.291389857711337 1.0313593423786058 2.5
      vertex 11.419238815542512 0.9192388155425119 2.5
    endloop
  endfacet
  facet normal 0 0 1
    outer loop
      vertex 11.24578359862826 8.629193256198615 2.5
      vertex 11.419238815542512 0.9192388155425119 2.5
      vertex 11.531359342378606 0.7913898577113369 2.5
    endloop
  endfacet
  facet normal 0 0 1
    outer loop
      vertex 11.24578359862826 8.629193256198615 2.5
      vertex 11.531359342378606 0.7913898577113369 2.5
      vertex 11.62583302491977 0.65 2.5
    endloop
  endfacet
  facet normal 0 0 -1
    outer loop
      vertex 12.275910098644419 7.0875 0
      vertex 11.8 0 0
      vertex 11.788878319785953 0.16968404988606706 0
    endloop
  endfacet
  facet normal 0 0 -1
    outer loop
      vertex 12.275910098644419 7.0875 0
      vertex 11.788878319785953 0.16968404988606706 0
      vertex 11.755703574175788 0.33646475863327696 0
    endloop
  endfacet
  facet normal 0 0 -1
    outer loop
      vertex 12.275910098644419 7.0875 0
      vertex 11.755703574175788 0.33646475863327696 0
      vertex 11.701043392264673 0.4974884620746167 0
    endloop
  endfacet
  facet normal 0 0 -1
    outer loop
      vertex 12.275910098644419 7.0875 0
      vertex 11.291389857711337 1.0313593423786058 0
      vertex 11.15 1.12583302491977 0
    endloop
  endfacet
  facet normal 0 0 -1
    outer loop
      vertex 12.275910098644419 7.0875 0
      vertex 11.419238815542512 0.9192388155425119 0
      vertex 11.291389857711337 1.0313593423786058 0
    endloop
  endfacet
  facet normal 0 0 -1
    outer loop
      vertex 12.275910098644419 7.0875 0
      vertex 11.62583302491977 0.65 0
      vertex 11.531359342378606 0.7913898577113369 0
    endloop
  endfacet
  facet normal 0 0 -1
    outer loop
      vertex 12.275910098644419 7.0875 0
      vertex 11.701043392264673 0.4974884620746167 0
      vertex 11.62583302491977 0.65 0
    endloop
  endfacet
  facet normal 0 0 -1
    outer loop
      vertex 12.275910098644419 7.0875 0
      vertex 11.531359342378606 0.7913898577113369 0
      vertex 11.419238815542512 0.9192388155425119 0
    endloop
  endfacet
  facet normal 0 0 1
    outer loop
      vertex 11.24578359862826 8.629193256198615 2.5
      vertex 11.788878319785953 0.16968404988606706 2.5
      vertex 11.8 0 2.5
    endloop
  endfacet
  facet normal 0 0 1
    outer loop
      vertex 11.24578359862826 8.629193256198615 2.5
      vertex 11.755703574175788 0.33646475863327696 2.5
      vertex 11.788878319785953 0.16968404988606706 2.5
    endloop
  endfacet
  facet normal 0 0 1
    outer loop
      vertex 12.275910098644419 -7.0875 2.5
      vertex 12.275910098644419 7.0875 2.5
      vertex 11.24578359862826 8.629193256198615 2.5
    endloop
  endfacet
  facet normal 0 0 1
    outer loop
      vertex 11.24578359862826 8.629193256198615 2.5
      vertex 11.701043392264673 0.4974884620746167 2.5
      vertex 11.755703574175788 0.33646475863327696 2.5
    endloop
  endfacet
  facet normal 0 0 1
    outer loop
      vertex 11.24578359862826 8.629193256198615 2.5
      vertex 11.62583302491977 0.65 2.5
      vertex 11.701043392264673 0.4974884620746167 2.5
    endloop
  endfacet
  facet normal 0 0 -1
    outer loop
      vertex 14.053730909973764 -1.850208774719231 0
      vertex 14.053730909973764 1.850208774719231 0
      vertex 14.175 0 0
    endloop
  endfacet
  facet normal 0 0 -1
    outer loop
      vertex 13.691998587647545 -3.6687599643282316 0
      vertex 13.691998587647545 3.6687599643282316 0
      vertex 14.053730909973764 1.850208774719231 0
    endloop
  endfacet
  facet normal 0.9978589232386036 0.06540312923014284 0
    outer loop
      vertex 14.175 0 0
      vertex 14.053730909973764 1.850208774719231 0
      vertex 14.175 0 2.5
    endloop
  endfacet
  facet normal 0 0 1
    outer loop
      vertex 14.053730909973764 -1.850208774719231 2.5
      vertex 14.175 0 2.5
      vertex 14.053730909973764 1.850208774719231 2.5
    endloop
  endfacet
  facet normal 0 0 -1
    outer loop
      vertex 13.09599237334749 -5.424537653775148 0
      vertex 13.09599237334749 5.424537653775148 0
      vertex 13.691998587647545 3.6687599643282316 0
    endloop
  endfacet
  facet normal 0.9978589232386036 0.06540312923014284 0
    outer loop
      vertex 14.175 0 2.5
      vertex 14.053730909973764 1.850208774719231 0
      vertex 14.053730909973764 1.850208774719231 2.5
    endloop
  endfacet
  facet normal 0 0 1
    outer loop
      vertex 14.053730909973764 -1.850208774719231 2.5
      vertex 14.053730909973764 1.850208774719231 2.5
      vertex 13.691998587647545 3.6687599643282316 2.5
    endloop
  endfacet
  facet normal 0 0 -1
    outer loop
      vertex 12.275910098644419 -7.0875 0
      vertex 12.275910098644419 7.0875 0
      vertex 13.09599237334749 5.424537653775148 0
    endloop
  endfacet
  facet normal 0 0 1
    outer loop
      vertex 13.09599237334749 -5.424537653775148 2.5
      vertex 13.09599237334749 5.424537653775148 2.5
      vertex 12.275910098644419 7.0875 2.5
    endloop
  endfacet
  facet normal 0.9807852804032305 0.19509032201612794 0
    outer loop
      vertex 14.053730909973764 1.850208774719231 0
      vertex 13.691998587647545 3.6687599643282316 0
      vertex 14.053730909973764 1.850208774719231 2.5
    endloop
  endfacet
  facet normal 0 0 1
    outer loop
      vertex 13.691998587647545 -3.6687599643282316 2.5
      vertex 13.691998587647545 3.6687599643282316 2.5
      vertex 13.09599237334749 5.424537653775148 2.5
    endloop
  endfacet
  facet normal 0.9807852804032305 0.19509032201612794 0
    outer loop
      vertex 14.053730909973764 1.850208774719231 2.5
      vertex 13.691998587647545 3.6687599643282316 0
      vertex 13.691998587647545 3.6687599643282316 2.5
    endloop
  endfacet
  facet normal 0 0 -1
    outer loop
      vertex 11.24578359862826 8.629193256198615 0
      vertex 10.5 1.3 0
      vertex 10.330315950113933 1.2888783197859535 0
    endloop
  endfacet
  facet normal 0 0 -1
    outer loop
      vertex 11.24578359862826 8.629193256198615 0
      vertex 10.669684049886067 1.2888783197859535 0
      vertex 10.5 1.3 0
    endloop
  endfacet
  facet normal 0 0 -1
    outer loop
      vertex 11.24578359862826 8.629193256198615 0
      vertex 10.836464758633277 1.255703574175789 0
      vertex 10.669684049886067 1.2888783197859535 0
    endloop
  endfacet
  facet normal 0 0 -1
    outer loop
      vertex 11.24578359862826 8.629193256198615 0
      vertex 10.997488462074617 1.2010433922646728 0
      vertex 10.836464758633277 1.255703574175789 0
    endloop
  endfacet
  facet normal 0 0 -1
    outer loop
      vertex 11.24578359862826 8.629193256198615 0
      vertex 11.15 1.12583302491977 0
      vertex 10.997488462074617 1.2010433922646728 0
    endloop
  endfacet
  facet normal 0 0 1
    outer loop
      vertex 11.24578359862826 8.629193256198615 2.5
      vertex 10.669684049886067 1.2888783197859535 2.5
      vertex 10.836464758633277 1.255703574175789 2.5
    endloop
  endfacet
  facet normal 0 0 1
    outer loop
      vertex 11.24578359862826 8.629193256198615 2.5
      vertex 10.836464758633277 1.255703574175789 2.5
      vertex 10.997488462074617 1.2010433922646728 2.5
    endloop
  endfacet
  facet normal 0 0 1
    outer loop
      vertex 11.24578359862826 8.629193256198615 2.5
      vertex 10.997488462074617 1.2010433922646728 2.5
      vertex 11.15 1.12583302491977 2.5
    endloop
  endfacet
  facet normal 0 0 1
    outer loop
      vertex 11.24578359862826 8.629193256198615 2.5
      vertex 11.15 1.12583302491977 2.5
      vertex 11.291389857711337 1.0313593423786058 2.5
    endloop
  endfacet
  facet normal 0 0 1
    outer loop
      vertex 10.023238623319312 10.023238623319312 2.5
      vertex 10.669684049886067 1.2888783197859535 2.5
      vertex 11.24578359862826 8.629193256198615 2.5
    endloop
  endfacet
  facet normal 0 0 -1
    outer loop
      vertex 11.24578359862826 8.629193256198615 0
      vertex 12.275910098644419 7.0875 0
      vertex 11.15 1.12583302491977 0
    endloop
  endfacet
  facet normal 0.9469301294951056 0.32143946530316203 0
    outer loop
      vertex 13.691998587647545 3.6687599643282316 0
      vertex 13.09599237334749 5.424537653775148 0
      vertex 13.691998587647545 3.6687599643282316 2.5
    endloop
  endfacet
  facet normal 0.9469301294951056 0.32143946530316203 0
    outer loop
      vertex 13.691998587647545 3.6687599643282316 2.5
      vertex 13.09599237334749 5.424537653775148 0
      vertex 13.09599237334749 5.424537653775148 2.5
    endloop
  endfacet
  facet normal 0.8968727415326884 0.44228869021900136 0
    outer loop
      vertex 13.09599237334749 5.424537653775148 0
      vertex 12.275910098644419 7.0875 0
      vertex 13.09599237334749 5.424537653775148 2.5
    endloop
  endfacet
  facet normal 0.8968727415326884 0.44228869021900136 0
    outer loop
      vertex 13.09599237334749 5.424537653775148 2.5
      vertex 12.275910098644419 7.0875 0
      vertex 12.275910098644419 7.0875 2.5
    endloop
  endfacet
  facet normal 0 0 -1
    outer loop
      vertex 10.023238623319312 10.023238623319312 0
      vertex 9.37416697508023 0.65 0
      vertex 8.629193256198615 11.24578359862826 0
    endloop
  endfacet
  facet normal 0 0 1
    outer loop
      vertex 10.023238623319312 10.023238623319312 2.5
      vertex 8.629193256198615 11.24578359862826 2.5
      vertex 9.37416697508023 0.65 2.5
    endloop
  endfacet
  facet normal 0.6593458151000687 0.7518398074789775 0
    outer loop
      vertex 10.023238623319312 10.023238623319312 0
      vertex 8.629193256198615 11.24578359862826 2.5
      vertex 10.023238623319312 10.023238623319312 2.5
    endloop
  endfacet
  facet normal 0.7518398074789775 0.6593458151000687 0
    outer loop
      vertex 10.023238623319312 10.023238623319312 0
      vertex 10.023238623319312 10.023238623319312 2.5
      vertex 11.24578359862826 8.629193256198615 2.5
    endloop
  endfacet
  facet normal 0.5555702330196023 0.8314696123025452 0
    outer loop
      vertex 7.0875 12.275910098644419 0
      vertex 7.0875 12.275910098644419 2.5
      vertex 8.629193256198615 11.24578359862826 0
    endloop
  endfacet
  facet normal 0.5555702330196023 0.8314696123025452 0
    outer loop
      vertex 7.0875 12.275910098644419 2.5
      vertex 8.629193256198615 11.24578359862826 2.5
      vertex 8.629193256198615 11.24578359862826 0
    endloop
  endfacet
  facet normal 0.6593458151000687 0.7518398074789775 0
    outer loop
      vertex 10.023238623319312 10.023238623319312 0
      vertex 8.629193256198615 11.24578359862826 0
      vertex 8.629193256198615 11.24578359862826 2.5
    endloop
  endfacet
  facet normal 0.8314696123025452 0.5555702330196023 0
    outer loop
      vertex 11.24578359862826 8.629193256198615 0
      vertex 12.275910098644419 7.0875 2.5
      vertex 12.275910098644419 7.0875 0
    endloop
  endfacet
  facet normal 0.8314696123025452 0.5555702330196023 0
    outer loop
      vertex 11.24578359862826 8.629193256198615 0
      vertex 11.24578359862826 8.629193256198615 2.5
      vertex 12.275910098644419 7.0875 2.5
    endloop
  endfacet
  facet normal 0.7518398074789775 0.6593458151000687 0
    outer loop
      vertex 10.023238623319312 10.023238623319312 0
      vertex 11.24578359862826 8.629193256198615 2.5
      vertex 11.24578359862826 8.629193256198615 0
    endloop
  endfacet
  facet normal -0.7518398074789777 -0.6593458151000686 0
    outer loop
      vertex -4.760120041747411 -3.652568574052324 2.5
      vertex -4.242640687119286 -4.242640687119286 2.5
      vertex -4.760120041747411 -3.652568574052324 47.5
    endloop
  endfacet
  facet normal -0.6593458151000686 -0.7518398074789777 0
    outer loop
      vertex -3.652568574052324 -4.760120041747411 2.5
      vertex -3.652568574052324 -4.760120041747411 47.5
      vertex -4.242640687119286 -4.242640687119286 2.5
    endloop
  endfacet
  facet normal -0.8968727415326886 -0.44228869021900047 0
    outer loop
      vertex -5.54327719506772 -2.2961005941905386 2.5
      vertex -5.196152422706632 -3 2.5
      vertex -5.54327719506772 -2.2961005941905386 47.5
    endloop
  endfacet
  facet normal -0.9469301294951054 -0.32143946530316264 0
    outer loop
      vertex -5.54327719506772 -2.2961005941905386 2.5
      vertex -5.79555495773441 -1.5529142706151244 47.5
      vertex -5.79555495773441 -1.5529142706151244 2.5
    endloop
  endfacet
  facet normal -0.9807852804032305 -0.19509032201612733 0
    outer loop
      vertex -5.79555495773441 -1.5529142706151244 2.5
      vertex -5.948669168242862 -0.7831571533203094 47.5
      vertex -5.948669168242862 -0.7831571533203094 2.5
    endloop
  endfacet
  facet normal -0.9978589232386035 -0.06540312923014359 0
    outer loop
      vertex -5.948669168242862 -0.7831571533203094 2.5
      vertex -6 0 47.5
      vertex -6 0 2.5
    endloop
  endfacet
  facet normal -0.8314696123025455 -0.5555702330196018 0
    outer loop
      vertex -4.760120041747411 -3.652568574052324 2.5
      vertex -5.196152422706632 -3 47.5
      vertex -5.196152422706632 -3 2.5
    endloop
  endfacet
  facet normal -0.44228869021900047 -0.8968727415326886 0
    outer loop
      vertex -2.2961005941905386 -5.54327719506772 2.5
      vertex -2.2961005941905386 -5.54327719506772 47.5
      vertex -3 -5.196152422706632 2.5
    endloop
  endfacet
  facet normal -0.32143946530316264 -0.9469301294951054 0
    outer loop
      vertex -2.2961005941905386 -5.54327719506772 2.5
      vertex -1.5529142706151244 -5.79555495773441 2.5
      vertex -1.5529142706151244 -5.79555495773441 47.5
    endloop
  endfacet
  facet normal -0.5555702330196018 -0.8314696123025455 0
    outer loop
      vertex -3.652568574052324 -4.760120041747411 2.5
      vertex -3 -5.196152422706632 2.5
      vertex -3 -5.196152422706632 47.5
    endloop
  endfacet
  facet normal -0.19509032201612733 -0.9807852804032305 0
    outer loop
      vertex -1.5529142706151244 -5.79555495773441 2.5
      vertex -0.7831571533203094 -5.948669168242862 2.5
      vertex -0.7831571533203094 -5.948669168242862 47.5
    endloop
  endfacet
  facet normal -0.06540312923014359 -0.9978589232386035 0
    outer loop
      vertex -0.7831571533203094 -5.948669168242862 2.5
      vertex 0 -6 2.5
      vertex 0 -6 47.5
    endloop
  endfacet
  facet normal -0.7518398074789777 -0.6593458151000686 0
    outer loop
      vertex -4.242640687119286 -4.242640687119286 2.5
      vertex -4.242640687119286 -4.242640687119286 47.5
      vertex -4.760120041747411 -3.652568574052324 47.5
    endloop
  endfacet
  facet normal -0.6593458151000686 -0.7518398074789777 0
    outer loop
      vertex -4.242640687119286 -4.242640687119286 2.5
      vertex -3.652568574052324 -4.760120041747411 47.5
      vertex -4.242640687119286 -4.242640687119286 47.5
    endloop
  endfacet
  facet normal -0.9469301294951054 -0.32143946530316264 0
    outer loop
      vertex -5.54327719506772 -2.2961005941905386 2.5
      vertex -5.54327719506772 -2.2961005941905386 47.5
      vertex -5.79555495773441 -1.5529142706151244 47.5
    endloop
  endfacet
  facet normal -0.9807852804032305 -0.19509032201612722 0
    outer loop
      vertex -5.79555495773441 -1.5529142706151244 2.5
      vertex -5.79555495773441 -1.5529142706151244 47.5
      vertex -5.806080260570632 -1.5 47.5
    endloop
  endfacet
  facet normal -0.9807852804032305 -0.19509032201612733 1.0548670364089925e-19
    outer loop
      vertex -5.79555495773441 -1.5529142706151244 2.5
      vertex -5.806080260570632 -1.5 47.5
      vertex -5.948669168242862 -0.7831571533203094 47.5
    endloop
  endfacet
  facet normal -0.9978589232386035 -0.06540312923014359 0
    outer loop
      vertex -5.948669168242862 -0.7831571533203094 2.5
      vertex -5.948669168242862 -0.7831571533203094 47.5
      vertex -6 0 47.5
    endloop
  endfacet
  facet normal -0.8314696123025455 -0.5555702330196018 0
    outer loop
      vertex -4.760120041747411 -3.652568574052324 2.5
      vertex -4.760120041747411 -3.652568574052324 47.5
      vertex -5.196152422706632 -3 47.5
    endloop
  endfacet
  facet normal -0.8968727415326886 -0.44228869021900047 0
    outer loop
      vertex -5.196152422706632 -3 2.5
      vertex -5.196152422706632 -3 47.5
      vertex -5.54327719506772 -2.2961005941905386 47.5
    endloop
  endfacet
  facet normal -0.32143946530316264 -0.9469301294951054 0
    outer loop
      vertex -2.2961005941905386 -5.54327719506772 2.5
      vertex -1.5529142706151244 -5.79555495773441 47.5
      vertex -2.2961005941905386 -5.54327719506772 47.5
    endloop
  endfacet
  facet normal -0.5555702330196018 -0.8314696123025455 0
    outer loop
      vertex -3.652568574052324 -4.760120041747411 2.5
      vertex -3 -5.196152422706632 47.5
      vertex -3.652568574052324 -4.760120041747411 47.5
    endloop
  endfacet
  facet normal -0.44228869021900047 -0.8968727415326886 0
    outer loop
      vertex -3 -5.196152422706632 2.5
      vertex -2.2961005941905386 -5.54327719506772 47.5
      vertex -3 -5.196152422706632 47.5
    endloop
  endfacet
  facet normal -0.19509032201612733 -0.9807852804032305 0
    outer loop
      vertex -1.5529142706151244 -5.79555495773441 2.5
      vertex -0.7831571533203094 -5.948669168242862 47.5
      vertex -1.5529142706151244 -5.79555495773441 47.5
    endloop
  endfacet
  facet normal -0.06540312923014359 -0.9978589232386035 0
    outer loop
      vertex -0.7831571533203094 -5.948669168242862 2.5
      vertex 0 -6 47.5
      vertex -0.7831571533203094 -5.948669168242862 47.5
    endloop
  endfacet
  facet normal 0 0 1
    outer loop
      vertex -4.760120041747411 -3.652568574052324 47.5
      vertex -4.242640687119286 -4.242640687119286 47.5
      vertex -1.9 -1.5 47.5
    endloop
  endfacet
  facet normal 0 0 1
    outer loop
      vertex -4.760120041747411 -3.652568574052324 47.5
      vertex -1.9 -1.5 47.5
      vertex -5.196152422706632 -3 47.5
    endloop
  endfacet
  facet normal 0 0 1
    outer loop
      vertex -5.54327719506772 -2.2961005941905386 47.5
      vertex -5.196152422706632 -3 47.5
      vertex -1.9 -1.5 47.5
    endloop
  endfacet
  facet normal 0 0 1
    outer loop
      vertex -5.54327719506772 -2.2961005941905386 47.5
      vertex -1.9 -1.5 47.5
      vertex -5.79555495773441 -1.5529142706151244 47.5
    endloop
  endfacet
  facet normal 0 0 1
    outer loop
      vertex -5.79555495773441 -1.5529142706151244 47.5
      vertex -1.9 -1.5 47.5
      vertex -5.806080260570632 -1.5 47.5
    endloop
  endfacet
  facet normal 0 0 1
    outer loop
      vertex -2.2961005941905386 -5.54327719506772 47.5
      vertex -1.5529142706151244 -5.79555495773441 47.5
      vertex -1.9 -5.146854251623157 47.5
    endloop
  endfacet
  facet normal 0 0 1
    outer loop
      vertex -3.652568574052324 -4.760120041747411 47.5
      vertex -3 -5.196152422706632 47.5
      vertex -1.9 -1.5 47.5
    endloop
  endfacet
  facet normal 0 0 1
    outer loop
      vertex -2.2961005941905386 -5.54327719506772 47.5
      vertex -1.9 -1.5 47.5
      vertex -3 -5.196152422706632 47.5
    endloop
  endfacet
  facet normal 0 0 1
    outer loop
      vertex -2.2961005941905386 -5.54327719506772 47.5
      vertex -1.9 -5.146854251623157 47.5
      vertex -1.9 -1.5 47.5
    endloop
  endfacet
  facet normal 0 0 1
    outer loop
      vertex -1.9 -5.146854251623157 47.5
      vertex -1.5529142706151244 -5.79555495773441 47.5
      vertex 1.9 -5.146854251623157 47.5
    endloop
  endfacet
  facet normal 0 0 1
    outer loop
      vertex -1.5529142706151244 -5.79555495773441 47.5
      vertex -0.7831571533203094 -5.948669168242862 47.5
      vertex 1.9 -5.146854251623157 47.5
    endloop
  endfacet
  facet normal 0 0 1
    outer loop
      vertex -3.652568574052324 -4.760120041747411 47.5
      vertex -1.9 -1.5 47.5
      vertex -4.242640687119286 -4.242640687119286 47.5
    endloop
  endfacet
  facet normal -0.9978589232386035 0.06540312923014359 0
    outer loop
      vertex -6 0 2.5
      vertex -5.948669168242862 0.7831571533203094 47.5
      vertex -5.948669168242862 0.7831571533203094 2.5
    endloop
  endfacet
  facet normal -0.9807852804032305 0.19509032201612733 0
    outer loop
      vertex -5.948669168242862 0.7831571533203094 2.5
      vertex -5.79555495773441 1.5529142706151244 47.5
      vertex -5.79555495773441 1.5529142706151244 2.5
    endloop
  endfacet
  facet normal -0.9469301294951054 0.32143946530316264 0
    outer loop
      vertex -5.79555495773441 1.5529142706151244 2.5
      vertex -5.54327719506772 2.2961005941905386 47.5
      vertex -5.54327719506772 2.2961005941905386 2.5
    endloop
  endfacet
  facet normal -0.8968727415326886 0.44228869021900047 0
    outer loop
      vertex -5.54327719506772 2.2961005941905386 2.5
      vertex -5.196152422706632 3 47.5
      vertex -5.196152422706632 3 2.5
    endloop
  endfacet
  facet normal -0.8314696123025455 0.5555702330196018 0
    outer loop
      vertex -5.196152422706632 3 2.5
      vertex -4.760120041747411 3.652568574052324 47.5
      vertex -4.760120041747411 3.652568574052324 2.5
    endloop
  endfacet
  facet normal -0.7518398074789777 0.6593458151000686 0
    outer loop
      vertex -4.760120041747411 3.652568574052324 2.5
      vertex -4.242640687119286 4.242640687119286 47.5
      vertex -4.242640687119286 4.242640687119286 2.5
    endloop
  endfacet
  facet normal -0.6593458151000686 0.7518398074789777 0
    outer loop
      vertex -4.242640687119286 4.242640687119286 2.5
      vertex -4.242640687119286 4.242640687119286 47.5
      vertex -3.652568574052324 4.760120041747411 2.5
    endloop
  endfacet
  facet normal -0.5555702330196018 0.8314696123025455 0
    outer loop
      vertex -3.652568574052324 4.760120041747411 2.5
      vertex -3.652568574052324 4.760120041747411 47.5
      vertex -3 5.196152422706632 2.5
    endloop
  endfacet
  facet normal -0.44228869021900047 0.8968727415326886 0
    outer loop
      vertex -3 5.196152422706632 2.5
      vertex -3 5.196152422706632 47.5
      vertex -2.2961005941905386 5.54327719506772 2.5
    endloop
  endfacet
  facet normal -0.32143946530316264 0.9469301294951054 0
    outer loop
      vertex -2.2961005941905386 5.54327719506772 2.5
      vertex -2.2961005941905386 5.54327719506772 47.5
      vertex -1.5529142706151244 5.79555495773441 2.5
    endloop
  endfacet
  facet normal -0.19509032201612733 0.9807852804032305 0
    outer loop
      vertex -1.5529142706151244 5.79555495773441 2.5
      vertex -1.5529142706151244 5.79555495773441 47.5
      vertex -0.7831571533203094 5.948669168242862 2.5
    endloop
  endfacet
  facet normal -0.06540312923014359 0.9978589232386035 0
    outer loop
      vertex -0.7831571533203094 5.948669168242862 2.5
      vertex -0.7831571533203094 5.948669168242862 47.5
      vertex 0 6 2.5
    endloop
  endfacet
  facet normal -0.9978589232386035 0.06540312923014359 0
    outer loop
      vertex -6 0 2.5
      vertex -6 0 47.5
      vertex -5.948669168242862 0.7831571533203094 47.5
    endloop
  endfacet
  facet normal -0.9807852804032305 0.1950903220161273 0
    outer loop
      vertex -5.948669168242862 0.7831571533203094 2.5
      vertex -5.948669168242862 0.7831571533203094 47.5
      vertex -5.806080260570632 1.5 47.5
    endloop
  endfacet
  facet normal -0.9807852804032305 0.19509032201612767 5.716218936461016e-18
    outer loop
      vertex -5.948669168242862 0.7831571533203094 2.5
      vertex -5.806080260570632 1.5 47.5
      vertex -5.79555495773441 1.5529142706151244 47.5
    endloop
  endfacet
  facet normal -0.9469301294951054 0.32143946530316264 0
    outer loop
      vertex -5.79555495773441 1.5529142706151244 2.5
      vertex -5.79555495773441 1.5529142706151244 47.5
      vertex -5.54327719506772 2.2961005941905386 47.5
    endloop
  endfacet
  facet normal -0.8968727415326886 0.44228869021900047 0
    outer loop
      vertex -5.54327719506772 2.2961005941905386 2.5
      vertex -5.54327719506772 2.2961005941905386 47.5
      vertex -5.196152422706632 3 47.5
    endloop
  endfacet
  facet normal -0.8314696123025455 0.5555702330196018 0
    outer loop
      vertex -5.196152422706632 3 2.5
      vertex -5.196152422706632 3 47.5
      vertex -4.760120041747411 3.652568574052324 47.5
    endloop
  endfacet
  facet normal -0.7518398074789777 0.6593458151000686 0
    outer loop
      vertex -4.760120041747411 3.652568574052324 2.5
      vertex -4.760120041747411 3.652568574052324 47.5
      vertex -4.242640687119286 4.242640687119286 47.5
    endloop
  endfacet
  facet normal -0.6593458151000686 0.7518398074789777 0
    outer loop
      vertex -3.652568574052324 4.760120041747411 2.5
      vertex -4.242640687119286 4.242640687119286 47.5
      vertex -3.652568574052324 4.760120041747411 47.5
    endloop
  endfacet
  facet normal -0.5555702330196018 0.8314696123025455 0
    outer loop
      vertex -3 5.196152422706632 2.5
      vertex -3.652568574052324 4.760120041747411 47.5
      vertex -3 5.196152422706632 47.5
    endloop
  endfacet
  facet normal -0.44228869021900047 0.8968727415326886 0
    outer loop
      vertex -2.2961005941905386 5.54327719506772 2.5
      vertex -3 5.196152422706632 47.5
      vertex -2.2961005941905386 5.54327719506772 47.5
    endloop
  endfacet
  facet normal -0.32143946530316264 0.9469301294951054 0
    outer loop
      vertex -1.5529142706151244 5.79555495773441 2.5
      vertex -2.2961005941905386 5.54327719506772 47.5
      vertex -1.5529142706151244 5.79555495773441 47.5
    endloop
  endfacet
  facet normal -0.19509032201612733 0.9807852804032305 0
    outer loop
      vertex -0.7831571533203094 5.948669168242862 2.5
      vertex -1.5529142706151244 5.79555495773441 47.5
      vertex -0.7831571533203094 5.948669168242862 47.5
    endloop
  endfacet
  facet normal -0.06540312923014359 0.9978589232386035 0
    outer loop
      vertex -0.7831571533203094 5.948669168242862 47.5
      vertex 0 6 47.5
      vertex 0 6 2.5
    endloop
  endfacet
  facet normal 0 0 1
    outer loop
      vertex -5.806080260570632 1.5 47.5
      vertex -5.54327719506772 2.2961005941905386 47.5
      vertex -5.79555495773441 1.5529142706151244 47.5
    endloop
  endfacet
  facet normal 0 0 1
    outer loop
      vertex -5.806080260570632 1.5 47.5
      vertex -5.196152422706632 3 47.5
      vertex -5.54327719506772 2.2961005941905386 47.5
    endloop
  endfacet
  facet normal 0 0 1
    outer loop
      vertex -5.806080260570632 1.5 47.5
      vertex -4.760120041747411 3.652568574052324 47.5
      vertex -5.196152422706632 3 47.5
    endloop
  endfacet
  facet normal 0 0 1
    outer loop
      vertex -5.806080260570632 1.5 47.5
      vertex -4.242640687119286 4.242640687119286 47.5
      vertex -4.760120041747411 3.652568574052324 47.5
    endloop
  endfacet
  facet normal 0 0 1
    outer loop
      vertex -5.806080260570632 1.5 47.5
      vertex -3.652568574052324 4.760120041747411 47.5
      vertex -4.242640687119286 4.242640687119286 47.5
    endloop
  endfacet
  facet normal 0 0 1
    outer loop
      vertex -5.806080260570632 1.5 47.5
      vertex -3 5.196152422706632 47.5
      vertex -3.652568574052324 4.760120041747411 47.5
    endloop
  endfacet
  facet normal 0 0 1
    outer loop
      vertex -5.806080260570632 1.5 47.5
      vertex -2.2961005941905386 5.54327719506772 47.5
      vertex -3 5.196152422706632 47.5
    endloop
  endfacet
  facet normal 0 0 1
    outer loop
      vertex -5.806080260570632 1.5 47.5
      vertex -1.5529142706151244 5.79555495773441 47.5
      vertex -2.2961005941905386 5.54327719506772 47.5
    endloop
  endfacet
  facet normal 0 0 1
    outer loop
      vertex -5.806080260570632 1.5 47.5
      vertex -0.7831571533203094 5.948669168242862 47.5
      vertex -1.5529142706151244 5.79555495773441 47.5
    endloop
  endfacet
  facet normal 0 0 1
    outer loop
      vertex -5.806080260570632 1.5 47.5
      vertex 0 6 47.5
      vertex -0.7831571533203094 5.948669168242862 47.5
    endloop
  endfacet
  facet normal 0 0 1
    outer loop
      vertex -5.806080260570632 1.5 47.5
      vertex 1.5529142706151244 5.79555495773441 47.5
      vertex 0.7831571533203094 5.948669168242862 47.5
    endloop
  endfacet
  facet normal 0 0 1
    outer loop
      vertex -5.806080260570632 1.5 47.5
      vertex 0.7831571533203094 5.948669168242862 47.5
      vertex 0 6 47.5
    endloop
  endfacet
  facet normal 0 0 1
    outer loop
      vertex -5.806080260570632 1.5 47.5
      vertex 2.2961005941905386 5.54327719506772 47.5
      vertex 1.5529142706151244 5.79555495773441 47.5
    endloop
  endfacet
  facet normal 0 0 1
    outer loop
      vertex -5.806080260570632 1.5 47.5
      vertex 3 5.196152422706632 47.5
      vertex 2.2961005941905386 5.54327719506772 47.5
    endloop
  endfacet
  facet normal 0.06540312923014359 -0.9978589232386035 0
    outer loop
      vertex 0 -6 2.5
      vertex 0.7831571533203094 -5.948669168242862 2.5
      vertex 0.7831571533203094 -5.948669168242862 47.5
    endloop
  endfacet
  facet normal 0.19509032201612733 -0.9807852804032305 0
    outer loop
      vertex 0.7831571533203094 -5.948669168242862 2.5
      vertex 1.5529142706151244 -5.79555495773441 2.5
      vertex 1.5529142706151244 -5.79555495773441 47.5
    endloop
  endfacet
  facet normal 0.32143946530316264 -0.9469301294951054 0
    outer loop
      vertex 1.5529142706151244 -5.79555495773441 2.5
      vertex 2.2961005941905386 -5.54327719506772 2.5
      vertex 2.2961005941905386 -5.54327719506772 47.5
    endloop
  endfacet
  facet normal 0.44228869021900047 -0.8968727415326886 0
    outer loop
      vertex 2.2961005941905386 -5.54327719506772 2.5
      vertex 3 -5.196152422706632 2.5
      vertex 3 -5.196152422706632 47.5
    endloop
  endfacet
  facet normal 0.5555702330196018 -0.8314696123025455 0
    outer loop
      vertex 3 -5.196152422706632 2.5
      vertex 3.652568574052324 -4.760120041747411 2.5
      vertex 3.652568574052324 -4.760120041747411 47.5
    endloop
  endfacet
  facet normal 0.6593458151000686 -0.7518398074789777 0
    outer loop
      vertex 3.652568574052324 -4.760120041747411 2.5
      vertex 4.242640687119286 -4.242640687119286 2.5
      vertex 4.242640687119286 -4.242640687119286 47.5
    endloop
  endfacet
  facet normal 0.7518398074789777 -0.6593458151000686 0
    outer loop
      vertex 4.242640687119286 -4.242640687119286 2.5
      vertex 4.760120041747411 -3.652568574052324 2.5
      vertex 4.242640687119286 -4.242640687119286 47.5
    endloop
  endfacet
  facet normal 0.8314696123025455 -0.5555702330196018 0
    outer loop
      vertex 4.760120041747411 -3.652568574052324 2.5
      vertex 5.196152422706632 -3 2.5
      vertex 4.760120041747411 -3.652568574052324 47.5
    endloop
  endfacet
  facet normal 0.8968727415326886 -0.44228869021900047 0
    outer loop
      vertex 5.196152422706632 -3 2.5
      vertex 5.54327719506772 -2.2961005941905386 2.5
      vertex 5.196152422706632 -3 47.5
    endloop
  endfacet
  facet normal 0.9469301294951054 -0.32143946530316264 0
    outer loop
      vertex 5.54327719506772 -2.2961005941905386 2.5
      vertex 5.79555495773441 -1.5529142706151244 2.5
      vertex 5.54327719506772 -2.2961005941905386 47.5
    endloop
  endfacet
  facet normal 0.9807852804032305 -0.19509032201612733 0
    outer loop
      vertex 5.79555495773441 -1.5529142706151244 2.5
      vertex 5.948669168242862 -0.7831571533203094 2.5
      vertex 5.79555495773441 -1.5529142706151244 47.5
    endloop
  endfacet
  facet normal 0.9978589232386035 -0.06540312923014359 0
    outer loop
      vertex 5.948669168242862 -0.7831571533203094 2.5
      vertex 6 0 2.5
      vertex 5.948669168242862 -0.7831571533203094 47.5
    endloop
  endfacet
  facet normal 0.06540312923014359 -0.9978589232386035 0
    outer loop
      vertex 0 -6 2.5
      vertex 0.7831571533203094 -5.948669168242862 47.5
      vertex 0 -6 47.5
    endloop
  endfacet
  facet normal 0.19509032201612733 -0.9807852804032305 0
    outer loop
      vertex 0.7831571533203094 -5.948669168242862 2.5
      vertex 1.5529142706151244 -5.79555495773441 47.5
      vertex 0.7831571533203094 -5.948669168242862 47.5
    endloop
  endfacet
  facet normal 0.32143946530316264 -0.9469301294951054 0
    outer loop
      vertex 1.5529142706151244 -5.79555495773441 2.5
      vertex 2.2961005941905386 -5.54327719506772 47.5
      vertex 1.5529142706151244 -5.79555495773441 47.5
    endloop
  endfacet
  facet normal 0.44228869021900047 -0.8968727415326886 0
    outer loop
      vertex 2.2961005941905386 -5.54327719506772 2.5
      vertex 3 -5.196152422706632 47.5
      vertex 2.2961005941905386 -5.54327719506772 47.5
    endloop
  endfacet
  facet normal 0.5555702330196018 -0.8314696123025455 0
    outer loop
      vertex 3 -5.196152422706632 2.5
      vertex 3.652568574052324 -4.760120041747411 47.5
      vertex 3 -5.196152422706632 47.5
    endloop
  endfacet
  facet normal 0.6593458151000686 -0.7518398074789777 0
    outer loop
      vertex 3.652568574052324 -4.760120041747411 2.5
      vertex 4.242640687119286 -4.242640687119286 47.5
      vertex 3.652568574052324 -4.760120041747411 47.5
    endloop
  endfacet
  facet normal 0.7518398074789777 -0.6593458151000686 0
    outer loop
      vertex 4.760120041747411 -3.652568574052324 2.5
      vertex 4.760120041747411 -3.652568574052324 47.5
      vertex 4.242640687119286 -4.242640687119286 47.5
    endloop
  endfacet
  facet normal 0.8314696123025455 -0.5555702330196018 0
    outer loop
      vertex 5.196152422706632 -3 2.5
      vertex 5.196152422706632 -3 47.5
      vertex 4.760120041747411 -3.652568574052324 47.5
    endloop
  endfacet
  facet normal 0.8968727415326886 -0.44228869021900047 0
    outer loop
      vertex 5.54327719506772 -2.2961005941905386 2.5
      vertex 5.54327719506772 -2.2961005941905386 47.5
      vertex 5.196152422706632 -3 47.5
    endloop
  endfacet
  facet normal 0.9469301294951054 -0.32143946530316264 0
    outer loop
      vertex 5.79555495773441 -1.5529142706151244 2.5
      vertex 5.79555495773441 -1.5529142706151244 47.5
      vertex 5.54327719506772 -2.2961005941905386 47.5
    endloop
  endfacet
  facet normal 0.9807852804032305 -0.19509032201612767 5.716218936461016e-18
    outer loop
      vertex 5.948669168242862 -0.7831571533203094 2.5
      vertex 5.806080260570632 -1.5 47.5
      vertex 5.79555495773441 -1.5529142706151244 47.5
    endloop
  endfacet
  facet normal 0.9807852804032305 -0.1950903220161273 0
    outer loop
      vertex 5.948669168242862 -0.7831571533203094 2.5
      vertex 5.948669168242862 -0.7831571533203094 47.5
      vertex 5.806080260570632 -1.5 47.5
    endloop
  endfacet
  facet normal 0.9978589232386035 -0.06540312923014359 0
    outer loop
      vertex 5.948669168242862 -0.7831571533203094 47.5
      vertex 6 0 2.5
      vertex 6 0 47.5
    endloop
  endfacet
  facet normal 0 0 1
    outer loop
      vertex -0.7831571533203094 -5.948669168242862 47.5
      vertex 0 -6 47.5
      vertex 1.9 -5.146854251623157 47.5
    endloop
  endfacet
  facet normal 0 0 1
    outer loop
      vertex 0 -6 47.5
      vertex 0.7831571533203094 -5.948669168242862 47.5
      vertex 1.9 -5.146854251623157 47.5
    endloop
  endfacet
  facet normal 0 0 1
    outer loop
      vertex 0.7831571533203094 -5.948669168242862 47.5
      vertex 1.5529142706151244 -5.79555495773441 47.5
      vertex 1.9 -5.146854251623157 47.5
    endloop
  endfacet
  facet normal 0 0 1
    outer loop
      vertex 1.5529142706151244 -5.79555495773441 47.5
      vertex 2.2961005941905386 -5.54327719506772 47.5
      vertex 1.9 -5.146854251623157 47.5
    endloop
  endfacet
  facet normal 0 0 1
    outer loop
      vertex 2.2961005941905386 -5.54327719506772 47.5
      vertex 5.806080260570632 -1.5 47.5
      vertex 1.9 -5.146854251623157 47.5
    endloop
  endfacet
  facet normal 0 0 1
    outer loop
      vertex 1.9 -5.146854251623157 47.5
      vertex 5.806080260570632 -1.5 47.5
      vertex 1.9 -1.5 47.5
    endloop
  endfacet
  facet normal 0 0 1
    outer loop
      vertex 2.2961005941905386 -5.54327719506772 47.5
      vertex 3 -5.196152422706632 47.5
      vertex 5.806080260570632 -1.5 47.5
    endloop
  endfacet
  facet normal 0 0 1
    outer loop
      vertex 3 -5.196152422706632 47.5
      vertex 3.652568574052324 -4.760120041747411 47.5
      vertex 5.806080260570632 -1.5 47.5
    endloop
  endfacet
  facet normal 0 0 1
    outer loop
      vertex 3.652568574052324 -4.760120041747411 47.5
      vertex 4.242640687119286 -4.242640687119286 47.5
      vertex 5.806080260570632 -1.5 47.5
    endloop
  endfacet
  facet normal 0 0 1
    outer loop
      vertex 4.242640687119286 -4.242640687119286 47.5
      vertex 4.760120041747411 -3.652568574052324 47.5
      vertex 5.806080260570632 -1.5 47.5
    endloop
  endfacet
  facet normal 0 0 1
    outer loop
      vertex 4.760120041747411 -3.652568574052324 47.5
      vertex 5.196152422706632 -3 47.5
      vertex 5.806080260570632 -1.5 47.5
    endloop
  endfacet
  facet normal 0 0 1
    outer loop
      vertex 5.196152422706632 -3 47.5
      vertex 5.54327719506772 -2.2961005941905386 47.5
      vertex 5.806080260570632 -1.5 47.5
    endloop
  endfacet
  facet normal 0 0 1
    outer loop
      vertex 5.54327719506772 -2.2961005941905386 47.5
      vertex 5.79555495773441 -1.5529142706151244 47.5
      vertex 5.806080260570632 -1.5 47.5
    endloop
  endfacet
  facet normal 0.06540312923014359 0.9978589232386035 0
    outer loop
      vertex 0 6 2.5
      vertex 0 6 47.5
      vertex 0.7831571533203094 5.948669168242862 2.5
    endloop
  endfacet
  facet normal 0.19509032201612733 0.9807852804032305 0
    outer loop
      vertex 0.7831571533203094 5.948669168242862 2.5
      vertex 0.7831571533203094 5.948669168242862 47.5
      vertex 1.5529142706151244 5.79555495773441 2.5
    endloop
  endfacet
  facet normal 0.5555702330196018 0.8314696123025455 0
    outer loop
      vertex 3 5.196152422706632 2.5
      vertex 3 5.196152422706632 47.5
      vertex 3.652568574052324 4.760120041747411 2.5
    endloop
  endfacet
  facet normal 0.32143946530316264 0.9469301294951054 0
    outer loop
      vertex 1.5529142706151244 5.79555495773441 2.5
      vertex 1.5529142706151244 5.79555495773441 47.5
      vertex 2.2961005941905386 5.54327719506772 2.5
    endloop
  endfacet
  facet normal 0.44228869021900047 0.8968727415326886 0
    outer loop
      vertex 3 5.196152422706632 2.5
      vertex 2.2961005941905386 5.54327719506772 2.5
      vertex 2.2961005941905386 5.54327719506772 47.5
    endloop
  endfacet
  facet normal 0.8314696123025455 0.5555702330196018 0
    outer loop
      vertex 5.196152422706632 3 2.5
      vertex 4.760120041747411 3.652568574052324 2.5
      vertex 5.196152422706632 3 47.5
    endloop
  endfacet
  facet normal 0.9978589232386035 0.06540312923014359 0
    outer loop
      vertex 6 0 2.5
      vertex 5.948669168242862 0.7831571533203094 2.5
      vertex 6 0 47.5
    endloop
  endfacet
  facet normal 0.9807852804032305 0.19509032201612733 0
    outer loop
      vertex 5.948669168242862 0.7831571533203094 2.5
      vertex 5.79555495773441 1.5529142706151244 2.5
      vertex 5.948669168242862 0.7831571533203094 47.5
    endloop
  endfacet
  facet normal 0.9469301294951054 0.32143946530316264 0
    outer loop
      vertex 5.79555495773441 1.5529142706151244 2.5
      vertex 5.54327719506772 2.2961005941905386 2.5
      vertex 5.79555495773441 1.5529142706151244 47.5
    endloop
  endfacet
  facet normal 0.8968727415326886 0.44228869021900047 0
    outer loop
      vertex 5.196152422706632 3 2.5
      vertex 5.54327719506772 2.2961005941905386 47.5
      vertex 5.54327719506772 2.2961005941905386 2.5
    endloop
  endfacet
  facet normal 0.6593458151000686 0.7518398074789777 0
    outer loop
      vertex 4.242640687119286 4.242640687119286 2.5
      vertex 3.652568574052324 4.760120041747411 2.5
      vertex 3.652568574052324 4.760120041747411 47.5
    endloop
  endfacet
  facet normal 0.7518398074789777 0.6593458151000686 0
    outer loop
      vertex 4.242640687119286 4.242640687119286 2.5
      vertex 4.760120041747411 3.652568574052324 47.5
      vertex 4.760120041747411 3.652568574052324 2.5
    endloop
  endfacet
  facet normal 0.06540312923014359 0.9978589232386035 0
    outer loop
      vertex 0.7831571533203094 5.948669168242862 2.5
      vertex 0 6 47.5
      vertex 0.7831571533203094 5.948669168242862 47.5
    endloop
  endfacet
  facet normal 0.19509032201612733 0.9807852804032305 0
    outer loop
      vertex 1.5529142706151244 5.79555495773441 2.5
      vertex 0.7831571533203094 5.948669168242862 47.5
      vertex 1.5529142706151244 5.79555495773441 47.5
    endloop
  endfacet
  facet normal 0.44228869021900047 0.8968727415326886 0
    outer loop
      vertex 3 5.196152422706632 2.5
      vertex 2.2961005941905386 5.54327719506772 47.5
      vertex 3 5.196152422706632 47.5
    endloop
  endfacet
  facet normal 0.5555702330196018 0.8314696123025455 0
    outer loop
      vertex 3.652568574052324 4.760120041747411 2.5
      vertex 3 5.196152422706632 47.5
      vertex 3.652568574052324 4.760120041747411 47.5
    endloop
  endfacet
  facet normal 0.32143946530316264 0.9469301294951054 0
    outer loop
      vertex 2.2961005941905386 5.54327719506772 2.5
      vertex 1.5529142706151244 5.79555495773441 47.5
      vertex 2.2961005941905386 5.54327719506772 47.5
    endloop
  endfacet
  facet normal 0.8968727415326886 0.44228869021900047 0
    outer loop
      vertex 5.196152422706632 3 2.5
      vertex 5.196152422706632 3 47.5
      vertex 5.54327719506772 2.2961005941905386 47.5
    endloop
  endfacet
  facet normal 0.8314696123025455 0.5555702330196018 0
    outer loop
      vertex 4.760120041747411 3.652568574052324 2.5
      vertex 4.760120041747411 3.652568574052324 47.5
      vertex 5.196152422706632 3 47.5
    endloop
  endfacet
  facet normal 0.9978589232386035 0.06540312923014359 0
    outer loop
      vertex 5.948669168242862 0.7831571533203094 2.5
      vertex 5.948669168242862 0.7831571533203094 47.5
      vertex 6 0 47.5
    endloop
  endfacet
  facet normal 0.9807852804032305 0.19509032201612733 1.0548670364089925e-19
    outer loop
      vertex 5.79555495773441 1.5529142706151244 2.5
      vertex 5.806080260570632 1.5 47.5
      vertex 5.948669168242862 0.7831571533203094 47.5
    endloop
  endfacet
  facet normal 0.9807852804032305 0.19509032201612722 0
    outer loop
      vertex 5.79555495773441 1.5529142706151244 2.5
      vertex 5.79555495773441 1.5529142706151244 47.5
      vertex 5.806080260570632 1.5 47.5
    endloop
  endfacet
  facet normal 0.9469301294951054 0.32143946530316264 0
    outer loop
      vertex 5.54327719506772 2.2961005941905386 2.5
      vertex 5.54327719506772 2.2961005941905386 47.5
      vertex 5.79555495773441 1.5529142706151244 47.5
    endloop
  endfacet
  facet normal 0.6593458151000686 0.7518398074789777 0
    outer loop
      vertex 4.242640687119286 4.242640687119286 2.5
      vertex 3.652568574052324 4.760120041747411 47.5
      vertex 4.242640687119286 4.242640687119286 47.5
    endloop
  endfacet
  facet normal 0.7518398074789777 0.6593458151000686 0
    outer loop
      vertex 4.242640687119286 4.242640687119286 2.5
      vertex 4.242640687119286 4.242640687119286 47.5
      vertex 4.760120041747411 3.652568574052324 47.5
    endloop
  endfacet
  facet normal 0 0 1
    outer loop
      vertex -5.806080260570632 1.5 47.5
      vertex 4.242640687119286 4.242640687119286 47.5
      vertex 3.652568574052324 4.760120041747411 47.5
    endloop
  endfacet
  facet normal 0 0 1
    outer loop
      vertex -5.806080260570632 1.5 47.5
      vertex 5.54327719506772 2.2961005941905386 47.5
      vertex 5.196152422706632 3 47.5
    endloop
  endfacet
  facet normal 0 0 1
    outer loop
      vertex -5.806080260570632 1.5 47.5
      vertex 4.760120041747411 3.652568574052324 47.5
      vertex 4.242640687119286 4.242640687119286 47.5
    endloop
  endfacet
  facet normal 0 0 1
    outer loop
      vertex -5.806080260570632 1.5 47.5
      vertex 5.196152422706632 3 47.5
      vertex 4.760120041747411 3.652568574052324 47.5
    endloop
  endfacet
  facet normal 0 0 1
    outer loop
      vertex -5.806080260570632 1.5 47.5
      vertex 5.806080260570632 1.5 47.5
      vertex 5.79555495773441 1.5529142706151244 47.5
    endloop
  endfacet
  facet normal 0 0 1
    outer loop
      vertex -5.806080260570632 1.5 47.5
      vertex 5.79555495773441 1.5529142706151244 47.5
      vertex 5.54327719506772 2.2961005941905386 47.5
    endloop
  endfacet
  facet normal 0 0 1
    outer loop
      vertex -5.806080260570632 1.5 47.5
      vertex 3.652568574052324 4.760120041747411 47.5
      vertex 3 5.196152422706632 47.5
    endloop
  endfacet
  facet normal 0.6593458151000702 0.7518398074789763 0
    outer loop
      vertex 9.580761184457488 -0.9192388155425119 0
      vertex 9.580761184457488 -0.9192388155425119 2.5
      vertex 9.708610142288663 -1.0313593423786058 0
    endloop
  endfacet
  facet normal 0.6593458151000702 0.7518398074789763 0
    outer loop
      vertex 9.708610142288663 -1.0313593423786058 0
      vertex 9.580761184457488 -0.9192388155425119 2.5
      vertex 9.708610142288663 -1.0313593423786058 2.5
    endloop
  endfacet
  facet normal 0.9469301294951062 0.32143946530315975 0
    outer loop
      vertex 9.244296425824212 -0.33646475863327696 2.5
      vertex 9.298956607735327 -0.4974884620746167 2.5
      vertex 9.298956607735327 -0.4974884620746167 0
    endloop
  endfacet
  facet normal 0.9469301294951062 0.32143946530315975 0
    outer loop
      vertex 9.244296425824212 -0.33646475863327696 2.5
      vertex 9.298956607735327 -0.4974884620746167 0
      vertex 9.244296425824212 -0.33646475863327696 0
    endloop
  endfacet
  facet normal 0.9807852804032308 0.195090322016127 0
    outer loop
      vertex 9.211121680214047 -0.16968404988606706 2.5
      vertex 9.244296425824212 -0.33646475863327696 0
      vertex 9.211121680214047 -0.16968404988606706 0
    endloop
  endfacet
  facet normal 0.997858923238603 0.06540312923015155 0
    outer loop
      vertex 9.2 0 2.5
      vertex 9.211121680214047 -0.16968404988606706 0
      vertex 9.2 0 0
    endloop
  endfacet
  facet normal 0.9807852804032308 0.195090322016127 0
    outer loop
      vertex 9.211121680214047 -0.16968404988606706 2.5
      vertex 9.244296425824212 -0.33646475863327696 2.5
      vertex 9.244296425824212 -0.33646475863327696 0
    endloop
  endfacet
  facet normal 0.997858923238603 0.06540312923015155 0
    outer loop
      vertex 9.2 0 2.5
      vertex 9.211121680214047 -0.16968404988606706 2.5
      vertex 9.211121680214047 -0.16968404988606706 0
    endloop
  endfacet
  facet normal 0.8314696123025471 0.5555702330195994 0
    outer loop
      vertex 9.468640657621394 -0.7913898577113369 0
      vertex 9.37416697508023 -0.65 0
      vertex 9.37416697508023 -0.65 2.5
    endloop
  endfacet
  facet normal 0.7518398074789777 0.6593458151000685 0
    outer loop
      vertex 9.580761184457488 -0.9192388155425119 0
      vertex 9.468640657621394 -0.7913898577113369 0
      vertex 9.468640657621394 -0.7913898577113369 2.5
    endloop
  endfacet
  facet normal 0.8968727415326868 0.4422886902190042 0
    outer loop
      vertex 9.37416697508023 -0.65 0
      vertex 9.298956607735327 -0.4974884620746167 0
      vertex 9.298956607735327 -0.4974884620746167 2.5
    endloop
  endfacet
  facet normal 0.8314696123025471 0.5555702330195994 0
    outer loop
      vertex 9.37416697508023 -0.65 2.5
      vertex 9.468640657621394 -0.7913898577113369 2.5
      vertex 9.468640657621394 -0.7913898577113369 0
    endloop
  endfacet
  facet normal 0.8968727415326868 0.4422886902190042 0
    outer loop
      vertex 9.37416697508023 -0.65 0
      vertex 9.298956607735327 -0.4974884620746167 2.5
      vertex 9.37416697508023 -0.65 2.5
    endloop
  endfacet
  facet normal 0.7518398074789777 0.6593458151000685 0
    outer loop
      vertex 9.580761184457488 -0.9192388155425119 0
      vertex 9.468640657621394 -0.7913898577113369 2.5
      vertex 9.580761184457488 -0.9192388155425119 2.5
    endloop
  endfacet
  facet normal 0.4422886902190029 0.8968727415326876 0
    outer loop
      vertex 9.85 -1.12583302491977 0
      vertex 9.85 -1.12583302491977 2.5
      vertex 10.002511537925383 -1.2010433922646728 0
    endloop
  endfacet
  facet normal 0.5555702330196013 0.8314696123025459 0
    outer loop
      vertex 9.708610142288663 -1.0313593423786058 0
      vertex 9.708610142288663 -1.0313593423786058 2.5
      vertex 9.85 -1.12583302491977 0
    endloop
  endfacet
  facet normal 0.32143946530316014 0.9469301294951062 0
    outer loop
      vertex 10.163535241366723 -1.255703574175789 0
      vertex 10.002511537925383 -1.2010433922646728 0
      vertex 10.002511537925383 -1.2010433922646728 2.5
    endloop
  endfacet
  facet normal 0.4422886902190029 0.8968727415326876 0
    outer loop
      vertex 10.002511537925383 -1.2010433922646728 0
      vertex 9.85 -1.12583302491977 2.5
      vertex 10.002511537925383 -1.2010433922646728 2.5
    endloop
  endfacet
  facet normal 0.5555702330196013 0.8314696123025459 0
    outer loop
      vertex 9.85 -1.12583302491977 0
      vertex 9.708610142288663 -1.0313593423786058 2.5
      vertex 9.85 -1.12583302491977 2.5
    endloop
  endfacet
  facet normal 0.32143946530316014 0.9469301294951062 0
    outer loop
      vertex 10.163535241366723 -1.255703574175789 2.5
      vertex 10.163535241366723 -1.255703574175789 0
      vertex 10.002511537925383 -1.2010433922646728 2.5
    endloop
  endfacet
  facet normal 0.19509032201612747 0.9807852804032307 0
    outer loop
      vertex 10.163535241366723 -1.255703574175789 2.5
      vertex 10.330315950113933 -1.2888783197859535 0
      vertex 10.163535241366723 -1.255703574175789 0
    endloop
  endfacet
  facet normal 0.06540312923014377 0.9978589232386035 0
    outer loop
      vertex 10.330315950113933 -1.2888783197859535 2.5
      vertex 10.5 -1.3 0
      vertex 10.330315950113933 -1.2888783197859535 0
    endloop
  endfacet
  facet normal -0.06540312923014377 0.9978589232386035 0
    outer loop
      vertex 10.5 -1.3 2.5
      vertex 10.669684049886067 -1.2888783197859535 0
      vertex 10.5 -1.3 0
    endloop
  endfacet
  facet normal 0.19509032201612747 0.9807852804032307 0
    outer loop
      vertex 10.330315950113933 -1.2888783197859535 2.5
      vertex 10.330315950113933 -1.2888783197859535 0
      vertex 10.163535241366723 -1.255703574175789 2.5
    endloop
  endfacet
  facet normal 0.06540312923014377 0.9978589232386035 0
    outer loop
      vertex 10.5 -1.3 2.5
      vertex 10.5 -1.3 0
      vertex 10.330315950113933 -1.2888783197859535 2.5
    endloop
  endfacet
  facet normal -0.06540312923014377 0.9978589232386035 0
    outer loop
      vertex 10.669684049886067 -1.2888783197859535 2.5
      vertex 10.669684049886067 -1.2888783197859535 0
      vertex 10.5 -1.3 2.5
    endloop
  endfacet
  facet normal -0.19509032201612747 0.9807852804032307 0
    outer loop
      vertex 10.669684049886067 -1.2888783197859535 2.5
      vertex 10.836464758633277 -1.255703574175789 0
      vertex 10.669684049886067 -1.2888783197859535 0
    endloop
  endfacet
  facet normal -0.32143946530316014 0.9469301294951062 0
    outer loop
      vertex 10.836464758633277 -1.255703574175789 0
      vertex 10.836464758633277 -1.255703574175789 2.5
      vertex 10.997488462074617 -1.2010433922646728 0
    endloop
  endfacet
  facet normal -0.4422886902190029 0.8968727415326876 0
    outer loop
      vertex 10.997488462074617 -1.2010433922646728 0
      vertex 10.997488462074617 -1.2010433922646728 2.5
      vertex 11.15 -1.12583302491977 0
    endloop
  endfacet
  facet normal -0.19509032201612747 0.9807852804032307 0
    outer loop
      vertex 10.836464758633277 -1.255703574175789 0
      vertex 10.669684049886067 -1.2888783197859535 2.5
      vertex 10.836464758633277 -1.255703574175789 2.5
    endloop
  endfacet
  facet normal -0.32143946530316014 0.9469301294951062 0
    outer loop
      vertex 10.997488462074617 -1.2010433922646728 0
      vertex 10.836464758633277 -1.255703574175789 2.5
      vertex 10.997488462074617 -1.2010433922646728 2.5
    endloop
  endfacet
  facet normal -0.5555702330196013 0.8314696123025459 0
    outer loop
      vertex 11.15 -1.12583302491977 0
      vertex 11.15 -1.12583302491977 2.5
      vertex 11.291389857711337 -1.0313593423786058 0
    endloop
  endfacet
  facet normal -0.6593458151000702 0.7518398074789763 0
    outer loop
      vertex 11.291389857711337 -1.0313593423786058 2.5
      vertex 11.419238815542512 -0.9192388155425119 0
      vertex 11.291389857711337 -1.0313593423786058 0
    endloop
  endfacet
  facet normal -0.4422886902190029 0.8968727415326876 0
    outer loop
      vertex 11.15 -1.12583302491977 0
      vertex 10.997488462074617 -1.2010433922646728 2.5
      vertex 11.15 -1.12583302491977 2.5
    endloop
  endfacet
  facet normal -0.5555702330196013 0.8314696123025459 0
    outer loop
      vertex 11.291389857711337 -1.0313593423786058 2.5
      vertex 11.291389857711337 -1.0313593423786058 0
      vertex 11.15 -1.12583302491977 2.5
    endloop
  endfacet
  facet normal -0.6593458151000702 0.7518398074789763 0
    outer loop
      vertex 11.419238815542512 -0.9192388155425119 2.5
      vertex 11.419238815542512 -0.9192388155425119 0
      vertex 11.291389857711337 -1.0313593423786058 2.5
    endloop
  endfacet
  facet normal -0.7518398074789777 0.6593458151000685 0
    outer loop
      vertex 11.419238815542512 -0.9192388155425119 0
      vertex 11.419238815542512 -0.9192388155425119 2.5
      vertex 11.531359342378606 -0.7913898577113369 0
    endloop
  endfacet
  facet normal -0.7518398074789777 0.6593458151000685 0
    outer loop
      vertex 11.419238815542512 -0.9192388155425119 2.5
      vertex 11.531359342378606 -0.7913898577113369 2.5
      vertex 11.531359342378606 -0.7913898577113369 0
    endloop
  endfacet
  facet normal -0.8314696123025471 0.5555702330195994 0
    outer loop
      vertex 11.531359342378606 -0.7913898577113369 2.5
      vertex 11.62583302491977 -0.65 0
      vertex 11.531359342378606 -0.7913898577113369 0
    endloop
  endfacet
  facet normal -0.8968727415326868 0.4422886902190042 0
    outer loop
      vertex 11.62583302491977 -0.65 2.5
      vertex 11.701043392264673 -0.4974884620746167 0
      vertex 11.62583302491977 -0.65 0
    endloop
  endfacet
  facet normal -0.9469301294951062 0.32143946530315975 0
    outer loop
      vertex 11.701043392264673 -0.4974884620746167 2.5
      vertex 11.755703574175788 -0.33646475863327696 0
      vertex 11.701043392264673 -0.4974884620746167 0
    endloop
  endfacet
  facet normal -0.8314696123025471 0.5555702330195994 0
    outer loop
      vertex 11.531359342378606 -0.7913898577113369 2.5
      vertex 11.62583302491977 -0.65 2.5
      vertex 11.62583302491977 -0.65 0
    endloop
  endfacet
  facet normal -0.8968727415326868 0.4422886902190042 0
    outer loop
      vertex 11.62583302491977 -0.65 2.5
      vertex 11.701043392264673 -0.4974884620746167 2.5
      vertex 11.701043392264673 -0.4974884620746167 0
    endloop
  endfacet
  facet normal -0.9807852804032308 0.195090322016127 0
    outer loop
      vertex 11.755703574175788 -0.33646475863327696 2.5
      vertex 11.788878319785953 -0.16968404988606706 0
      vertex 11.755703574175788 -0.33646475863327696 0
    endloop
  endfacet
  facet normal -0.997858923238603 0.06540312923015155 0
    outer loop
      vertex 11.788878319785953 -0.16968404988606706 0
      vertex 11.788878319785953 -0.16968404988606706 2.5
      vertex 11.8 0 0
    endloop
  endfacet
  facet normal -0.9469301294951062 0.32143946530315975 0
    outer loop
      vertex 11.701043392264673 -0.4974884620746167 2.5
      vertex 11.755703574175788 -0.33646475863327696 2.5
      vertex 11.755703574175788 -0.33646475863327696 0
    endloop
  endfacet
  facet normal -0.9807852804032308 0.195090322016127 0
    outer loop
      vertex 11.755703574175788 -0.33646475863327696 2.5
      vertex 11.788878319785953 -0.16968404988606706 2.5
      vertex 11.788878319785953 -0.16968404988606706 0
    endloop
  endfacet
  facet normal -0.997858923238603 0.06540312923015155 0
    outer loop
      vertex 11.788878319785953 -0.16968404988606706 2.5
      vertex 11.8 0 2.5
      vertex 11.8 0 0
    endloop
  endfacet
  facet normal 0.997858923238603 -0.06540312923015155 0
    outer loop
      vertex 9.211121680214047 0.16968404988606706 2.5
      vertex 9.2 0 0
      vertex 9.211121680214047 0.16968404988606706 0
    endloop
  endfacet
  facet normal 0.9807852804032308 -0.195090322016127 0
    outer loop
      vertex 9.244296425824212 0.33646475863327696 2.5
      vertex 9.211121680214047 0.16968404988606706 0
      vertex 9.244296425824212 0.33646475863327696 0
    endloop
  endfacet
  facet normal 0.997858923238603 -0.06540312923015155 0
    outer loop
      vertex 9.211121680214047 0.16968404988606706 2.5
      vertex 9.2 0 2.5
      vertex 9.2 0 0
    endloop
  endfacet
  facet normal 0.9807852804032308 -0.195090322016127 0
    outer loop
      vertex 9.244296425824212 0.33646475863327696 2.5
      vertex 9.211121680214047 0.16968404988606706 2.5
      vertex 9.211121680214047 0.16968404988606706 0
    endloop
  endfacet
  facet normal 0.9469301294951062 -0.32143946530315975 0
    outer loop
      vertex 9.298956607735327 0.4974884620746167 2.5
      vertex 9.244296425824212 0.33646475863327696 2.5
      vertex 9.244296425824212 0.33646475863327696 0
    endloop
  endfacet
  facet normal 0.9469301294951062 -0.32143946530315975 0
    outer loop
      vertex 9.298956607735327 0.4974884620746167 2.5
      vertex 9.244296425824212 0.33646475863327696 0
      vertex 9.298956607735327 0.4974884620746167 0
    endloop
  endfacet
  facet normal 0.8968727415326868 -0.4422886902190042 0
    outer loop
      vertex 9.298956607735327 0.4974884620746167 0
      vertex 9.37416697508023 0.65 0
      vertex 9.37416697508023 0.65 2.5
    endloop
  endfacet
  facet normal 0.8314696123025471 -0.5555702330195994 0
    outer loop
      vertex 9.37416697508023 0.65 0
      vertex 9.468640657621394 0.7913898577113369 0
      vertex 9.468640657621394 0.7913898577113369 2.5
    endloop
  endfacet
  facet normal 0.7518398074789777 -0.6593458151000685 0
    outer loop
      vertex 9.468640657621394 0.7913898577113369 0
      vertex 9.580761184457488 0.9192388155425119 0
      vertex 9.580761184457488 0.9192388155425119 2.5
    endloop
  endfacet
  facet normal 0.8968727415326868 -0.4422886902190042 0
    outer loop
      vertex 9.37416697508023 0.65 2.5
      vertex 9.298956607735327 0.4974884620746167 2.5
      vertex 9.298956607735327 0.4974884620746167 0
    endloop
  endfacet
  facet normal 0.8314696123025471 -0.5555702330195994 0
    outer loop
      vertex 9.37416697508023 0.65 0
      vertex 9.468640657621394 0.7913898577113369 2.5
      vertex 9.37416697508023 0.65 2.5
    endloop
  endfacet
  facet normal 0.7518398074789777 -0.6593458151000685 0
    outer loop
      vertex 9.468640657621394 0.7913898577113369 0
      vertex 9.580761184457488 0.9192388155425119 2.5
      vertex 9.468640657621394 0.7913898577113369 2.5
    endloop
  endfacet
  facet normal 0.6593458151000702 -0.7518398074789763 0
    outer loop
      vertex 9.708610142288663 1.0313593423786058 0
      vertex 9.708610142288663 1.0313593423786058 2.5
      vertex 9.580761184457488 0.9192388155425119 0
    endloop
  endfacet
  facet normal 0.6593458151000702 -0.7518398074789763 0
    outer loop
      vertex 9.580761184457488 0.9192388155425119 0
      vertex 9.708610142288663 1.0313593423786058 2.5
      vertex 9.580761184457488 0.9192388155425119 2.5
    endloop
  endfacet
  facet normal 0.5555702330196013 -0.8314696123025459 0
    outer loop
      vertex 9.85 1.12583302491977 0
      vertex 9.85 1.12583302491977 2.5
      vertex 9.708610142288663 1.0313593423786058 0
    endloop
  endfacet
  facet normal 0.4422886902190029 -0.8968727415326876 0
    outer loop
      vertex 10.002511537925383 1.2010433922646728 0
      vertex 10.002511537925383 1.2010433922646728 2.5
      vertex 9.85 1.12583302491977 0
    endloop
  endfacet
  facet normal 0.32143946530316014 -0.9469301294951062 0
    outer loop
      vertex 10.163535241366723 1.255703574175789 2.5
      vertex 10.002511537925383 1.2010433922646728 0
      vertex 10.163535241366723 1.255703574175789 0
    endloop
  endfacet
  facet normal 0.5555702330196013 -0.8314696123025459 0
    outer loop
      vertex 9.708610142288663 1.0313593423786058 0
      vertex 9.85 1.12583302491977 2.5
      vertex 9.708610142288663 1.0313593423786058 2.5
    endloop
  endfacet
  facet normal 0.4422886902190029 -0.8968727415326876 0
    outer loop
      vertex 9.85 1.12583302491977 0
      vertex 10.002511537925383 1.2010433922646728 2.5
      vertex 9.85 1.12583302491977 2.5
    endloop
  endfacet
  facet normal 0.32143946530316014 -0.9469301294951062 0
    outer loop
      vertex 10.163535241366723 1.255703574175789 2.5
      vertex 10.002511537925383 1.2010433922646728 2.5
      vertex 10.002511537925383 1.2010433922646728 0
    endloop
  endfacet
  facet normal 0.19509032201612747 -0.9807852804032307 0
    outer loop
      vertex 10.330315950113933 1.2888783197859535 2.5
      vertex 10.163535241366723 1.255703574175789 0
      vertex 10.330315950113933 1.2888783197859535 0
    endloop
  endfacet
  facet normal 0.06540312923014377 -0.9978589232386035 0
    outer loop
      vertex 10.5 1.3 2.5
      vertex 10.330315950113933 1.2888783197859535 0
      vertex 10.5 1.3 0
    endloop
  endfacet
  facet normal -0.06540312923014377 -0.9978589232386035 0
    outer loop
      vertex 10.669684049886067 1.2888783197859535 0
      vertex 10.669684049886067 1.2888783197859535 2.5
      vertex 10.5 1.3 0
    endloop
  endfacet
  facet normal 0.19509032201612747 -0.9807852804032307 0
    outer loop
      vertex 10.163535241366723 1.255703574175789 2.5
      vertex 10.163535241366723 1.255703574175789 0
      vertex 10.330315950113933 1.2888783197859535 2.5
    endloop
  endfacet
  facet normal 0.06540312923014377 -0.9978589232386035 0
    outer loop
      vertex 10.330315950113933 1.2888783197859535 2.5
      vertex 10.330315950113933 1.2888783197859535 0
      vertex 10.5 1.3 2.5
    endloop
  endfacet
  facet normal -0.06540312923014377 -0.9978589232386035 0
    outer loop
      vertex 10.5 1.3 2.5
      vertex 10.5 1.3 0
      vertex 10.669684049886067 1.2888783197859535 2.5
    endloop
  endfacet
  facet normal -0.7518398074789777 -0.6593458151000685 0
    outer loop
      vertex 11.531359342378606 0.7913898577113369 2.5
      vertex 11.419238815542512 0.9192388155425119 0
      vertex 11.531359342378606 0.7913898577113369 0
    endloop
  endfacet
  facet normal -0.7518398074789777 -0.6593458151000685 0
    outer loop
      vertex 11.531359342378606 0.7913898577113369 2.5
      vertex 11.419238815542512 0.9192388155425119 2.5
      vertex 11.419238815542512 0.9192388155425119 0
    endloop
  endfacet
  facet normal -0.19509032201612747 -0.9807852804032307 0
    outer loop
      vertex 10.836464758633277 1.255703574175789 0
      vertex 10.836464758633277 1.255703574175789 2.5
      vertex 10.669684049886067 1.2888783197859535 0
    endloop
  endfacet
  facet normal -0.32143946530316014 -0.9469301294951062 0
    outer loop
      vertex 10.997488462074617 1.2010433922646728 0
      vertex 10.997488462074617 1.2010433922646728 2.5
      vertex 10.836464758633277 1.255703574175789 0
    endloop
  endfacet
  facet normal -0.19509032201612747 -0.9807852804032307 0
    outer loop
      vertex 10.669684049886067 1.2888783197859535 0
      vertex 10.836464758633277 1.255703574175789 2.5
      vertex 10.669684049886067 1.2888783197859535 2.5
    endloop
  endfacet
  facet normal -0.32143946530316014 -0.9469301294951062 0
    outer loop
      vertex 10.836464758633277 1.255703574175789 0
      vertex 10.997488462074617 1.2010433922646728 2.5
      vertex 10.836464758633277 1.255703574175789 2.5
    endloop
  endfacet
  facet normal -0.4422886902190029 -0.8968727415326876 0
    outer loop
      vertex 10.997488462074617 1.2010433922646728 0
      vertex 11.15 1.12583302491977 2.5
      vertex 10.997488462074617 1.2010433922646728 2.5
    endloop
  endfacet
  facet normal -0.5555702330196013 -0.8314696123025459 0
    outer loop
      vertex 11.291389857711337 1.0313593423786058 2.5
      vertex 11.15 1.12583302491977 0
      vertex 11.291389857711337 1.0313593423786058 0
    endloop
  endfacet
  facet normal -0.4422886902190029 -0.8968727415326876 0
    outer loop
      vertex 11.15 1.12583302491977 0
      vertex 11.15 1.12583302491977 2.5
      vertex 10.997488462074617 1.2010433922646728 0
    endloop
  endfacet
  facet normal -0.6593458151000702 -0.7518398074789763 0
    outer loop
      vertex 11.291389857711337 1.0313593423786058 0
      vertex 11.419238815542512 0.9192388155425119 0
      vertex 11.419238815542512 0.9192388155425119 2.5
    endloop
  endfacet
  facet normal -0.5555702330196013 -0.8314696123025459 0
    outer loop
      vertex 11.15 1.12583302491977 0
      vertex 11.291389857711337 1.0313593423786058 2.5
      vertex 11.15 1.12583302491977 2.5
    endloop
  endfacet
  facet normal -0.6593458151000702 -0.7518398074789763 0
    outer loop
      vertex 11.291389857711337 1.0313593423786058 2.5
      vertex 11.291389857711337 1.0313593423786058 0
      vertex 11.419238815542512 0.9192388155425119 2.5
    endloop
  endfacet
  facet normal -0.9469301294951062 -0.32143946530315975 0
    outer loop
      vertex 11.755703574175788 0.33646475863327696 2.5
      vertex 11.701043392264673 0.4974884620746167 0
      vertex 11.755703574175788 0.33646475863327696 0
    endloop
  endfacet
  facet normal -0.997858923238603 -0.06540312923015155 0
    outer loop
      vertex 11.8 0 0
      vertex 11.8 0 2.5
      vertex 11.788878319785953 0.16968404988606706 0
    endloop
  endfacet
  facet normal -0.9807852804032308 -0.195090322016127 0
    outer loop
      vertex 11.788878319785953 0.16968404988606706 2.5
      vertex 11.755703574175788 0.33646475863327696 0
      vertex 11.788878319785953 0.16968404988606706 0
    endloop
  endfacet
  facet normal -0.997858923238603 -0.06540312923015155 0
    outer loop
      vertex 11.8 0 2.5
      vertex 11.788878319785953 0.16968404988606706 2.5
      vertex 11.788878319785953 0.16968404988606706 0
    endloop
  endfacet
  facet normal -0.9807852804032308 -0.195090322016127 0
    outer loop
      vertex 11.788878319785953 0.16968404988606706 2.5
      vertex 11.755703574175788 0.33646475863327696 2.5
      vertex 11.755703574175788 0.33646475863327696 0
    endloop
  endfacet
  facet normal -0.8968727415326868 -0.4422886902190042 0
    outer loop
      vertex 11.701043392264673 0.4974884620746167 2.5
      vertex 11.62583302491977 0.65 0
      vertex 11.701043392264673 0.4974884620746167 0
    endloop
  endfacet
  facet normal -0.8314696123025471 -0.5555702330195994 0
    outer loop
      vertex 11.62583302491977 0.65 2.5
      vertex 11.531359342378606 0.7913898577113369 0
      vertex 11.62583302491977 0.65 0
    endloop
  endfacet
  facet normal -0.9469301294951062 -0.32143946530315975 0
    outer loop
      vertex 11.755703574175788 0.33646475863327696 2.5
      vertex 11.701043392264673 0.4974884620746167 2.5
      vertex 11.701043392264673 0.4974884620746167 0
    endloop
  endfacet
  facet normal -0.8968727415326868 -0.4422886902190042 0
    outer loop
      vertex 11.701043392264673 0.4974884620746167 2.5
      vertex 11.62583302491977 0.65 2.5
      vertex 11.62583302491977 0.65 0
    endloop
  endfacet
  facet normal -0.8314696123025471 -0.5555702330195994 0
    outer loop
      vertex 11.62583302491977 0.65 2.5
      vertex 11.531359342378606 0.7913898577113369 2.5
      vertex 11.531359342378606 0.7913898577113369 0
    endloop
  endfacet
  facet normal 0.9807852804032302 0.19509032201612997 0
    outer loop
      vertex 3.9942964258242113 8.75680198110333 0
      vertex 3.9611216802140463 8.923582689850539 2.5
      vertex 3.9942964258242113 8.75680198110333 2.5
    endloop
  endfacet
  facet normal 0.8314696123025471 0.5555702330195994 0
    outer loop
      vertex 4.218640657621394 8.301876882025269 0
      vertex 4.124166975080231 8.443266739736606 0
      vertex 4.124166975080231 8.443266739736606 2.5
    endloop
  endfacet
  facet normal 0.6593458151000671 0.7518398074789788 0
    outer loop
      vertex 4.330761184457488 8.174027924194094 0
      vertex 4.330761184457488 8.174027924194094 2.5
      vertex 4.458610142288664 8.061907397358 0
    endloop
  endfacet
  facet normal 0.7518398074789766 0.6593458151000697 0
    outer loop
      vertex 4.330761184457488 8.174027924194094 0
      vertex 4.218640657621394 8.301876882025269 0
      vertex 4.218640657621394 8.301876882025269 2.5
    endloop
  endfacet
  facet normal 0.8314696123025471 0.5555702330195994 0
    outer loop
      vertex 4.218640657621394 8.301876882025269 0
      vertex 4.124166975080231 8.443266739736606 2.5
      vertex 4.218640657621394 8.301876882025269 2.5
    endloop
  endfacet
  facet normal 0.6593458151000671 0.7518398074789788 0
    outer loop
      vertex 4.458610142288664 8.061907397358 0
      vertex 4.330761184457488 8.174027924194094 2.5
      vertex 4.458610142288664 8.061907397358 2.5
    endloop
  endfacet
  facet normal 0.7518398074789766 0.6593458151000697 0
    outer loop
      vertex 4.218640657621394 8.301876882025269 2.5
      vertex 4.330761184457488 8.174027924194094 2.5
      vertex 4.330761184457488 8.174027924194094 0
    endloop
  endfacet
  facet normal 0.8968727415326866 0.442288690219005 0
    outer loop
      vertex 4.124166975080231 8.443266739736606 0
      vertex 4.048956607735327 8.595778277661989 0
      vertex 4.048956607735327 8.595778277661989 2.5
    endloop
  endfacet
  facet normal 0.9469301294951062 0.32143946530316014 0
    outer loop
      vertex 4.048956607735327 8.595778277661989 0
      vertex 3.9942964258242113 8.75680198110333 0
      vertex 3.9942964258242113 8.75680198110333 2.5
    endloop
  endfacet
  facet normal 0.8968727415326866 0.442288690219005 0
    outer loop
      vertex 4.124166975080231 8.443266739736606 0
      vertex 4.048956607735327 8.595778277661989 2.5
      vertex 4.124166975080231 8.443266739736606 2.5
    endloop
  endfacet
  facet normal 0.9469301294951062 0.32143946530316014 0
    outer loop
      vertex 4.048956607735327 8.595778277661989 0
      vertex 3.9942964258242113 8.75680198110333 2.5
      vertex 4.048956607735327 8.595778277661989 2.5
    endloop
  endfacet
  facet normal 0.44228869021899453 0.8968727415326917 0
    outer loop
      vertex 4.6 7.967433714816835 0
      vertex 4.6 7.967433714816835 2.5
      vertex 4.7525115379253835 7.892223347471933 0
    endloop
  endfacet
  facet normal 0.32143946530315937 0.9469301294951065 0
    outer loop
      vertex 4.7525115379253835 7.892223347471933 0
      vertex 4.7525115379253835 7.892223347471933 2.5
      vertex 4.9135352413667235 7.837563165560818 0
    endloop
  endfacet
  facet normal 0.44228869021899453 0.8968727415326917 0
    outer loop
      vertex 4.7525115379253835 7.892223347471933 0
      vertex 4.6 7.967433714816835 2.5
      vertex 4.7525115379253835 7.892223347471933 2.5
    endloop
  endfacet
  facet normal 0.32143946530315937 0.9469301294951065 0
    outer loop
      vertex 4.9135352413667235 7.837563165560818 0
      vertex 4.7525115379253835 7.892223347471933 2.5
      vertex 4.9135352413667235 7.837563165560818 2.5
    endloop
  endfacet
  facet normal 0.1950903220161375 0.9807852804032287 0
    outer loop
      vertex 4.9135352413667235 7.837563165560818 0
      vertex 4.9135352413667235 7.837563165560818 2.5
      vertex 5.080315950113933 7.8043884199506515 0
    endloop
  endfacet
  facet normal 0.06540312923013597 0.9978589232386039 0
    outer loop
      vertex 5.080315950113933 7.8043884199506515 0
      vertex 5.080315950113933 7.8043884199506515 2.5
      vertex 5.25 7.793266739736606 0
    endloop
  endfacet
  facet normal -0.06540312923013597 0.9978589232386039 0
    outer loop
      vertex 5.25 7.793266739736606 0
      vertex 5.25 7.793266739736606 2.5
      vertex 5.419684049886067 7.8043884199506515 0
    endloop
  endfacet
  facet normal 0.1950903220161375 0.9807852804032287 0
    outer loop
      vertex 5.080315950113933 7.8043884199506515 0
      vertex 4.9135352413667235 7.837563165560818 2.5
      vertex 5.080315950113933 7.8043884199506515 2.5
    endloop
  endfacet
  facet normal 0.06540312923013597 0.9978589232386039 0
    outer loop
      vertex 5.25 7.793266739736606 0
      vertex 5.080315950113933 7.8043884199506515 2.5
      vertex 5.25 7.793266739736606 2.5
    endloop
  endfacet
  facet normal 0.5555702330196091 0.8314696123025407 0
    outer loop
      vertex 4.458610142288664 8.061907397358 0
      vertex 4.458610142288664 8.061907397358 2.5
      vertex 4.6 7.967433714816835 0
    endloop
  endfacet
  facet normal 0.5555702330196091 0.8314696123025407 0
    outer loop
      vertex 4.6 7.967433714816835 0
      vertex 4.458610142288664 8.061907397358 2.5
      vertex 4.6 7.967433714816835 2.5
    endloop
  endfacet
  facet normal 0.9807852804032302 0.19509032201612997 0
    outer loop
      vertex 3.9942964258242113 8.75680198110333 0
      vertex 3.9611216802140463 8.923582689850539 0
      vertex 3.9611216802140463 8.923582689850539 2.5
    endloop
  endfacet
  facet normal 0.9978589232386036 0.06540312923014116 0
    outer loop
      vertex 3.9611216802140463 8.923582689850539 0
      vertex 3.95 9.093266739736606 0
      vertex 3.95 9.093266739736606 2.5
    endloop
  endfacet
  facet normal 0.9978589232386036 -0.06540312923014184 0
    outer loop
      vertex 3.95 9.093266739736606 0
      vertex 3.9611216802140463 9.262950789622671 0
      vertex 3.9611216802140463 9.262950789622671 2.5
    endloop
  endfacet
  facet normal 0.9978589232386036 0.06540312923014116 0
    outer loop
      vertex 3.9611216802140463 8.923582689850539 0
      vertex 3.95 9.093266739736606 2.5
      vertex 3.9611216802140463 8.923582689850539 2.5
    endloop
  endfacet
  facet normal 0.9978589232386036 -0.06540312923014184 0
    outer loop
      vertex 3.95 9.093266739736606 0
      vertex 3.9611216802140463 9.262950789622671 2.5
      vertex 3.95 9.093266739736606 2.5
    endloop
  endfacet
  facet normal 0.9807852804032305 -0.19509032201612794 0
    outer loop
      vertex 3.9611216802140463 9.262950789622671 0
      vertex 3.9942964258242113 9.429731498369883 0
      vertex 3.9942964258242113 9.429731498369883 2.5
    endloop
  endfacet
  facet normal 0.9807852804032305 -0.19509032201612794 0
    outer loop
      vertex 3.9611216802140463 9.262950789622671 0
      vertex 3.9942964258242113 9.429731498369883 2.5
      vertex 3.9611216802140463 9.262950789622671 2.5
    endloop
  endfacet
  facet normal 0.9469301294951062 -0.32143946530316014 0
    outer loop
      vertex 3.9942964258242113 9.429731498369883 0
      vertex 4.048956607735327 9.590755201811223 0
      vertex 4.048956607735327 9.590755201811223 2.5
    endloop
  endfacet
  facet normal 0.8968727415326887 -0.4422886902190008 0
    outer loop
      vertex 4.048956607735327 9.590755201811223 0
      vertex 4.12416697508023 9.743266739736606 0
      vertex 4.12416697508023 9.743266739736606 2.5
    endloop
  endfacet
  facet normal 0.9469301294951062 -0.32143946530316014 0
    outer loop
      vertex 3.9942964258242113 9.429731498369883 0
      vertex 4.048956607735327 9.590755201811223 2.5
      vertex 3.9942964258242113 9.429731498369883 2.5
    endloop
  endfacet
  facet normal 0.8968727415326887 -0.4422886902190008 0
    outer loop
      vertex 4.12416697508023 9.743266739736606 2.5
      vertex 4.048956607735327 9.590755201811223 2.5
      vertex 4.048956607735327 9.590755201811223 0
    endloop
  endfacet
  facet normal 0.8314696123025447 -0.555570233019603 0
    outer loop
      vertex 4.12416697508023 9.743266739736606 0
      vertex 4.218640657621394 9.884656597447943 0
      vertex 4.218640657621394 9.884656597447943 2.5
    endloop
  endfacet
  facet normal 0.7518398074789766 -0.6593458151000697 0
    outer loop
      vertex 4.218640657621394 9.884656597447943 0
      vertex 4.330761184457488 10.012505555279118 0
      vertex 4.330761184457488 10.012505555279118 2.5
    endloop
  endfacet
  facet normal 0.6593458151000671 -0.7518398074789788 0
    outer loop
      vertex 4.458610142288664 10.124626082115212 0
      vertex 4.458610142288664 10.124626082115212 2.5
      vertex 4.330761184457488 10.012505555279118 0
    endloop
  endfacet
  facet normal 0.8314696123025447 -0.555570233019603 0
    outer loop
      vertex 4.12416697508023 9.743266739736606 0
      vertex 4.218640657621394 9.884656597447943 2.5
      vertex 4.12416697508023 9.743266739736606 2.5
    endloop
  endfacet
  facet normal 0.7518398074789766 -0.6593458151000697 0
    outer loop
      vertex 4.218640657621394 9.884656597447943 0
      vertex 4.330761184457488 10.012505555279118 2.5
      vertex 4.218640657621394 9.884656597447943 2.5
    endloop
  endfacet
  facet normal 0.6593458151000671 -0.7518398074789788 0
    outer loop
      vertex 4.330761184457488 10.012505555279118 0
      vertex 4.458610142288664 10.124626082115212 2.5
      vertex 4.330761184457488 10.012505555279118 2.5
    endloop
  endfacet
  facet normal 0.5555702330195994 -0.8314696123025471 0
    outer loop
      vertex 4.6000000000000005 10.219099764656375 0
      vertex 4.6000000000000005 10.219099764656375 2.5
      vertex 4.458610142288664 10.124626082115212 0
    endloop
  endfacet
  facet normal 0.5555702330195994 -0.8314696123025471 0
    outer loop
      vertex 4.458610142288664 10.124626082115212 0
      vertex 4.6000000000000005 10.219099764656375 2.5
      vertex 4.458610142288664 10.124626082115212 2.5
    endloop
  endfacet
  facet normal 0.442288690219005 -0.8968727415326866 0
    outer loop
      vertex 4.7525115379253835 10.294310132001279 0
      vertex 4.7525115379253835 10.294310132001279 2.5
      vertex 4.6000000000000005 10.219099764656375 0
    endloop
  endfacet
  facet normal 0.3214394653031609 -0.9469301294951058 0
    outer loop
      vertex 4.913535241366723 10.348970313912394 0
      vertex 4.913535241366723 10.348970313912394 2.5
      vertex 4.7525115379253835 10.294310132001279 0
    endloop
  endfacet
  facet normal 0.442288690219005 -0.8968727415326866 0
    outer loop
      vertex 4.6000000000000005 10.219099764656375 0
      vertex 4.7525115379253835 10.294310132001279 2.5
      vertex 4.6000000000000005 10.219099764656375 2.5
    endloop
  endfacet
  facet normal 0.3214394653031609 -0.9469301294951058 0
    outer loop
      vertex 4.7525115379253835 10.294310132001279 0
      vertex 4.913535241366723 10.348970313912394 2.5
      vertex 4.7525115379253835 10.294310132001279 2.5
    endloop
  endfacet
  facet normal 0.19509032201612644 -0.9807852804032308 0
    outer loop
      vertex 5.080315950113933 10.382145059522559 0
      vertex 5.080315950113933 10.382145059522559 2.5
      vertex 4.913535241366723 10.348970313912394 0
    endloop
  endfacet
  facet normal 0.06540312923013077 -0.9978589232386044 0
    outer loop
      vertex 5.080315950113933 10.382145059522559 0
      vertex 5.25 10.393266739736603 0
      vertex 5.25 10.393266739736603 2.5
    endloop
  endfacet
  facet normal 0.19509032201612644 -0.9807852804032308 0
    outer loop
      vertex 4.913535241366723 10.348970313912394 0
      vertex 5.080315950113933 10.382145059522559 2.5
      vertex 4.913535241366723 10.348970313912394 2.5
    endloop
  endfacet
  facet normal 0.06540312923013077 -0.9978589232386044 0
    outer loop
      vertex 5.080315950113933 10.382145059522559 0
      vertex 5.25 10.393266739736603 2.5
      vertex 5.080315950113933 10.382145059522559 2.5
    endloop
  endfacet
  facet normal -0.06540312923013077 -0.9978589232386044 0
    outer loop
      vertex 5.25 10.393266739736603 0
      vertex 5.419684049886067 10.382145059522559 2.5
      vertex 5.25 10.393266739736603 2.5
    endloop
  endfacet
  facet normal -0.1950903220161315 0.9807852804032299 0
    outer loop
      vertex 5.586464758633277 7.837563165560817 0
      vertex 5.419684049886067 7.8043884199506515 0
      vertex 5.419684049886067 7.8043884199506515 2.5
    endloop
  endfacet
  facet normal -0.3214394653031609 0.9469301294951058 0
    outer loop
      vertex 5.586464758633277 7.837563165560817 2.5
      vertex 5.7474884620746165 7.8922233474719325 0
      vertex 5.586464758633277 7.837563165560817 0
    endloop
  endfacet
  facet normal -0.06540312923013597 0.9978589232386039 0
    outer loop
      vertex 5.419684049886067 7.8043884199506515 0
      vertex 5.25 7.793266739736606 2.5
      vertex 5.419684049886067 7.8043884199506515 2.5
    endloop
  endfacet
  facet normal -0.1950903220161315 0.9807852804032299 0
    outer loop
      vertex 5.586464758633277 7.837563165560817 0
      vertex 5.419684049886067 7.8043884199506515 2.5
      vertex 5.586464758633277 7.837563165560817 2.5
    endloop
  endfacet
  facet normal -0.3214394653031609 0.9469301294951058 0
    outer loop
      vertex 5.7474884620746165 7.8922233474719325 2.5
      vertex 5.7474884620746165 7.8922233474719325 0
      vertex 5.586464758633277 7.837563165560817 2.5
    endloop
  endfacet
  facet normal -0.442288690219005 0.8968727415326866 0
    outer loop
      vertex 5.7474884620746165 7.8922233474719325 2.5
      vertex 5.8999999999999995 7.967433714816836 0
      vertex 5.7474884620746165 7.8922233474719325 0
    endloop
  endfacet
  facet normal -0.442288690219005 0.8968727415326866 0
    outer loop
      vertex 5.8999999999999995 7.967433714816836 0
      vertex 5.7474884620746165 7.8922233474719325 2.5
      vertex 5.8999999999999995 7.967433714816836 2.5
    endloop
  endfacet
  facet normal -0.5555702330195958 0.8314696123025496 0
    outer loop
      vertex 5.8999999999999995 7.967433714816836 0
      vertex 5.8999999999999995 7.967433714816836 2.5
      vertex 6.041389857711336 8.061907397357999 0
    endloop
  endfacet
  facet normal -0.6593458151000671 0.7518398074789788 0
    outer loop
      vertex 6.041389857711336 8.061907397357999 0
      vertex 6.041389857711336 8.061907397357999 2.5
      vertex 6.169238815542512 8.174027924194093 0
    endloop
  endfacet
  facet normal -0.5555702330195958 0.8314696123025496 0
    outer loop
      vertex 6.041389857711336 8.061907397357999 0
      vertex 5.8999999999999995 7.967433714816836 2.5
      vertex 6.041389857711336 8.061907397357999 2.5
    endloop
  endfacet
  facet normal -0.6593458151000671 0.7518398074789788 0
    outer loop
      vertex 6.169238815542512 8.174027924194093 0
      vertex 6.041389857711336 8.061907397357999 2.5
      vertex 6.169238815542512 8.174027924194093 2.5
    endloop
  endfacet
  facet normal -0.7518398074789812 0.6593458151000646 0
    outer loop
      vertex 6.169238815542512 8.174027924194093 0
      vertex 6.169238815542512 8.174027924194093 2.5
      vertex 6.281359342378606 8.301876882025269 0
    endloop
  endfacet
  facet normal -0.8314696123025447 0.555570233019603 0
    outer loop
      vertex 6.37583302491977 8.443266739736606 0
      vertex 6.281359342378606 8.301876882025269 0
      vertex 6.281359342378606 8.301876882025269 2.5
    endloop
  endfacet
  facet normal -0.7518398074789812 0.6593458151000646 0
    outer loop
      vertex 6.281359342378606 8.301876882025269 0
      vertex 6.169238815542512 8.174027924194093 2.5
      vertex 6.281359342378606 8.301876882025269 2.5
    endloop
  endfacet
  facet normal -0.8314696123025447 0.555570233019603 0
    outer loop
      vertex 6.37583302491977 8.443266739736606 0
      vertex 6.281359342378606 8.301876882025269 2.5
      vertex 6.37583302491977 8.443266739736606 2.5
    endloop
  endfacet
  facet normal -0.8968727415326887 0.4422886902190008 0
    outer loop
      vertex 6.451043392264673 8.595778277661989 0
      vertex 6.37583302491977 8.443266739736606 0
      vertex 6.37583302491977 8.443266739736606 2.5
    endloop
  endfacet
  facet normal -0.9469301294951058 0.3214394653031609 0
    outer loop
      vertex 6.505703574175788 8.756801981103328 0
      vertex 6.451043392264673 8.595778277661989 0
      vertex 6.451043392264673 8.595778277661989 2.5
    endloop
  endfacet
  facet normal -0.98078528040323 0.19509032201613047 0
    outer loop
      vertex 6.538878319785954 8.923582689850539 0
      vertex 6.505703574175788 8.756801981103328 0
      vertex 6.505703574175788 8.756801981103328 2.5
    endloop
  endfacet
  facet normal -0.8968727415326887 0.4422886902190008 0
    outer loop
      vertex 6.451043392264673 8.595778277661989 0
      vertex 6.37583302491977 8.443266739736606 2.5
      vertex 6.451043392264673 8.595778277661989 2.5
    endloop
  endfacet
  facet normal -0.9469301294951058 0.3214394653031609 0
    outer loop
      vertex 6.505703574175788 8.756801981103328 0
      vertex 6.451043392264673 8.595778277661989 2.5
      vertex 6.505703574175788 8.756801981103328 2.5
    endloop
  endfacet
  facet normal -0.06540312923013077 -0.9978589232386044 0
    outer loop
      vertex 5.419684049886067 10.382145059522559 0
      vertex 5.419684049886067 10.382145059522559 2.5
      vertex 5.25 10.393266739736603 0
    endloop
  endfacet
  facet normal -0.1950903220161375 -0.9807852804032287 0
    outer loop
      vertex 5.5864647586332765 10.348970313912393 2.5
      vertex 5.419684049886067 10.382145059522559 0
      vertex 5.5864647586332765 10.348970313912393 0
    endloop
  endfacet
  facet normal -0.32143946530315 -0.9469301294951097 0
    outer loop
      vertex 5.7474884620746165 10.294310132001279 0
      vertex 5.7474884620746165 10.294310132001279 2.5
      vertex 5.5864647586332765 10.348970313912393 0
    endloop
  endfacet
  facet normal -0.1950903220161375 -0.9807852804032287 0
    outer loop
      vertex 5.419684049886067 10.382145059522559 0
      vertex 5.5864647586332765 10.348970313912393 2.5
      vertex 5.419684049886067 10.382145059522559 2.5
    endloop
  endfacet
  facet normal -0.32143946530315 -0.9469301294951097 0
    outer loop
      vertex 5.7474884620746165 10.294310132001279 2.5
      vertex 5.5864647586332765 10.348970313912393 2.5
      vertex 5.5864647586332765 10.348970313912393 0
    endloop
  endfacet
  facet normal -0.5555702330196091 -0.8314696123025407 0
    outer loop
      vertex 6.041389857711336 10.12462608211521 0
      vertex 6.041389857711336 10.12462608211521 2.5
      vertex 5.9 10.219099764656375 0
    endloop
  endfacet
  facet normal -0.6593458151000671 -0.7518398074789788 0
    outer loop
      vertex 6.041389857711336 10.12462608211521 0
      vertex 6.169238815542512 10.012505555279116 0
      vertex 6.169238815542512 10.012505555279116 2.5
    endloop
  endfacet
  facet normal -0.5555702330196091 -0.8314696123025407 0
    outer loop
      vertex 5.9 10.219099764656375 0
      vertex 6.041389857711336 10.12462608211521 2.5
      vertex 5.9 10.219099764656375 2.5
    endloop
  endfacet
  facet normal -0.6593458151000671 -0.7518398074789788 0
    outer loop
      vertex 6.041389857711336 10.12462608211521 0
      vertex 6.169238815542512 10.012505555279116 2.5
      vertex 6.041389857711336 10.12462608211521 2.5
    endloop
  endfacet
  facet normal -0.44228869021900286 -0.8968727415326875 0
    outer loop
      vertex 5.9 10.219099764656375 0
      vertex 5.9 10.219099764656375 2.5
      vertex 5.7474884620746165 10.294310132001279 0
    endloop
  endfacet
  facet normal -0.44228869021900286 -0.8968727415326875 0
    outer loop
      vertex 5.7474884620746165 10.294310132001279 0
      vertex 5.9 10.219099764656375 2.5
      vertex 5.7474884620746165 10.294310132001279 2.5
    endloop
  endfacet
  facet normal -0.9978589232386036 0.06540312923014184 0
    outer loop
      vertex 6.55 9.093266739736604 0
      vertex 6.538878319785954 8.923582689850539 0
      vertex 6.538878319785954 8.923582689850539 2.5
    endloop
  endfacet
  facet normal -0.9978589232386036 -0.06540312923014116 0
    outer loop
      vertex 6.538878319785954 9.262950789622671 0
      vertex 6.55 9.093266739736604 0
      vertex 6.55 9.093266739736604 2.5
    endloop
  endfacet
  facet normal -0.98078528040323 0.19509032201613047 0
    outer loop
      vertex 6.538878319785954 8.923582689850539 0
      vertex 6.505703574175788 8.756801981103328 2.5
      vertex 6.538878319785954 8.923582689850539 2.5
    endloop
  endfacet
  facet normal -0.9978589232386036 0.06540312923014184 0
    outer loop
      vertex 6.55 9.093266739736604 0
      vertex 6.538878319785954 8.923582689850539 2.5
      vertex 6.55 9.093266739736604 2.5
    endloop
  endfacet
  facet normal -0.9978589232386036 -0.06540312923014116 0
    outer loop
      vertex 6.538878319785954 9.262950789622671 0
      vertex 6.55 9.093266739736604 2.5
      vertex 6.538878319785954 9.262950789622671 2.5
    endloop
  endfacet
  facet normal -0.9807852804032307 -0.19509032201612747 0
    outer loop
      vertex 6.505703574175789 9.42973149836988 0
      vertex 6.538878319785954 9.262950789622671 0
      vertex 6.538878319785954 9.262950789622671 2.5
    endloop
  endfacet
  facet normal -0.9469301294951054 -0.3214394653031624 0
    outer loop
      vertex 6.451043392264673 9.590755201811222 0
      vertex 6.505703574175789 9.42973149836988 0
      vertex 6.505703574175789 9.42973149836988 2.5
    endloop
  endfacet
  facet normal -0.8968727415326866 -0.442288690219005 0
    outer loop
      vertex 6.375833024919769 9.743266739736605 0
      vertex 6.451043392264673 9.590755201811222 0
      vertex 6.451043392264673 9.590755201811222 2.5
    endloop
  endfacet
  facet normal -0.8968727415326866 -0.442288690219005 0
    outer loop
      vertex 6.375833024919769 9.743266739736605 0
      vertex 6.451043392264673 9.590755201811222 2.5
      vertex 6.375833024919769 9.743266739736605 2.5
    endloop
  endfacet
  facet normal -0.9807852804032307 -0.19509032201612747 0
    outer loop
      vertex 6.505703574175789 9.42973149836988 0
      vertex 6.538878319785954 9.262950789622671 2.5
      vertex 6.505703574175789 9.42973149836988 2.5
    endloop
  endfacet
  facet normal -0.9469301294951054 -0.3214394653031624 0
    outer loop
      vertex 6.451043392264673 9.590755201811222 0
      vertex 6.505703574175789 9.42973149836988 2.5
      vertex 6.451043392264673 9.590755201811222 2.5
    endloop
  endfacet
  facet normal -0.7518398074789766 -0.6593458151000697 0
    outer loop
      vertex 6.169238815542512 10.012505555279116 0
      vertex 6.281359342378606 9.884656597447941 0
      vertex 6.281359342378606 9.884656597447941 2.5
    endloop
  endfacet
  facet normal -0.8314696123025471 -0.5555702330195994 0
    outer loop
      vertex 6.281359342378606 9.884656597447941 0
      vertex 6.375833024919769 9.743266739736605 0
      vertex 6.375833024919769 9.743266739736605 2.5
    endloop
  endfacet
  facet normal -0.8314696123025471 -0.5555702330195994 0
    outer loop
      vertex 6.281359342378606 9.884656597447941 0
      vertex 6.375833024919769 9.743266739736605 2.5
      vertex 6.281359342378606 9.884656597447941 2.5
    endloop
  endfacet
  facet normal -0.7518398074789766 -0.6593458151000697 0
    outer loop
      vertex 6.169238815542512 10.012505555279116 0
      vertex 6.281359342378606 9.884656597447941 2.5
      vertex 6.169238815542512 10.012505555279116 2.5
    endloop
  endfacet
  facet normal 0.8314696123025447 0.555570233019603 0
    outer loop
      vertex -6.281359342378606 8.301876882025269 0
      vertex -6.37583302491977 8.443266739736606 0
      vertex -6.37583302491977 8.443266739736606 2.5
    endloop
  endfacet
  facet normal 0.7518398074789812 0.6593458151000646 0
    outer loop
      vertex -6.169238815542512 8.174027924194093 0
      vertex -6.281359342378606 8.301876882025269 0
      vertex -6.281359342378606 8.301876882025269 2.5
    endloop
  endfacet
  facet normal 0.8314696123025447 0.555570233019603 0
    outer loop
      vertex -6.281359342378606 8.301876882025269 0
      vertex -6.37583302491977 8.443266739736606 2.5
      vertex -6.281359342378606 8.301876882025269 2.5
    endloop
  endfacet
  facet normal 0.7518398074789812 0.6593458151000646 0
    outer loop
      vertex -6.169238815542512 8.174027924194093 0
      vertex -6.281359342378606 8.301876882025269 2.5
      vertex -6.169238815542512 8.174027924194093 2.5
    endloop
  endfacet
  facet normal 0.8968727415326887 0.4422886902190008 0
    outer loop
      vertex -6.37583302491977 8.443266739736606 0
      vertex -6.451043392264673 8.595778277661989 0
      vertex -6.451043392264673 8.595778277661989 2.5
    endloop
  endfacet
  facet normal 0.9469301294951058 0.3214394653031609 0
    outer loop
      vertex -6.451043392264673 8.595778277661989 0
      vertex -6.505703574175788 8.756801981103328 0
      vertex -6.505703574175788 8.756801981103328 2.5
    endloop
  endfacet
  facet normal 0.9469301294951058 0.3214394653031609 0
    outer loop
      vertex -6.451043392264673 8.595778277661989 0
      vertex -6.505703574175788 8.756801981103328 2.5
      vertex -6.451043392264673 8.595778277661989 2.5
    endloop
  endfacet
  facet normal 0.98078528040323 0.19509032201613047 0
    outer loop
      vertex -6.505703574175788 8.756801981103328 0
      vertex -6.538878319785954 8.923582689850539 2.5
      vertex -6.505703574175788 8.756801981103328 2.5
    endloop
  endfacet
  facet normal 0.8968727415326887 0.4422886902190008 0
    outer loop
      vertex -6.37583302491977 8.443266739736606 0
      vertex -6.451043392264673 8.595778277661989 2.5
      vertex -6.37583302491977 8.443266739736606 2.5
    endloop
  endfacet
  facet normal 0.442288690219005 0.8968727415326866 0
    outer loop
      vertex -5.8999999999999995 7.967433714816836 0
      vertex -5.8999999999999995 7.967433714816836 2.5
      vertex -5.7474884620746165 7.8922233474719325 0
    endloop
  endfacet
  facet normal 0.442288690219005 0.8968727415326866 0
    outer loop
      vertex -5.7474884620746165 7.8922233474719325 0
      vertex -5.8999999999999995 7.967433714816836 2.5
      vertex -5.7474884620746165 7.8922233474719325 2.5
    endloop
  endfacet
  facet normal 0.3214394653031609 0.9469301294951058 0
    outer loop
      vertex -5.7474884620746165 7.8922233474719325 0
      vertex -5.7474884620746165 7.8922233474719325 2.5
      vertex -5.586464758633277 7.837563165560817 0
    endloop
  endfacet
  facet normal 0.1950903220161315 0.9807852804032299 0
    outer loop
      vertex -5.586464758633277 7.837563165560817 0
      vertex -5.586464758633277 7.837563165560817 2.5
      vertex -5.419684049886067 7.8043884199506515 0
    endloop
  endfacet
  facet normal 0.06540312923013597 0.9978589232386039 0
    outer loop
      vertex -5.419684049886067 7.8043884199506515 0
      vertex -5.419684049886067 7.8043884199506515 2.5
      vertex -5.25 7.793266739736606 0
    endloop
  endfacet
  facet normal 0.3214394653031609 0.9469301294951058 0
    outer loop
      vertex -5.586464758633277 7.837563165560817 0
      vertex -5.7474884620746165 7.8922233474719325 2.5
      vertex -5.586464758633277 7.837563165560817 2.5
    endloop
  endfacet
  facet normal 0.1950903220161315 0.9807852804032299 0
    outer loop
      vertex -5.419684049886067 7.8043884199506515 0
      vertex -5.586464758633277 7.837563165560817 2.5
      vertex -5.419684049886067 7.8043884199506515 2.5
    endloop
  endfacet
  facet normal 0.6593458151000671 0.7518398074789788 0
    outer loop
      vertex -6.169238815542512 8.174027924194093 0
      vertex -6.169238815542512 8.174027924194093 2.5
      vertex -6.041389857711336 8.061907397357999 0
    endloop
  endfacet
  facet normal 0.5555702330195958 0.8314696123025496 0
    outer loop
      vertex -6.041389857711336 8.061907397357999 0
      vertex -6.041389857711336 8.061907397357999 2.5
      vertex -5.8999999999999995 7.967433714816836 0
    endloop
  endfacet
  facet normal 0.6593458151000671 0.7518398074789788 0
    outer loop
      vertex -6.041389857711336 8.061907397357999 0
      vertex -6.169238815542512 8.174027924194093 2.5
      vertex -6.041389857711336 8.061907397357999 2.5
    endloop
  endfacet
  facet normal 0.5555702330195958 0.8314696123025496 0
    outer loop
      vertex -5.8999999999999995 7.967433714816836 0
      vertex -6.041389857711336 8.061907397357999 2.5
      vertex -5.8999999999999995 7.967433714816836 2.5
    endloop
  endfacet
  facet normal 0.9978589232386036 0.06540312923014184 0
    outer loop
      vertex -6.538878319785954 8.923582689850539 0
      vertex -6.55 9.093266739736604 0
      vertex -6.55 9.093266739736604 2.5
    endloop
  endfacet
  facet normal 0.98078528040323 0.19509032201613047 0
    outer loop
      vertex -6.505703574175788 8.756801981103328 0
      vertex -6.538878319785954 8.923582689850539 0
      vertex -6.538878319785954 8.923582689850539 2.5
    endloop
  endfacet
  facet normal 0.9978589232386036 -0.06540312923014116 0
    outer loop
      vertex -6.55 9.093266739736604 0
      vertex -6.538878319785954 9.262950789622671 0
      vertex -6.538878319785954 9.262950789622671 2.5
    endloop
  endfacet
  facet normal 0.9978589232386036 0.06540312923014184 0
    outer loop
      vertex -6.538878319785954 8.923582689850539 0
      vertex -6.55 9.093266739736604 2.5
      vertex -6.538878319785954 8.923582689850539 2.5
    endloop
  endfacet
  facet normal 0.9978589232386036 -0.06540312923014116 0
    outer loop
      vertex -6.55 9.093266739736604 0
      vertex -6.538878319785954 9.262950789622671 2.5
      vertex -6.55 9.093266739736604 2.5
    endloop
  endfacet
  facet normal 0.9807852804032307 -0.19509032201612747 0
    outer loop
      vertex -6.538878319785954 9.262950789622671 0
      vertex -6.505703574175789 9.42973149836988 0
      vertex -6.505703574175789 9.42973149836988 2.5
    endloop
  endfacet
  facet normal 0.9469301294951054 -0.3214394653031624 0
    outer loop
      vertex -6.505703574175789 9.42973149836988 0
      vertex -6.451043392264673 9.590755201811222 0
      vertex -6.451043392264673 9.590755201811222 2.5
    endloop
  endfacet
  facet normal 0.8968727415326866 -0.442288690219005 0
    outer loop
      vertex -6.451043392264673 9.590755201811222 0
      vertex -6.375833024919769 9.743266739736605 0
      vertex -6.375833024919769 9.743266739736605 2.5
    endloop
  endfacet
  facet normal 0.9807852804032307 -0.19509032201612747 0
    outer loop
      vertex -6.538878319785954 9.262950789622671 0
      vertex -6.505703574175789 9.42973149836988 2.5
      vertex -6.538878319785954 9.262950789622671 2.5
    endloop
  endfacet
  facet normal 0.9469301294951054 -0.3214394653031624 0
    outer loop
      vertex -6.505703574175789 9.42973149836988 0
      vertex -6.451043392264673 9.590755201811222 2.5
      vertex -6.505703574175789 9.42973149836988 2.5
    endloop
  endfacet
  facet normal 0.8968727415326866 -0.442288690219005 0
    outer loop
      vertex -6.451043392264673 9.590755201811222 0
      vertex -6.375833024919769 9.743266739736605 2.5
      vertex -6.451043392264673 9.590755201811222 2.5
    endloop
  endfacet
  facet normal 0.8314696123025471 -0.5555702330195994 0
    outer loop
      vertex -6.375833024919769 9.743266739736605 0
      vertex -6.281359342378606 9.884656597447941 0
      vertex -6.281359342378606 9.884656597447941 2.5
    endloop
  endfacet
  facet normal 0.7518398074789766 -0.6593458151000697 0
    outer loop
      vertex -6.281359342378606 9.884656597447941 0
      vertex -6.169238815542512 10.012505555279116 0
      vertex -6.169238815542512 10.012505555279116 2.5
    endloop
  endfacet
  facet normal 0.8314696123025471 -0.5555702330195994 0
    outer loop
      vertex -6.375833024919769 9.743266739736605 0
      vertex -6.281359342378606 9.884656597447941 2.5
      vertex -6.375833024919769 9.743266739736605 2.5
    endloop
  endfacet
  facet normal 0.7518398074789766 -0.6593458151000697 0
    outer loop
      vertex -6.281359342378606 9.884656597447941 0
      vertex -6.169238815542512 10.012505555279116 2.5
      vertex -6.281359342378606 9.884656597447941 2.5
    endloop
  endfacet
  facet normal 0.6593458151000671 -0.7518398074789788 0
    outer loop
      vertex -6.041389857711336 10.12462608211521 0
      vertex -6.041389857711336 10.12462608211521 2.5
      vertex -6.169238815542512 10.012505555279116 0
    endloop
  endfacet
  facet normal 0.5555702330196091 -0.8314696123025407 0
    outer loop
      vertex -5.9 10.219099764656375 0
      vertex -5.9 10.219099764656375 2.5
      vertex -6.041389857711336 10.12462608211521 0
    endloop
  endfacet
  facet normal 0.6593458151000671 -0.7518398074789788 0
    outer loop
      vertex -6.169238815542512 10.012505555279116 0
      vertex -6.041389857711336 10.12462608211521 2.5
      vertex -6.169238815542512 10.012505555279116 2.5
    endloop
  endfacet
  facet normal 0.5555702330196091 -0.8314696123025407 0
    outer loop
      vertex -6.041389857711336 10.12462608211521 0
      vertex -5.9 10.219099764656375 2.5
      vertex -6.041389857711336 10.12462608211521 2.5
    endloop
  endfacet
  facet normal 0.44228869021900286 -0.8968727415326875 0
    outer loop
      vertex -5.7474884620746165 10.294310132001279 0
      vertex -5.7474884620746165 10.294310132001279 2.5
      vertex -5.9 10.219099764656375 0
    endloop
  endfacet
  facet normal 0.44228869021900286 -0.8968727415326875 0
    outer loop
      vertex -5.9 10.219099764656375 0
      vertex -5.7474884620746165 10.294310132001279 2.5
      vertex -5.9 10.219099764656375 2.5
    endloop
  endfacet
  facet normal 0.32143946530315 -0.9469301294951097 0
    outer loop
      vertex -5.7474884620746165 10.294310132001279 0
      vertex -5.5864647586332765 10.348970313912393 0
      vertex -5.5864647586332765 10.348970313912393 2.5
    endloop
  endfacet
  facet normal 0.1950903220161375 -0.9807852804032287 0
    outer loop
      vertex -5.5864647586332765 10.348970313912393 0
      vertex -5.419684049886067 10.382145059522559 0
      vertex -5.419684049886067 10.382145059522559 2.5
    endloop
  endfacet
  facet normal 0.32143946530315 -0.9469301294951097 0
    outer loop
      vertex -5.7474884620746165 10.294310132001279 0
      vertex -5.5864647586332765 10.348970313912393 2.5
      vertex -5.7474884620746165 10.294310132001279 2.5
    endloop
  endfacet
  facet normal 0.1950903220161375 -0.9807852804032287 0
    outer loop
      vertex -5.5864647586332765 10.348970313912393 0
      vertex -5.419684049886067 10.382145059522559 2.5
      vertex -5.5864647586332765 10.348970313912393 2.5
    endloop
  endfacet
  facet normal 0.06540312923013077 -0.9978589232386044 0
    outer loop
      vertex -5.419684049886067 10.382145059522559 0
      vertex -5.25 10.393266739736603 2.5
      vertex -5.419684049886067 10.382145059522559 2.5
    endloop
  endfacet
  facet normal -0.06540312923013597 0.9978589232386039 0
    outer loop
      vertex -5.25 7.793266739736606 0
      vertex -5.25 7.793266739736606 2.5
      vertex -5.080315950113933 7.8043884199506515 0
    endloop
  endfacet
  facet normal -0.1950903220161375 0.9807852804032287 0
    outer loop
      vertex -5.080315950113933 7.8043884199506515 2.5
      vertex -4.9135352413667235 7.837563165560818 0
      vertex -5.080315950113933 7.8043884199506515 0
    endloop
  endfacet
  facet normal 0.06540312923013597 0.9978589232386039 0
    outer loop
      vertex -5.25 7.793266739736606 0
      vertex -5.419684049886067 7.8043884199506515 2.5
      vertex -5.25 7.793266739736606 2.5
    endloop
  endfacet
  facet normal -0.06540312923013597 0.9978589232386039 0
    outer loop
      vertex -5.080315950113933 7.8043884199506515 0
      vertex -5.25 7.793266739736606 2.5
      vertex -5.080315950113933 7.8043884199506515 2.5
    endloop
  endfacet
  facet normal -0.1950903220161375 0.9807852804032287 0
    outer loop
      vertex -4.9135352413667235 7.837563165560818 0
      vertex -5.080315950113933 7.8043884199506515 2.5
      vertex -4.9135352413667235 7.837563165560818 2.5
    endloop
  endfacet
  facet normal -0.32143946530315937 0.9469301294951065 0
    outer loop
      vertex -4.9135352413667235 7.837563165560818 0
      vertex -4.9135352413667235 7.837563165560818 2.5
      vertex -4.7525115379253835 7.892223347471933 0
    endloop
  endfacet
  facet normal -0.44228869021899453 0.8968727415326917 0
    outer loop
      vertex -4.7525115379253835 7.892223347471933 2.5
      vertex -4.6 7.967433714816835 0
      vertex -4.7525115379253835 7.892223347471933 0
    endloop
  endfacet
  facet normal -0.32143946530315937 0.9469301294951065 0
    outer loop
      vertex -4.7525115379253835 7.892223347471933 0
      vertex -4.9135352413667235 7.837563165560818 2.5
      vertex -4.7525115379253835 7.892223347471933 2.5
    endloop
  endfacet
  facet normal -0.44228869021899453 0.8968727415326917 0
    outer loop
      vertex -4.6 7.967433714816835 0
      vertex -4.7525115379253835 7.892223347471933 2.5
      vertex -4.6 7.967433714816835 2.5
    endloop
  endfacet
  facet normal -0.5555702330196091 0.8314696123025407 0
    outer loop
      vertex -4.6 7.967433714816835 0
      vertex -4.6 7.967433714816835 2.5
      vertex -4.458610142288664 8.061907397358 0
    endloop
  endfacet
  facet normal -0.5555702330196091 0.8314696123025407 0
    outer loop
      vertex -4.458610142288664 8.061907397358 0
      vertex -4.6 7.967433714816835 2.5
      vertex -4.458610142288664 8.061907397358 2.5
    endloop
  endfacet
  facet normal -0.6593458151000671 0.7518398074789788 0
    outer loop
      vertex -4.458610142288664 8.061907397358 0
      vertex -4.458610142288664 8.061907397358 2.5
      vertex -4.330761184457488 8.174027924194094 0
    endloop
  endfacet
  facet normal -0.7518398074789766 0.6593458151000697 0
    outer loop
      vertex -4.330761184457488 8.174027924194094 0
      vertex -4.330761184457488 8.174027924194094 2.5
      vertex -4.218640657621394 8.301876882025269 0
    endloop
  endfacet
  facet normal -0.8314696123025471 0.5555702330195994 0
    outer loop
      vertex -4.124166975080231 8.443266739736606 0
      vertex -4.218640657621394 8.301876882025269 0
      vertex -4.218640657621394 8.301876882025269 2.5
    endloop
  endfacet
  facet normal -0.6593458151000671 0.7518398074789788 0
    outer loop
      vertex -4.330761184457488 8.174027924194094 0
      vertex -4.458610142288664 8.061907397358 2.5
      vertex -4.330761184457488 8.174027924194094 2.5
    endloop
  endfacet
  facet normal -0.7518398074789766 0.6593458151000697 0
    outer loop
      vertex -4.218640657621394 8.301876882025269 0
      vertex -4.330761184457488 8.174027924194094 2.5
      vertex -4.218640657621394 8.301876882025269 2.5
    endloop
  endfacet
  facet normal -0.8314696123025471 0.5555702330195994 0
    outer loop
      vertex -4.124166975080231 8.443266739736606 0
      vertex -4.218640657621394 8.301876882025269 2.5
      vertex -4.124166975080231 8.443266739736606 2.5
    endloop
  endfacet
  facet normal -0.8968727415326866 0.442288690219005 0
    outer loop
      vertex -4.048956607735327 8.595778277661989 0
      vertex -4.124166975080231 8.443266739736606 0
      vertex -4.124166975080231 8.443266739736606 2.5
    endloop
  endfacet
  facet normal -0.9469301294951062 0.32143946530316014 0
    outer loop
      vertex -3.9942964258242113 8.75680198110333 0
      vertex -4.048956607735327 8.595778277661989 0
      vertex -4.048956607735327 8.595778277661989 2.5
    endloop
  endfacet
  facet normal -0.8968727415326866 0.442288690219005 0
    outer loop
      vertex -4.048956607735327 8.595778277661989 0
      vertex -4.124166975080231 8.443266739736606 2.5
      vertex -4.048956607735327 8.595778277661989 2.5
    endloop
  endfacet
  facet normal -0.9469301294951062 0.32143946530316014 0
    outer loop
      vertex -3.9942964258242113 8.75680198110333 0
      vertex -4.048956607735327 8.595778277661989 2.5
      vertex -3.9942964258242113 8.75680198110333 2.5
    endloop
  endfacet
  facet normal -0.9807852804032302 0.19509032201612997 0
    outer loop
      vertex -3.9611216802140463 8.923582689850539 0
      vertex -3.9942964258242113 8.75680198110333 0
      vertex -3.9942964258242113 8.75680198110333 2.5
    endloop
  endfacet
  facet normal 0.06540312923013077 -0.9978589232386044 0
    outer loop
      vertex -5.25 10.393266739736603 0
      vertex -5.25 10.393266739736603 2.5
      vertex -5.419684049886067 10.382145059522559 0
    endloop
  endfacet
  facet normal -0.06540312923013077 -0.9978589232386044 0
    outer loop
      vertex -5.080315950113933 10.382145059522559 0
      vertex -5.080315950113933 10.382145059522559 2.5
      vertex -5.25 10.393266739736603 0
    endloop
  endfacet
  facet normal -0.19509032201612644 -0.9807852804032308 0
    outer loop
      vertex -4.913535241366723 10.348970313912394 0
      vertex -4.913535241366723 10.348970313912394 2.5
      vertex -5.080315950113933 10.382145059522559 0
    endloop
  endfacet
  facet normal -0.06540312923013077 -0.9978589232386044 0
    outer loop
      vertex -5.080315950113933 10.382145059522559 2.5
      vertex -5.25 10.393266739736603 2.5
      vertex -5.25 10.393266739736603 0
    endloop
  endfacet
  facet normal -0.19509032201612644 -0.9807852804032308 0
    outer loop
      vertex -4.913535241366723 10.348970313912394 2.5
      vertex -5.080315950113933 10.382145059522559 2.5
      vertex -5.080315950113933 10.382145059522559 0
    endloop
  endfacet
  facet normal -0.5555702330195994 -0.8314696123025471 0
    outer loop
      vertex -4.458610142288664 10.124626082115212 0
      vertex -4.458610142288664 10.124626082115212 2.5
      vertex -4.6000000000000005 10.219099764656375 0
    endloop
  endfacet
  facet normal -0.5555702330195994 -0.8314696123025471 0
    outer loop
      vertex -4.6000000000000005 10.219099764656375 0
      vertex -4.458610142288664 10.124626082115212 2.5
      vertex -4.6000000000000005 10.219099764656375 2.5
    endloop
  endfacet
  facet normal -0.3214394653031609 -0.9469301294951058 0
    outer loop
      vertex -4.7525115379253835 10.294310132001279 0
      vertex -4.7525115379253835 10.294310132001279 2.5
      vertex -4.913535241366723 10.348970313912394 0
    endloop
  endfacet
  facet normal -0.442288690219005 -0.8968727415326866 0
    outer loop
      vertex -4.6000000000000005 10.219099764656375 0
      vertex -4.6000000000000005 10.219099764656375 2.5
      vertex -4.7525115379253835 10.294310132001279 0
    endloop
  endfacet
  facet normal -0.3214394653031609 -0.9469301294951058 0
    outer loop
      vertex -4.913535241366723 10.348970313912394 0
      vertex -4.7525115379253835 10.294310132001279 2.5
      vertex -4.913535241366723 10.348970313912394 2.5
    endloop
  endfacet
  facet normal -0.442288690219005 -0.8968727415326866 0
    outer loop
      vertex -4.7525115379253835 10.294310132001279 0
      vertex -4.6000000000000005 10.219099764656375 2.5
      vertex -4.7525115379253835 10.294310132001279 2.5
    endloop
  endfacet
  facet normal -0.9469301294951062 -0.32143946530316014 0
    outer loop
      vertex -4.048956607735327 9.590755201811223 0
      vertex -3.9942964258242113 9.429731498369883 0
      vertex -3.9942964258242113 9.429731498369883 2.5
    endloop
  endfacet
  facet normal -0.8968727415326887 -0.4422886902190008 0
    outer loop
      vertex -4.12416697508023 9.743266739736606 0
      vertex -4.048956607735327 9.590755201811223 0
      vertex -4.048956607735327 9.590755201811223 2.5
    endloop
  endfacet
  facet normal -0.8968727415326887 -0.4422886902190008 0
    outer loop
      vertex -4.12416697508023 9.743266739736606 0
      vertex -4.048956607735327 9.590755201811223 2.5
      vertex -4.12416697508023 9.743266739736606 2.5
    endloop
  endfacet
  facet normal -0.9469301294951062 -0.32143946530316014 0
    outer loop
      vertex -4.048956607735327 9.590755201811223 0
      vertex -3.9942964258242113 9.429731498369883 2.5
      vertex -4.048956607735327 9.590755201811223 2.5
    endloop
  endfacet
  facet normal -0.9978589232386036 0.06540312923014116 0
    outer loop
      vertex -3.95 9.093266739736606 0
      vertex -3.9611216802140463 8.923582689850539 0
      vertex -3.9611216802140463 8.923582689850539 2.5
    endloop
  endfacet
  facet normal -0.9978589232386036 -0.06540312923014184 0
    outer loop
      vertex -3.9611216802140463 9.262950789622671 0
      vertex -3.95 9.093266739736606 0
      vertex -3.95 9.093266739736606 2.5
    endloop
  endfacet
  facet normal -0.9807852804032302 0.19509032201612997 0
    outer loop
      vertex -3.9611216802140463 8.923582689850539 0
      vertex -3.9942964258242113 8.75680198110333 2.5
      vertex -3.9611216802140463 8.923582689850539 2.5
    endloop
  endfacet
  facet normal -0.9978589232386036 0.06540312923014116 0
    outer loop
      vertex -3.95 9.093266739736606 0
      vertex -3.9611216802140463 8.923582689850539 2.5
      vertex -3.95 9.093266739736606 2.5
    endloop
  endfacet
  facet normal -0.9978589232386036 -0.06540312923014184 0
    outer loop
      vertex -3.9611216802140463 9.262950789622671 0
      vertex -3.95 9.093266739736606 2.5
      vertex -3.9611216802140463 9.262950789622671 2.5
    endloop
  endfacet
  facet normal -0.9807852804032305 -0.19509032201612794 0
    outer loop
      vertex -3.9942964258242113 9.429731498369883 0
      vertex -3.9611216802140463 9.262950789622671 0
      vertex -3.9611216802140463 9.262950789622671 2.5
    endloop
  endfacet
  facet normal -0.9807852804032305 -0.19509032201612794 0
    outer loop
      vertex -3.9942964258242113 9.429731498369883 0
      vertex -3.9611216802140463 9.262950789622671 2.5
      vertex -3.9942964258242113 9.429731498369883 2.5
    endloop
  endfacet
  facet normal -0.7518398074789766 -0.6593458151000697 0
    outer loop
      vertex -4.330761184457488 10.012505555279118 0
      vertex -4.218640657621394 9.884656597447943 0
      vertex -4.218640657621394 9.884656597447943 2.5
    endloop
  endfacet
  facet normal -0.6593458151000671 -0.7518398074789788 0
    outer loop
      vertex -4.458610142288664 10.124626082115212 0
      vertex -4.330761184457488 10.012505555279118 0
      vertex -4.330761184457488 10.012505555279118 2.5
    endloop
  endfacet
  facet normal -0.8314696123025447 -0.555570233019603 0
    outer loop
      vertex -4.218640657621394 9.884656597447943 0
      vertex -4.12416697508023 9.743266739736606 0
      vertex -4.12416697508023 9.743266739736606 2.5
    endloop
  endfacet
  facet normal -0.6593458151000671 -0.7518398074789788 0
    outer loop
      vertex -4.458610142288664 10.124626082115212 0
      vertex -4.330761184457488 10.012505555279118 2.5
      vertex -4.458610142288664 10.124626082115212 2.5
    endloop
  endfacet
  facet normal -0.7518398074789766 -0.6593458151000697 0
    outer loop
      vertex -4.330761184457488 10.012505555279118 0
      vertex -4.218640657621394 9.884656597447943 2.5
      vertex -4.330761184457488 10.012505555279118 2.5
    endloop
  endfacet
  facet normal -0.8314696123025447 -0.555570233019603 0
    outer loop
      vertex -4.218640657621394 9.884656597447943 0
      vertex -4.12416697508023 9.743266739736606 2.5
      vertex -4.218640657621394 9.884656597447943 2.5
    endloop
  endfacet
  facet normal 0.8314696123025471 0.5555702330195994 0
    outer loop
      vertex -11.531359342378606 -0.7913898577113369 0
      vertex -11.62583302491977 -0.65 0
      vertex -11.62583302491977 -0.65 2.5
    endloop
  endfacet
  facet normal 0.8968727415326868 0.4422886902190042 0
    outer loop
      vertex -11.62583302491977 -0.65 0
      vertex -11.701043392264673 -0.4974884620746167 0
      vertex -11.701043392264673 -0.4974884620746167 2.5
    endloop
  endfacet
  facet normal 0.8314696123025471 0.5555702330195994 0
    outer loop
      vertex -11.531359342378606 -0.7913898577113369 0
      vertex -11.62583302491977 -0.65 2.5
      vertex -11.531359342378606 -0.7913898577113369 2.5
    endloop
  endfacet
  facet normal 0.8968727415326868 0.4422886902190042 0
    outer loop
      vertex -11.62583302491977 -0.65 0
      vertex -11.701043392264673 -0.4974884620746167 2.5
      vertex -11.62583302491977 -0.65 2.5
    endloop
  endfacet
  facet normal 0.9469301294951062 0.32143946530315975 0
    outer loop
      vertex -11.701043392264673 -0.4974884620746167 0
      vertex -11.755703574175788 -0.33646475863327696 2.5
      vertex -11.701043392264673 -0.4974884620746167 2.5
    endloop
  endfacet
  facet normal 0.9807852804032308 0.195090322016127 0
    outer loop
      vertex -11.755703574175788 -0.33646475863327696 0
      vertex -11.788878319785953 -0.16968404988606706 0
      vertex -11.788878319785953 -0.16968404988606706 2.5
    endloop
  endfacet
  facet normal 0.997858923238603 0.06540312923015155 0
    outer loop
      vertex -11.788878319785953 -0.16968404988606706 0
      vertex -11.8 0 0
      vertex -11.8 0 2.5
    endloop
  endfacet
  facet normal 0.9469301294951062 0.32143946530315975 0
    outer loop
      vertex -11.701043392264673 -0.4974884620746167 0
      vertex -11.755703574175788 -0.33646475863327696 0
      vertex -11.755703574175788 -0.33646475863327696 2.5
    endloop
  endfacet
  facet normal 0.9807852804032308 0.195090322016127 0
    outer loop
      vertex -11.755703574175788 -0.33646475863327696 0
      vertex -11.788878319785953 -0.16968404988606706 2.5
      vertex -11.755703574175788 -0.33646475863327696 2.5
    endloop
  endfacet
  facet normal 0.997858923238603 0.06540312923015155 0
    outer loop
      vertex -11.788878319785953 -0.16968404988606706 0
      vertex -11.8 0 2.5
      vertex -11.788878319785953 -0.16968404988606706 2.5
    endloop
  endfacet
  facet normal 0.6593458151000702 0.7518398074789763 0
    outer loop
      vertex -11.419238815542512 -0.9192388155425119 0
      vertex -11.419238815542512 -0.9192388155425119 2.5
      vertex -11.291389857711337 -1.0313593423786058 0
    endloop
  endfacet
  facet normal 0.4422886902190029 0.8968727415326876 0
    outer loop
      vertex -11.15 -1.12583302491977 2.5
      vertex -10.997488462074617 -1.2010433922646728 0
      vertex -11.15 -1.12583302491977 0
    endloop
  endfacet
  facet normal 0.5555702330196013 0.8314696123025459 0
    outer loop
      vertex -11.291389857711337 -1.0313593423786058 0
      vertex -11.291389857711337 -1.0313593423786058 2.5
      vertex -11.15 -1.12583302491977 0
    endloop
  endfacet
  facet normal 0.6593458151000702 0.7518398074789763 0
    outer loop
      vertex -11.291389857711337 -1.0313593423786058 0
      vertex -11.419238815542512 -0.9192388155425119 2.5
      vertex -11.291389857711337 -1.0313593423786058 2.5
    endloop
  endfacet
  facet normal 0.5555702330196013 0.8314696123025459 0
    outer loop
      vertex -11.15 -1.12583302491977 2.5
      vertex -11.15 -1.12583302491977 0
      vertex -11.291389857711337 -1.0313593423786058 2.5
    endloop
  endfacet
  facet normal 0.32143946530316014 0.9469301294951062 0
    outer loop
      vertex -10.997488462074617 -1.2010433922646728 2.5
      vertex -10.836464758633277 -1.255703574175789 0
      vertex -10.997488462074617 -1.2010433922646728 0
    endloop
  endfacet
  facet normal 0.19509032201612747 0.9807852804032307 0
    outer loop
      vertex -10.836464758633277 -1.255703574175789 2.5
      vertex -10.669684049886067 -1.2888783197859535 0
      vertex -10.836464758633277 -1.255703574175789 0
    endloop
  endfacet
  facet normal 0.4422886902190029 0.8968727415326876 0
    outer loop
      vertex -10.997488462074617 -1.2010433922646728 2.5
      vertex -10.997488462074617 -1.2010433922646728 0
      vertex -11.15 -1.12583302491977 2.5
    endloop
  endfacet
  facet normal 0.32143946530316014 0.9469301294951062 0
    outer loop
      vertex -10.836464758633277 -1.255703574175789 2.5
      vertex -10.836464758633277 -1.255703574175789 0
      vertex -10.997488462074617 -1.2010433922646728 2.5
    endloop
  endfacet
  facet normal 0.19509032201612747 0.9807852804032307 0
    outer loop
      vertex -10.669684049886067 -1.2888783197859535 2.5
      vertex -10.669684049886067 -1.2888783197859535 0
      vertex -10.836464758633277 -1.255703574175789 2.5
    endloop
  endfacet
  facet normal 0.7518398074789777 0.6593458151000685 0
    outer loop
      vertex -11.419238815542512 -0.9192388155425119 0
      vertex -11.531359342378606 -0.7913898577113369 0
      vertex -11.531359342378606 -0.7913898577113369 2.5
    endloop
  endfacet
  facet normal 0.7518398074789777 0.6593458151000685 0
    outer loop
      vertex -11.419238815542512 -0.9192388155425119 0
      vertex -11.531359342378606 -0.7913898577113369 2.5
      vertex -11.419238815542512 -0.9192388155425119 2.5
    endloop
  endfacet
  facet normal 0.06540312923014377 0.9978589232386035 0
    outer loop
      vertex -10.669684049886067 -1.2888783197859535 2.5
      vertex -10.5 -1.3 0
      vertex -10.669684049886067 -1.2888783197859535 0
    endloop
  endfacet
  facet normal -0.06540312923014377 0.9978589232386035 0
    outer loop
      vertex -10.5 -1.3 0
      vertex -10.5 -1.3 2.5
      vertex -10.330315950113933 -1.2888783197859535 0
    endloop
  endfacet
  facet normal -0.19509032201612747 0.9807852804032307 0
    outer loop
      vertex -10.330315950113933 -1.2888783197859535 0
      vertex -10.330315950113933 -1.2888783197859535 2.5
      vertex -10.163535241366723 -1.255703574175789 0
    endloop
  endfacet
  facet normal 0.06540312923014377 0.9978589232386035 0
    outer loop
      vertex -10.5 -1.3 0
      vertex -10.669684049886067 -1.2888783197859535 2.5
      vertex -10.5 -1.3 2.5
    endloop
  endfacet
  facet normal -0.06540312923014377 0.9978589232386035 0
    outer loop
      vertex -10.330315950113933 -1.2888783197859535 0
      vertex -10.5 -1.3 2.5
      vertex -10.330315950113933 -1.2888783197859535 2.5
    endloop
  endfacet
  facet normal -0.19509032201612747 0.9807852804032307 0
    outer loop
      vertex -10.163535241366723 -1.255703574175789 0
      vertex -10.330315950113933 -1.2888783197859535 2.5
      vertex -10.163535241366723 -1.255703574175789 2.5
    endloop
  endfacet
  facet normal -0.32143946530316014 0.9469301294951062 0
    outer loop
      vertex -10.163535241366723 -1.255703574175789 0
      vertex -10.163535241366723 -1.255703574175789 2.5
      vertex -10.002511537925383 -1.2010433922646728 0
    endloop
  endfacet
  facet normal -0.4422886902190029 0.8968727415326876 0
    outer loop
      vertex -10.002511537925383 -1.2010433922646728 2.5
      vertex -9.85 -1.12583302491977 0
      vertex -10.002511537925383 -1.2010433922646728 0
    endloop
  endfacet
  facet normal -0.5555702330196013 0.8314696123025459 0
    outer loop
      vertex -9.85 -1.12583302491977 2.5
      vertex -9.708610142288663 -1.0313593423786058 0
      vertex -9.85 -1.12583302491977 0
    endloop
  endfacet
  facet normal -0.32143946530316014 0.9469301294951062 0
    outer loop
      vertex -10.163535241366723 -1.255703574175789 2.5
      vertex -10.002511537925383 -1.2010433922646728 2.5
      vertex -10.002511537925383 -1.2010433922646728 0
    endloop
  endfacet
  facet normal -0.4422886902190029 0.8968727415326876 0
    outer loop
      vertex -9.85 -1.12583302491977 2.5
      vertex -9.85 -1.12583302491977 0
      vertex -10.002511537925383 -1.2010433922646728 2.5
    endloop
  endfacet
  facet normal -0.5555702330196013 0.8314696123025459 0
    outer loop
      vertex -9.708610142288663 -1.0313593423786058 2.5
      vertex -9.708610142288663 -1.0313593423786058 0
      vertex -9.85 -1.12583302491977 2.5
    endloop
  endfacet
  facet normal -0.6593458151000702 0.7518398074789763 0
    outer loop
      vertex -9.708610142288663 -1.0313593423786058 2.5
      vertex -9.580761184457488 -0.9192388155425119 0
      vertex -9.708610142288663 -1.0313593423786058 0
    endloop
  endfacet
  facet normal -0.6593458151000702 0.7518398074789763 0
    outer loop
      vertex -9.580761184457488 -0.9192388155425119 2.5
      vertex -9.580761184457488 -0.9192388155425119 0
      vertex -9.708610142288663 -1.0313593423786058 2.5
    endloop
  endfacet
  facet normal -0.7518398074789777 0.6593458151000685 0
    outer loop
      vertex -9.580761184457488 -0.9192388155425119 0
      vertex -9.580761184457488 -0.9192388155425119 2.5
      vertex -9.468640657621394 -0.7913898577113369 0
    endloop
  endfacet
  facet normal -0.8314696123025471 0.5555702330195994 0
    outer loop
      vertex -9.37416697508023 -0.65 0
      vertex -9.468640657621394 -0.7913898577113369 0
      vertex -9.468640657621394 -0.7913898577113369 2.5
    endloop
  endfacet
  facet normal -0.8968727415326868 0.4422886902190042 0
    outer loop
      vertex -9.37416697508023 -0.65 2.5
      vertex -9.298956607735327 -0.4974884620746167 0
      vertex -9.37416697508023 -0.65 0
    endloop
  endfacet
  facet normal -0.7518398074789777 0.6593458151000685 0
    outer loop
      vertex -9.580761184457488 -0.9192388155425119 2.5
      vertex -9.468640657621394 -0.7913898577113369 2.5
      vertex -9.468640657621394 -0.7913898577113369 0
    endloop
  endfacet
  facet normal -0.8314696123025471 0.5555702330195994 0
    outer loop
      vertex -9.468640657621394 -0.7913898577113369 2.5
      vertex -9.37416697508023 -0.65 2.5
      vertex -9.37416697508023 -0.65 0
    endloop
  endfacet
  facet normal -0.8968727415326868 0.4422886902190042 0
    outer loop
      vertex -9.37416697508023 -0.65 2.5
      vertex -9.298956607735327 -0.4974884620746167 2.5
      vertex -9.298956607735327 -0.4974884620746167 0
    endloop
  endfacet
  facet normal -0.9469301294951062 0.32143946530315975 0
    outer loop
      vertex -9.244296425824212 -0.33646475863327696 0
      vertex -9.298956607735327 -0.4974884620746167 0
      vertex -9.298956607735327 -0.4974884620746167 2.5
    endloop
  endfacet
  facet normal -0.9807852804032308 0.195090322016127 0
    outer loop
      vertex -9.211121680214047 -0.16968404988606706 0
      vertex -9.244296425824212 -0.33646475863327696 0
      vertex -9.244296425824212 -0.33646475863327696 2.5
    endloop
  endfacet
  facet normal -0.997858923238603 0.06540312923015155 0
    outer loop
      vertex -9.211121680214047 -0.16968404988606706 0
      vertex -9.211121680214047 -0.16968404988606706 2.5
      vertex -9.2 0 0
    endloop
  endfacet
  facet normal -0.9469301294951062 0.32143946530315975 0
    outer loop
      vertex -9.244296425824212 -0.33646475863327696 0
      vertex -9.298956607735327 -0.4974884620746167 2.5
      vertex -9.244296425824212 -0.33646475863327696 2.5
    endloop
  endfacet
  facet normal -0.9807852804032308 0.195090322016127 0
    outer loop
      vertex -9.211121680214047 -0.16968404988606706 0
      vertex -9.244296425824212 -0.33646475863327696 2.5
      vertex -9.211121680214047 -0.16968404988606706 2.5
    endloop
  endfacet
  facet normal -0.997858923238603 0.06540312923015155 0
    outer loop
      vertex -9.2 0 0
      vertex -9.211121680214047 -0.16968404988606706 2.5
      vertex -9.2 0 2.5
    endloop
  endfacet
  facet normal 0.997858923238603 -0.06540312923015155 0
    outer loop
      vertex -11.8 0 0
      vertex -11.788878319785953 0.16968404988606706 0
      vertex -11.788878319785953 0.16968404988606706 2.5
    endloop
  endfacet
  facet normal 0.9807852804032308 -0.195090322016127 0
    outer loop
      vertex -11.788878319785953 0.16968404988606706 0
      vertex -11.755703574175788 0.33646475863327696 0
      vertex -11.755703574175788 0.33646475863327696 2.5
    endloop
  endfacet
  facet normal 0.997858923238603 -0.06540312923015155 0
    outer loop
      vertex -11.8 0 0
      vertex -11.788878319785953 0.16968404988606706 2.5
      vertex -11.8 0 2.5
    endloop
  endfacet
  facet normal 0.9807852804032308 -0.195090322016127 0
    outer loop
      vertex -11.788878319785953 0.16968404988606706 0
      vertex -11.755703574175788 0.33646475863327696 2.5
      vertex -11.788878319785953 0.16968404988606706 2.5
    endloop
  endfacet
  facet normal 0.9469301294951062 -0.32143946530315975 0
    outer loop
      vertex -11.755703574175788 0.33646475863327696 0
      vertex -11.701043392264673 0.4974884620746167 2.5
      vertex -11.755703574175788 0.33646475863327696 2.5
    endloop
  endfacet
  facet normal 0.9469301294951062 -0.32143946530315975 0
    outer loop
      vertex -11.755703574175788 0.33646475863327696 0
      vertex -11.701043392264673 0.4974884620746167 0
      vertex -11.701043392264673 0.4974884620746167 2.5
    endloop
  endfacet
  facet normal 0.8968727415326868 -0.4422886902190042 0
    outer loop
      vertex -11.701043392264673 0.4974884620746167 0
      vertex -11.62583302491977 0.65 0
      vertex -11.62583302491977 0.65 2.5
    endloop
  endfacet
  facet normal 0.8314696123025471 -0.5555702330195994 0
    outer loop
      vertex -11.62583302491977 0.65 0
      vertex -11.531359342378606 0.7913898577113369 0
      vertex -11.531359342378606 0.7913898577113369 2.5
    endloop
  endfacet
  facet normal 0.8968727415326868 -0.4422886902190042 0
    outer loop
      vertex -11.701043392264673 0.4974884620746167 0
      vertex -11.62583302491977 0.65 2.5
      vertex -11.701043392264673 0.4974884620746167 2.5
    endloop
  endfacet
  facet normal 0.8314696123025471 -0.5555702330195994 0
    outer loop
      vertex -11.62583302491977 0.65 0
      vertex -11.531359342378606 0.7913898577113369 2.5
      vertex -11.62583302491977 0.65 2.5
    endloop
  endfacet
  facet normal 0.7518398074789777 -0.6593458151000685 0
    outer loop
      vertex -11.531359342378606 0.7913898577113369 0
      vertex -11.419238815542512 0.9192388155425119 0
      vertex -11.419238815542512 0.9192388155425119 2.5
    endloop
  endfacet
  facet normal 0.7518398074789777 -0.6593458151000685 0
    outer loop
      vertex -11.531359342378606 0.7913898577113369 0
      vertex -11.419238815542512 0.9192388155425119 2.5
      vertex -11.531359342378606 0.7913898577113369 2.5
    endloop
  endfacet
  facet normal 0.6593458151000702 -0.7518398074789763 0
    outer loop
      vertex -11.291389857711337 1.0313593423786058 0
      vertex -11.291389857711337 1.0313593423786058 2.5
      vertex -11.419238815542512 0.9192388155425119 0
    endloop
  endfacet
  facet normal 0.5555702330196013 -0.8314696123025459 0
    outer loop
      vertex -11.15 1.12583302491977 2.5
      vertex -11.291389857711337 1.0313593423786058 0
      vertex -11.15 1.12583302491977 0
    endloop
  endfacet
  facet normal 0.6593458151000702 -0.7518398074789763 0
    outer loop
      vertex -11.419238815542512 0.9192388155425119 0
      vertex -11.291389857711337 1.0313593423786058 2.5
      vertex -11.419238815542512 0.9192388155425119 2.5
    endloop
  endfacet
  facet normal 0.5555702330196013 -0.8314696123025459 0
    outer loop
      vertex -11.291389857711337 1.0313593423786058 0
      vertex -11.15 1.12583302491977 2.5
      vertex -11.291389857711337 1.0313593423786058 2.5
    endloop
  endfacet
  facet normal 0.4422886902190029 -0.8968727415326876 0
    outer loop
      vertex -11.15 1.12583302491977 2.5
      vertex -11.15 1.12583302491977 0
      vertex -10.997488462074617 1.2010433922646728 2.5
    endloop
  endfacet
  facet normal 0.4422886902190029 -0.8968727415326876 0
    outer loop
      vertex -10.997488462074617 1.2010433922646728 2.5
      vertex -11.15 1.12583302491977 0
      vertex -10.997488462074617 1.2010433922646728 0
    endloop
  endfacet
  facet normal 0.32143946530316014 -0.9469301294951062 0
    outer loop
      vertex -10.836464758633277 1.255703574175789 2.5
      vertex -10.997488462074617 1.2010433922646728 0
      vertex -10.836464758633277 1.255703574175789 0
    endloop
  endfacet
  facet normal 0.19509032201612747 -0.9807852804032307 0
    outer loop
      vertex -10.669684049886067 1.2888783197859535 0
      vertex -10.669684049886067 1.2888783197859535 2.5
      vertex -10.836464758633277 1.255703574175789 0
    endloop
  endfacet
  facet normal 0.32143946530316014 -0.9469301294951062 0
    outer loop
      vertex -10.997488462074617 1.2010433922646728 2.5
      vertex -10.997488462074617 1.2010433922646728 0
      vertex -10.836464758633277 1.255703574175789 2.5
    endloop
  endfacet
  facet normal 0.19509032201612747 -0.9807852804032307 0
    outer loop
      vertex -10.836464758633277 1.255703574175789 2.5
      vertex -10.836464758633277 1.255703574175789 0
      vertex -10.669684049886067 1.2888783197859535 2.5
    endloop
  endfacet
  facet normal 0.06540312923014377 -0.9978589232386035 0
    outer loop
      vertex -10.5 1.3 0
      vertex -10.5 1.3 2.5
      vertex -10.669684049886067 1.2888783197859535 0
    endloop
  endfacet
  facet normal -0.06540312923014377 -0.9978589232386035 0
    outer loop
      vertex -10.330315950113933 1.2888783197859535 0
      vertex -10.330315950113933 1.2888783197859535 2.5
      vertex -10.5 1.3 0
    endloop
  endfacet
  facet normal -0.19509032201612747 -0.9807852804032307 0
    outer loop
      vertex -10.163535241366723 1.255703574175789 0
      vertex -10.163535241366723 1.255703574175789 2.5
      vertex -10.330315950113933 1.2888783197859535 0
    endloop
  endfacet
  facet normal 0.06540312923014377 -0.9978589232386035 0
    outer loop
      vertex -10.669684049886067 1.2888783197859535 0
      vertex -10.5 1.3 2.5
      vertex -10.669684049886067 1.2888783197859535 2.5
    endloop
  endfacet
  facet normal -0.06540312923014377 -0.9978589232386035 0
    outer loop
      vertex -10.5 1.3 0
      vertex -10.330315950113933 1.2888783197859535 2.5
      vertex -10.5 1.3 2.5
    endloop
  endfacet
  facet normal -0.19509032201612747 -0.9807852804032307 0
    outer loop
      vertex -10.330315950113933 1.2888783197859535 0
      vertex -10.163535241366723 1.255703574175789 2.5
      vertex -10.330315950113933 1.2888783197859535 2.5
    endloop
  endfacet
  facet normal -0.32143946530316014 -0.9469301294951062 0
    outer loop
      vertex -10.163535241366723 1.255703574175789 0
      vertex -10.002511537925383 1.2010433922646728 0
      vertex -10.002511537925383 1.2010433922646728 2.5
    endloop
  endfacet
  facet normal -0.5555702330196013 -0.8314696123025459 0
    outer loop
      vertex -9.708610142288663 1.0313593423786058 2.5
      vertex -9.85 1.12583302491977 0
      vertex -9.708610142288663 1.0313593423786058 0
    endloop
  endfacet
  facet normal -0.4422886902190029 -0.8968727415326876 0
    outer loop
      vertex -9.85 1.12583302491977 2.5
      vertex -10.002511537925383 1.2010433922646728 0
      vertex -9.85 1.12583302491977 0
    endloop
  endfacet
  facet normal -0.32143946530316014 -0.9469301294951062 0
    outer loop
      vertex -10.163535241366723 1.255703574175789 0
      vertex -10.002511537925383 1.2010433922646728 2.5
      vertex -10.163535241366723 1.255703574175789 2.5
    endloop
  endfacet
  facet normal -0.5555702330196013 -0.8314696123025459 0
    outer loop
      vertex -9.85 1.12583302491977 2.5
      vertex -9.85 1.12583302491977 0
      vertex -9.708610142288663 1.0313593423786058 2.5
    endloop
  endfacet
  facet normal -0.4422886902190029 -0.8968727415326876 0
    outer loop
      vertex -10.002511537925383 1.2010433922646728 2.5
      vertex -10.002511537925383 1.2010433922646728 0
      vertex -9.85 1.12583302491977 2.5
    endloop
  endfacet
  facet normal -0.8968727415326868 -0.4422886902190042 0
    outer loop
      vertex -9.37416697508023 0.65 0
      vertex -9.298956607735327 0.4974884620746167 0
      vertex -9.298956607735327 0.4974884620746167 2.5
    endloop
  endfacet
  facet normal -0.7518398074789777 -0.6593458151000685 0
    outer loop
      vertex -9.468640657621394 0.7913898577113369 2.5
      vertex -9.580761184457488 0.9192388155425119 0
      vertex -9.468640657621394 0.7913898577113369 0
    endloop
  endfacet
  facet normal -0.8314696123025471 -0.5555702330195994 0
    outer loop
      vertex -9.37416697508023 0.65 2.5
      vertex -9.468640657621394 0.7913898577113369 0
      vertex -9.37416697508023 0.65 0
    endloop
  endfacet
  facet normal -0.7518398074789777 -0.6593458151000685 0
    outer loop
      vertex -9.468640657621394 0.7913898577113369 2.5
      vertex -9.580761184457488 0.9192388155425119 2.5
      vertex -9.580761184457488 0.9192388155425119 0
    endloop
  endfacet
  facet normal -0.8968727415326868 -0.4422886902190042 0
    outer loop
      vertex -9.298956607735327 0.4974884620746167 2.5
      vertex -9.37416697508023 0.65 2.5
      vertex -9.37416697508023 0.65 0
    endloop
  endfacet
  facet normal -0.8314696123025471 -0.5555702330195994 0
    outer loop
      vertex -9.37416697508023 0.65 2.5
      vertex -9.468640657621394 0.7913898577113369 2.5
      vertex -9.468640657621394 0.7913898577113369 0
    endloop
  endfacet
  facet normal -0.997858923238603 -0.06540312923015155 0
    outer loop
      vertex -9.2 0 0
      vertex -9.2 0 2.5
      vertex -9.211121680214047 0.16968404988606706 0
    endloop
  endfacet
  facet normal -0.9807852804032308 -0.195090322016127 0
    outer loop
      vertex -9.244296425824212 0.33646475863327696 0
      vertex -9.211121680214047 0.16968404988606706 0
      vertex -9.211121680214047 0.16968404988606706 2.5
    endloop
  endfacet
  facet normal -0.9469301294951062 -0.32143946530315975 0
    outer loop
      vertex -9.298956607735327 0.4974884620746167 0
      vertex -9.244296425824212 0.33646475863327696 0
      vertex -9.244296425824212 0.33646475863327696 2.5
    endloop
  endfacet
  facet normal -0.997858923238603 -0.06540312923015155 0
    outer loop
      vertex -9.211121680214047 0.16968404988606706 0
      vertex -9.2 0 2.5
      vertex -9.211121680214047 0.16968404988606706 2.5
    endloop
  endfacet
  facet normal -0.9807852804032308 -0.195090322016127 0
    outer loop
      vertex -9.244296425824212 0.33646475863327696 0
      vertex -9.211121680214047 0.16968404988606706 2.5
      vertex -9.244296425824212 0.33646475863327696 2.5
    endloop
  endfacet
  facet normal -0.9469301294951062 -0.32143946530315975 0
    outer loop
      vertex -9.298956607735327 0.4974884620746167 0
      vertex -9.244296425824212 0.33646475863327696 2.5
      vertex -9.298956607735327 0.4974884620746167 2.5
    endloop
  endfacet
  facet normal -0.6593458151000702 -0.7518398074789763 0
    outer loop
      vertex -9.708610142288663 1.0313593423786058 0
      vertex -9.580761184457488 0.9192388155425119 0
      vertex -9.580761184457488 0.9192388155425119 2.5
    endloop
  endfacet
  facet normal -0.6593458151000702 -0.7518398074789763 0
    outer loop
      vertex -9.708610142288663 1.0313593423786058 2.5
      vertex -9.708610142288663 1.0313593423786058 0
      vertex -9.580761184457488 0.9192388155425119 2.5
    endloop
  endfacet
  facet normal 0.8314696123025471 0.5555702330195994 0
    outer loop
      vertex -6.375833024919769 -9.743266739736605 2.5
      vertex -6.281359342378606 -9.884656597447941 0
      vertex -6.375833024919769 -9.743266739736605 0
    endloop
  endfacet
  facet normal 0.7518398074789766 0.6593458151000697 0
    outer loop
      vertex -6.281359342378606 -9.884656597447941 2.5
      vertex -6.169238815542512 -10.012505555279116 0
      vertex -6.281359342378606 -9.884656597447941 0
    endloop
  endfacet
  facet normal 0.7518398074789766 0.6593458151000697 0
    outer loop
      vertex -6.281359342378606 -9.884656597447941 2.5
      vertex -6.169238815542512 -10.012505555279116 2.5
      vertex -6.169238815542512 -10.012505555279116 0
    endloop
  endfacet
  facet normal 0.8314696123025471 0.5555702330195994 0
    outer loop
      vertex -6.375833024919769 -9.743266739736605 2.5
      vertex -6.281359342378606 -9.884656597447941 2.5
      vertex -6.281359342378606 -9.884656597447941 0
    endloop
  endfacet
  facet normal 0.8968727415326866 0.442288690219005 0
    outer loop
      vertex -6.451043392264673 -9.590755201811222 2.5
      vertex -6.375833024919769 -9.743266739736605 0
      vertex -6.451043392264673 -9.590755201811222 0
    endloop
  endfacet
  facet normal 0.9469301294951054 0.3214394653031624 0
    outer loop
      vertex -6.505703574175789 -9.42973149836988 2.5
      vertex -6.451043392264673 -9.590755201811222 0
      vertex -6.505703574175789 -9.42973149836988 0
    endloop
  endfacet
  facet normal 0.9807852804032307 0.19509032201612747 0
    outer loop
      vertex -6.538878319785954 -9.262950789622671 2.5
      vertex -6.505703574175789 -9.42973149836988 0
      vertex -6.538878319785954 -9.262950789622671 0
    endloop
  endfacet
  facet normal 0.9469301294951054 0.3214394653031624 0
    outer loop
      vertex -6.505703574175789 -9.42973149836988 2.5
      vertex -6.451043392264673 -9.590755201811222 2.5
      vertex -6.451043392264673 -9.590755201811222 0
    endloop
  endfacet
  facet normal 0.9807852804032307 0.19509032201612747 0
    outer loop
      vertex -6.538878319785954 -9.262950789622671 2.5
      vertex -6.505703574175789 -9.42973149836988 2.5
      vertex -6.505703574175789 -9.42973149836988 0
    endloop
  endfacet
  facet normal 0.8968727415326866 0.442288690219005 0
    outer loop
      vertex -6.451043392264673 -9.590755201811222 2.5
      vertex -6.375833024919769 -9.743266739736605 2.5
      vertex -6.375833024919769 -9.743266739736605 0
    endloop
  endfacet
  facet normal 0.9978589232386036 0.06540312923014116 0
    outer loop
      vertex -6.55 -9.093266739736604 2.5
      vertex -6.538878319785954 -9.262950789622671 0
      vertex -6.55 -9.093266739736604 0
    endloop
  endfacet
  facet normal 0.9978589232386036 -0.06540312923014184 0
    outer loop
      vertex -6.538878319785954 -8.923582689850539 2.5
      vertex -6.55 -9.093266739736604 0
      vertex -6.538878319785954 -8.923582689850539 0
    endloop
  endfacet
  facet normal 0.9978589232386036 0.06540312923014116 0
    outer loop
      vertex -6.55 -9.093266739736604 2.5
      vertex -6.538878319785954 -9.262950789622671 2.5
      vertex -6.538878319785954 -9.262950789622671 0
    endloop
  endfacet
  facet normal 0.9978589232386036 -0.06540312923014184 0
    outer loop
      vertex -6.538878319785954 -8.923582689850539 2.5
      vertex -6.55 -9.093266739736604 2.5
      vertex -6.55 -9.093266739736604 0
    endloop
  endfacet
  facet normal 0.98078528040323 -0.19509032201613047 0
    outer loop
      vertex -6.505703574175788 -8.756801981103328 2.5
      vertex -6.538878319785954 -8.923582689850539 2.5
      vertex -6.538878319785954 -8.923582689850539 0
    endloop
  endfacet
  facet normal 0.44228869021900286 0.8968727415326875 0
    outer loop
      vertex -5.9 -10.219099764656375 2.5
      vertex -5.7474884620746165 -10.294310132001279 0
      vertex -5.9 -10.219099764656375 0
    endloop
  endfacet
  facet normal 0.44228869021900286 0.8968727415326875 0
    outer loop
      vertex -5.7474884620746165 -10.294310132001279 2.5
      vertex -5.7474884620746165 -10.294310132001279 0
      vertex -5.9 -10.219099764656375 2.5
    endloop
  endfacet
  facet normal 0.6593458151000671 0.7518398074789788 0
    outer loop
      vertex -6.169238815542512 -10.012505555279116 2.5
      vertex -6.041389857711336 -10.12462608211521 0
      vertex -6.169238815542512 -10.012505555279116 0
    endloop
  endfacet
  facet normal 0.5555702330196091 0.8314696123025407 0
    outer loop
      vertex -6.041389857711336 -10.12462608211521 2.5
      vertex -5.9 -10.219099764656375 0
      vertex -6.041389857711336 -10.12462608211521 0
    endloop
  endfacet
  facet normal 0.6593458151000671 0.7518398074789788 0
    outer loop
      vertex -6.041389857711336 -10.12462608211521 2.5
      vertex -6.041389857711336 -10.12462608211521 0
      vertex -6.169238815542512 -10.012505555279116 2.5
    endloop
  endfacet
  facet normal 0.5555702330196091 0.8314696123025407 0
    outer loop
      vertex -5.9 -10.219099764656375 2.5
      vertex -5.9 -10.219099764656375 0
      vertex -6.041389857711336 -10.12462608211521 2.5
    endloop
  endfacet
  facet normal 0.32143946530315 0.9469301294951097 0
    outer loop
      vertex -5.7474884620746165 -10.294310132001279 2.5
      vertex -5.5864647586332765 -10.348970313912393 0
      vertex -5.7474884620746165 -10.294310132001279 0
    endloop
  endfacet
  facet normal 0.1950903220161375 0.9807852804032287 0
    outer loop
      vertex -5.5864647586332765 -10.348970313912393 0
      vertex -5.5864647586332765 -10.348970313912393 2.5
      vertex -5.419684049886067 -10.382145059522559 0
    endloop
  endfacet
  facet normal 0.06540312923013077 0.9978589232386044 0
    outer loop
      vertex -5.419684049886067 -10.382145059522559 2.5
      vertex -5.25 -10.393266739736603 0
      vertex -5.419684049886067 -10.382145059522559 0
    endloop
  endfacet
  facet normal 0.32143946530315 0.9469301294951097 0
    outer loop
      vertex -5.7474884620746165 -10.294310132001279 2.5
      vertex -5.5864647586332765 -10.348970313912393 2.5
      vertex -5.5864647586332765 -10.348970313912393 0
    endloop
  endfacet
  facet normal 0.1950903220161375 0.9807852804032287 0
    outer loop
      vertex -5.5864647586332765 -10.348970313912393 2.5
      vertex -5.419684049886067 -10.382145059522559 2.5
      vertex -5.419684049886067 -10.382145059522559 0
    endloop
  endfacet
  facet normal 0.98078528040323 -0.19509032201613047 0
    outer loop
      vertex -6.505703574175788 -8.756801981103328 2.5
      vertex -6.538878319785954 -8.923582689850539 0
      vertex -6.505703574175788 -8.756801981103328 0
    endloop
  endfacet
  facet normal 0.9469301294951058 -0.3214394653031609 0
    outer loop
      vertex -6.451043392264673 -8.595778277661989 2.5
      vertex -6.505703574175788 -8.756801981103328 0
      vertex -6.451043392264673 -8.595778277661989 0
    endloop
  endfacet
  facet normal 0.8968727415326887 -0.4422886902190008 0
    outer loop
      vertex -6.37583302491977 -8.443266739736606 2.5
      vertex -6.451043392264673 -8.595778277661989 0
      vertex -6.37583302491977 -8.443266739736606 0
    endloop
  endfacet
  facet normal 0.9469301294951058 -0.3214394653031609 0
    outer loop
      vertex -6.451043392264673 -8.595778277661989 2.5
      vertex -6.505703574175788 -8.756801981103328 2.5
      vertex -6.505703574175788 -8.756801981103328 0
    endloop
  endfacet
  facet normal 0.8968727415326887 -0.4422886902190008 0
    outer loop
      vertex -6.37583302491977 -8.443266739736606 2.5
      vertex -6.451043392264673 -8.595778277661989 2.5
      vertex -6.451043392264673 -8.595778277661989 0
    endloop
  endfacet
  facet normal 0.8314696123025447 -0.555570233019603 0
    outer loop
      vertex -6.281359342378606 -8.301876882025269 2.5
      vertex -6.37583302491977 -8.443266739736606 0
      vertex -6.281359342378606 -8.301876882025269 0
    endloop
  endfacet
  facet normal 0.7518398074789812 -0.6593458151000646 0
    outer loop
      vertex -6.169238815542512 -8.174027924194093 2.5
      vertex -6.281359342378606 -8.301876882025269 0
      vertex -6.169238815542512 -8.174027924194093 0
    endloop
  endfacet
  facet normal 0.8314696123025447 -0.555570233019603 0
    outer loop
      vertex -6.281359342378606 -8.301876882025269 2.5
      vertex -6.37583302491977 -8.443266739736606 2.5
      vertex -6.37583302491977 -8.443266739736606 0
    endloop
  endfacet
  facet normal 0.7518398074789812 -0.6593458151000646 0
    outer loop
      vertex -6.169238815542512 -8.174027924194093 2.5
      vertex -6.281359342378606 -8.301876882025269 2.5
      vertex -6.281359342378606 -8.301876882025269 0
    endloop
  endfacet
  facet normal 0.6593458151000671 -0.7518398074789788 0
    outer loop
      vertex -6.041389857711336 -8.061907397357999 2.5
      vertex -6.169238815542512 -8.174027924194093 0
      vertex -6.041389857711336 -8.061907397357999 0
    endloop
  endfacet
  facet normal 0.5555702330195958 -0.8314696123025496 0
    outer loop
      vertex -5.8999999999999995 -7.967433714816836 2.5
      vertex -6.041389857711336 -8.061907397357999 0
      vertex -5.8999999999999995 -7.967433714816836 0
    endloop
  endfacet
  facet normal 0.6593458151000671 -0.7518398074789788 0
    outer loop
      vertex -6.169238815542512 -8.174027924194093 2.5
      vertex -6.169238815542512 -8.174027924194093 0
      vertex -6.041389857711336 -8.061907397357999 2.5
    endloop
  endfacet
  facet normal 0.5555702330195958 -0.8314696123025496 0
    outer loop
      vertex -6.041389857711336 -8.061907397357999 2.5
      vertex -6.041389857711336 -8.061907397357999 0
      vertex -5.8999999999999995 -7.967433714816836 2.5
    endloop
  endfacet
  facet normal 0.442288690219005 -0.8968727415326866 0
    outer loop
      vertex -5.7474884620746165 -7.8922233474719325 2.5
      vertex -5.8999999999999995 -7.967433714816836 0
      vertex -5.7474884620746165 -7.8922233474719325 0
    endloop
  endfacet
  facet normal 0.442288690219005 -0.8968727415326866 0
    outer loop
      vertex -5.8999999999999995 -7.967433714816836 2.5
      vertex -5.8999999999999995 -7.967433714816836 0
      vertex -5.7474884620746165 -7.8922233474719325 2.5
    endloop
  endfacet
  facet normal 0.3214394653031609 -0.9469301294951058 0
    outer loop
      vertex -5.586464758633277 -7.837563165560817 2.5
      vertex -5.7474884620746165 -7.8922233474719325 0
      vertex -5.586464758633277 -7.837563165560817 0
    endloop
  endfacet
  facet normal 0.1950903220161315 -0.9807852804032299 0
    outer loop
      vertex -5.586464758633277 -7.837563165560817 0
      vertex -5.419684049886067 -7.8043884199506515 0
      vertex -5.419684049886067 -7.8043884199506515 2.5
    endloop
  endfacet
  facet normal 0.3214394653031609 -0.9469301294951058 0
    outer loop
      vertex -5.7474884620746165 -7.8922233474719325 0
      vertex -5.586464758633277 -7.837563165560817 2.5
      vertex -5.7474884620746165 -7.8922233474719325 2.5
    endloop
  endfacet
  facet normal 0.1950903220161315 -0.9807852804032299 0
    outer loop
      vertex -5.586464758633277 -7.837563165560817 2.5
      vertex -5.586464758633277 -7.837563165560817 0
      vertex -5.419684049886067 -7.8043884199506515 2.5
    endloop
  endfacet
  facet normal 0.06540312923013597 -0.9978589232386039 0
    outer loop
      vertex -5.419684049886067 -7.8043884199506515 2.5
      vertex -5.419684049886067 -7.8043884199506515 0
      vertex -5.25 -7.793266739736606 2.5
    endloop
  endfacet
  facet normal -0.06540312923013077 0.9978589232386044 0
    outer loop
      vertex -5.080315950113933 -10.382145059522559 0
      vertex -5.25 -10.393266739736603 0
      vertex -5.25 -10.393266739736603 2.5
    endloop
  endfacet
  facet normal -0.19509032201612644 0.9807852804032308 0
    outer loop
      vertex -5.080315950113933 -10.382145059522559 2.5
      vertex -4.913535241366723 -10.348970313912394 0
      vertex -5.080315950113933 -10.382145059522559 0
    endloop
  endfacet
  facet normal 0.06540312923013077 0.9978589232386044 0
    outer loop
      vertex -5.25 -10.393266739736603 2.5
      vertex -5.25 -10.393266739736603 0
      vertex -5.419684049886067 -10.382145059522559 2.5
    endloop
  endfacet
  facet normal -0.06540312923013077 0.9978589232386044 0
    outer loop
      vertex -5.080315950113933 -10.382145059522559 2.5
      vertex -5.080315950113933 -10.382145059522559 0
      vertex -5.25 -10.393266739736603 2.5
    endloop
  endfacet
  facet normal -0.19509032201612644 0.9807852804032308 0
    outer loop
      vertex -4.913535241366723 -10.348970313912394 2.5
      vertex -4.913535241366723 -10.348970313912394 0
      vertex -5.080315950113933 -10.382145059522559 2.5
    endloop
  endfacet
  facet normal -0.3214394653031609 0.9469301294951058 0
    outer loop
      vertex -4.913535241366723 -10.348970313912394 2.5
      vertex -4.7525115379253835 -10.294310132001279 0
      vertex -4.913535241366723 -10.348970313912394 0
    endloop
  endfacet
  facet normal -0.442288690219005 0.8968727415326866 0
    outer loop
      vertex -4.7525115379253835 -10.294310132001279 2.5
      vertex -4.6000000000000005 -10.219099764656375 0
      vertex -4.7525115379253835 -10.294310132001279 0
    endloop
  endfacet
  facet normal -0.3214394653031609 0.9469301294951058 0
    outer loop
      vertex -4.7525115379253835 -10.294310132001279 2.5
      vertex -4.7525115379253835 -10.294310132001279 0
      vertex -4.913535241366723 -10.348970313912394 2.5
    endloop
  endfacet
  facet normal -0.442288690219005 0.8968727415326866 0
    outer loop
      vertex -4.6000000000000005 -10.219099764656375 2.5
      vertex -4.6000000000000005 -10.219099764656375 0
      vertex -4.7525115379253835 -10.294310132001279 2.5
    endloop
  endfacet
  facet normal -0.5555702330195994 0.8314696123025471 0
    outer loop
      vertex -4.6000000000000005 -10.219099764656375 2.5
      vertex -4.458610142288664 -10.124626082115212 0
      vertex -4.6000000000000005 -10.219099764656375 0
    endloop
  endfacet
  facet normal -0.5555702330195994 0.8314696123025471 0
    outer loop
      vertex -4.458610142288664 -10.124626082115212 2.5
      vertex -4.458610142288664 -10.124626082115212 0
      vertex -4.6000000000000005 -10.219099764656375 2.5
    endloop
  endfacet
  facet normal -0.6593458151000671 0.7518398074789788 0
    outer loop
      vertex -4.458610142288664 -10.124626082115212 2.5
      vertex -4.330761184457488 -10.012505555279118 0
      vertex -4.458610142288664 -10.124626082115212 0
    endloop
  endfacet
  facet normal -0.7518398074789766 0.6593458151000697 0
    outer loop
      vertex -4.330761184457488 -10.012505555279118 0
      vertex -4.330761184457488 -10.012505555279118 2.5
      vertex -4.218640657621394 -9.884656597447943 0
    endloop
  endfacet
  facet normal -0.8314696123025447 0.555570233019603 0
    outer loop
      vertex -4.218640657621394 -9.884656597447943 2.5
      vertex -4.12416697508023 -9.743266739736606 0
      vertex -4.218640657621394 -9.884656597447943 0
    endloop
  endfacet
  facet normal -0.6593458151000671 0.7518398074789788 0
    outer loop
      vertex -4.330761184457488 -10.012505555279118 2.5
      vertex -4.330761184457488 -10.012505555279118 0
      vertex -4.458610142288664 -10.124626082115212 2.5
    endloop
  endfacet
  facet normal -0.7518398074789766 0.6593458151000697 0
    outer loop
      vertex -4.330761184457488 -10.012505555279118 2.5
      vertex -4.218640657621394 -9.884656597447943 2.5
      vertex -4.218640657621394 -9.884656597447943 0
    endloop
  endfacet
  facet normal -0.8314696123025447 0.555570233019603 0
    outer loop
      vertex -4.218640657621394 -9.884656597447943 2.5
      vertex -4.12416697508023 -9.743266739736606 2.5
      vertex -4.12416697508023 -9.743266739736606 0
    endloop
  endfacet
  facet normal -0.8968727415326887 0.4422886902190008 0
    outer loop
      vertex -4.12416697508023 -9.743266739736606 2.5
      vertex -4.048956607735327 -9.590755201811223 0
      vertex -4.12416697508023 -9.743266739736606 0
    endloop
  endfacet
  facet normal -0.9469301294951062 0.32143946530316014 0
    outer loop
      vertex -4.048956607735327 -9.590755201811223 2.5
      vertex -3.9942964258242113 -9.429731498369883 0
      vertex -4.048956607735327 -9.590755201811223 0
    endloop
  endfacet
  facet normal -0.8968727415326887 0.4422886902190008 0
    outer loop
      vertex -4.12416697508023 -9.743266739736606 2.5
      vertex -4.048956607735327 -9.590755201811223 2.5
      vertex -4.048956607735327 -9.590755201811223 0
    endloop
  endfacet
  facet normal -0.9469301294951062 0.32143946530316014 0
    outer loop
      vertex -4.048956607735327 -9.590755201811223 2.5
      vertex -3.9942964258242113 -9.429731498369883 2.5
      vertex -3.9942964258242113 -9.429731498369883 0
    endloop
  endfacet
  facet normal -0.9807852804032305 0.19509032201612794 0
    outer loop
      vertex -3.9942964258242113 -9.429731498369883 2.5
      vertex -3.9611216802140463 -9.262950789622671 0
      vertex -3.9942964258242113 -9.429731498369883 0
    endloop
  endfacet
  facet normal -0.9807852804032305 0.19509032201612794 0
    outer loop
      vertex -3.9942964258242113 -9.429731498369883 2.5
      vertex -3.9611216802140463 -9.262950789622671 2.5
      vertex -3.9611216802140463 -9.262950789622671 0
    endloop
  endfacet
  facet normal -0.9978589232386036 0.06540312923014184 0
    outer loop
      vertex -3.9611216802140463 -9.262950789622671 2.5
      vertex -3.95 -9.093266739736606 0
      vertex -3.9611216802140463 -9.262950789622671 0
    endloop
  endfacet
  facet normal -0.9978589232386036 -0.06540312923014116 0
    outer loop
      vertex -3.95 -9.093266739736606 2.5
      vertex -3.9611216802140463 -8.923582689850539 0
      vertex -3.95 -9.093266739736606 0
    endloop
  endfacet
  facet normal -0.9807852804032302 -0.19509032201612997 0
    outer loop
      vertex -3.9611216802140463 -8.923582689850539 2.5
      vertex -3.9942964258242113 -8.75680198110333 0
      vertex -3.9611216802140463 -8.923582689850539 0
    endloop
  endfacet
  facet normal -0.9978589232386036 0.06540312923014184 0
    outer loop
      vertex -3.9611216802140463 -9.262950789622671 2.5
      vertex -3.95 -9.093266739736606 2.5
      vertex -3.95 -9.093266739736606 0
    endloop
  endfacet
  facet normal -0.9978589232386036 -0.06540312923014116 0
    outer loop
      vertex -3.95 -9.093266739736606 2.5
      vertex -3.9611216802140463 -8.923582689850539 2.5
      vertex -3.9611216802140463 -8.923582689850539 0
    endloop
  endfacet
  facet normal -0.5555702330196091 -0.8314696123025407 0
    outer loop
      vertex -4.458610142288664 -8.061907397358 2.5
      vertex -4.6 -7.967433714816835 0
      vertex -4.458610142288664 -8.061907397358 0
    endloop
  endfacet
  facet normal -0.5555702330196091 -0.8314696123025407 0
    outer loop
      vertex -4.6 -7.967433714816835 2.5
      vertex -4.6 -7.967433714816835 0
      vertex -4.458610142288664 -8.061907397358 2.5
    endloop
  endfacet
  facet normal 0.06540312923013597 -0.9978589232386039 0
    outer loop
      vertex -5.25 -7.793266739736606 2.5
      vertex -5.419684049886067 -7.8043884199506515 0
      vertex -5.25 -7.793266739736606 0
    endloop
  endfacet
  facet normal -0.06540312923013597 -0.9978589232386039 0
    outer loop
      vertex -5.080315950113933 -7.8043884199506515 2.5
      vertex -5.25 -7.793266739736606 0
      vertex -5.080315950113933 -7.8043884199506515 0
    endloop
  endfacet
  facet normal -0.1950903220161375 -0.9807852804032287 0
    outer loop
      vertex -4.9135352413667235 -7.837563165560818 2.5
      vertex -5.080315950113933 -7.8043884199506515 0
      vertex -4.9135352413667235 -7.837563165560818 0
    endloop
  endfacet
  facet normal -0.06540312923013597 -0.9978589232386039 0
    outer loop
      vertex -5.25 -7.793266739736606 2.5
      vertex -5.25 -7.793266739736606 0
      vertex -5.080315950113933 -7.8043884199506515 2.5
    endloop
  endfacet
  facet normal -0.1950903220161375 -0.9807852804032287 0
    outer loop
      vertex -4.9135352413667235 -7.837563165560818 2.5
      vertex -5.080315950113933 -7.8043884199506515 2.5
      vertex -5.080315950113933 -7.8043884199506515 0
    endloop
  endfacet
  facet normal -0.32143946530315937 -0.9469301294951065 0
    outer loop
      vertex -4.7525115379253835 -7.892223347471933 2.5
      vertex -4.9135352413667235 -7.837563165560818 0
      vertex -4.7525115379253835 -7.892223347471933 0
    endloop
  endfacet
  facet normal -0.44228869021899453 -0.8968727415326917 0
    outer loop
      vertex -4.6 -7.967433714816835 2.5
      vertex -4.7525115379253835 -7.892223347471933 0
      vertex -4.6 -7.967433714816835 0
    endloop
  endfacet
  facet normal -0.32143946530315937 -0.9469301294951065 0
    outer loop
      vertex -4.9135352413667235 -7.837563165560818 2.5
      vertex -4.9135352413667235 -7.837563165560818 0
      vertex -4.7525115379253835 -7.892223347471933 2.5
    endloop
  endfacet
  facet normal -0.44228869021899453 -0.8968727415326917 0
    outer loop
      vertex -4.7525115379253835 -7.892223347471933 2.5
      vertex -4.7525115379253835 -7.892223347471933 0
      vertex -4.6 -7.967433714816835 2.5
    endloop
  endfacet
  facet normal -0.9469301294951062 -0.32143946530316014 0
    outer loop
      vertex -3.9942964258242113 -8.75680198110333 2.5
      vertex -4.048956607735327 -8.595778277661989 0
      vertex -3.9942964258242113 -8.75680198110333 0
    endloop
  endfacet
  facet normal -0.8968727415326866 -0.442288690219005 0
    outer loop
      vertex -4.048956607735327 -8.595778277661989 2.5
      vertex -4.124166975080231 -8.443266739736606 0
      vertex -4.048956607735327 -8.595778277661989 0
    endloop
  endfacet
  facet normal -0.9469301294951062 -0.32143946530316014 0
    outer loop
      vertex -3.9942964258242113 -8.75680198110333 2.5
      vertex -4.048956607735327 -8.595778277661989 2.5
      vertex -4.048956607735327 -8.595778277661989 0
    endloop
  endfacet
  facet normal -0.8968727415326866 -0.442288690219005 0
    outer loop
      vertex -4.048956607735327 -8.595778277661989 2.5
      vertex -4.124166975080231 -8.443266739736606 2.5
      vertex -4.124166975080231 -8.443266739736606 0
    endloop
  endfacet
  facet normal -0.7518398074789766 -0.6593458151000697 0
    outer loop
      vertex -4.218640657621394 -8.301876882025269 2.5
      vertex -4.330761184457488 -8.174027924194094 0
      vertex -4.218640657621394 -8.301876882025269 0
    endloop
  endfacet
  facet normal -0.6593458151000671 -0.7518398074789788 0
    outer loop
      vertex -4.458610142288664 -8.061907397358 0
      vertex -4.330761184457488 -8.174027924194094 0
      vertex -4.330761184457488 -8.174027924194094 2.5
    endloop
  endfacet
  facet normal -0.8314696123025471 -0.5555702330195994 0
    outer loop
      vertex -4.124166975080231 -8.443266739736606 2.5
      vertex -4.218640657621394 -8.301876882025269 0
      vertex -4.124166975080231 -8.443266739736606 0
    endloop
  endfacet
  facet normal -0.7518398074789766 -0.6593458151000697 0
    outer loop
      vertex -4.218640657621394 -8.301876882025269 2.5
      vertex -4.330761184457488 -8.174027924194094 2.5
      vertex -4.330761184457488 -8.174027924194094 0
    endloop
  endfacet
  facet normal -0.6593458151000671 -0.7518398074789788 0
    outer loop
      vertex -4.458610142288664 -8.061907397358 2.5
      vertex -4.458610142288664 -8.061907397358 0
      vertex -4.330761184457488 -8.174027924194094 2.5
    endloop
  endfacet
  facet normal -0.8314696123025471 -0.5555702330195994 0
    outer loop
      vertex -4.124166975080231 -8.443266739736606 2.5
      vertex -4.218640657621394 -8.301876882025269 2.5
      vertex -4.218640657621394 -8.301876882025269 0
    endloop
  endfacet
  facet normal -0.9807852804032302 -0.19509032201612997 0
    outer loop
      vertex -3.9611216802140463 -8.923582689850539 2.5
      vertex -3.9942964258242113 -8.75680198110333 2.5
      vertex -3.9942964258242113 -8.75680198110333 0
    endloop
  endfacet
  facet normal 0.8314696123025447 0.555570233019603 0
    outer loop
      vertex 4.12416697508023 -9.743266739736606 2.5
      vertex 4.218640657621394 -9.884656597447943 0
      vertex 4.12416697508023 -9.743266739736606 0
    endloop
  endfacet
  facet normal 0.6593458151000671 0.7518398074789788 0
    outer loop
      vertex 4.330761184457488 -10.012505555279118 2.5
      vertex 4.458610142288664 -10.124626082115212 0
      vertex 4.330761184457488 -10.012505555279118 0
    endloop
  endfacet
  facet normal 0.7518398074789766 0.6593458151000697 0
    outer loop
      vertex 4.218640657621394 -9.884656597447943 2.5
      vertex 4.330761184457488 -10.012505555279118 0
      vertex 4.218640657621394 -9.884656597447943 0
    endloop
  endfacet
  facet normal 0.8314696123025447 0.555570233019603 0
    outer loop
      vertex 4.12416697508023 -9.743266739736606 2.5
      vertex 4.218640657621394 -9.884656597447943 2.5
      vertex 4.218640657621394 -9.884656597447943 0
    endloop
  endfacet
  facet normal 0.7518398074789766 0.6593458151000697 0
    outer loop
      vertex 4.218640657621394 -9.884656597447943 2.5
      vertex 4.330761184457488 -10.012505555279118 2.5
      vertex 4.330761184457488 -10.012505555279118 0
    endloop
  endfacet
  facet normal 0.6593458151000671 0.7518398074789788 0
    outer loop
      vertex 4.458610142288664 -10.124626082115212 2.5
      vertex 4.458610142288664 -10.124626082115212 0
      vertex 4.330761184457488 -10.012505555279118 2.5
    endloop
  endfacet
  facet normal 0.9807852804032305 0.19509032201612794 0
    outer loop
      vertex 3.9611216802140463 -9.262950789622671 2.5
      vertex 3.9942964258242113 -9.429731498369883 0
      vertex 3.9611216802140463 -9.262950789622671 0
    endloop
  endfacet
  facet normal 0.9807852804032305 0.19509032201612794 0
    outer loop
      vertex 3.9611216802140463 -9.262950789622671 2.5
      vertex 3.9942964258242113 -9.429731498369883 2.5
      vertex 3.9942964258242113 -9.429731498369883 0
    endloop
  endfacet
  facet normal 0.9978589232386036 0.06540312923014184 0
    outer loop
      vertex 3.95 -9.093266739736606 2.5
      vertex 3.9611216802140463 -9.262950789622671 0
      vertex 3.95 -9.093266739736606 0
    endloop
  endfacet
  facet normal 0.9978589232386036 -0.06540312923014116 0
    outer loop
      vertex 3.9611216802140463 -8.923582689850539 2.5
      vertex 3.95 -9.093266739736606 0
      vertex 3.9611216802140463 -8.923582689850539 0
    endloop
  endfacet
  facet normal 0.9978589232386036 0.06540312923014184 0
    outer loop
      vertex 3.95 -9.093266739736606 2.5
      vertex 3.9611216802140463 -9.262950789622671 2.5
      vertex 3.9611216802140463 -9.262950789622671 0
    endloop
  endfacet
  facet normal 0.9978589232386036 -0.06540312923014116 0
    outer loop
      vertex 3.9611216802140463 -8.923582689850539 2.5
      vertex 3.95 -9.093266739736606 2.5
      vertex 3.95 -9.093266739736606 0
    endloop
  endfacet
  facet normal 0.9807852804032302 -0.19509032201612997 0
    outer loop
      vertex 3.9942964258242113 -8.75680198110333 2.5
      vertex 3.9611216802140463 -8.923582689850539 2.5
      vertex 3.9611216802140463 -8.923582689850539 0
    endloop
  endfacet
  facet normal 0.8968727415326887 0.4422886902190008 0
    outer loop
      vertex 4.048956607735327 -9.590755201811223 2.5
      vertex 4.12416697508023 -9.743266739736606 0
      vertex 4.048956607735327 -9.590755201811223 0
    endloop
  endfacet
  facet normal 0.9469301294951062 0.32143946530316014 0
    outer loop
      vertex 3.9942964258242113 -9.429731498369883 2.5
      vertex 4.048956607735327 -9.590755201811223 0
      vertex 3.9942964258242113 -9.429731498369883 0
    endloop
  endfacet
  facet normal 0.9469301294951062 0.32143946530316014 0
    outer loop
      vertex 3.9942964258242113 -9.429731498369883 2.5
      vertex 4.048956607735327 -9.590755201811223 2.5
      vertex 4.048956607735327 -9.590755201811223 0
    endloop
  endfacet
  facet normal 0.8968727415326887 0.4422886902190008 0
    outer loop
      vertex 4.048956607735327 -9.590755201811223 2.5
      vertex 4.12416697508023 -9.743266739736606 2.5
      vertex 4.12416697508023 -9.743266739736606 0
    endloop
  endfacet
  facet normal 0.442288690219005 0.8968727415326866 0
    outer loop
      vertex 4.6000000000000005 -10.219099764656375 2.5
      vertex 4.7525115379253835 -10.294310132001279 0
      vertex 4.6000000000000005 -10.219099764656375 0
    endloop
  endfacet
  facet normal 0.3214394653031609 0.9469301294951058 0
    outer loop
      vertex 4.7525115379253835 -10.294310132001279 2.5
      vertex 4.913535241366723 -10.348970313912394 0
      vertex 4.7525115379253835 -10.294310132001279 0
    endloop
  endfacet
  facet normal 0.442288690219005 0.8968727415326866 0
    outer loop
      vertex 4.7525115379253835 -10.294310132001279 2.5
      vertex 4.7525115379253835 -10.294310132001279 0
      vertex 4.6000000000000005 -10.219099764656375 2.5
    endloop
  endfacet
  facet normal 0.3214394653031609 0.9469301294951058 0
    outer loop
      vertex 4.913535241366723 -10.348970313912394 2.5
      vertex 4.913535241366723 -10.348970313912394 0
      vertex 4.7525115379253835 -10.294310132001279 2.5
    endloop
  endfacet
  facet normal 0.5555702330195994 0.8314696123025471 0
    outer loop
      vertex 4.458610142288664 -10.124626082115212 2.5
      vertex 4.6000000000000005 -10.219099764656375 0
      vertex 4.458610142288664 -10.124626082115212 0
    endloop
  endfacet
  facet normal 0.5555702330195994 0.8314696123025471 0
    outer loop
      vertex 4.6000000000000005 -10.219099764656375 2.5
      vertex 4.6000000000000005 -10.219099764656375 0
      vertex 4.458610142288664 -10.124626082115212 2.5
    endloop
  endfacet
  facet normal 0.19509032201612644 0.9807852804032308 0
    outer loop
      vertex 4.913535241366723 -10.348970313912394 2.5
      vertex 5.080315950113933 -10.382145059522559 0
      vertex 4.913535241366723 -10.348970313912394 0
    endloop
  endfacet
  facet normal 0.06540312923013077 0.9978589232386044 0
    outer loop
      vertex 5.080315950113933 -10.382145059522559 2.5
      vertex 5.25 -10.393266739736603 0
      vertex 5.080315950113933 -10.382145059522559 0
    endloop
  endfacet
  facet normal -0.06540312923013077 0.9978589232386044 0
    outer loop
      vertex 5.25 -10.393266739736603 2.5
      vertex 5.419684049886067 -10.382145059522559 0
      vertex 5.25 -10.393266739736603 0
    endloop
  endfacet
  facet normal 0.19509032201612644 0.9807852804032308 0
    outer loop
      vertex 4.913535241366723 -10.348970313912394 2.5
      vertex 5.080315950113933 -10.382145059522559 2.5
      vertex 5.080315950113933 -10.382145059522559 0
    endloop
  endfacet
  facet normal 0.06540312923013077 0.9978589232386044 0
    outer loop
      vertex 5.080315950113933 -10.382145059522559 2.5
      vertex 5.25 -10.393266739736603 2.5
      vertex 5.25 -10.393266739736603 0
    endloop
  endfacet
  facet normal 0.9807852804032302 -0.19509032201612997 0
    outer loop
      vertex 3.9611216802140463 -8.923582689850539 0
      vertex 3.9942964258242113 -8.75680198110333 0
      vertex 3.9942964258242113 -8.75680198110333 2.5
    endloop
  endfacet
  facet normal 0.9469301294951062 -0.32143946530316014 0
    outer loop
      vertex 4.048956607735327 -8.595778277661989 2.5
      vertex 3.9942964258242113 -8.75680198110333 0
      vertex 4.048956607735327 -8.595778277661989 0
    endloop
  endfacet
  facet normal 0.8968727415326866 -0.442288690219005 0
    outer loop
      vertex 4.124166975080231 -8.443266739736606 2.5
      vertex 4.048956607735327 -8.595778277661989 0
      vertex 4.124166975080231 -8.443266739736606 0
    endloop
  endfacet
  facet normal 0.9469301294951062 -0.32143946530316014 0
    outer loop
      vertex 4.048956607735327 -8.595778277661989 2.5
      vertex 3.9942964258242113 -8.75680198110333 2.5
      vertex 3.9942964258242113 -8.75680198110333 0
    endloop
  endfacet
  facet normal 0.8968727415326866 -0.442288690219005 0
    outer loop
      vertex 4.124166975080231 -8.443266739736606 2.5
      vertex 4.048956607735327 -8.595778277661989 2.5
      vertex 4.048956607735327 -8.595778277661989 0
    endloop
  endfacet
  facet normal 0.8314696123025471 -0.5555702330195994 0
    outer loop
      vertex 4.218640657621394 -8.301876882025269 2.5
      vertex 4.124166975080231 -8.443266739736606 0
      vertex 4.218640657621394 -8.301876882025269 0
    endloop
  endfacet
  facet normal 0.7518398074789766 -0.6593458151000697 0
    outer loop
      vertex 4.330761184457488 -8.174027924194094 2.5
      vertex 4.218640657621394 -8.301876882025269 0
      vertex 4.330761184457488 -8.174027924194094 0
    endloop
  endfacet
  facet normal 0.6593458151000671 -0.7518398074789788 0
    outer loop
      vertex 4.458610142288664 -8.061907397358 2.5
      vertex 4.330761184457488 -8.174027924194094 0
      vertex 4.458610142288664 -8.061907397358 0
    endloop
  endfacet
  facet normal 0.8314696123025471 -0.5555702330195994 0
    outer loop
      vertex 4.218640657621394 -8.301876882025269 2.5
      vertex 4.124166975080231 -8.443266739736606 2.5
      vertex 4.124166975080231 -8.443266739736606 0
    endloop
  endfacet
  facet normal 0.7518398074789766 -0.6593458151000697 0
    outer loop
      vertex 4.330761184457488 -8.174027924194094 2.5
      vertex 4.218640657621394 -8.301876882025269 2.5
      vertex 4.218640657621394 -8.301876882025269 0
    endloop
  endfacet
  facet normal 0.6593458151000671 -0.7518398074789788 0
    outer loop
      vertex 4.330761184457488 -8.174027924194094 2.5
      vertex 4.330761184457488 -8.174027924194094 0
      vertex 4.458610142288664 -8.061907397358 2.5
    endloop
  endfacet
  facet normal 0.5555702330196091 -0.8314696123025407 0
    outer loop
      vertex 4.6 -7.967433714816835 2.5
      vertex 4.458610142288664 -8.061907397358 0
      vertex 4.6 -7.967433714816835 0
    endloop
  endfacet
  facet normal 0.5555702330196091 -0.8314696123025407 0
    outer loop
      vertex 4.458610142288664 -8.061907397358 2.5
      vertex 4.458610142288664 -8.061907397358 0
      vertex 4.6 -7.967433714816835 2.5
    endloop
  endfacet
  facet normal 0.44228869021899453 -0.8968727415326917 0
    outer loop
      vertex 4.7525115379253835 -7.892223347471933 2.5
      vertex 4.6 -7.967433714816835 0
      vertex 4.7525115379253835 -7.892223347471933 0
    endloop
  endfacet
  facet normal 0.32143946530315937 -0.9469301294951065 0
    outer loop
      vertex 4.9135352413667235 -7.837563165560818 2.5
      vertex 4.7525115379253835 -7.892223347471933 0
      vertex 4.9135352413667235 -7.837563165560818 0
    endloop
  endfacet
  facet normal 0.44228869021899453 -0.8968727415326917 0
    outer loop
      vertex 4.6 -7.967433714816835 2.5
      vertex 4.6 -7.967433714816835 0
      vertex 4.7525115379253835 -7.892223347471933 2.5
    endloop
  endfacet
  facet normal 0.32143946530315937 -0.9469301294951065 0
    outer loop
      vertex 4.7525115379253835 -7.892223347471933 2.5
      vertex 4.7525115379253835 -7.892223347471933 0
      vertex 4.9135352413667235 -7.837563165560818 2.5
    endloop
  endfacet
  facet normal 0.1950903220161375 -0.9807852804032287 0
    outer loop
      vertex 5.080315950113933 -7.8043884199506515 2.5
      vertex 4.9135352413667235 -7.837563165560818 0
      vertex 5.080315950113933 -7.8043884199506515 0
    endloop
  endfacet
  facet normal 0.06540312923013597 -0.9978589232386039 0
    outer loop
      vertex 5.25 -7.793266739736606 2.5
      vertex 5.080315950113933 -7.8043884199506515 0
      vertex 5.25 -7.793266739736606 0
    endloop
  endfacet
  facet normal 0.1950903220161375 -0.9807852804032287 0
    outer loop
      vertex 4.9135352413667235 -7.837563165560818 2.5
      vertex 4.9135352413667235 -7.837563165560818 0
      vertex 5.080315950113933 -7.8043884199506515 2.5
    endloop
  endfacet
  facet normal 0.06540312923013597 -0.9978589232386039 0
    outer loop
      vertex 5.080315950113933 -7.8043884199506515 2.5
      vertex 5.080315950113933 -7.8043884199506515 0
      vertex 5.25 -7.793266739736606 2.5
    endloop
  endfacet
  facet normal -0.06540312923013597 -0.9978589232386039 0
    outer loop
      vertex 5.25 -7.793266739736606 2.5
      vertex 5.25 -7.793266739736606 0
      vertex 5.419684049886067 -7.8043884199506515 2.5
    endloop
  endfacet
  facet normal -0.1950903220161375 0.9807852804032287 0
    outer loop
      vertex 5.5864647586332765 -10.348970313912393 0
      vertex 5.419684049886067 -10.382145059522559 0
      vertex 5.419684049886067 -10.382145059522559 2.5
    endloop
  endfacet
  facet normal -0.32143946530315 0.9469301294951097 0
    outer loop
      vertex 5.7474884620746165 -10.294310132001279 0
      vertex 5.5864647586332765 -10.348970313912393 0
      vertex 5.5864647586332765 -10.348970313912393 2.5
    endloop
  endfacet
  facet normal -0.06540312923013077 0.9978589232386044 0
    outer loop
      vertex 5.419684049886067 -10.382145059522559 2.5
      vertex 5.419684049886067 -10.382145059522559 0
      vertex 5.25 -10.393266739736603 2.5
    endloop
  endfacet
  facet normal -0.1950903220161375 0.9807852804032287 0
    outer loop
      vertex 5.5864647586332765 -10.348970313912393 2.5
      vertex 5.5864647586332765 -10.348970313912393 0
      vertex 5.419684049886067 -10.382145059522559 2.5
    endloop
  endfacet
  facet normal -0.32143946530315 0.9469301294951097 0
    outer loop
      vertex 5.7474884620746165 -10.294310132001279 2.5
      vertex 5.7474884620746165 -10.294310132001279 0
      vertex 5.5864647586332765 -10.348970313912393 2.5
    endloop
  endfacet
  facet normal -0.44228869021900286 0.8968727415326875 0
    outer loop
      vertex 5.7474884620746165 -10.294310132001279 2.5
      vertex 5.9 -10.219099764656375 0
      vertex 5.7474884620746165 -10.294310132001279 0
    endloop
  endfacet
  facet normal -0.44228869021900286 0.8968727415326875 0
    outer loop
      vertex 5.9 -10.219099764656375 2.5
      vertex 5.9 -10.219099764656375 0
      vertex 5.7474884620746165 -10.294310132001279 2.5
    endloop
  endfacet
  facet normal -0.5555702330196091 0.8314696123025407 0
    outer loop
      vertex 5.9 -10.219099764656375 2.5
      vertex 6.041389857711336 -10.12462608211521 0
      vertex 5.9 -10.219099764656375 0
    endloop
  endfacet
  facet normal -0.6593458151000671 0.7518398074789788 0
    outer loop
      vertex 6.041389857711336 -10.12462608211521 2.5
      vertex 6.169238815542512 -10.012505555279116 0
      vertex 6.041389857711336 -10.12462608211521 0
    endloop
  endfacet
  facet normal -0.5555702330196091 0.8314696123025407 0
    outer loop
      vertex 6.041389857711336 -10.12462608211521 2.5
      vertex 6.041389857711336 -10.12462608211521 0
      vertex 5.9 -10.219099764656375 2.5
    endloop
  endfacet
  facet normal -0.6593458151000671 0.7518398074789788 0
    outer loop
      vertex 6.169238815542512 -10.012505555279116 2.5
      vertex 6.169238815542512 -10.012505555279116 0
      vertex 6.041389857711336 -10.12462608211521 2.5
    endloop
  endfacet
  facet normal -0.7518398074789766 0.6593458151000697 0
    outer loop
      vertex 6.169238815542512 -10.012505555279116 0
      vertex 6.169238815542512 -10.012505555279116 2.5
      vertex 6.281359342378606 -9.884656597447941 0
    endloop
  endfacet
  facet normal -0.8314696123025471 0.5555702330195994 0
    outer loop
      vertex 6.281359342378606 -9.884656597447941 2.5
      vertex 6.375833024919769 -9.743266739736605 0
      vertex 6.281359342378606 -9.884656597447941 0
    endloop
  endfacet
  facet normal -0.7518398074789766 0.6593458151000697 0
    outer loop
      vertex 6.169238815542512 -10.012505555279116 2.5
      vertex 6.281359342378606 -9.884656597447941 2.5
      vertex 6.281359342378606 -9.884656597447941 0
    endloop
  endfacet
  facet normal -0.8314696123025471 0.5555702330195994 0
    outer loop
      vertex 6.281359342378606 -9.884656597447941 2.5
      vertex 6.375833024919769 -9.743266739736605 2.5
      vertex 6.375833024919769 -9.743266739736605 0
    endloop
  endfacet
  facet normal -0.8968727415326866 0.442288690219005 0
    outer loop
      vertex 6.375833024919769 -9.743266739736605 2.5
      vertex 6.451043392264673 -9.590755201811222 0
      vertex 6.375833024919769 -9.743266739736605 0
    endloop
  endfacet
  facet normal -0.9469301294951054 0.3214394653031624 0
    outer loop
      vertex 6.451043392264673 -9.590755201811222 2.5
      vertex 6.505703574175789 -9.42973149836988 0
      vertex 6.451043392264673 -9.590755201811222 0
    endloop
  endfacet
  facet normal -0.9807852804032307 0.19509032201612747 0
    outer loop
      vertex 6.505703574175789 -9.42973149836988 2.5
      vertex 6.538878319785954 -9.262950789622671 0
      vertex 6.505703574175789 -9.42973149836988 0
    endloop
  endfacet
  facet normal -0.8968727415326866 0.442288690219005 0
    outer loop
      vertex 6.375833024919769 -9.743266739736605 2.5
      vertex 6.451043392264673 -9.590755201811222 2.5
      vertex 6.451043392264673 -9.590755201811222 0
    endloop
  endfacet
  facet normal -0.9469301294951054 0.3214394653031624 0
    outer loop
      vertex 6.451043392264673 -9.590755201811222 2.5
      vertex 6.505703574175789 -9.42973149836988 2.5
      vertex 6.505703574175789 -9.42973149836988 0
    endloop
  endfacet
  facet normal -0.9807852804032307 0.19509032201612747 0
    outer loop
      vertex 6.505703574175789 -9.42973149836988 2.5
      vertex 6.538878319785954 -9.262950789622671 2.5
      vertex 6.538878319785954 -9.262950789622671 0
    endloop
  endfacet
  facet normal -0.9978589232386036 0.06540312923014116 0
    outer loop
      vertex 6.538878319785954 -9.262950789622671 2.5
      vertex 6.55 -9.093266739736604 0
      vertex 6.538878319785954 -9.262950789622671 0
    endloop
  endfacet
  facet normal -0.98078528040323 -0.19509032201613047 0
    outer loop
      vertex 6.538878319785954 -8.923582689850539 2.5
      vertex 6.505703574175788 -8.756801981103328 0
      vertex 6.538878319785954 -8.923582689850539 0
    endloop
  endfacet
  facet normal -0.9978589232386036 -0.06540312923014184 0
    outer loop
      vertex 6.55 -9.093266739736604 2.5
      vertex 6.538878319785954 -8.923582689850539 0
      vertex 6.55 -9.093266739736604 0
    endloop
  endfacet
  facet normal -0.9978589232386036 0.06540312923014116 0
    outer loop
      vertex 6.538878319785954 -9.262950789622671 2.5
      vertex 6.55 -9.093266739736604 2.5
      vertex 6.55 -9.093266739736604 0
    endloop
  endfacet
  facet normal -0.9978589232386036 -0.06540312923014184 0
    outer loop
      vertex 6.55 -9.093266739736604 2.5
      vertex 6.538878319785954 -8.923582689850539 2.5
      vertex 6.538878319785954 -8.923582689850539 0
    endloop
  endfacet
  facet normal -0.5555702330195958 -0.8314696123025496 0
    outer loop
      vertex 6.041389857711336 -8.061907397357999 2.5
      vertex 5.8999999999999995 -7.967433714816836 0
      vertex 6.041389857711336 -8.061907397357999 0
    endloop
  endfacet
  facet normal -0.6593458151000671 -0.7518398074789788 0
    outer loop
      vertex 6.041389857711336 -8.061907397357999 0
      vertex 6.169238815542512 -8.174027924194093 0
      vertex 6.169238815542512 -8.174027924194093 2.5
    endloop
  endfacet
  facet normal -0.5555702330195958 -0.8314696123025496 0
    outer loop
      vertex 5.8999999999999995 -7.967433714816836 2.5
      vertex 5.8999999999999995 -7.967433714816836 0
      vertex 6.041389857711336 -8.061907397357999 2.5
    endloop
  endfacet
  facet normal -0.6593458151000671 -0.7518398074789788 0
    outer loop
      vertex 6.041389857711336 -8.061907397357999 2.5
      vertex 6.041389857711336 -8.061907397357999 0
      vertex 6.169238815542512 -8.174027924194093 2.5
    endloop
  endfacet
  facet normal -0.06540312923013597 -0.9978589232386039 0
    outer loop
      vertex 5.419684049886067 -7.8043884199506515 2.5
      vertex 5.25 -7.793266739736606 0
      vertex 5.419684049886067 -7.8043884199506515 0
    endloop
  endfacet
  facet normal -0.1950903220161315 -0.9807852804032299 0
    outer loop
      vertex 5.586464758633277 -7.837563165560817 2.5
      vertex 5.419684049886067 -7.8043884199506515 0
      vertex 5.586464758633277 -7.837563165560817 0
    endloop
  endfacet
  facet normal -0.3214394653031609 -0.9469301294951058 0
    outer loop
      vertex 5.7474884620746165 -7.8922233474719325 2.5
      vertex 5.586464758633277 -7.837563165560817 0
      vertex 5.7474884620746165 -7.8922233474719325 0
    endloop
  endfacet
  facet normal -0.1950903220161315 -0.9807852804032299 0
    outer loop
      vertex 5.419684049886067 -7.8043884199506515 0
      vertex 5.586464758633277 -7.837563165560817 2.5
      vertex 5.419684049886067 -7.8043884199506515 2.5
    endloop
  endfacet
  facet normal -0.3214394653031609 -0.9469301294951058 0
    outer loop
      vertex 5.586464758633277 -7.837563165560817 2.5
      vertex 5.586464758633277 -7.837563165560817 0
      vertex 5.7474884620746165 -7.8922233474719325 2.5
    endloop
  endfacet
  facet normal -0.442288690219005 -0.8968727415326866 0
    outer loop
      vertex 5.8999999999999995 -7.967433714816836 2.5
      vertex 5.7474884620746165 -7.8922233474719325 0
      vertex 5.8999999999999995 -7.967433714816836 0
    endloop
  endfacet
  facet normal -0.442288690219005 -0.8968727415326866 0
    outer loop
      vertex 5.7474884620746165 -7.8922233474719325 0
      vertex 5.8999999999999995 -7.967433714816836 2.5
      vertex 5.7474884620746165 -7.8922233474719325 2.5
    endloop
  endfacet
  facet normal -0.9469301294951058 -0.3214394653031609 0
    outer loop
      vertex 6.505703574175788 -8.756801981103328 2.5
      vertex 6.451043392264673 -8.595778277661989 0
      vertex 6.505703574175788 -8.756801981103328 0
    endloop
  endfacet
  facet normal -0.8968727415326887 -0.4422886902190008 0
    outer loop
      vertex 6.451043392264673 -8.595778277661989 2.5
      vertex 6.37583302491977 -8.443266739736606 0
      vertex 6.451043392264673 -8.595778277661989 0
    endloop
  endfacet
  facet normal -0.8968727415326887 -0.4422886902190008 0
    outer loop
      vertex 6.451043392264673 -8.595778277661989 2.5
      vertex 6.37583302491977 -8.443266739736606 2.5
      vertex 6.37583302491977 -8.443266739736606 0
    endloop
  endfacet
  facet normal -0.98078528040323 -0.19509032201613047 0
    outer loop
      vertex 6.538878319785954 -8.923582689850539 2.5
      vertex 6.505703574175788 -8.756801981103328 2.5
      vertex 6.505703574175788 -8.756801981103328 0
    endloop
  endfacet
  facet normal -0.9469301294951058 -0.3214394653031609 0
    outer loop
      vertex 6.505703574175788 -8.756801981103328 2.5
      vertex 6.451043392264673 -8.595778277661989 2.5
      vertex 6.451043392264673 -8.595778277661989 0
    endloop
  endfacet
  facet normal -0.7518398074789812 -0.6593458151000646 0
    outer loop
      vertex 6.281359342378606 -8.301876882025269 2.5
      vertex 6.169238815542512 -8.174027924194093 0
      vertex 6.281359342378606 -8.301876882025269 0
    endloop
  endfacet
  facet normal -0.8314696123025447 -0.555570233019603 0
    outer loop
      vertex 6.37583302491977 -8.443266739736606 2.5
      vertex 6.281359342378606 -8.301876882025269 0
      vertex 6.37583302491977 -8.443266739736606 0
    endloop
  endfacet
  facet normal -0.7518398074789812 -0.6593458151000646 0
    outer loop
      vertex 6.281359342378606 -8.301876882025269 2.5
      vertex 6.169238815542512 -8.174027924194093 2.5
      vertex 6.169238815542512 -8.174027924194093 0
    endloop
  endfacet
  facet normal -0.8314696123025447 -0.555570233019603 0
    outer loop
      vertex 6.37583302491977 -8.443266739736606 2.5
      vertex 6.281359342378606 -8.301876882025269 2.5
      vertex 6.281359342378606 -8.301876882025269 0
    endloop
  endfacet
endsolid OpenSCAD_Model
